date,Chaozhou_StnPres,Chaozhou_StnPresMax,Chaozhou_StnPresMin,Chaozhou_RH,Chaozhou_RHMin,Chaozhou_WS,Chaozhou_WD,Chaozhou_WSGust,Chaozhou_WDGust,Chaozhou_Precp
2018/01/01,1015.8,1018.0,1013.2,76,56,1.0,11,5.8,164,0.0
2018/01/02,1015.5,1017.5,1013.0,80,57,1.1,29,5.8,267,0.0
2018/01/03,1015.5,1018.0,1012.8,80,51,1.1,2,5.9,231,0.0
2018/01/04,1013.7,1016.0,1012.0,81,51,1.3,335,5.6,290,8.5
2018/01/05,1011.8,1014.0,1009.7,93,74,0.9,4,4.1,17,8.0
2018/01/06,1011.8,1013.3,1010.2,94,79,1.1,269,4.1,262,0.5
2018/01/07,1010.9,1012.7,1008.8,89,62,1.1,139,5.6,26,0.0
2018/01/08,1010.5,1012.7,1008.5,85,67,1.4,6,7.4,297,0.0
2018/01/09,1016.1,1019.5,1012.5,91,77,1.5,269,9.2,342,2.0
2018/01/10,1019.6,1022.1,1017.3,86,64,1.2,228,4.7,248,4.0
2018/01/11,1020.6,1022.5,1018.1,69,54,1.1,4,4.9,348,0.0
2018/01/12,1021.9,1023.7,1019.1,67,49,1.2,19,5.9,231,0.0
2018/01/13,1021.6,1023.8,1018.5,68,35,1.4,7,6.7,224,0.0
2018/01/14,1018.5,1021.6,1015.3,66,33,1.3,17,5.8,288,0.0
2018/01/15,1014.7,1017.5,1012.0,67,26,1.1,262,5.3,223,0.0
2018/01/16,1010.9,1013.5,1008.2,64,27,0.9,73,4.1,20,0.0
2018/01/17,1010.3,1012.0,1009.1,82,57,1.1,14,5.3,199,0.0
2018/01/18,1012.4,1014.0,1010.3,88,64,1.1,10,5.6,251,0.0
2018/01/19,1013.3,1015.0,1011.1,87,64,1.1,70,5.5,220,0.0
2018/01/20,1012.4,1014.5,1010.5,84,66,0.9,275,5.0,244,0.0
2018/01/21,1011.0,1013.5,1008.7,85,64,0.9,273,4.7,170,0.0
2018/01/22,1009.2,1011.1,1006.5,81,48,1.4,136,5.6,246,0.0
2018/01/23,1011.1,1012.3,1008.8,78,60,1.2,234,7.1,223,0.0
2018/01/24,1011.3,1013.2,1008.8,80,57,1.1,291,6.2,180,0.0
2018/01/25,1011.4,1013.3,1009.5,76,51,0.9,279,5.2,296,0.0
2018/01/26,1012.0,1014.0,1010.0,77,53,1.4,270,6.8,187,0.0
2018/01/27,1012.7,1015.0,1011.3,76,58,1.2,275,6.3,218,0.0
2018/01/28,1009.8,1012.2,1007.1,81,50,1.4,11,6.6,217,0.0
2018/01/29,1012.8,1015.5,1009.7,92,80,1.2,244,5.5,273,1.5
2018/01/30,1015.2,1017.5,1012.6,86,66,1.0,280,5.0,277,1.5
2018/01/31,1014.0,1016.1,1010.8,80,50,1.5,320,6.1,322,0.0
2018/02/01,1015.7,1018.5,1013.7,90,76,1.5,277,6.3,291,3.5
2018/02/02,1017.6,1019.6,1015.0,79,53,1.7,23,8.1,275,0.0
2018/02/03,1018.9,1020.8,1016.7,79,65,1.6,285,5.7,288,0.0
2018/02/04,1019.6,1021.2,1017.3,78,60,1.5,277,5.5,281,0.0
2018/02/05,1020.1,1022.0,1017.5,79,65,1.4,22,4.9,297,0.0
2018/02/06,1017.6,1020.8,1014.5,66,40,1.3,329,5.9,268,0.0
2018/02/07,1015.9,1018.0,1013.1,82,61,1.1,333,4.4,336,1.0
2018/02/08,1014.0,1016.5,1012.0,89,58,1.1,11,4.5,13,0.0
2018/02/09,1012.4,1014.3,1009.7,84,54,1.1,5,4.9,271,0.0
2018/02/10,1012.5,1014.6,1009.5,80,51,1.7,273,5.9,287,0.0
2018/02/11,1017.1,1020.8,1014.0,92,79,1.4,278,5.0,288,1.0
2018/02/12,1020.8,1023.3,1018.6,75,58,1.1,4,4.4,346,0.0
2018/02/13,1019.9,1022.2,1017.1,72,47,1.3,242,5.7,229,0.0
2018/02/14,1016.3,1019.5,1013.0,67,32,1.2,25,5.2,246,0.0
2018/02/15,1013.2,1015.5,1010.3,69,39,1.3,7,6.6,186,0.0
2018/02/16,1011.1,1013.0,1009.3,87,63,0.8,68,3.7,199,0.0
2018/02/17,1012.9,1015.0,1010.8,87,65,1.2,243,5.8,206,0.0
2018/02/18,1014.5,1017.0,1011.8,79,48,1.2,18,5.8,212,0.0
2018/02/19,1012.9,1015.2,1010.2,69,33,1.3,49,6.0,218,0.0
2018/02/20,1011.0,1013.1,1008.8,71,43,1.2,57,5.7,216,0.0
2018/02/21,1010.3,1012.0,1008.3,78,55,1.5,277,8.2,170,0.0
2018/02/22,1013.0,1016.3,1011.0,82,66,1.4,44,6.8,240,0.0
2018/02/23,1015.3,1017.1,1013.5,83,61,1.3,266,7.4,225,0.0
2018/02/24,1015.7,1018.1,1013.5,82,64,0.9,6,5.1,29,0.0
2018/02/25,1013.5,1015.3,1011.2,73,47,1.4,277,6.7,276,0.0
2018/02/26,1014.7,1016.5,1013.2,81,64,1.4,276,6.9,226,0.0
2018/02/27,1013.8,1016.3,1011.1,75,48,1.4,23,6.0,207,0.0
2018/02/28,1010.3,1012.6,1008.5,76,52,1.4,13,6.2,279,0.0
2018/03/01,1009.3,1010.7,1007.6,78,53,1.3,244,6.3,263,0.0
2018/03/02,1009.0,1011.3,1006.6,80,53,1.1,29,6.0,243,0.0
2018/03/03,1008.3,1009.7,1006.1,77,50,1.3,243,7.1,229,0.0
2018/03/04,1009.5,1011.1,1008.2,83,57,1.4,190,7.3,214,0.0
2018/03/05,1009.4,1011.0,1007.3,74,53,1.8,279,8.3,266,0.0
2018/03/06,1013.2,1015.0,1010.7,83,75,1.1,271,5.3,246,0.0
2018/03/07,1012.7,1015.0,1010.0,77,58,1.3,274,5.6,179,0.0
2018/03/08,1012.8,1016.6,1010.5,88,71,1.5,278,6.2,288,14.5
2018/03/09,1016.9,1018.3,1015.1,88,69,1.0,271,5.9,281,3.5
2018/03/10,1017.8,1019.2,1016.1,73,43,1.5,256,7.4,224,0.0
2018/03/11,1017.9,1019.6,1016.1,66,30,1.5,55,7.8,276,0.0
2018/03/12,1015.8,1017.7,1013.3,66,33,1.2,58,6.2,221,0.0
2018/03/13,1014.1,1016.1,1012.1,63,33,1.3,51,6.3,235,0.0
2018/03/14,1012.4,1014.5,1010.2,60,29,1.2,261,6.6,261,0.0
2018/03/15,1010.7,1013.0,1008.5,74,44,1.7,1,7.5,268,20.0
2018/03/16,1011.2,1013.8,1008.5,81,46,1.5,280,6.7,302,0.5
2018/03/17,1013.9,1015.3,1012.1,82,60,1.2,43,6.3,210,0.0
2018/03/18,1012.8,1014.7,1010.5,80,57,1.3,39,5.8,268,0.0
2018/03/19,1009.3,1012.3,1006.1,79,50,1.2,224,6.9,193,0.0
2018/03/20,1007.6,1010.0,1005.5,79,54,2.1,278,11.8,283,17.5
2018/03/21,1010.6,1013.0,1008.3,70,48,1.7,274,7.1,259,0.0
2018/03/22,1012.6,1014.0,1011.0,70,48,1.4,69,6.6,244,0.0
2018/03/23,1015.2,1017.0,1013.7,63,32,1.6,250,7.6,217,0.0
2018/03/24,1016.5,1018.6,1014.2,58,23,1.1,232,7.6,217,0.0
2018/03/25,1016.3,1018.5,1014.0,61,33,1.2,16,7.6,253,0.0
2018/03/26,1014.6,1017.1,1012.2,68,46,1.3,77,6.5,182,0.0
2018/03/27,1012.2,1014.1,1010.0,70,46,1.2,265,6.7,247,0.0
2018/03/28,1010.9,1012.2,1009.0,70,48,1.3,29,5.9,178,0.0
2018/03/29,1010.7,1012.0,1009.2,71,47,1.2,1,6.9,217,0.0
2018/03/30,1011.2,1012.7,1009.5,78,44,1.5,12,6.8,205,4.5
2018/03/31,1010.5,1012.3,1008.2,74,48,1.7,74,8.0,263,0.0
2018/04/01,1010.5,1012.5,1008.7,73,52,1.1,244,6.6,245,0.0
2018/04/02,1010.7,1012.8,1009.0,71,48,1.5,53,6.7,242,0.0
2018/04/03,1011.1,1012.6,1009.6,72,51,1.4,254,7.4,241,0.0
2018/04/04,1010.2,1011.7,1008.6,76,58,1.3,68,7.2,224,0.0
2018/04/05,1009.2,1011.0,1007.1,72,44,1.6,29,6.7,273,0.0
2018/04/06,1010.4,1014.7,1007.7,77,47,1.6,278,8.0,305,7.0
2018/04/07,1017.2,1019.5,1014.6,72,59,1.1,272,4.5,285,0.0
2018/04/08,1016.6,1018.3,1015.0,66,44,1.3,12,7.3,231,0.0
2018/04/09,1015.1,1017.3,1012.8,65,40,1.4,31,6.7,217,0.0
2018/04/10,1012.3,1014.7,1009.8,68,37,1.1,273,5.3,230,0.0
2018/04/11,1009.6,1009.6,1007.0,77,60,1.2,232,6.4,248,0.0
2018/04/12,1008.9,1010.7,1006.8,75,50,1.4,69,7.0,259,0.0
2018/04/13,1009.6,1011.2,1007.3,76,58,1.4,232,8.3,214,0.0
2018/04/14,1008.6,1010.5,1006.6,79,50,1.4,74,7.7,230,0.0
2018/04/15,1008.5,1011.3,1006.0,77,56,1.8,254,8.1,201,0.0
2018/04/16,1011.2,1013.0,1009.5,72,56,1.6,241,8.0,216,0.0
2018/04/17,1012.1,1013.8,1009.6,69,51,1.5,23,7.1,174,0.0
2018/04/18,1011.8,1013.5,1010.0,71,50,1.3,249,6.5,194,0.0
2018/04/19,1011.2,1012.6,1009.8,72,48,1.4,223,7.7,217,0.0
2018/04/20,1011.1,1012.5,1009.3,73,45,1.5,15,8.0,202,0.0
2018/04/21,1010.3,1012.0,1008.2,71,47,1.2,112,6.8,222,0.0
2018/04/22,1008.3,1010.6,1005.3,69,46,1.6,243,8.1,238,0.0
2018/04/23,1006.3,1007.7,1003.6,78,47,1.7,204,12.5,182,0.0
2018/04/24,1006.5,1008.1,1004.3,78,63,1.4,254,6.3,275,0.0
2018/04/25,1008.2,1010.1,1006.6,88,70,1.0,280,5.3,280,8.0
2018/04/26,1010.2,1012.3,1008.1,89,73,0.7,50,3.6,158,4.0
2018/04/27,1011.9,1013.6,1010.5,85,61,1.6,132,6.3,232,1.5
2018/04/28,1011.8,1013.2,1009.6,84,62,1.1,270,5.9,254,2.5
2018/04/29,1010.6,1012.2,1008.3,82,63,1.1,110,6.0,231,0.0
2018/04/30,1010.5,1012.0,1009.0,79,52,1.3,48,6.8,229,0.0
2018/05/01,1010.1,1011.6,1008.8,78,55,1.3,213,6.9,198,0.0
2018/05/02,1009.5,1011.7,1007.5,74,54,1.5,249,6.7,181,0.0
2018/05/03,1011.0,1013.1,1009.1,71,54,1.6,242,7.8,201,0.0
2018/05/04,1012.9,1015.0,1011.5,77,58,1.1,15,6.5,233,0.0
2018/05/05,1012.9,1015.0,1010.5,71,43,1.4,240,7.9,257,0.0
2018/05/06,1009.7,1012.3,1007.5,75,53,1.5,172,9.6,171,0.0
2018/05/07,1006.9,1008.8,1005.0,71,47,1.3,50,6.5,242,0.0
2018/05/08,1006.8,1009.3,1004.5,88,72,1.2,53,8.2,350,30.0
2018/05/09,1010.6,1013.3,1007.5,91,59,1.6,68,12.3,10,21.5
2018/05/10,1012.2,1013.3,1011.1,92,74,1.0,23,5.7,161,4.5
2018/05/11,1011.1,1013.1,1009.5,89,71,1.2,64,5.9,223,0.0
2018/05/12,1009.2,1010.7,1007.0,80,60,1.3,259,7.5,216,0.0
2018/05/13,1008.6,1009.8,1006.5,78,62,1.3,260,6.2,279,0.0
2018/05/14,1008.1,1010.0,1006.0,76,52,1.4,84,6.4,238,0.0
2018/05/15,1007.4,1008.7,1006.1,77,55,1.4,251,8.0,214,0.0
2018/05/16,1006.6,1008.0,1005.2,77,52,1.7,42,8.6,200,0.0
2018/05/17,1006.0,1007.7,1004.5,78,61,1.5,67,8.0,269,0.0
2018/05/18,1005.3,1007.0,1003.5,73,52,1.6,97,8.7,254,0.0
2018/05/19,1005.7,1007.0,1004.0,74,52,1.4,62,6.8,257,0.0
2018/05/20,1006.3,1008.0,1004.7,75,53,1.7,123,9.0,242,0.0
2018/05/21,1007.1,1008.3,1005.7,78,64,1.6,251,8.3,55,0.0
2018/05/22,1007.5,1009.5,1005.5,73,53,1.5,257,6.9,252,0.0
2018/05/23,1007.1,1008.2,1005.5,68,45,1.4,112,7.7,213,0.0
2018/05/24,1007.0,1008.8,1005.5,71,45,1.4,229,6.7,205,0.0
2018/05/25,1005.9,1008.0,1003.5,73,50,1.5,66,7.0,208,0.0
2018/05/26,1005.7,1007.5,1003.7,68,36,2.0,51,8.6,288,0.0
2018/05/27,1006.4,1008.1,1004.1,70,48,1.6,47,7.5,268,0.0
2018/05/28,1006.5,1008.1,1004.6,73,48,1.4,153,8.2,249,0.0
2018/05/29,1007.6,1009.2,1005.5,74,52,1.6,152,6.9,181,0.0
2018/05/30,1007.9,1009.3,1005.8,74,52,1.4,232,7.6,204,0.0
2018/05/31,1007.2,1009.0,1005.5,66,41,1.4,240,7.6,193,0.0
2018/06/01,1006.9,1008.5,1005.6,82,53,1.2,64,7.9,50,23.0
2018/06/02,1007.1,1008.1,1005.5,79,60,1.4,251,6.4,219,0.0
2018/06/03,1005.7,1007.5,1003.1,74,46,1.2,236,6.9,142,0.0
2018/06/04,1005.9,1007.8,1003.6,75,48,1.4,83,8.6,227,0.0
2018/06/05,1006.4,1007.7,1004.8,73,46,1.3,78,6.7,187,0.0
2018/06/06,1005.6,1007.0,1003.5,78,49,1.5,77,7.3,254,11.0
2018/06/07,1004.1,1005.5,1001.7,81,51,1.2,38,6.3,292,1.0
2018/06/08,1000.2,1003.6,997.5,72,44,1.4,268,7.5,284,0.0
2018/06/09,997.7,999.0,995.2,71,43,1.6,254,7.9,284,0.0
2018/06/10,997.4,998.5,995.8,75,59,1.5,234,7.7,201,24.5
2018/06/11,998.3,1001.3,996.3,92,75,1.6,115,9.5,234,32.0
2018/06/12,1000.1,1002.0,998.5,71,35,1.5,57,8.1,244,0.5
2018/06/13,996.7,999.1,994.8,72,44,1.1,32,6.3,198,0.0
2018/06/14,993.6,995.8,991.6,94,73,3.4,128,16.2,159,173.5
2018/06/15,994.9,999.6,991.7,94,80,2.6,165,13.7,135,144.5
2018/06/16,1000.3,1002.3,998.1,83,64,2.1,185,12.3,159,0.0
2018/06/17,1002.0,1003.7,1000.5,94,67,2.0,130,14.4,157,78.5
2018/06/18,1002.9,1004.3,1001.5,94,82,2.9,108,14.2,149,46.0
2018/06/19,1004.8,1007.2,1002.5,100,92,1.7,89,13.1,221,167.5
2018/06/20,1005.6,1007.1,1004.3,98,76,1.7,44,9.3,300,151.0
2018/06/21,1005.5,1006.6,1003.8,91,67,1.3,38,9.6,267,14.0
2018/06/22,1006.1,1007.2,1004.7,88,70,1.4,118,7.6,167,4.5
2018/06/23,1006.5,1008.0,1004.6,81,59,1.9,274,5.8,239,0.5
2018/06/24,1007.5,1009.0,1006.5,81,57,1.2,58,6.1,251,0.0
2018/06/25,1008.3,1009.5,1006.7,77,55,1.2,214,6.1,193,0.0
2018/06/26,1008.4,1009.3,1007.2,80,53,1.5,52,7.2,244,1.5
2018/06/27,1007.2,1008.7,1005.5,85,56,1.2,3,8.0,162,18.5
2018/06/28,1004.7,1007.3,1002.6,79,60,1.3,238,6.9,205,0.0
2018/06/29,1001.9,1003.7,999.8,77,58,1.9,249,7.3,229,0.0
2018/06/30,1002.2,1003.7,1000.7,88,58,1.3,5,7.1,12,71.5
2018/07/01,1002.2,1003.5,1000.6,91,64,1.7,8,8.7,32,24.0
2018/07/02,1002.6,1004.1,1001.0,100,96,1.9,25,11.5,17,251.5
2018/07/03,1002.6,1003.7,1001.2,99,91,1.8,26,10.8,312,152.5
2018/07/04,1002.0,1004.0,1000.3,95,77,1.7,45,7.8,24,74.0
2018/07/05,1002.1,1003.5,1000.8,92,71,1.4,7,7.7,97,97.5
2018/07/06,1001.9,1003.6,1000.3,85,58,1.6,9,6.4,344,8.5
2018/07/07,1002.7,1004.3,1001.2,88,70,1.5,47,8.1,221,6.5
2018/07/08,1003.1,1005.2,1001.0,79,43,1.0,54,8.6,28,1.0
2018/07/09,1003.8,1005.5,1001.8,81,52,1.6,132,7.2,264,0.0
2018/07/10,1000.1,1004.2,997.1,76,48,1.9,37,8.4,280,0.0
2018/07/11,999.4,1003.0,996.0,77,63,2.2,33,7.6,256,0.0
2018/07/12,1003.2,1005.5,1001.8,83,55,1.1,247,7.3,153,4.5
2018/07/13,1003.6,1005.0,1001.5,81,47,1.2,278,6.5,352,8.5
2018/07/14,1003.2,1004.5,1001.5,81,56,1.3,56,9.0,27,0.0
2018/07/15,1002.9,1004.2,1001.6,81,54,1.4,20,6.4,197,0.0
2018/07/16,1000.7,1002.6,999.1,82,56,1.2,63,5.9,221,0.0
2018/07/17,999.5,1001.0,997.3,77,48,1.4,252,7.5,132,0.0
2018/07/18,1001.5,1003.5,999.7,82,50,1.4,68,7.2,209,5.5
2018/07/19,1003.2,1005.0,1002.0,91,57,1.4,63,6.9,284,30.5
2018/07/20,1001.2,1003.5,999.2,91,60,1.7,114,11.2,156,40.0
2018/07/21,998.3,1001.0,996.2,89,66,1.6,36,8.3,55,31.0
2018/07/22,999.0,1001.6,997.1,93,65,1.3,4,5.6,27,45.5
2018/07/23,1001.8,1004.1,1000.0,83,57,1.3,248,6.3,231,0.0
2018/07/24,1004.1,1005.2,1002.8,90,65,1.1,79,6.1,77,21.5
2018/07/25,1004.6,1005.6,1003.5,90,58,1.1,34,9.2,273,26.0
2018/07/26,1004.3,1005.5,1002.6,87,56,1.0,61,6.7,251,19.0
2018/07/27,1004.5,1006.3,1003.3,90,65,1.1,48,8.2,306,3.5
2018/07/28,1004.1,1005.7,1002.5,90,62,1.4,60,7.6,223,21.0
2018/07/29,1002.9,1005.1,1000.7,79,49,1.6,348,8.5,268,0.5
2018/07/30,1002.8,1004.0,1001.2,78,55,1.8,20,8.3,259,0.0
2018/07/31,1002.6,1004.2,1000.1,77,52,1.6,63,8.5,270,0.0
2018/08/01,1001.8,1003.5,999.5,75,48,2.0,48,8.6,267,0.0
2018/08/02,1001.7,1003.5,999.5,83,65,1.4,275,8.3,273,11.0
2018/08/03,1002.0,1003.3,1000.7,84,60,1.4,65,9.0,266,14.5
2018/08/04,1003.0,1004.7,1001.2,86,54,1.5,54,10.0,131,59.0
2018/08/05,1003.7,1004.8,1002.0,87,57,1.4,30,8.0,68,4.5
2018/08/06,1002.9,1004.6,1000.6,78,47,1.3,267,7.3,163,5.0
2018/08/07,1002.1,1003.2,1000.3,85,54,1.2,35,6.2,221,4.5
2018/08/08,1002.3,1004.5,1001.1,84,53,1.3,5,9.0,273,1.5
2018/08/09,1002.7,1004.3,1001.0,79,55,1.8,60,7.5,256,0.0
2018/08/10,1001.5,1003.8,999.2,87,61,1.4,257,7.0,219,34.5
2018/08/11,998.3,1001.2,996.0,86,55,1.4,261,8.3,232,1.5
2018/08/12,994.9,997.2,991.8,76,45,1.7,23,7.6,230,5.5
2018/08/13,997.4,999.0,995.5,97,85,1.5,83,6.6,260,68.5
2018/08/14,998.2,1000.0,997.0,92,67,2.0,78,11.5,238,21.0
2018/08/15,1000.3,1001.5,998.5,97,82,1.4,80,7.3,283,34.0
2018/08/16,999.4,1001.0,997.5,88,51,1.4,17,7.8,221,14.0
2018/08/17,998.7,1000.5,997.0,87,65,1.3,270,5.3,275,24.5
2018/08/18,1000.6,1002.2,999.2,92,65,1.0,42,10.7,237,11.5
2018/08/19,1001.9,1003.5,1000.8,91,75,1.0,178,7.6,159,1.5
2018/08/20,1000.8,1002.1,999.1,88,69,1.1,53,8.1,205,0.0
2018/08/21,998.4,1000.2,996.5,86,67,1.7,157,9.7,159,3.5
2018/08/22,996.2,998.1,994.3,90,71,3.1,148,11.8,145,32.5
2018/08/23,996.2,1000.1,988.8,98,87,3.1,183,19.3,246,186.5
2018/08/24,998.2,1000.0,996.1,99,94,1.5,61,10.5,271,108.0
2018/08/25,997.1,998.5,995.2,96,83,1.6,154,6.9,220,37.5
2018/08/26,998.8,1001.1,997.2,93,74,2.1,151,6.4,114,34.5
2018/08/27,1003.1,1005.2,1000.0,99,89,3.0,126,18.3,157,159.5
2018/08/28,1005.9,1007.8,1003.6,100,90,2.4,40,10.7,160,221.0
2018/08/29,1006.3,1008.2,1004.5,98,85,2.1,132,12.9,152,155.0
2018/08/30,1008.3,1010.2,1006.0,99,90,1.1,52,7.4,163,17.5
2018/08/31,1009.5,1010.8,1008.2,83,52,1.0,79,6.0,229,0.0
2018/09/01,1007.9,1010.0,1005.2,82,55,1.1,38,8.8,65,0.0
2018/09/02,1005.2,1007.6,1003.5,84,53,1.5,38,10.5,65,2.5
2018/09/03,1003.7,1005.3,1001.5,77,53,1.8,270,8.7,262,0.0
2018/09/04,1002.8,1004.1,1000.3,80,55,1.8,249,7.7,282,0.0
2018/09/05,1003.1,1004.8,1000.8,88,64,1.3,67,6.7,242,1.0
2018/09/06,1003.5,1005.3,1001.6,92,64,1.1,36,6.8,263,57.5
2018/09/07,1004.2,1006.2,1002.0,86,57,1.3,49,7.5,221,0.0
2018/09/08,1005.4,1007.0,1003.5,89,58,1.2,16,7.2,269,68.5
2018/09/09,1005.8,1007.6,1004.3,89,59,1.4,13,6.6,150,3.0
2018/09/10,1005.1,1006.7,1003.5,95,60,1.1,126,4.7,164,14.0
2018/09/11,1005.3,1007.3,1003.5,86,56,0.9,39,6.7,306,1.0
2018/09/12,1006.5,1008.0,1004.6,90,55,1.0,54,6.7,248,33.0
2018/09/13,1006.3,1007.7,1004.7,85,58,1.0,57,6.3,151,0.0
2018/09/14,1003.9,1006.5,1001.1,84,54,1.2,61,6.0,341,0.0
2018/09/15,997.6,1001.5,994.3,94,60,2.0,77,12.1,267,50.5
2018/09/16,1003.6,1009.0,997.5,75,56,2.8,146,16.6,140,9.0
2018/09/17,1009.8,1013.1,1008.0,82,54,1.2,68,6.1,274,5.5
2018/09/18,1011.0,1012.6,1008.8,86,63,1.3,47,7.2,227,0.0
2018/09/19,1009.3,1011.1,1007.3,82,55,1.3,47,6.5,224,0.0
2018/09/20,1008.0,1009.7,1006.0,78,49,1.4,64,6.2,170,0.0
2018/09/21,1009.0,1011.5,1007.0,76,47,1.4,2,8.4,161,0.0
2018/09/22,1010.7,1012.5,1009.0,84,55,1.4,154,6.7,281,6.0
2018/09/23,1009.9,1011.8,1007.7,90,67,1.4,51,7.2,169,20.5
2018/09/24,1005.8,1009.0,1003.7,90,57,1.2,38,12.5,61,60.0
2018/09/25,1003.6,1005.0,1001.7,88,67,1.1,30,6.0,166,10.0
2018/09/26,1003.0,1004.5,1001.1,83,62,1.4,256,6.8,162,0.0
2018/09/27,1003.2,1004.5,1001.5,82,57,1.4,6,6.9,206,1.5
2018/09/28,1002.4,1004.2,1000.2,79,54,1.4,259,6.5,223,0.0
2018/09/29,1001.5,1004.7,999.5,70,51,1.4,2,6.3,17,0.0
2018/09/30,1006.2,1009.0,1003.5,71,51,1.2,245,4.8,229,0.0
2018/10/01,1009.5,1011.5,1007.8,80,52,1.2,65,5.8,251,1.0
2018/10/02,1010.2,1011.5,1008.3,75,54,1.3,57,6.2,217,0.0
2018/10/03,1009.5,1011.3,1007.6,76,55,1.3,23,6.1,206,0.0
2018/10/04,1005.9,1009.2,1003.0,72,46,1.6,28,7.3,322,0.0
2018/10/05,1006.2,1009.5,1003.8,68,45,1.8,290,8.8,280,0.0
2018/10/06,1009.7,1011.5,1008.3,74,52,1.1,12,5.3,164,0.0
2018/10/07,1010.4,1012.1,1008.5,81,55,1.3,59,7.1,230,0.0
2018/10/08,1010.1,1011.8,1008.0,79,56,1.3,63,6.5,252,0.0
2018/10/09,1009.7,1011.5,1007.5,85,59,1.5,254,6.6,231,10.0
2018/10/10,1010.2,1011.7,1008.1,85,57,1.5,45,7.9,245,0.0
2018/10/11,1011.7,1013.2,1010.0,85,64,1.1,78,6.9,174,2.0
2018/10/12,1013.3,1014.7,1012.0,87,64,1.0,270,5.3,124,2.0
2018/10/13,1013.0,1014.5,1011.3,87,51,1.2,95,6.0,206,0.0
2018/10/14,1011.4,1013.5,1009.5,81,56,1.0,52,5.3,213,0.0
2018/10/15,1010.6,1012.1,1008.6,81,61,1.1,60,5.6,238,0.0
2018/10/16,1009.1,1011.0,1007.0,81,56,1.2,10,7.0,216,0.0
2018/10/17,1008.4,1009.8,1006.3,82,57,1.3,231,6.2,216,0.0
2018/10/18,1010.4,1012.5,1008.5,84,59,1.2,24,6.1,244,0.0
2018/10/19,1013.5,1015.3,1011.5,85,57,1.2,250,6.6,133,0.0
2018/10/20,1014.9,1017.1,1012.5,84,60,1.2,57,6.0,260,0.0
2018/10/21,1013.8,1015.7,1012.1,82,59,1.4,253,7.5,212,0.0
2018/10/22,1012.6,1014.5,1010.5,83,58,1.3,242,6.6,210,0.0
2018/10/23,1012.9,1014.6,1011.2,79,52,1.3,39,5.9,198,0.0
2018/10/24,1013.0,1014.5,1011.5,86,69,1.2,99,5.0,225,0.0
2018/10/25,1013.2,1015.1,1011.6,83,60,1.4,83,6.8,212,0.0
2018/10/26,1012.4,1014.5,1010.0,80,51,1.3,56,7.0,138,0.0
2018/10/27,1012.7,1014.1,1011.1,77,62,1.3,1,7.2,232,0.0
2018/10/28,1011.7,1014.5,1009.6,71,50,1.2,250,6.4,163,0.0
2018/10/29,1009.5,1010.8,1007.0,67,42,1.0,246,5.6,224,0.0
2018/10/30,1008.6,1010.0,1007.2,68,43,1.3,4,7.1,255,0.0
2018/10/31,1009.2,1011.0,1007.6,82,67,1.1,9,7.7,34,0.0
2018/11/01,1008.9,1010.6,1007.5,89,65,1.2,266,6.0,338,0.5
2018/11/02,1010.7,1012.8,1007.6,85,64,1.1,6,6.1,270,0.0
2018/11/03,1012.4,1013.7,1010.7,80,51,1.3,19,6.9,196,0.0
2018/11/04,1012.7,1014.6,1010.5,86,64,1.1,259,6.0,219,0.0
2018/11/05,1013.1,1014.5,1011.2,85,59,1.2,247,5.6,227,0.0
2018/11/06,1014.1,1015.8,1012.3,87,65,1.1,162,5.2,264,0.0
2018/11/07,1014.1,1016.0,1012.3,82,55,1.0,264,6.2,240,0.0
2018/11/08,1013.3,1014.7,1011.0,83,47,1.1,58,5.2,162,0.0
2018/11/09,1013.6,1015.0,1011.5,80,55,1.3,277,5.7,258,0.0
2018/11/10,1014.7,1016.8,1012.5,82,63,1.0,279,6.1,235,0.0
2018/11/11,1013.7,1016.0,1011.5,82,48,1.1,90,6.1,236,0.0
2018/11/12,1011.1,1013.7,1008.0,71,46,1.2,22,5.4,14,0.0
2018/11/13,1010.3,1012.0,1008.2,79,47,1.0,35,5.6,173,0.0
2018/11/14,1012.1,1013.8,1010.3,83,60,1.1,10,6.0,220,0.0
2018/11/15,1013.2,1015.0,1010.8,81,50,1.2,7,5.9,243,0.0
2018/11/16,1012.5,1014.2,1010.1,77,50,1.1,3,6.1,232,0.0
2018/11/17,1012.5,1014.3,1010.7,85,64,1.2,118,6.4,159,0.0
2018/11/18,1012.8,1014.5,1010.8,84,62,1.0,54,5.9,278,0.0
2018/11/19,1013.0,1015.0,1011.5,80,54,1.5,9,6.8,238,0.0
2018/11/20,1014.0,1015.6,1012.0,81,62,0.9,111,5.1,278,0.0
2018/11/21,1013.0,1014.5,1010.3,80,53,1.1,4,5.5,268,0.0
2018/11/22,1014.3,1016.5,1012.3,81,64,1.3,23,5.7,197,0.0
2018/11/23,1015.2,1017.3,1012.8,75,53,1.1,266,5.2,145,0.0
2018/11/24,1015.4,1016.8,1013.0,77,45,1.1,75,5.7,226,0.0
2018/11/25,1014.3,1016.0,1012.3,77,44,1.3,271,7.3,5,0.0
2018/11/26,1014.9,1016.5,1013.8,77,64,0.9,276,6.5,334,0.0
2018/11/27,1014.8,1016.1,1013.1,77,46,1.2,100,5.4,226,0.0
2018/11/28,1015.2,1017.0,1013.2,83,65,1.1,63,4.8,277,0.0
2018/11/29,1017.0,1018.5,1015.3,86,63,0.9,27,6.0,279,0.0
2018/11/30,1017.0,1018.8,1015.1,83,54,1.1,261,7.0,192,0.0
2018/12/01,1015.2,1017.3,1012.8,81,53,1.2,53,6.7,249,0.0
2018/12/02,1013.7,1015.5,1011.5,78,45,1.0,50,5.3,231,0.0
2018/12/03,1013.7,1015.5,1011.5,75,32,1.1,248,5.5,15,0.0
2018/12/04,1013.2,1015.5,1011.0,70,35,1.1,23,5.9,9,0.0
2018/12/05,1012.2,1014.0,1010.1,78,53,1.0,233,6.1,208,0.0
2018/12/06,1012.2,1014.0,1010.0,83,60,1.0,33,5.2,220,0.0
2018/12/07,1014.0,1016.1,1012.0,87,68,1.1,247,5.3,186,0.0
2018/12/08,1015.5,1017.1,1014.0,81,61,1.0,266,4.3,250,0.0
2018/12/09,1015.2,1017.3,1013.0,82,63,1.0,234,6.1,217,0.0
2018/12/10,1013.7,1015.8,1011.3,81,59,1.0,18,5.8,250,0.0
2018/12/11,1013.5,1015.0,1010.7,81,55,1.3,266,6.1,264,0.0
2018/12/12,1017.3,1019.3,1015.0,82,66,1.3,268,5.0,248,0.0
2018/12/13,1019.2,1021.0,1017.3,75,55,1.3,269,5.0,243,0.0
2018/12/14,1019.7,1021.6,1017.5,79,52,1.0,272,7.1,187,0.0
2018/12/15,1018.6,1020.5,1016.5,86,58,1.0,45,5.4,234,0.0
2018/12/16,1016.7,1019.0,1014.0,85,54,1.2,23,5.7,225,0.0
2018/12/17,1016.7,1018.6,1014.5,80,59,1.1,261,5.2,218,0.0
2018/12/18,1018.1,1019.8,1015.7,74,51,1.2,68,6.3,238,0.0
2018/12/19,1017.3,1020.2,1014.8,77,45,0.9,29,5.5,243,0.0
2018/12/20,1014.4,1016.8,1011.7,67,25,1.2,52,5.7,216,0.0
2018/12/21,1013.6,1015.6,1011.6,65,34,1.0,87,5.7,166,0.0
2018/12/22,1013.3,1015.3,1011.1,80,43,1.0,263,4.6,152,0.0
2018/12/23,1012.6,1014.2,1010.8,88,71,0.9,102,4.8,235,0.0
2018/12/24,1012.0,1014.5,1010.0,88,64,1.1,25,5.3,205,0.0
2018/12/25,1010.3,1012.2,1008.2,79,55,1.1,270,5.9,223,0.0
2018/12/26,1009.0,1011.1,1006.6,84,52,1.1,267,5.0,149,0.0
2018/12/27,1011.1,1013.7,1009.2,84,67,1.3,23,5.6,199,0.0
2018/12/28,1015.6,1018.0,1013.1,77,58,1.2,267,5.4,219,0.0
2018/12/29,1019.7,1022.0,1017.2,71,51,1.5,274,6.0,229,0.0
2018/12/30,1019.9,1021.5,1017.7,71,47,1.2,24,7.0,238,0.0
2018/12/31,1020.5,1022.1,1018.5,76,53,1.0,6,4.3,159,0.5
2019/01/01,1019.9,1022.2,1017.6,83,60,0.9,30,4.0,218,0.0
2019/01/02,1019.8,1022.0,1017.5,91,76,0.9,263,3.4,269,0.5
2019/01/03,1019.9,1022.0,1017.7,86,52,1.0,270,6.0,159,0.0
2019/01/04,1019.4,1021.7,1017.2,86,64,0.8,25,5.1,264,0.0
2019/01/05,1017.0,1018.7,1015.0,87,59,1.1,248,5.6,213,0.0
2019/01/06,1016.6,1018.2,1014.8,85,60,1.1,271,5.4,195,0.0
2019/01/07,1017.0,1018.8,1015.2,87,63,1.0,18,6.1,238,0.0
2019/01/08,1016.8,1018.6,1014.0,88,60,1.0,5,5.3,230,0.0
2019/01/09,1017.7,1019.8,1015.3,86,56,1.0,256,6.2,221,0.0
2019/01/10,1016.6,1018.5,1014.6,84,59,0.9,267,5.4,244,0.0
2019/01/11,1015.2,1017.3,1012.5,81,52,1.1,7,6.4,208,0.0
2019/01/12,1014.7,1016.1,1013.1,81,55,1.3,15,6.8,145,0.0
2019/01/13,1014.5,1016.5,1012.8,85,59,1.0,235,6.0,196,0.0
2019/01/14,1014.2,1016.0,1012.0,84,54,1.0,234,6.0,231,0.0
2019/01/15,1014.6,1016.5,1012.7,88,59,1.0,29,5.4,226,1.0
2019/01/16,1014.8,1016.5,1012.6,93,79,1.2,269,4.6,260,2.0
2019/01/17,1016.4,1018.7,1014.5,86,67,1.4,270,5.0,265,0.0
2019/01/18,1018.1,1020.3,1016.0,81,51,1.1,254,6.9,220,0.0
2019/01/19,1016.8,1018.6,1014.7,78,47,1.2,10,5.2,34,0.0
2019/01/20,1015.4,1017.3,1013.5,84,52,1.2,2,6.3,37,0.5
2019/01/21,1015.9,1018.0,1014.1,89,68,1.2,275,4.9,288,0.0
2019/01/22,1016.4,1017.8,1014.1,80,58,1.4,272,7.1,269,0.0
2019/01/23,1016.2,1018.0,1014.6,71,48,1.2,9,4.2,253,0.0
2019/01/24,1016.4,1018.0,1014.2,73,40,1.2,26,6.2,244,0.0
2019/01/25,1017.0,1018.5,1014.5,70,38,1.0,64,5.4,161,0.0
2019/01/26,1018.2,1019.7,1016.5,71,48,1.4,269,5.5,277,0.0
2019/01/27,1019.6,1022.3,1018.0,73,54,1.2,18,4.9,228,0.0
2019/01/28,1018.2,1020.5,1016.0,79,47,1.2,249,6.3,230,0.0
2019/01/29,1018.2,1019.6,1016.5,69,39,1.2,9,6.0,231,0.0
2019/01/30,1017.8,1020.0,1015.7,68,33,1.3,7,6.9,245,0.0
2019/01/31,1015.4,1017.3,1012.8,62,34,1.6,53,7.6,301,0.0
2019/02/01,1017.5,1019.5,1015.8,78,54,1.2,257,5.6,254,0.0
2019/02/02,1015.8,1018.1,1012.8,78,48,1.1,20,6.4,267,0.0
2019/02/03,1014.9,1016.7,1013.5,83,49,1.5,41,9.4,158,0.0
2019/02/04,1015.1,1017.5,1013.1,88,63,1.0,239,6.7,178,0.0
2019/02/05,1013.6,1016.1,1011.0,86,58,1.5,3,6.4,18,0.0
2019/02/06,1012.1,1013.7,1010.2,85,57,1.3,320,5.9,240,0.0
2019/02/07,1012.3,1014.7,1009.2,62,22,1.6,7,7.7,2,0.0
2019/02/08,1013.1,1015.0,1011.1,71,46,1.4,8,6.6,256,0.0
2019/02/09,1015.4,1017.5,1013.3,74,40,1.3,16,7.3,257,0.0
2019/02/10,1018.1,1020.2,1016.0,78,49,1.2,249,6.1,238,0.0
2019/02/11,1019.8,1021.1,1018.3,79,58,1.1,275,6.0,159,0.0
2019/02/12,1020.0,1021.7,1018.7,79,60,1.1,6,5.1,216,0.0
2019/02/13,1018.0,1020.1,1015.2,80,41,1.4,216,6.5,221,0.0
2019/02/14,1017.4,1019.0,1015.6,80,54,1.3,273,7.0,155,0.0
2019/02/15,1016.9,1019.2,1014.5,78,49,1.2,4,9.1,240,0.0
2019/02/16,1015.3,1017.7,1013.0,72,45,1.5,5,5.9,249,0.0
2019/02/17,1014.8,1016.7,1012.5,81,57,1.5,294,6.3,208,0.0
2019/02/18,1013.2,1015.3,1009.6,76,44,2.0,148,10.3,169,0.0
2019/02/19,1015.5,1017.8,1013.6,80,41,1.1,117,6.3,248,0.0
2019/02/20,1016.8,1019.1,1015.0,80,56,1.4,239,8.0,170,0.0
2019/02/21,1015.0,1017.3,1013.2,79,51,1.3,43,8.9,207,0.0
2019/02/22,1013.1,1014.8,1010.3,76,45,1.8,274,7.6,286,0.0
2019/02/23,1013.0,1014.7,1010.3,80,63,1.5,256,6.7,276,0.0
2019/02/24,1012.1,1013.8,1010.0,79,56,1.3,264,5.8,273,0.0
2019/02/25,1013.3,1015.2,1011.2,87,56,1.1,268,4.9,220,1.0
2019/02/26,1014.3,1016.2,1012.7,82,57,1.3,269,6.7,256,0.0
2019/02/27,1012.6,1014.8,1009.8,81,50,1.4,19,6.1,251,0.0
2019/02/28,1011.8,1013.5,1009.5,74,51,1.5,24,7.0,207,0.0
2019/03/01,1013.2,1015.1,1011.8,84,64,1.4,28,5.9,255,0.0
2019/03/02,1010.5,1013.5,1008.3,84,57,1.4,6,6.8,162,0.0
2019/03/03,1008.1,1010.2,1005.7,72,54,1.7,5,7.2,313,0.0
2019/03/04,1011.5,1013.5,1008.8,81,59,1.2,2,6.0,239,0.0
2019/03/05,1010.3,1013.3,1007.5,64,30,1.8,25,10.0,155,0.0
2019/03/06,1010.5,1013.1,1008.3,81,54,1.8,263,7.5,282,0.0
2019/03/07,1012.6,1014.6,1011.0,96,77,1.1,15,5.5,274,0.5
2019/03/08,1013.4,1015.8,1011.5,94,58,0.9,296,6.9,29,0.0
2019/03/09,1009.2,1012.3,1006.7,90,54,1.6,32,7.9,140,18.5
2019/03/10,1009.5,1012.5,1007.5,93,61,1.6,277,8.4,9,39.5
2019/03/11,1010.8,1013.2,1009.0,96,82,1.2,250,6.2,308,8.5
2019/03/12,1013.0,1015.3,1011.1,84,58,1.3,248,6.5,251,0.0
2019/03/13,1015.4,1017.2,1013.7,75,47,1.2,82,5.6,212,0.0
2019/03/14,1015.7,1018.0,1012.5,78,47,1.6,11,7.9,163,0.0
2019/03/15,1015.9,1017.1,1014.0,81,56,1.4,264,6.5,278,0.0
2019/03/16,1016.2,1017.7,1014.0,70,33,1.2,66,5.9,209,0.0
2019/03/17,1015.9,1017.7,1013.5,70,47,1.1,9,6.0,231,0.0
2019/03/18,1013.3,1016.0,1010.5,75,51,1.4,255,6.4,277,0.0
2019/03/19,1012.1,1014.1,1010.2,84,50,1.1,244,5.8,208,0.0
2019/03/20,1011.1,1012.7,1008.6,87,61,1.3,55,8.9,199,0.0
2019/03/21,1009.6,1011.3,1007.6,83,50,1.2,59,5.4,226,0.0
2019/03/22,1010.3,1012.5,1008.2,73,41,1.7,256,7.4,271,0.0
2019/03/23,1013.6,1015.3,1011.3,99,91,1.2,274,6.1,280,2.5
2019/03/24,1014.8,1016.5,1013.5,95,78,1.2,37,5.4,30,0.0
2019/03/25,1013.2,1015.1,1011.1,81,53,1.2,42,6.2,8,0.0
2019/03/26,1015.5,1017.3,1013.5,85,61,1.0,247,5.6,216,0.0
2019/03/27,1014.5,1017.3,1011.7,86,55,1.1,248,6.8,242,0.0
2019/03/28,1010.0,1012.5,1007.0,89,63,1.3,47,7.1,218,0.0
2019/03/29,1008.1,1011.0,1006.3,83,60,1.7,55,8.2,269,0.0
2019/03/30,1010.7,1013.0,1008.8,86,64,1.6,247,7.8,259,0.0
2019/03/31,1013.8,1016.1,1011.7,83,64,1.5,259,7.8,193,0.0
2019/04/01,1015.7,1017.2,1014.1,81,57,1.1,267,6.9,247,0.0
2019/04/02,1015.0,1017.3,1012.3,82,58,1.2,265,6.2,206,0.0
2019/04/03,1013.2,1015.5,1010.2,77,39,1.4,261,7.3,284,0.0
2019/04/04,1012.6,1014.3,1010.3,85,59,1.2,254,6.7,237,0.0
2019/04/05,1009.9,1012.5,1007.0,80,49,1.8,266,9.3,265,0.0
2019/04/06,1010.6,1012.5,1008.5,81,60,1.2,255,7.9,221,0.0
2019/04/07,1010.0,1012.1,1007.5,76,42,1.7,268,8.8,256,0.0
2019/04/08,1010.2,1011.5,1008.8,80,54,1.3,237,6.9,272,0.0
2019/04/09,1009.2,1011.0,1007.0,80,10,1.5,36,8.6,148,0.0
2019/04/10,1008.7,1010.6,1006.1,74,17,1.7,256,8.2,238,0.0
2019/04/11,1008.2,1009.6,1006.0,76,54,1.5,57,7.5,250,0.0
2019/04/12,1010.9,1014.0,1008.7,81,64,1.6,243,8.2,255,0.0
2019/04/13,1011.6,1013.5,1009.5,80,51,1.3,271,5.9,295,0.0
2019/04/14,1010.5,1012.0,1008.2,78,53,1.4,261,5.9,277,0.0
2019/04/15,1010.6,1012.5,1009.1,86,70,1.1,73,6.5,262,0.0
2019/04/16,1009.4,1012.1,1007.1,92,82,1.2,16,7.8,40,4.5
2019/04/17,1008.7,1010.3,1007.1,79,53,1.4,255,6.7,220,0.0
2019/04/18,1008.6,1010.3,1007.0,76,48,1.5,251,6.4,241,0.0
2019/04/19,1007.6,1010.0,1004.7,91,63,1.6,196,12.7,260,26.5
2019/04/20,1006.3,1009.0,1004.2,68,38,1.1,19,6.9,248,0.0
2019/04/21,1007.2,1008.8,1005.1,87,71,1.3,23,7.0,241,7.5
2019/04/22,1007.6,1010.1,1005.5,88,74,1.6,54,7.1,244,0.0
2019/04/23,1007.9,1009.7,1005.2,81,59,1.9,47,8.2,233,0.0
2019/04/24,1007.6,1009.6,1005.7,80,58,1.3,266,7.3,257,0.0
2019/04/25,1007.3,1009.0,1005.8,74,40,1.6,100,8.5,308,0.0
2019/04/26,1008.6,1011.0,1006.8,76,59,1.6,255,6.8,232,0.0
2019/04/27,1010.0,1012.2,1007.7,87,63,1.3,31,6.0,239,0.0
2019/04/28,1010.3,1012.0,1008.6,81,61,1.3,263,6.2,260,0.0
2019/04/29,1008.5,1010.6,1005.8,79,51,1.3,240,7.7,203,0.0
2019/04/30,1006.3,1007.8,1003.5,80,52,1.7,60,8.3,235,0.0
2019/05/01,1006.3,1008.2,1004.5,95,80,1.1,8,7.6,1,50.0
2019/05/02,1008.7,1011.0,1006.6,92,79,1.2,270,5.0,255,6.5
2019/05/03,1010.3,1011.8,1008.5,90,10,1.1,171,5.1,156,2.0
2019/05/04,1010.7,1012.0,1009.2,89,71,1.2,3,4.8,297,0.0
2019/05/05,1008.1,1010.8,1005.1,82,57,1.1,252,4.5,243,1.0
2019/05/06,1005.9,1007.7,1004.5,X,100,0.6,3,4.6,17,91.0
2019/05/07,1006.4,1008.7,1004.6,96,90,0.9,72,4.4,255,2.0
2019/05/08,1006.3,1007.8,1004.3,91,72,1.3,248,6.4,232,0.5
2019/05/09,1005.1,1006.7,1002.8,82,59,1.0,256,6.1,247,0.0
2019/05/10,1006.1,1007.7,1004.5,95,81,1.0,16,5.3,136,1.0
2019/05/11,1007.9,1009.7,1005.7,83,57,1.0,200,7.4,147,0.0
2019/05/12,1008.1,1009.5,1006.3,81,62,1.1,56,5.8,220,0.0
2019/05/13,1007.5,1009.1,1005.5,75,53,1.4,253,7.1,228,0.0
2019/05/14,1007.0,1008.5,1004.6,74,52,1.4,254,7.9,257,0.0
2019/05/15,1007.3,1009.0,1005.7,91,73,1.0,58,5.4,236,0.0
2019/05/16,1005.6,1007.5,1003.3,82,55,1.9,23,7.9,53,0.0
2019/05/17,1004.5,1006.1,1002.5,83,62,1.9,26,10.2,283,0.0
2019/05/18,1004.7,1006.6,1003.1,93,84,1.5,55,7.3,231,17.5
2019/05/19,1006.1,1007.5,1004.6,84,70,1.4,325,7.7,288,0.0
2019/05/20,1005.7,1007.3,1004.5,93,72,1.2,12,15.1,38,58.5
2019/05/21,1007.2,1009.2,1006.0,X,98,0.8,50,4.3,212,8.5
2019/05/22,1007.6,1009.0,1006.0,88,69,1.1,121,6.8,247,9.0
2019/05/23,1008.3,1009.7,1006.7,86,74,1.3,52,5.5,228,2.0
2019/05/24,1009.2,1010.5,1007.8,84,71,1.2,60,8.6,45,7.5
2019/05/25,1008.2,1009.6,1006.1,79,53,1.3,66,6.4,217,0.0
2019/05/26,1007.0,1008.7,1004.7,68,47,1.0,60,5.0,212,0.0
2019/05/27,1006.9,1008.2,1005.2,90,67,1.0,38,5.6,220,0.0
2019/05/28,1006.9,1008.3,1005.1,86,62,1.3,259,7.8,288,10.5
2019/05/29,1007.0,1008.6,1005.5,93,82,1.4,78,8.5,220,0.0
2019/05/30,1007.4,1008.6,1005.3,85,74,1.1,35,5.8,230,0.0
2019/05/31,1006.7,1008.0,1005.0,80,59,1.2,26,7.0,174,0.0
2019/06/01,1006.2,1007.7,1004.3,81,63,1.2,244,6.7,221,0.0
2019/06/02,1005.8,1007.5,1004.0,79,53,1.7,260,7.7,267,0.0
2019/06/03,1006.1,1007.5,1004.5,73,38,1.7,272,8.0,255,0.0
2019/06/04,1007.4,1009.5,1006.0,90,77,1.1,67,6.3,28,9.0
2019/06/05,1008.3,1010.0,1006.8,73,58,1.1,241,5.5,164,0.0
2019/06/06,1008.7,1009.7,1007.5,77,56,1.4,70,8.0,165,0.0
2019/06/07,1008.5,1009.8,1006.5,86,68,1.5,248,7.6,158,0.0
2019/06/08,1006.5,1008.1,1004.7,72,52,1.6,271,8.7,263,0.0
2019/06/09,1004.7,1006.5,1003.1,77,48,1.4,16,9.4,246,0.0
2019/06/10,1003.3,1004.8,1001.3,62,51,1.5,10,9.8,303,24.5
2019/06/11,1003.2,1004.5,1002.0,93,77,1.4,71,7.9,8,20.5
2019/06/12,1004.2,1006.2,1003.0,91,73,1.0,62,4.9,31,47.5
2019/06/13,1002.1,1004.0,1000.0,86,69,1.2,67,9.5,255,27.0
2019/06/14,999.8,1001.5,998.0,96,90,1.3,64,13.5,273,64.5
2019/06/15,1002.3,1004.7,1000.3,82,64,1.3,252,7.2,269,0.0
2019/06/16,1004.8,1007.3,1003.3,79,60,1.2,7,8.4,150,0.0
2019/06/17,1007.2,1009.5,1005.6,78,54,1.2,61,7.9,221,0.0
2019/06/18,1007.6,1008.7,1006.3,79,61,1.1,122,6.4,225,0.0
2019/06/19,1006.1,1007.8,1004.0,76,49,1.7,277,9.5,284,0.0
2019/06/20,1005.0,1006.3,1003.2,76,53,1.9,24,9.3,259,0.0
2019/06/21,1004.3,1005.8,1002.7,71,45,2.0,269,8.5,261,0.0
2019/06/22,1003.2,1004.5,1001.2,72,47,1.7,274,8.3,8,0.0
2019/06/23,1003.9,1005.5,1002.2,90,62,1.6,45,9.8,22,1.5
2019/06/24,1005.6,1007.3,1004.2,86,72,0.9,42,5.0,30,0.0
2019/06/25,1005.8,1008.5,1004.5,92,80,1.2,63,7.2,269,13.5
2019/06/26,1003.2,1005.2,1001.0,91,65,1.4,152,7.7,269,2.0
2019/06/27,1001.4,1002.7,999.8,84,76,1.0,85,6.0,150,3.5
2019/06/28,1001.4,1002.5,999.8,83,67,1.2,26,7.5,212,0.0
2019/06/29,1001.1,1002.5,999.8,92,71,0.9,35,6.1,147,1.0
2019/06/30,1000.9,1002.3,999.5,81,67,1.4,210,10.5,239,0.0
2019/07/01,999.6,1001.5,997.6,78,51,1.4,28,8.7,161,1.0
2019/07/02,1002.5,1006.7,999.1,91,77,2.1,144,13.1,144,125.0
2019/07/03,1007.3,1009.3,1004.6,90,69,2.1,77,14.0,209,96.5
2019/07/04,1007.5,1008.7,1005.3,80,59,1.2,167,6.0,209,7.0
2019/07/05,1004.8,1007.0,1002.5,89,70,1.2,76,6.2,353,25.0
2019/07/06,1003.2,1004.8,1001.5,87,73,1.2,52,9.3,247,16.0
2019/07/07,1005.0,1007.6,1003.5,84,63,1.4,57,8.7,336,26.5
2019/07/08,1006.2,1007.8,1004.6,98,93,1.2,37,8.3,267,48.0
2019/07/09,1004.2,1006.0,1002.5,98,96,1.4,56,8.1,333,79.5
2019/07/10,1004.5,1007.8,1002.6,95,89,1.6,69,10.2,253,69.0
2019/07/11,1008.3,1010.2,1006.1,91,84,1.3,39,7.5,142,119.0
2019/07/12,1007.5,1009.8,1005.2,80,67,1.4,235,6.5,253,0.0
2019/07/13,1005.1,1007.8,1002.3,78,58,1.6,13,7.3,232,0.5
2019/07/14,1003.3,1004.8,1001.5,77,62,2.0,265,9.0,267,0.0
2019/07/15,1003.0,1004.5,1001.1,72,49,1.4,65,7.7,280,3.0
2019/07/16,1001.7,1003.6,999.7,83,57,1.4,30,8.2,149,0.0
2019/07/17,995.5,1000.1,992.2,85,61,1.3,97,6.7,244,0.0
2019/07/18,994.1,995.5,992.7,92,72,1.6,70,11.8,138,35.5
2019/07/19,998.7,1004.3,999.1,95,100,1.7,80,8.1,245,132.0
2019/07/20,1005.1,1007.0,1003.0,X,100,1.2,42,7.9,283,33.0
2019/07/21,1005.9,1008.2,1004.2,77,57,1.2,23,7.2,13,2.5
2019/07/22,1005.1,1006.5,1003.8,80,61,1.4,57,9.3,166,0.0
2019/07/23,1004.8,1006.1,1003.1,78,59,1.2,57,9.7,225,0.0
2019/07/24,1005.6,1007.1,1004.3,79,61,1.3,250,7.2,224,0.0
2019/07/25,1006.3,1007.5,1004.5,76,55,1.4,90,7.6,220,0.0
2019/07/26,1004.6,1006.2,1002.3,84,56,1.7,250,7.8,259,0.0
2019/07/27,1004.7,1006.5,1003.0,88,68,1.2,72,7.8,57,13.5
2019/07/28,1005.4,1007.2,1003.5,82,51,1.4,12,7.4,37,9.5
2019/07/29,1005.5,1007.2,1003.0,74,50,1.1,50,5.8,271,0.0
2019/07/30,1004.5,1006.5,1002.6,74,53,1.5,58,7.6,274,0.0
2019/07/31,1003.7,1005.7,1001.0,70,50,1.1,15,5.8,263,0.0
2019/08/01,1004.4,1006.0,1003.1,85,72,1.1,268,6.8,27,3.0
2019/08/02,1002.9,1004.6,1001.5,81,54,1.2,73,7.1,19,17.0
2019/08/03,1000.6,1002.6,999.2,79,52,1.1,28,7.2,135,0.5
2019/08/04,999.5,1000.6,998.5,81,67,1.4,18,6.7,255,1.0
2019/08/05,999.7,1001.2,998.5,76,60,1.4,83,9.9,165,17.0
2019/08/06,999.2,1000.5,997.2,77,62,1.5,134,9.8,129,146.0
2019/08/07,996.1,999.0,994.1,80,67,1.1,111,8.1,142,57.5
2019/08/08,990.8,994.3,987.3,77,62,1.1,152,6.5,225,0.5
2019/08/09,989.8,994.3,985.7,88,68,2.8,308,13.9,331,7.0
2019/08/10,996.7,1000.0,993.5,97,93,4.2,251,14.5,249,0.0
2019/08/11,999.7,1000.8,998.5,92,86,2.5,72,10.6,259,0.5
2019/08/12,1000.5,1002.0,999.1,84,67,1.4,44,8.1,30,35.0
2019/08/13,1000.7,1003.2,998.0,88,74,1.6,297,8.3,23,103.5
2019/08/14,1001.1,1002.5,998.6,85,76,1.3,17,6.8,238,17.5
2019/08/15,1000.8,1002.5,999.0,96,89,2.7,242,13.0,216,8.5
2019/08/16,1002.6,1005.1,1000.6,X,100,1.7,71,15.1,223,80.0
2019/08/17,1004.9,1006.7,1003.3,X,100,1.4,7,8.9,260,93.0
2019/08/18,1004.9,1006.8,1003.3,X,100,1.0,72,4.9,255,81.5
2019/08/19,1003.7,1005.1,1002.1,X,98,1.1,79,5.7,257,10.5
2019/08/20,1003.1,1004.0,1002.1,94,90,1.1,28,6.2,172,13.0
2019/08/21,1003.0,1004.5,1001.2,92,84,1.2,46,6.1,137,12.0
2019/08/22,1003.5,1005.2,1001.5,82,60,1.4,5,7.2,266,0.0
2019/08/23,1002.1,1005.0,999.8,79,52,1.1,247,6.7,143,0.0
2019/08/24,993.0,1000.0,982.5,98,91,2.4,165,19.1,150,124.5
2019/08/25,1004.3,1007.3,999.1,95,84,3.3,144,14.9,139,107.0
2019/08/26,1007.0,1009.1,1005.5,82,60,1.4,58,10.4,165,0.0
2019/08/27,1005.9,1008.0,1004.2,81,61,1.3,26,7.2,135,0.0
2019/08/28,1003.7,1005.5,1001.5,82,65,1.2,76,6.6,200,0.0
2019/08/29,1005.1,1007.2,1003.5,88,61,1.1,15,6.1,223,0.0
2019/08/30,1006.4,1007.7,1005.5,88,74,1.4,47,14.0,50,78.0
2019/08/31,1005.2,1006.8,1003.5,79,63,1.0,18,6.7,245,0.0
2019/09/01,1005.5,1007.3,1004.0,84,59,1.0,46,5.9,14,9.0
2019/09/02,1006.2,1008.0,1003.6,75,63,1.3,82,6.6,236,3.5
2019/09/03,1004.0,1005.0,1002.6,75,100,1.3,26,5.7,136,60.0
2019/09/04,1003.2,1005.5,1001.7,98,95,1.2,1,5.6,63,22.5
2019/09/05,1000.7,1002.2,998.8,84,65,1.7,15,8.5,238,0.0
2019/09/06,999.9,1002.3,997.8,79,65,1.6,116,9.3,128,71.0
2019/09/07,1001.9,1004.2,1000.1,81,63,1.0,110,5.6,222,0.0
2019/09/08,1003.0,1004.8,1001.1,81,58,1.4,30,8.1,65,0.0
2019/09/09,1004.2,1006.3,1002.5,83,63,1.0,10,4.7,246,0.0
2019/09/10,1007.3,1010.0,1005.0,95,88,1.2,6,7.1,25,8.0
2019/09/11,1008.5,1010.3,1006.3,73,51,1.3,41,5.6,242,0.5
2019/09/12,1006.2,1008.5,1004.1,79,54,1.2,87,6.8,242,0.0
2019/09/13,1004.8,1006.1,1003.0,83,56,1.0,86,7.3,255,0.0
2019/09/14,1004.7,1006.0,1003.1,88,70,1.2,210,8.2,146,0.0
2019/09/15,1004.5,1006.0,1002.0,84,59,1.6,20,8.1,263,56.5
2019/09/16,1003.9,1005.0,1002.2,83,61,0.9,115,3.6,152,0.0
2019/09/17,1004.6,1006.3,1003.2,81,60,1.5,250,7.1,251,0.0
2019/09/18,1005.3,1006.5,1003.6,80,57,1.1,53,7.3,246,0.0
2019/09/19,1004.9,1006.5,1003.2,86,70,1.3,259,6.4,238,0.0
2019/09/20,1000.9,1004.2,998.1,81,57,1.3,275,7.9,302,0.0
2019/09/21,1001.1,1005.1,998.3,70,54,1.8,3,10.3,6,0.0
2019/09/22,1008.2,1011.8,1004.5,82,54,1.0,16,6.4,149,0.0
2019/09/23,1012.6,1014.7,1010.0,81,56,1.2,125,6.8,218,0.0
2019/09/24,1013.5,1015.1,1011.7,76,64,1.2,91,6.2,232,0.0
2019/09/25,1013.3,1014.5,1011.7,74,48,1.2,46,7.6,230,0.0
2019/09/26,1013.2,1014.5,1011.5,73,47,1.2,62,6.7,248,0.0
2019/09/27,1012.2,1013.6,1011.0,81,60,0.9,64,5.3,153,0.0
2019/09/28,1010.5,1012.0,1008.8,71,57,1.3,51,7.7,95,1.0
2019/09/29,1007.3,1010.3,1004.7,76,52,1.1,100,6.2,229,1.5
2019/09/30,998.8,1005.1,995.3,93,77,1.4,29,8.5,274,0.0
2019/10/01,1006.0,1009.0,999.3,74,49,2.2,274,10.9,351,0.0
2019/10/02,1009.4,1010.8,1007.8,80,52,1.4,108,7.6,263,0.0
2019/10/03,1010.1,1011.7,1008.0,67,47,1.2,40,10.0,261,17.0
2019/10/04,1009.8,1011.3,1007.5,77,55,1.2,25,10.2,144,14.5
2019/10/05,1010.8,1013.0,1009.2,84,63,0.8,239,4.7,216,1.5
2019/10/06,1012.1,1013.5,1010.7,86,69,0.9,24,3.7,264,0.5
2019/10/07,1012.8,1014.3,1010.8,81,58,1.1,71,6.2,251,0.0
2019/10/08,1012.3,1013.7,1010.7,83,62,1.3,69,6.0,268,0.0
2019/10/09,1011.3,1013.0,1009.6,88,60,1.4,49,8.2,126,0.0
2019/10/10,1010.0,1011.7,1008.2,87,70,1.0,110,5.7,247,0.0
2019/10/11,1008.5,1010.2,1006.2,81,63,1.1,55,5.6,156,0.0
2019/10/12,1009.3,1011.3,1007.7,82,67,1.3,55,7.9,220,21.5
2019/10/13,1011.2,1012.7,1009.7,81,69,1.4,153,7.8,283,0.0
2019/10/14,1013.1,1014.8,1011.5,84,69,1.3,150,5.5,237,0.5
2019/10/15,1014.2,1015.6,1012.5,78,54,1.1,254,6.3,254,0.0
2019/10/16,1013.7,1015.1,1012.0,84,65,1.5,248,6.8,243,0.0
2019/10/17,1012.5,1014.1,1010.5,83,54,1.2,82,5.9,230,0.0
2019/10/18,1012.4,1013.7,1010.8,76,62,1.4,252,6.1,221,0.0
2019/10/19,1012.7,1014.1,1011.0,80,54,1.1,75,5.6,234,0.0
2019/10/20,1011.9,1013.7,1010.0,81,54,1.2,250,7.1,215,0.0
2019/10/21,1010.1,1011.8,1007.8,78,64,1.1,78,6.2,225,0.0
2019/10/22,1008.7,1010.3,1006.8,75,48,1.1,64,6.4,225,0.0
2019/10/23,1009.2,1011.2,1007.5,74,50,1.1,58,6.7,208,0.0
2019/10/24,1011.7,1013.5,1009.8,86,69,1.1,94,5.2,224,0.0
2019/10/25,1013.5,1015.2,1011.5,86,68,1.3,178,8.3,235,7.5
2019/10/26,1013.6,1015.2,1011.7,80,66,1.1,96,5.5,270,0.0
2019/10/27,1011.8,1013.7,1009.2,77,52,1.2,41,6.4,227,0.0
2019/10/28,1010.7,1012.1,1008.3,75,53,1.4,11,8.5,157,0.0
2019/10/29,1011.0,1012.7,1009.3,78,59,1.2,266,5.6,161,0.0
2019/10/30,1012.3,1013.6,1010.8,85,65,1.0,258,6.0,211,0.0
2019/10/31,1012.1,1013.2,1010.5,82,71,1.1,64,6.2,209,0.0
2019/11/01,1011.4,1013.5,1009.6,79,64,1.1,29,6.0,150,0.0
2019/11/02,1010.2,1011.6,1008.3,79,63,1.2,99,5.9,264,0.0
2019/11/03,1009.5,1011.3,1007.8,79,59,1.1,59,4.7,163,0.0
2019/11/04,1009.0,1010.6,1007.6,97,91,0.7,267,3.3,267,1.5
2019/11/05,1007.7,1009.3,1006.1,83,70,1.0,297,5.8,211,0.0
2019/11/06,1007.3,1009.0,1005.5,77,55,1.0,243,6.0,283,0.0
2019/11/07,1008.4,1010.0,1006.5,80,61,1.0,57,4.6,274,0.0
2019/11/08,1011.3,1013.5,1009.2,76,54,1.2,241,5.7,222,0.0
2019/11/09,1012.9,1014.8,1011.0,69,50,1.1,27,5.8,240,0.0
2019/11/10,1012.1,1014.1,1010.0,72,56,1.1,60,6.7,252,0.0
2019/11/11,1012.1,1014.0,1010.1,66,47,1.3,40,6.7,216,0.0
2019/11/12,1013.8,1016.0,1011.8,68,42,1.1,258,7.4,245,0.0
2019/11/13,1014.6,1017.0,1012.0,74,45,1.1,287,6.2,259,0.0
2019/11/14,1013.3,1015.5,1011.5,77,58,1.4,262,5.4,210,0.0
2019/11/15,1012.8,1014.5,1011.0,75,57,1.1,256,5.5,243,0.0
2019/11/16,1012.6,1014.5,1010.7,69,45,0.9,19,6.0,261,0.0
2019/11/17,1011.6,1013.5,1008.8,61,37,1.2,21,5.8,348,0.0
2019/11/18,1010.5,1012.5,1009.0,77,49,1.0,34,5.1,155,0.0
2019/11/19,1011.2,1013.1,1009.2,81,68,1.0,270,4.4,214,0.0
2019/11/20,1012.9,1015.0,1011.5,83,56,0.9,125,4.9,224,0.0
2019/11/21,1012.0,1014.0,1009.7,81,52,1.0,21,5.4,243,0.0
2019/11/22,1011.5,1012.8,1010.1,76,60,1.1,239,4.7,231,0.0
2019/11/23,1013.0,1015.1,1011.5,75,60,1.0,29,5.7,284,0.0
2019/11/24,1013.9,1015.7,1012.0,71,58,0.8,119,5.4,270,0.0
2019/11/25,1015.6,1017.3,1014.2,87,69,0.9,253,6.0,257,0.0
2019/11/26,1016.2,1018.0,1014.5,81,70,0.9,233,6.3,268,0.0
2019/11/27,1015.6,1017.7,1013.3,78,66,1.1,81,5.0,250,0.0
2019/11/28,1016.3,1017.8,1014.6,87,73,1.1,277,5.7,240,0.0
2019/11/29,1017.5,1019.0,1016.5,78,52,1.2,252,6.4,239,0.0
2019/11/30,1016.5,1018.2,1014.6,71,48,1.0,5,5.5,242,0.0
2019/12/01,1014.5,1016.3,1012.3,78,54,1.0,8,5.0,249,0.0
2019/12/02,1014.8,1016.6,1012.8,73,55,1.4,264,7.2,165,0.0
2019/12/03,1016.6,1018.1,1015.0,76,49,1.1,39,5.3,250,0.0
2019/12/04,1017.4,1019.0,1015.3,79,62,0.9,25,5.3,279,2.5
2019/12/05,1017.3,1018.7,1015.0,93,85,1.3,19,5.8,281,1.0
2019/12/06,1016.4,1017.7,1014.8,X,100,1.2,5,4.5,4,5.0
2019/12/07,1017.7,1020.1,1015.0,97,93,1.0,266,4.5,299,0.5
2019/12/08,1019.2,1021.0,1017.0,74,51,1.1,23,5.3,256,0.0
2019/12/09,1017.6,1019.7,1015.2,75,41,1.2,17,5.4,263,0.0
2019/12/10,1014.5,1016.8,1011.5,70,29,1.4,348,6.2,27,0.0
2019/12/11,1013.9,1016.3,1011.8,79,38,1.0,29,4.7,232,0.0
2019/12/12,1017.1,1019.6,1015.3,84,48,1.0,123,6.0,241,0.0
2019/12/13,1018.9,1021.1,1016.7,76,35,1.0,20,5.1,322,0.0
2019/12/14,1018.0,1020.5,1015.7,82,40,1.1,3,5.6,231,0.0
2019/12/15,1017.2,1019.2,1015.1,89,48,0.9,55,6.0,240,0.0
2019/12/16,1015.4,1017.5,1012.1,84,41,1.0,43,5.1,232,0.0
2019/12/17,1015.2,1017.5,1012.7,83,44,1.2,20,5.2,150,0.0
2019/12/18,1015.5,1017.3,1013.0,89,52,1.1,153,5.6,139,0.0
2019/12/19,1015.7,1017.3,1013.8,90,60,1.1,249,5.5,349,0.0
2019/12/20,1015.2,1016.3,1013.1,93,70,1.1,271,4.1,276,0.0
2019/12/21,1013.8,1015.8,1011.2,86,49,1.0,31,6.2,224,0.0
2019/12/22,1011.9,1013.7,1009.0,84,45,1.3,331,7.2,288,0.0
2019/12/23,1013.4,1015.3,1011.1,89,55,1.1,15,5.4,227,0.0
2019/12/24,1014.5,1016.7,1012.0,83,45,1.0,10,4.5,231,0.0
2019/12/25,1012.8,1015.2,1010.5,89,51,1.0,10,5.6,214,0.0
2019/12/26,1011.7,1013.5,1009.1,86,44,1.0,262,5.5,182,0.0
2019/12/27,1015.2,1017.6,1012.5,96,82,1.2,275,4.3,285,0.0
2019/12/28,1016.2,1018.1,1014.0,90,63,1.0,40,4.8,43,3.0
2019/12/29,1015.4,1017.3,1013.6,100,100,0.9,263,4.4,287,7.0
2019/12/30,1016.6,1018.7,1014.5,96,74,1.1,42,5.7,306,0.0
2019/12/31,1020.3,1022.2,1018.1,99,88,1.0,253,4.4,232,0.0
2020/01/01,1022.3,1024.6,1020.7,93,73,1.0,268,5.5,260,0.0
2020/01/02,1021.8,1024.1,1019.7,93,64,0.9,273,5.3,199,0.0
2020/01/03,1020.0,1022.0,1017.7,91,59,1.0,5,5.6,218,0.0
2020/01/04,1018.0,1020.2,1015.5,88,53,1.0,35,5.2,221,0.0
2020/01/05,1018.5,1020.0,1016.3,88,57,0.9,8,5.2,205,0.0
2020/01/06,1017.2,1019.6,1015.0,85,42,1.0,203,5.5,192,0.0
2020/01/07,1014.6,1016.5,1012.0,83,51,1.2,26,7.3,278,0.0
2020/01/08,1015.5,1017.5,1013.7,87,49,1.3,228,6.3,190,0.0
2020/01/09,1015.3,1017.5,1013.2,91,62,0.9,30,4.9,156,0.0
2020/01/10,1013.5,1016.0,1011.0,88,55,1.2,74,6.3,217,0.0
2020/01/11,1012.0,1013.8,1009.5,81,45,1.2,272,7.5,283,0.0
2020/01/12,1012.3,1014.5,1010.1,86,56,1.3,268,6.0,273,0.0
2020/01/13,1014.2,1016.8,1011.7,85,49,1.3,274,5.7,128,0.0
2020/01/14,1015.7,1018.0,1013.1,75,26,1.3,357,7.2,295,0.0
2020/01/15,1015.9,1018.2,1013.7,84,49,1.1,293,5.0,255,0.0
2020/01/16,1014.7,1017.0,1011.5,78,34,1.1,9,5.9,269,0.0
2020/01/17,1015.0,1016.7,1012.6,85,47,1.6,272,6.8,282,0.0
2020/01/18,1016.2,1017.8,1014.0,89,66,1.5,30,6.0,225,0.0
2020/01/19,1017.2,1019.3,1014.6,84,48,1.3,303,5.3,256,0.0
2020/01/20,1018.2,1020.1,1016.2,87,39,1.4,12,6.3,163,0.0
2020/01/21,1019.5,1021.8,1018.0,86,48,1.2,232,5.5,232,0.0
2020/01/22,1016.8,1019.2,1014.7,82,45,1.4,12,7.2,144,0.0
2020/01/23,1015.5,1017.5,1013.5,86,53,1.2,61,6.1,187,0.0
2020/01/24,1016.0,1017.8,1014.2,84,46,1.2,235,6.7,211,0.0
2020/01/25,1013.7,1016.5,1011.3,96,70,0.9,15,3.7,31,0.0
2020/01/26,1008.6,1011.6,1006.5,95,53,1.5,278,9.8,282,10.5
2020/01/27,1010.8,1014.5,1008.0,87,51,1.5,281,7.6,353,2.5
2020/01/28,1013.5,1015.8,1011.5,100,100,1.2,4,5.6,305,7.0
2020/01/29,1014.7,1016.8,1012.2,86,58,1.5,275,5.8,296,0.0
2020/01/30,1015.7,1018.0,1013.3,72,41,1.2,4,6.0,278,0.0
2020/01/31,1018.4,1020.3,1016.5,72,41,1.4,16,5.6,232,0.0
2020/02/01,1019.6,1021.3,1017.1,73,29,1.1,37,5.6,248,0.0
2020/02/02,1019.7,1022.5,1016.8,72,19,1.3,53,5.8,240,0.0
2020/02/03,1018.1,1020.0,1015.8,77,40,1.2,52,5.6,283,0.0
2020/02/04,1016.6,1018.2,1014.5,80,40,1.2,22,7.1,282,0.0
2020/02/05,1016.6,1018.1,1014.5,90,62,1.2,274,4.2,268,0.0
2020/02/06,1016.6,1018.3,1014.0,90,56,1.1,11,6.2,280,0.0
2020/02/07,1016.7,1018.5,1014.2,87,52,1.7,271,6.8,284,0.0
2020/02/08,1019.1,1021.6,1017.0,91,64,1.4,271,6.0,204,0.0
2020/02/09,1020.7,1022.5,1018.3,86,60,1.4,249,5.9,231,0.0
2020/02/10,1019.7,1021.5,1017.1,86,57,1.2,4,6.0,251,0.0
2020/02/11,1019.2,1021.2,1017.1,86,58,1.0,29,5.0,28,0.0
2020/02/12,1015.7,1018.5,1012.5,77,45,1.7,186,12.0,184,0.0
2020/02/13,1013.8,1015.7,1011.5,96,77,1.7,22,10.6,194,0.0
2020/02/14,1012.4,1014.5,1010.2,93,57,1.6,75,11.0,168,0.0
2020/02/15,1011.9,1014.5,1008.6,82,43,1.8,197,11.3,211,0.0
2020/02/16,1014.0,1017.7,1011.8,88,49,1.7,268,7.6,254,0.0
2020/02/17,1020.7,1023.0,1017.5,98,81,1.0,274,4.9,303,0.0
2020/02/18,1021.9,1024.1,1019.6,82,51,1.2,271,5.9,252,0.0
2020/02/19,1021.4,1023.1,1019.5,80,46,1.3,262,6.9,236,0.0
2020/02/20,1022.0,1023.8,1020.1,82,42,1.1,2,5.4,239,0.0
2020/02/21,1023.2,1025.5,1021.1,81,42,1.3,272,5.4,287,0.0
2020/02/22,1022.4,1024.1,1020.2,89,58,1.2,10,5.7,225,0.0
2020/02/23,1021.1,1023.6,1019.1,90,59,0.9,19,5.4,217,0.0
2020/02/24,1018.0,1020.3,1015.7,90,51,1.4,62,6.9,250,0.0
2020/02/25,1015.3,1017.5,1013.2,83,47,1.1,6,5.7,206,0.0
2020/02/26,1015.3,1017.2,1013.1,90,50,1.3,30,7.9,146,0.0
2020/02/27,1016.1,1017.6,1015.0,99,82,1.0,235,5.2,186,0.0
2020/02/28,1014.8,1016.7,1012.5,90,64,1.1,55,6.3,238,0.0
2020/02/29,1012.2,1014.3,1010.0,92,61,1.2,15,6.9,192,0.0
2020/03/01,1011.1,1013.0,1008.5,87,50,1.8,273,8.9,284,0.0
2020/03/02,1014.3,1016.5,1012.1,96,71,1.4,238,7.1,257,0.0
2020/03/03,1015.2,1017.6,1012.3,85,56,1.5,28,6.9,234,0.0
2020/03/04,1014.0,1016.2,1011.3,91,62,1.4,52,5.8,244,0.0
2020/03/05,1014.9,1017.0,1012.8,94,69,1.4,276,7.1,203,0.0
2020/03/06,1014.4,1016.8,1011.6,91,65,1.2,57,6.8,258,0.0
2020/03/07,1011.4,1014.3,1008.2,91,60,1.2,249,5.9,234,0.0
2020/03/08,1009.0,1011.1,1006.5,91,68,1.3,37,6.8,202,0.0
2020/03/09,1007.5,1009.2,1004.7,93,69,1.5,5,8.1,182,0.0
2020/03/10,1009.9,1013.8,1007.2,100,94,1.4,10,7.9,280,0.0
2020/03/11,1015.1,1017.0,1013.3,92,74,1.2,268,5.7,246,0.0
2020/03/12,1013.6,1016.1,1010.3,88,60,1.3,235,8.6,187,0.0
2020/03/13,1012.6,1014.5,1010.0,92,58,1.6,278,7.9,288,0.0
2020/03/14,1013.2,1016.1,1011.1,100,100,1.1,265,6.1,288,5.5
2020/03/15,1016.4,1018.5,1014.5,89,61,1.4,247,6.3,237,0.0
2020/03/16,1017.5,1019.5,1015.3,73,37,1.3,36,7.0,150,0.0
2020/03/17,1016.7,1019.0,1014.0,70,39,1.4,2,6.4,244,0.0
2020/03/18,1013.4,1015.8,1011.5,90,55,1.2,260,5.3,352,0.0
2020/03/19,1011.8,1013.8,1009.3,84,60,1.4,12,6.6,276,0.0
2020/03/20,1012.7,1014.2,1010.8,91,58,1.3,118,5.5,259,0.0
2020/03/21,1013.1,1015.6,1011.1,92,67,1.1,43,5.9,185,0.0
2020/03/22,1011.5,1013.8,1009.2,90,60,1.5,276,7.9,258,0.0
2020/03/23,1011.3,1013.1,1009.0,86,58,1.5,273,6.4,271,0.0
2020/03/24,1012.1,1013.8,1010.3,90,66,1.2,282,5.4,255,0.0
2020/03/25,1011.5,1013.2,1009.5,94,61,1.4,65,6.3,232,0.0
2020/03/26,1011.4,1013.8,1008.5,80,49,1.8,47,12.4,183,0.0
2020/03/27,1011.3,1013.0,1009.0,91,66,1.6,63,9.0,161,0.0
2020/03/28,1009.8,1012.2,1006.8,87,48,1.4,273,7.9,270,12.0
2020/03/29,1011.7,1014.0,1009.1,93,72,1.3,277,6.3,244,0.0
2020/03/30,1010.4,1012.0,1008.3,83,47,1.1,29,5.1,218,0.0
2020/03/31,1010.3,1012.5,1008.3,91,62,1.3,250,6.5,249,0.0
2020/04/01,1011.3,1014.0,1009.2,92,61,1.7,254,7.1,153,0.0
2020/04/02,1014.6,1017.6,1012.0,97,76,1.1,257,5.2,16,0.0
2020/04/03,1014.3,1016.0,1012.0,94,75,1.3,250,5.9,266,0.0
2020/04/04,1014.0,1016.2,1012.0,85,50,1.4,248,8.2,252,0.0
2020/04/05,1014.8,1016.6,1013.1,88,61,1.4,171,7.5,219,0.0
2020/04/06,1013.0,1015.5,1010.1,100,80,1.0,283,4.3,20,5.0
2020/04/07,1011.2,1012.8,1009.1,95,69,1.3,12,5.8,6,22.0
2020/04/08,1012.4,1014.6,1010.2,89,64,1.1,244,6.3,242,0.0
2020/04/09,1013.6,1015.5,1012.1,88,53,1.2,11,5.6,238,0.0
2020/04/10,1015.1,1016.8,1013.0,89,63,1.3,6,7.2,235,0.0
2020/04/11,1012.1,1015.1,1009.6,90,48,1.4,63,7.0,212,0.0
2020/04/12,1011.4,1015.0,1008.8,80,52,1.7,272,6.6,351,0.0
2020/04/13,1014.7,1017.2,1013.1,55,41,1.3,244,6.2,243,0.0
2020/04/14,1014.5,1016.2,1012.3,67,34,1.6,242,7.4,251,0.0
2020/04/15,1012.6,1014.8,1010.0,70,34,1.6,277,8.6,283,0.0
2020/04/16,1012.7,1014.1,1011.1,78,41,1.4,61,6.3,245,0.0
2020/04/17,1012.7,1014.5,1010.5,79,41,1.4,240,6.4,251,0.0
2020/04/18,1011.9,1014.0,1009.3,86,49,1.1,27,6.2,225,0.0
2020/04/19,1010.3,1012.2,1008.5,92,63,1.3,178,6.4,207,0.0
2020/04/20,1010.7,1013.0,1009.1,85,48,1.3,236,6.7,247,0.0
2020/04/21,1010.4,1012.0,1008.2,90,60,1.4,3,7.0,243,0.0
2020/04/22,1011.4,1013.6,1009.0,96,75,1.7,58,6.3,225,0.0
2020/04/23,1013.1,1013.8,1012.1,96,73,1.3,268,4.9,280,0.0
2020/04/24,1014.3,1016.0,1012.8,97,85,1.1,8,5.2,263,0.0
2020/04/25,1013.9,1015.5,1012.0,86,62,1.3,56,6.5,210,0.0
2020/04/26,1012.6,1014.5,1009.7,75,43,1.5,263,7.6,265,0.0
2020/04/27,1012.9,1014.5,1011.6,84,55,1.4,243,6.3,262,0.0
2020/04/28,1013.5,1014.7,1012.0,83,55,1.4,244,6.5,231,0.0
2020/04/29,1013.6,1015.0,1012.0,85,49,1.6,61,7.4,238,0.0
2020/04/30,1012.6,1014.3,1010.5,80,50,1.3,29,6.2,221,0.0
2020/05/01,1010.0,1012.3,1007.7,81,45,1.5,186,6.6,195,0.0
2020/05/02,1007.6,1009.7,1005.6,90,63,1.3,48,8.1,238,0.0
2020/05/03,1006.9,1008.6,1005.1,90,64,1.8,262,9.2,240,0.0
2020/05/04,1008.2,1009.5,1007.0,88,56,1.4,245,6.5,215,0.0
2020/05/05,1007.5,1008.7,1005.6,91,58,1.6,243,7.6,244,0.0
2020/05/06,1007.2,1009.0,1005.5,88,54,2.0,265,8.8,268,0.0
2020/05/07,1007.6,1009.1,1005.8,84,51,1.7,44,7.6,258,0.0
2020/05/08,1007.7,1009.2,1006.2,93,65,1.4,236,7.0,255,0.0
2020/05/09,1007.3,1008.5,1006.0,86,56,1.9,267,8.4,266,0.0
2020/05/10,1007.5,1008.7,1005.3,92,59,1.9,4,9.0,258,0.0
2020/05/11,1007.3,1009.1,1004.7,92,59,1.7,257,7.1,262,0.0
2020/05/12,1007.6,1009.5,1005.6,96,68,1.3,8,8.0,273,6.0
2020/05/13,1009.8,1011.5,1008.5,97,78,1.4,250,6.3,207,0.0
2020/05/14,1009.3,1011.1,1007.3,90,62,1.4,45,6.6,196,0.0
2020/05/15,1006.2,1008.2,1003.2,91,0,1.9,56,11.3,186,0.0
2020/05/16,1005.2,1007.3,1003.0,X,0,1.9,28,12.1,153,0.0
2020/05/17,1002.6,1004.7,999.7,X,0,1.8,149,7.9,213,8.0
2020/05/18,1003.2,1005.0,1001.3,X,0,1.8,66,8.3,236,0.5
2020/05/19,1005.1,1006.6,1002.5,X,0,1.3,271,8.1,13,3.0
2020/05/20,1006.6,1008.6,1006.2,84,60,1.2,36,9.3,180,17.5
2020/05/21,1005.5,1007.1,1004.0,91,84,1.3,84,5.4,149,83.5
2020/05/22,1003.0,1005.1,1001.2,93,83,2.0,82,20.0,257,355.5
2020/05/23,1003.6,1005.8,1001.5,89,72,1.2,199,5.9,186,31.5
2020/05/24,1006.6,1008.7,1004.5,84,66,1.3,70,6.9,213,0.5
2020/05/25,1007.9,1009.0,1006.6,77,59,1.5,28,6.3,238,0.0
2020/05/26,1007.6,1009.1,1006.0,84,70,1.6,51,8.8,260,93.0
2020/05/27,1007.7,1009.7,1006.0,89,70,1.2,155,9.0,162,121.5
2020/05/28,1008.8,1010.5,1007.1,82,59,1.3,252,8.0,21,57.5
2020/05/29,1009.3,1010.8,1007.0,80,67,1.2,93,6.9,239,0.0
2020/05/30,1010.2,1011.6,1009.0,74,57,1.5,64,7.7,296,0.5
2020/05/31,1009.7,1011.2,1007.3,72,50,1.8,261,8.1,256,0.0
2020/06/01,1009.2,1011.0,1006.7,72,52,1.7,245,8.1,255,0.0
2020/06/02,1008.3,1010.1,1006.3,73,53,1.6,248,6.9,218,0.0
2020/06/03,1007.4,1009.1,1004.8,69,48,1.8,285,8.8,277,0.0
2020/06/04,1007.0,1008.5,1005.3,64,42,1.9,275,8.3,281,0.0
2020/06/05,1007.0,1008.3,1005.3,71,52,1.4,243,8.0,216,0.0
2020/06/06,1006.4,1007.6,1005.3,76,54,1.5,4,10.7,273,16.5
2020/06/07,1006.0,1007.5,1004.5,74,48,1.9,266,13.9,300,12.5
2020/06/08,1007.1,1009.0,1005.0,77,58,1.5,226,11.8,224,10.0
2020/06/09,1008.0,1009.3,1006.8,73,55,1.0,71,4.0,172,0.0
2020/06/10,1007.9,1009.3,1006.5,73,61,1.4,65,7.8,212,0.0
2020/06/11,1006.0,1008.0,1003.6,69,50,1.2,230,5.7,227,0.0
2020/06/12,1003.6,1005.6,1000.6,67,38,1.4,71,10.4,12,0.0
2020/06/13,1005.4,1009.5,1002.5,67,47,2.6,131,11.4,172,0.0
2020/06/14,1010.0,1012.6,1008.3,70,50,2.0,178,10.9,188,0.5
2020/06/15,1010.4,1012.6,1008.6,64,48,1.6,62,7.9,266,0.0
2020/06/16,1007.8,1010.0,1005.5,69,51,1.9,265,8.8,262,0.0
2020/06/17,1006.8,1008.0,1005.2,69,50,1.8,6,9.1,271,0.0
2020/06/18,1007.0,1008.3,1005.5,65,46,1.6,264,7.9,280,0.0
2020/06/19,1007.2,1008.6,1005.5,65,48,1.7,285,7.6,266,0.0
2020/06/20,1006.6,1008.3,1004.3,68,50,1.9,268,8.4,282,0.0
2020/06/21,1004.8,1006.3,1003.0,71,53,1.5,286,9.9,17,1.0
2020/06/22,1004.9,1006.5,1003.0,68,51,1.7,273,7.5,266,0.0
2020/06/23,1005.5,1006.5,1004.5,68,50,1.5,276,8.8,266,0.0
2020/06/24,1005.2,1006.5,1003.5,71,50,1.7,75,8.0,284,0.0
2020/06/25,1006.1,1008.0,1004.1,72,54,1.5,42,10.0,74,0.5
2020/06/26,1007.6,1008.8,1006.8,72,52,1.2,60,5.5,227,0.0
2020/06/27,1007.5,1008.6,1006.3,70,51,1.5,36,9.2,166,0.0
2020/06/28,1006.4,1008.0,1004.3,69,50,1.6,46,8.4,203,0.0
2020/06/29,1005.0,1006.8,1003.2,71,51,1.9,253,8.6,172,2.0
2020/06/30,1004.8,1006.3,1003.8,81,61,1.6,113,8.5,193,23.5
2020/07/01,1004.9,1007.0,1003.5,83,66,1.5,122,7.5,106,13.5
2020/07/02,1006.4,1008.8,1005.0,79,65,1.6,83,8.1,155,0.5
2020/07/03,1008.2,1010.3,1006.8,73,58,1.6,201,9.3,161,0.0
2020/07/04,1007.7,1009.7,1005.5,73,59,1.0,60,5.6,249,0.0
2020/07/05,1005.9,1008.0,1004.6,73,58,1.3,19,6.3,238,0.0
2020/07/06,1006.6,1009.0,1004.8,72,54,1.3,261,6.7,250,0.0
2020/07/07,1008.3,1009.5,1007.0,73,54,1.5,259,7.3,228,7.0
2020/07/08,1005.9,1008.0,1004.0,71,57,1.7,241,7.2,243,0.0
2020/07/09,1004.0,1005.2,1003.0,66,50,1.7,261,8.6,287,0.0
2020/07/10,1005.7,1007.0,1003.6,64,47,1.5,70,8.1,267,0.0
2020/07/11,1006.5,1007.8,1004.5,67,50,1.9,77,7.9,294,0.0
2020/07/12,1006.0,1007.7,1003.2,66,46,1.5,14,6.7,226,0.0
2020/07/13,1005.2,1006.3,1003.5,66,41,1.4,26,7.2,196,0.0
2020/07/14,1003.9,1005.1,1002.5,72,49,1.5,6,7.8,190,0.0
2020/07/15,1004.7,1006.7,1002.0,83,70,1.3,17,5.4,25,23.0
2020/07/16,1006.0,1007.5,1004.7,79,56,1.3,52,8.3,224,4.5
2020/07/17,1007.2,1008.8,1005.8,71,47,1.7,57,7.3,342,0.0
2020/07/18,1007.0,1008.2,1005.6,68,47,1.8,256,8.2,268,0.0
2020/07/19,1007.1,1009.0,1005.7,69,54,1.5,93,6.9,247,0.0
2020/07/20,1008.4,1010.0,1007.1,76,51,1.1,10,8.1,154,45.5
2020/07/21,1008.8,1010.0,1006.8,68,43,1.4,8,6.6,35,0.0
2020/07/22,1007.9,1009.3,1006.0,72,52,1.3,22,6.7,202,0.0
2020/07/23,1007.2,1008.0,1005.8,75,48,1.4,23,7.3,245,24.0
2020/07/24,1006.3,1008.0,1004.2,76,53,1.5,153,7.1,240,5.5
2020/07/25,1005.7,1007.0,1003.5,76,56,1.3,115,8.7,57,4.5
2020/07/26,1005.5,1006.5,1003.7,78,61,1.1,60,6.9,228,2.5
2020/07/27,1005.5,1007.0,1004.0,75,59,1.2,96,7.1,206,0.0
2020/07/28,1006.6,1008.0,1004.5,80,56,1.2,67,7.1,184,18.5
2020/07/29,1005.9,1007.8,1003.7,78,50,1.1,13,6.7,203,0.5
2020/07/30,1004.9,1007.7,1002.8,80,61,1.0,65,4.8,92,1.5
2020/07/31,1005.0,1007.3,1003.7,81,62,1.1,17,5.4,71,2.5
2020/08/01,1005.9,1007.3,1003.7,73,51,1.2,19,8.3,32,0.5
2020/08/02,1005.5,1006.8,1004.0,82,62,1.3,28,7.5,125,9.0
2020/08/03,1004.2,1006.1,1003.0,90,80,1.6,49,9.3,245,56.0
2020/08/04,1006.4,1008.5,1004.0,91,71,1.4,77,13.5,179,106.5
2020/08/05,1007.8,1010.5,1006.0,73,51,1.3,54,8.0,15,0.0
2020/08/06,1008.4,1010.3,1006.5,76,56,1.4,31,7.8,251,0.0
2020/08/07,1006.2,1008.5,1004.5,73,53,1.4,9,7.0,251,0.0
2020/08/08,1003.2,1006.0,1000.5,73,46,1.2,41,8.2,165,0.0
2020/08/09,1001.8,1003.8,999.7,75,55,1.7,276,9.2,263,0.0
2020/08/10,1003.2,1004.8,1001.7,72,47,2.1,154,11.5,164,3.0
2020/08/11,1008.1,1011.7,1003.7,77,62,2.7,153,13.1,155,22.0
2020/08/12,1010.3,1012.7,1007.8,67,44,1.6,21,12.4,176,0.0
2020/08/13,1009.9,1011.8,1008.5,82,51,1.2,22,7.2,253,54.5
2020/08/14,1008.0,1010.0,1005.6,81,54,1.0,341,8.2,162,53.5
2020/08/15,1007.3,1009.1,1006.0,82,56,0.9,38,8.4,58,12.5
2020/08/16,1007.0,1008.5,1005.3,79,53,1.1,47,5.9,233,10.0
2020/08/17,1006.1,1008.5,1004.8,82,64,0.9,34,7.3,137,1.5
2020/08/18,1005.6,1007.1,1003.8,79,54,1.6,254,9.0,14,0.5
2020/08/19,1006.3,1007.7,1005.0,80,53,1.1,42,7.5,223,4.0
2020/08/20,1006.6,1008.5,1004.5,74,57,1.4,253,7.1,269,0.0
2020/08/21,1005.8,1007.2,1004.3,82,61,1.0,20,6.0,150,12.5
2020/08/22,1004.0,1005.5,1002.8,91,80,1.3,70,9.4,293,144.0
2020/08/23,1004.8,1006.2,1003.1,83,59,1.4,275,7.0,265,9.5
2020/08/24,1003.3,1005.6,1001.1,84,67,1.7,80,8.3,178,18.0
2020/08/25,1002.5,1004.0,1001.1,84,64,1.5,3,7.9,276,20.0
2020/08/26,1003.1,1004.8,1001.7,93,88,1.6,41,6.7,277,153.5
2020/08/27,1002.5,1004.1,1000.3,90,72,2.2,79,13.8,171,107.0
2020/08/28,1003.1,1004.5,1002.0,85,72,1.4,82,9.8,154,26.5
2020/08/29,1002.7,1004.1,1001.0,78,60,1.3,55,6.8,244,0.0
2020/08/30,1002.7,1004.0,1001.0,83,53,1.2,14,10.1,206,61.0
2020/08/31,1001.7,1003.3,999.0,81,59,1.2,61,10.1,22,0.5
2020/09/01,1001.0,1004.1,999.0,75,52,1.6,3,12.2,1,0.0
2020/09/02,1004.4,1006.5,1003.1,81,64,1.6,62,8.0,235,9.0
2020/09/03,1006.8,1009.2,1005.0,82,65,1.7,57,11.8,53,47.5
2020/09/04,1006.9,1008.7,1005.0,77,55,1.4,22,6.8,225,0.0
2020/09/05,1003.7,1006.6,1001.3,76,53,1.3,138,7.0,276,1.5
2020/09/06,1002.1,1005.0,1000.0,65,34,1.2,272,8.2,345,0.0
2020/09/07,1006.6,1009.6,1004.5,68,36,1.3,65,6.9,227,0.0
2020/09/08,1009.6,1011.3,1008.2,70,49,1.3,22,6.7,230,0.0
2020/09/09,1007.9,1010.2,1005.5,69,50,1.4,249,7.6,237,0.0
2020/09/10,1005.5,1007.0,1003.5,74,57,1.3,239,6.5,182,0.0
2020/09/11,1006.9,1008.8,1005.3,73,59,1.0,60,6.6,217,0.0
2020/09/12,1009.0,1010.5,1007.2,78,56,1.0,42,5.3,166,1.5
2020/09/13,1009.1,1010.5,1007.0,75,52,1.2,76,6.7,241,0.0
2020/09/14,1008.1,1009.7,1005.7,76,56,1.2,5,6.8,231,0.0
2020/09/15,1007.6,1009.2,1005.5,75,56,1.2,30,6.8,16,3.5
2020/09/16,1006.9,1008.3,1005.6,74,48,1.3,65,7.8,195,0.0
2020/09/17,1006.4,1008.8,1004.6,71,47,1.2,40,7.1,242,0.0
2020/09/18,1009.6,1012.5,1007.5,73,49,1.2,58,8.3,150,0.0
2020/09/19,1010.8,1012.1,1008.5,79,50,1.3,61,7.9,48,55.0
2020/09/20,1009.0,1011.3,1006.5,83,57,1.3,5,14.9,19,78.0
2020/09/21,1007.8,1009.3,1006.0,76,60,1.3,158,7.0,196,0.0
2020/09/22,1007.2,1008.5,1005.5,76,56,1.2,40,7.7,199,0.0
2020/09/23,1007.7,1009.0,1006.2,75,51,1.3,73,5.4,221,0.0
2020/09/24,1007.3,1008.7,1005.7,76,62,1.0,62,6.2,167,0.0
2020/09/25,1006.4,1007.8,1004.7,81,63,1.4,61,8.8,220,4.0
2020/09/26,1006.8,1008.6,1005.1,78,62,1.3,78,6.8,277,0.0
2020/09/27,1007.9,1009.7,1005.7,73,56,1.2,17,7.2,156,0.0
2020/09/28,1007.6,1009.3,1005.1,72,55,1.2,303,6.9,204,0.0
2020/09/29,1005.6,1008.3,1003.3,75,60,1.3,59,7.0,205,0.0
2020/09/30,1004.9,1006.2,1003.3,71,56,1.3,237,6.9,184,0.0
2020/10/01,1006.5,1008.5,1004.8,76,65,1.1,235,6.1,227,0.0
2020/10/02,1008.2,1010.1,1006.3,73,49,1.5,38,7.7,229,0.0
2020/10/03,1008.2,1009.8,1005.2,70,44,1.2,39,6.3,202,0.0
2020/10/04,1007.0,1009.2,1004.5,73,52,1.3,243,6.2,167,0.0
2020/10/05,1007.7,1009.5,1006.0,73,52,1.2,248,5.8,247,0.0
2020/10/06,1009.1,1010.5,1007.8,72,56,1.2,62,6.8,198,0.0
2020/10/07,1009.8,1011.6,1008.0,73,56,0.9,65,4.4,187,0.0
2020/10/08,1010.2,1011.8,1008.5,71,51,0.9,94,4.0,231,0.0
2020/10/09,1009.9,1011.3,1008.2,74,53,1.1,79,6.3,184,1.5
2020/10/10,1008.2,1010.1,1006.5,74,51,1.1,29,5.6,164,0.0
2020/10/11,1006.7,1008.3,1004.1,75,52,1.2,255,7.4,186,0.0
2020/10/12,1006.9,1008.8,1005.0,75,54,1.2,258,6.5,242,0.0
2020/10/13,1009.3,1011.5,1007.5,74,55,1.1,65,6.7,237,0.0
2020/10/14,1010.9,1012.2,1009.2,76,53,1.1,250,6.5,204,0.5
2020/10/15,1010.5,1012.2,1008.2,73,56,1.3,78,6.9,239,0.0
2020/10/16,1010.6,1012.1,1008.8,73,52,1.1,257,6.4,240,0.0
2020/10/17,1011.1,1012.5,1009.3,80,60,1.1,31,5.9,237,13.0
2020/10/18,1011.7,1013.3,1010.2,82,64,1.1,2,5.1,230,0.0
2020/10/19,1010.9,1012.3,1008.7,77,63,1.1,226,4.5,198,0.0
2020/10/20,1008.9,1011.5,1006.8,75,55,1.1,50,5.3,260,0.0
2020/10/21,1005.5,1007.7,1003.5,83,59,1.0,81,5.1,169,3.0
2020/10/22,1004.6,1007.6,1002.2,81,61,1.1,274,4.4,28,3.0
2020/10/23,1007.7,1010.1,1005.3,88,76,0.9,263,3.4,353,3.0
2020/10/24,1010.7,1012.3,1008.5,78,52,1.1,32,6.7,165,0.0
2020/10/25,1011.6,1013.5,1009.6,82,63,0.9,167,5.2,249,7.5
2020/10/26,1009.8,1012.0,1007.2,78,61,1.0,68,4.7,188,0.0
2020/10/27,1009.6,1011.8,1007.0,75,52,1.2,239,6.4,209,0.0
2020/10/28,1012.2,1013.7,1010.5,77,61,1.1,70,6.5,216,0.0
2020/10/29,1013.5,1015.1,1011.5,78,57,1.1,95,6.6,193,0.5
2020/10/30,1013.6,1014.7,1012.0,80,69,0.9,252,5.6,131,0.0
2020/10/31,1013.0,1015.0,1011.1,75,54,1.1,50,5.1,256,0.0
2020/11/01,1011.6,1013.3,1009.5,69,47,1.4,60,5.8,197,0.0
2020/11/02,1010.2,1011.5,1007.6,70,46,1.1,60,5.5,251,0.0
2020/11/03,1011.5,1013.0,1009.3,71,54,1.2,7,6.5,253,0.0
2020/11/04,1013.0,1014.5,1011.2,70,50,1.1,74,6.5,231,0.0
2020/11/05,1012.9,1015.1,1011.0,70,49,1.2,30,6.9,251,0.0
2020/11/06,1008.8,1012.5,1004.6,85,65,1.3,1,6.4,354,12.5
2020/11/07,1011.2,1013.2,1009.0,85,67,1.4,37,7.4,164,10.0
2020/11/08,1012.6,1015.0,1010.7,85,70,1.3,267,5.1,292,0.0
2020/11/09,1013.0,1015.0,1011.6,82,63,0.9,249,4.4,299,0.0
2020/11/10,1014.8,1016.1,1013.3,81,59,1.0,268,5.6,193,0.0
2020/11/11,1015.4,1017.0,1014.2,78,58,1.0,232,6.1,192,0.0
2020/11/12,1013.7,1015.5,1012.1,77,61,0.9,22,5.3,237,0.0
2020/11/13,1012.3,1013.6,1011.0,81,67,0.7,79,3.7,36,1.0
2020/11/14,1013.9,1015.8,1011.7,84,72,0.9,46,3.1,278,1.0
2020/11/15,1015.4,1016.8,1014.3,82,69,0.9,14,4.3,227,0.0
2020/11/16,1013.9,1015.7,1011.7,79,58,1.1,57,5.7,214,0.0
2020/11/17,1012.4,1013.8,1011.0,79,59,0.9,270,6.4,232,0.0
2020/11/18,1010.7,1012.6,1008.5,79,54,1.0,46,5.2,269,0.0
2020/11/19,1009.9,1011.6,1008.0,77,56,1.1,94,5.4,255,0.0
2020/11/20,1010.5,1012.0,1008.7,76,55,1.1,16,5.2,244,0.0
2020/11/21,1012.1,1014.0,1010.5,81,69,0.9,133,4.1,207,0.0
2020/11/22,1014.4,1016.1,1012.8,78,63,1.0,251,6.2,259,0.0
2020/11/23,1015.6,1017.0,1014.1,79,66,1.0,12,6.4,209,0.0
2020/11/24,1015.9,1017.7,1014.0,77,62,1.1,26,5.9,188,0.0
2020/11/25,1015.2,1017.0,1013.1,77,56,1.0,15,5.8,179,0.0
2020/11/26,1015.5,1017.5,1013.5,77,51,0.9,6,5.6,221,0.0
2020/11/27,1016.1,1018.0,1014.0,73,52,1.2,38,6.7,230,0.0
2020/11/28,1016.5,1018.3,1014.6,76,62,1.0,272,4.6,187,0.0
2020/11/29,1016.8,1018.5,1015.0,76,60,1.1,52,5.9,175,0.0
2020/11/30,1017.1,1018.5,1015.1,78,61,0.6,13,4.6,181,0.0
2020/12/01,1015.9,1018.1,1013.8,78,56,1.0,60,5.6,247,0.0
2020/12/02,1013.9,1015.8,1011.5,74,50,1.4,151,5.9,127,0.0
2020/12/03,1013.4,1015.1,1011.3,79,66,0.9,279,4.5,147,0.5
2020/12/04,1013.2,1015.0,1011.0,73,60,0.8,276,5.8,166,0.0
2020/12/05,1014.0,1015.7,1012.1,72,55,1.0,10,5.0,159,0.0
2020/12/06,1013.7,1015.2,1012.0,78,60,0.9,69,4.6,182,0.0
2020/12/07,1013.9,1015.9,1011.7,76,57,1.0,278,5.1,182,0.0
2020/12/08,1013.3,1015.7,1011.1,79,64,0.9,264,5.7,14,0.0
2020/12/09,1012.5,1014.2,1010.5,88,73,0.7,57,3.3,277,1.0
2020/12/10,1011.7,1013.4,1009.4,83,63,1.1,272,5.1,251,0.0
2020/12/11,1010.9,1013.1,1008.5,83,65,0.9,262,4.9,279,0.0
2020/12/12,1010.8,1012.6,1008.8,82,69,1.2,246,7.0,255,0.0
2020/12/13,1011.4,1013.4,1009.1,79,56,1.2,9,6.0,213,0.0
2020/12/14,1013.7,1015.7,1011.7,75,56,1.1,273,5.4,188,0.0
2020/12/15,1016.4,1018.2,1014.4,76,58,1.1,241,5.4,176,0.0
2020/12/16,1016.8,1018.9,1015.2,75,62,1.0,276,4.1,360,0.0
2020/12/17,1016.0,1017.8,1013.9,75,56,1.1,316,5.3,227,0.0
2020/12/18,1015.7,1016.9,1012.8,73,48,1.0,273,6.0,146,0.0
2020/12/19,1016.3,1017.8,1014.1,79,61,1.3,268,4.8,241,0.0
2020/12/20,1017.2,1019.5,1015.1,74,59,1.1,285,4.5,197,0.0
2020/12/21,1016.3,1018.2,1015.1,85,75,0.7,10,3.5,41,0.5
2020/12/22,1014.5,1016.6,1012.7,85,70,1.0,25,4.1,199,0.0
2020/12/23,1011.9,1014.6,1009.4,82,63,1.2,16,5.2,347,0.5
2020/12/24,1010.6,1012.7,1008.4,79,62,1.4,275,6.3,176,0.0
2020/12/25,1014.1,1016.1,1011.9,79,65,1.2,233,4.5,174,0.0
2020/12/26,1014.1,1016.7,1011.1,69,37,1.0,5,6.0,179,0.0
2020/12/27,1011.9,1013.8,1009.8,70,55,1.2,21,5.1,276,0.0
2020/12/28,1010.4,1011.9,1008.5,77,58,1.2,251,6.8,197,0.0
2020/12/29,1009.6,1011.3,1007.1,71,47,1.2,2,6.8,340,0.0
2020/12/30,1015.1,1019.4,1010.4,76,62,1.2,268,5.3,306,0.0
2020/12/31,1020.5,1022.2,1018.5,64,53,1.0,266,4.2,275,0.0
2021/01/01,1019.9,1022.1,1017.2,66,45,1.0,14,7.3,243,0.0
2021/01/02,1018.2,1019.7,1015.3,69,44,1.1,10,6.1,263,0.0
2021/01/03,1017.8,1020.0,1014.9,66,35,1.2,3,4.7,285,0.0
2021/01/04,1016.1,1018.2,1013.4,70,38,1.3,18,4.9,268,0.0
2021/01/05,1014.7,1017.0,1011.8,72,40,1.3,276,6.3,275,0.0
2021/01/06,1014.5,1016.7,1011.6,74,65,0.7,268,3.3,286,0.0
2021/01/07,1014.9,1016.9,1013.2,83,76,1.1,265,4.1,11,0.0
2021/01/08,1018.1,1019.7,1016.5,77,68,1.3,271,5.1,271,0.0
2021/01/09,1018.9,1020.9,1016.5,69,58,0.8,287,3.5,31,0.0
2021/01/10,1018.5,1020.2,1015.7,65,43,1.1,58,6.0,201,0.0
2021/01/11,1018.1,1020.6,1015.6,71,48,1.1,16,5.4,355,0.0
2021/01/12,1017.3,1019.2,1015.3,73,56,1.1,19,4.9,24,0.0
2021/01/13,1015.4,1017.1,1012.7,69,40,1.1,3,6.0,197,0.0
2021/01/14,1014.6,1016.3,1012.2,67,34,1.0,45,6.4,204,0.0
2021/01/15,1013.0,1014.9,1009.5,64,31,0.9,33,5.5,249,0.0
2021/01/16,1013.2,1015.2,1011.1,69,42,1.3,1,5.8,232,0.0
2021/01/17,1017.2,1019.7,1014.9,73,53,1.2,265,6.0,198,0.0
2021/01/18,1018.1,1019.8,1015.5,71,54,1.2,13,6.1,277,0.0
2021/01/19,1016.3,1017.7,1014.3,69,47,1.1,57,5.2,293,0.0
2021/01/20,1014.8,1016.6,1012.5,70,42,1.3,9,5.1,154,0.0
2021/01/21,1011.9,1014.2,1009.2,69,45,0.9,3,3.9,202,0.0
2021/01/22,1008.1,1010.2,1006.0,84,68,1.0,12,8.4,61,0.0
2021/01/23,1009.7,1012.7,1007.3,82,65,1.1,264,5.6,266,0.0
2021/01/24,1013.5,1014.8,1011.9,82,60,1.2,55,6.9,238,0.0
2021/01/25,1014.1,1016.3,1011.7,78,53,1.4,4,5.9,222,0.0
2021/01/26,1013.4,1015.4,1011.0,74,53,1.1,21,5.5,248,0.0
2021/01/27,1013.6,1015.6,1011.3,78,54,1.0,34,5.5,212,0.0
2021/01/28,1015.5,1017.7,1013.0,71,38,1.6,270,6.3,283,0.0
2021/01/29,1017.8,1019.4,1016.2,67,43,1.1,274,6.0,257,0.0
2021/01/30,1019.4,1021.1,1017.5,71,48,1.2,16,6.9,242,0.0
2021/01/31,1019.0,1021.4,1016.7,73,42,1.1,30,6.9,219,0.0
2021/02/01,1016.6,1019.1,1013.4,57,22,1.1,58,5.9,249,0.0
2021/02/02,1016.4,1018.3,1014.2,61,30,1.2,65,6.3,184,0.0
2021/02/03,1018.3,1020.2,1016.0,74,50,1.0,239,5.6,242,0.0
2021/02/04,1018.1,1020.7,1016.0,73,49,1.0,96,5.9,244,0.0
2021/02/05,1016.6,1019.0,1014.5,75,51,1.1,239,5.2,214,0.0
2021/02/06,1014.9,1017.5,1012.5,70,37,1.1,89,5.8,249,0.0
2021/02/07,1014.6,1016.5,1011.8,66,35,1.2,76,5.8,156,0.0
2021/02/08,1015.5,1016.9,1013.8,73,50,1.2,81,6.3,232,0.0
2021/02/09,1015.1,1017.4,1013.1,74,56,1.2,11,5.7,244,0.0
2021/02/10,1010.7,1014.2,1008.0,76,60,1.2,260,5.4,247,0.0
2021/02/11,1007.0,1009.3,1003.5,79,47,2.0,283,10.9,13,21.0
2021/02/12,1010.4,1012.4,1008.6,79,58,1.6,269,6.1,283,0.0
2021/02/13,1012.2,1013.7,1010.7,79,60,1.1,11,4.7,203,0.0
2021/02/14,1011.2,1013.2,1008.4,80,48,1.4,270,7.9,263,0.0
2021/02/15,1012.0,1013.3,1010.8,81,63,1.4,251,5.7,244,0.0
2021/02/16,1012.8,1014.6,1010.3,69,44,1.2,280,7.1,239,0.0
2021/02/17,1014.9,1018.2,1012.9,69,55,1.3,271,5.9,150,0.0
2021/02/18,1019.8,1021.6,1017.8,67,56,1.2,263,6.6,190,0.0
2021/02/19,1019.8,1021.9,1017.7,70,43,1.3,69,6.9,238,0.0
2021/02/20,1017.4,1019.7,1015.2,66,40,1.2,250,7.1,242,0.0
2021/02/21,1015.3,1017.9,1013.0,61,35,1.1,4,6.3,273,0.0
2021/02/22,1013.2,1015.3,1010.8,64,43,1.3,261,6.7,241,0.0
2021/02/23,1011.7,1013.3,1009.8,78,50,0.8,261,5.8,185,9.0
2021/02/24,1010.4,1012.4,1008.2,82,67,1.0,267,5.8,246,0.0
2021/02/25,1007.8,1010.1,1005.1,75,58,1.5,265,6.3,265,0.0
2021/02/26,1006.7,1008.7,1004.2,73,51,1.3,266,7.4,279,0.0
2021/02/27,1010.1,1012.8,1007.9,77,57,1.3,143,6.8,148,0.0
2021/02/28,1012.5,1014.3,1011.0,77,59,1.1,41,7.1,227,0.0
2021/03/01,1013.2,1015.1,1011.3,73,53,1.1,263,6.0,198,0.0
2021/03/02,1014.0,1016.9,1011.9,73,59,1.6,330,6.8,235,0.0
2021/03/03,1016.6,1018.1,1014.6,73,62,1.1,59,6.1,257,0.0
2021/03/04,1015.4,1017.4,1013.6,72,51,1.2,266,6.7,218,0.0
2021/03/05,1013.5,1015.4,1011.2,76,60,1.1,13,5.2,252,0.0
2021/03/06,1013.5,1015.2,1011.5,76,61,1.4,271,6.9,249,0.0
2021/03/07,1014.3,1016.2,1012.4,76,63,1.3,38,5.9,239,0.0
2021/03/08,1015.8,1017.6,1013.3,74,59,1.4,274,7.3,250,0.0
2021/03/09,1016.0,1017.8,1013.6,75,57,1.0,251,5.8,189,0.0
2021/03/10,1016.7,1018.2,1014.5,78,58,1.1,31,6.4,202,0.0
2021/03/11,1017.1,1018.7,1014.1,75,55,1.1,41,7.0,213,0.0
2021/03/12,1015.4,1017.4,1012.9,70,48,1.3,45,7.3,242,0.0
2021/03/13,1014.7,1016.6,1012.6,75,62,1.3,51,7.1,220,0.0
2021/03/14,1013.1,1014.8,1011.1,76,57,1.1,45,7.1,207,0.0
2021/03/15,1011.8,1013.8,1009.1,71,45,1.2,17,6.3,169,0.0
2021/03/16,1010.6,1012.1,1008.6,69,50,1.2,67,6.7,262,0.0
2021/03/17,1010.1,1011.3,1008.0,67,44,1.0,11,6.3,194,0.0
2021/03/18,1010.1,1011.9,1008.3,70,54,1.2,218,6.7,224,0.0
2021/03/19,1009.5,1011.9,1007.1,70,56,1.1,233,6.0,190,0.0
2021/03/20,1008.3,1009.9,1006.2,70,56,1.2,273,6.3,226,0.0
2021/03/21,1011.1,1015.3,1008.1,70,51,1.6,259,6.6,167,0.0
2021/03/22,1017.5,1019.4,1014.7,70,62,1.1,271,4.4,306,0.0
2021/03/23,1016.6,1018.8,1013.6,73,56,0.9,3,6.5,243,0.0
2021/03/24,1012.7,1015.5,1010.1,75,63,1.2,8,7.8,9,0.0
2021/03/25,1013.0,1015.1,1011.0,73,49,1.2,250,6.2,160,0.0
2021/03/26,1012.1,1014.5,1009.8,71,50,1.3,21,5.7,171,0.0
2021/03/27,1009.8,1011.8,1006.3,74,53,1.0,19,6.7,230,0.0
2021/03/28,1006.6,1008.4,1003.4,72,55,1.5,17,8.5,277,0.0
2021/03/29,1005.8,1007.7,1003.3,73,54,1.4,20,6.4,234,0.0
2021/03/30,1004.6,1006.3,1002.6,74,53,1.4,268,7.8,276,0.0
2021/03/31,1005.1,1006.5,1003.2,75,57,1.4,277,5.8,200,0.0
2021/04/01,1005.7,1007.9,1004.2,75,55,1.1,32,6.6,204,0.0
2021/04/02,1007.2,1009.4,1005.5,71,47,1.5,61,6.4,271,0.0
2021/04/03,1008.6,1009.8,1006.7,73,53,1.1,219,6.8,199,0.0
2021/04/04,1009.9,1011.8,1008.4,72,50,1.1,1,6.2,184,0.0
2021/04/05,1013.2,1014.6,1011.3,76,60,1.5,253,5.5,247,0.0
2021/04/06,1014.0,1015.8,1012.4,79,69,1.0,132,3.9,247,0.0
2021/04/07,1012.5,1015.0,1010.8,77,67,1.0,47,5.1,267,0.0
2021/04/08,1010.8,1012.6,1008.7,76,54,1.3,24,6.4,190,0.5
2021/04/09,1012.6,1014.4,1010.4,77,62,1.2,13,5.0,259,0.0
2021/04/10,1014.8,1016.4,1012.9,71,56,1.1,31,6.9,275,0.0
2021/04/11,1015.3,1017.0,1013.5,71,55,1.2,234,6.3,239,0.0
2021/04/12,1013.4,1015.8,1010.7,71,50,1.2,49,6.6,243,0.0
2021/04/13,1011.1,1013.0,1009.4,74,47,1.4,262,7.4,224,0.0
2021/04/14,1010.3,1011.9,1008.4,74,64,1.3,157,6.5,193,0.0
2021/04/15,1009.5,1011.1,1006.9,71,51,1.5,97,8.2,154,0.0
2021/04/16,1010.2,1011.6,1008.6,74,56,0.9,38,6.1,241,0.0
2021/04/17,1011.1,1012.3,1009.1,70,52,1.4,259,7.0,167,0.0
2021/04/18,1010.7,1011.9,1008.1,66,40,1.6,255,8.0,246,0.0
2021/04/19,1009.8,1011.0,1008.4,76,62,1.3,259,6.0,188,0.0
2021/04/20,1009.1,1010.5,1007.2,71,48,1.1,245,8.1,157,0.0
2021/04/21,1007.8,1009.9,1005.6,69,54,1.4,83,6.7,247,0.0
2021/04/22,1004.9,1006.8,1002.5,71,54,1.1,250,6.4,244,0.0
2021/04/23,1003.9,1005.9,1001.1,71,46,1.6,2,8.3,279,0.0
2021/04/24,1007.2,1008.9,1005.2,73,57,1.7,151,8.3,227,0.0
2021/04/25,1009.3,1011.2,1006.6,83,61,1.0,28,7.6,251,6.0
2021/04/26,1011.2,1013.5,1009.6,84,66,1.1,263,5.1,284,0.0
2021/04/27,1012.8,1014.3,1011.4,83,51,1.0,19,6.4,164,3.0
2021/04/28,1012.2,1014.1,1010.2,79,52,1.2,263,5.4,271,0.0
2021/04/29,1009.7,1011.3,1008.0,84,73,1.1,23,5.9,354,11.5
2021/04/30,1009.5,1011.0,1008.1,76,54,1.2,228,6.5,239,0.0
2021/05/01,1010.1,1011.8,1008.6,71,43,1.0,35,5.9,209,0.0
2021/05/02,1011.4,1012.9,1009.9,68,45,1.3,32,6.6,226,0.0
2021/05/03,1011.0,1012.9,1008.9,75,55,1.0,259,5.3,255,0.0
2021/05/04,1009.1,1010.9,1006.7,72,53,1.6,45,11.0,150,0.0
2021/05/05,1010.2,1012.1,1008.4,73,57,1.4,79,6.4,232,0.0
2021/05/06,1011.8,1013.2,1010.2,71,56,1.3,200,6.4,231,0.0
2021/05/07,1010.3,1012.5,1007.5,71,51,1.3,22,7.2,179,0.0
2021/05/08,1007.6,1009.2,1005.3,72,54,1.4,65,7.4,243,0.0
2021/05/09,1007.0,1008.9,1004.1,70,53,1.6,33,7.9,216,0.0
2021/05/10,1007.1,1009.1,1005.0,72,57,1.3,43,5.6,207,0.0
2021/05/11,1007.0,1008.8,1005.0,69,50,1.4,66,6.8,244,0.0
2021/05/12,1006.6,1008.3,1003.9,65,39,1.7,266,7.9,251,0.0
2021/05/13,1007.2,1008.6,1005.5,71,51,1.4,228,7.8,213,0.0
2021/05/14,1007.0,1008.4,1004.8,63,38,1.4,24,9.7,198,0.0
2021/05/15,1007.0,1008.5,1005.3,62,46,2.0,57,11.4,158,0.0
2021/05/16,1007.6,1009.2,1005.6,72,50,1.2,45,8.0,155,0.0
2021/05/17,1008.0,1009.7,1006.2,74,61,1.5,152,7.0,226,0.0
2021/05/18,1007.9,1009.7,1005.5,72,56,1.5,175,8.6,162,0.0
2021/05/19,1006.5,1008.1,1004.3,71,56,1.8,27,12.2,176,0.0
2021/05/20,1007.0,1008.3,1005.4,66,53,1.7,115,6.4,189,0.0
2021/05/21,1006.6,1008.2,1004.0,68,48,1.8,252,9.9,229,0.0
2021/05/22,1005.4,1007.1,1003.2,66,50,1.8,254,9.1,224,0.0
2021/05/23,1006.2,1007.9,1004.9,72,55,1.4,98,8.2,248,0.0
2021/05/24,1007.4,1008.8,1005.4,68,52,1.6,251,7.5,218,0.0
2021/05/25,1007.8,1009.4,1005.9,74,53,1.3,125,7.7,240,3.5
2021/05/26,1007.4,1008.9,1005.3,73,59,1.7,48,7.2,175,0.0
2021/05/27,1007.0,1008.5,1004.9,67,47,2.0,267,9.0,278,0.0
2021/05/28,1007.0,1009.0,1005.0,70,49,2.1,263,9.8,262,0.0
2021/05/29,1005.4,1006.3,1003.7,70,52,1.6,9,8.9,233,0.0
2021/05/30,1003.6,1005.2,1002.1,84,71,1.3,53,6.9,17,38.0
2021/05/31,1003.2,1005.5,1001.8,83,60,1.0,109,6.4,274,5.0
2021/06/01,1005.0,1006.4,1003.8,80,63,1.3,4,6.6,211,5.0
2021/06/02,1005.8,1007.3,1003.8,72,54,1.3,220,8.6,160,0.0
2021/06/03,1003.9,1006.4,1001.4,66,50,1.7,185,9.7,163,0.0
2021/06/04,1001.8,1004.4,998.1,76,57,1.8,15,9.8,188,5.5
2021/06/05,1002.7,1005.2,1000.7,88,70,1.2,17,10.5,194,61.0
2021/06/06,1004.2,1006.9,1001.1,91,79,1.9,26,8.5,213,214.0
2021/06/07,1007.1,1009.4,1005.3,81,63,0.9,47,10.7,255,1.0
2021/06/08,1006.8,1008.4,1003.9,72,47,1.5,25,7.8,192,0.0
2021/06/09,1005.9,1007.3,1003.9,77,58,1.3,19,8.2,86,0.0
2021/06/10,1004.3,1006.5,1001.6,74,52,1.1,21,7.6,85,0.0
2021/06/11,1005.1,1008.4,1003.6,73,49,1.3,16,8.1,266,0.0
2021/06/12,1007.7,1009.8,1005.8,76,55,1.4,13,9.8,176,4.5
2021/06/13,1007.5,1009.5,1004.8,76,58,1.2,215,7.0,184,0.0
2021/06/14,1004.6,1007.1,1002.4,71,51,1.9,265,9.1,256,0.0
2021/06/15,1003.3,1004.5,1001.9,81,65,1.3,47,6.9,272,22.0
2021/06/16,1005.6,1007.3,1002.8,86,72,1.6,3,7.7,15,114.0
2021/06/17,1006.6,1007.4,1005.6,80,63,1.2,7,8.1,31,7.5
2021/06/18,1005.1,1007.0,1003.2,77,60,1.7,9,9.0,266,12.0
2021/06/19,1003.5,1004.9,1002.0,87,72,1.6,5,8.1,15,70.5
2021/06/20,1001.8,1003.5,1000.4,90,77,1.5,35,7.2,14,177.0
2021/06/21,1002.0,1003.7,1000.2,89,73,1.3,7,11.1,263,89.0
2021/06/22,1003.9,1005.2,1001.1,89,73,1.2,23,8.6,282,62.5
2021/06/23,1005.1,1007.6,1003.0,84,58,1.2,46,9.0,232,23.0
2021/06/24,1005.8,1007.8,1003.2,87,63,1.3,31,9.1,258,17.0
2021/06/25,1005.3,1007.2,1003.4,85,62,1.5,78,9.7,242,106.5
2021/06/26,1006.6,1008.6,1005.1,84,59,1.4,4,7.3,223,28.5
2021/06/27,1006.0,1008.2,1004.4,89,68,1.0,51,7.5,223,26.5
2021/06/28,1005.1,1006.4,1003.6,91,79,1.3,26,13.2,245,56.5
2021/06/29,1005.4,1006.2,1004.6,89,64,1.3,33,7.7,328,34.0
2021/06/30,1005.9,1007.2,1004.4,79,55,1.6,261,7.3,225,0.0
2021/07/01,1005.7,1007.5,1003.8,71,54,1.9,263,8.3,260,0.0
2021/07/02,1005.9,1007.4,1004.1,74,61,1.8,261,7.5,250,0.0
2021/07/03,1005.6,1007.5,1004.4,74,58,1.4,107,6.6,241,0.0
2021/07/04,1005.5,1007.3,1003.9,74,52,1.4,279,7.1,270,6.5
2021/07/05,1004.7,1006.4,1003.0,82,57,1.2,237,7.4,275,14.0
2021/07/06,1004.8,1009.0,1000.7,79,63,2.2,94,9.6,193,15.5
2021/07/07,1008.8,1010.7,1007.6,74,54,2.0,164,10.7,186,0.0
2021/07/08,1009.4,1010.4,1007.8,75,52,1.5,253,7.3,253,0.0
2021/07/09,1008.1,1009.7,1006.6,73,53,1.5,61,7.1,150,0.0
2021/07/10,1008.1,1010.2,1006.4,68,52,1.4,2,6.6,237,0.0
2021/07/11,1009.1,1010.4,1007.2,71,51,1.4,42,7.6,61,0.0
2021/07/12,1008.3,1010.0,1005.9,71,53,1.2,3,6.9,205,0.0
2021/07/13,1006.6,1008.1,1004.6,73,56,1.5,66,7.3,352,0.0
2021/07/14,1006.2,1007.5,1004.1,74,51,1.4,51,10.7,217,2.0
2021/07/15,1006.7,1007.9,1005.3,83,60,1.0,149,7.3,213,14.0
2021/07/16,1006.1,1007.5,1004.8,79,55,1.2,29,6.0,204,0.0
2021/07/17,1003.2,1005.4,1001.5,78,53,1.1,65,7.7,251,25.5
2021/07/18,1001.6,1003.0,999.6,74,51,1.2,27,6.0,218,0.0
2021/07/19,1001.9,1003.5,1000.0,80,57,1.0,269,5.6,313,42.0
2021/07/20,1002.1,1003.3,1001.3,88,67,1.1,272,7.2,264,39.5
2021/07/21,998.5,1001.8,995.9,81,66,1.4,239,6.3,256,1.5
2021/07/22,992.5,995.9,990.0,76,63,1.8,4,11.2,352,0.0
2021/07/23,990.8,992.4,988.7,79,65,2.2,314,12.9,352,5.0
2021/07/24,993.8,996.6,991.3,77,60,2.0,321,10.5,281,2.0
2021/07/25,996.7,998.6,995.3,88,69,1.4,58,7.5,37,60.5
2021/07/26,996.4,998.3,994.6,85,67,1.6,52,8.4,256,13.5
2021/07/27,994.7,996.1,992.4,80,56,1.6,37,6.5,192,31.0
2021/07/28,996.7,998.9,994.3,84,73,1.3,26,6.0,155,6.0
2021/07/29,999.8,1001.9,997.7,86,63,1.3,50,6.8,242,73.5
2021/07/30,1001.5,1003.1,999.8,92,82,1.4,76,8.6,276,116.0
2021/07/31,1000.5,1002.4,998.5,93,86,1.3,87,7.9,286,128.5
2021/08/01,997.6,999.6,995.8,91,80,1.8,99,13.3,360,190.5
2021/08/02,997.0,998.2,995.8,94,89,1.2,60,8.1,73,193.0
2021/08/03,997.7,999.9,995.7,89,73,1.4,65,6.8,212,104.0
2021/08/04,998.2,999.8,996.7,86,73,2.6,126,12.3,199,30.5
2021/08/05,998.0,999.7,996.1,90,76,2.7,120,13.1,135,126.5
2021/08/06,997.7,998.9,996.3,89,82,2.7,177,14.1,150,91.0
2021/08/07,999.5,1002.5,995.4,93,88,3.2,230,18.1,245,221.0
,1004.2,--,--,94,--,1.3,88,--,--,176.5
2021/08/09,1005.6,1006.8,1003.3,85,64,1.4,61,9.7,167,11.0
2021/08/10,1006.0,1007.9,1004.3,83,64,1.4,224,11.1,172,0.0
2021/08/11,1007.6,1009.0,1006.1,82,64,1.3,44,7.1,200,20.0
2021/08/12,1008.1,1009.8,1005.8,83,63,1.3,18,7.1,224,29.5
2021/08/13,1006.3,1007.7,1005.0,87,72,1.4,98,9.6,197,14.5
2021/08/14,1006.8,1009.8,1004.8,89,77,1.5,50,7.5,258,10.5
2021/08/15,1009.3,1011.5,1007.5,81,62,1.2,267,5.1,265,6.5
2021/08/16,1010.7,1011.9,1009.3,79,61,1.3,44,7.0,276,0.0
2021/08/17,1008.6,1010.7,1006.0,77,57,1.4,103,7.1,168,0.0
2021/08/18,1006.5,1008.1,1004.1,76,62,1.3,95,7.1,192,0.0
2021/08/19,1006.7,1008.1,1005.1,77,55,1.2,230,7.9,189,0.0
2021/08/20,1007.6,1009.0,1005.9,75,55,1.4,229,7.1,232,0.0
2021/08/21,1006.8,1008.1,1005.5,77,56,1.4,74,8.5,273,0.0
2021/08/22,1005.7,1006.9,1003.7,72,51,1.3,30,7.6,219,0.0
2021/08/23,1006.0,1007.6,1004.9,73,54,1.4,51,6.3,183,0.0
2021/08/24,1006.6,1008.8,1005.2,72,57,1.3,64,7.9,177,0.0
2021/08/25,1008.0,1010.4,1006.5,77,59,1.2,58,8.1,178,1.5
2021/08/26,1009.4,1011.1,1007.6,78,51,1.5,36,7.5,275,6.0
2021/08/27,1009.4,1010.3,1007.7,74,51,1.1,82,6.5,233,0.0
2021/08/28,1008.6,1010.2,1006.8,72,55,1.3,23,7.1,263,0.0
2021/08/29,1008.5,1009.9,1006.8,70,47,1.4,249,7.3,239,0.0
2021/08/30,1008.7,1011.9,1007.1,83,74,1.2,12,6.6,5,6.0
2021/08/31,1008.7,1010.2,1006.9,78,61,1.1,72,5.2,7,0.0
2021/09/01,1008.0,1009.6,1006.1,80,57,1.3,31,6.4,203,1.0
2021/09/02,1007.1,1009.0,1005.0,84,59,0.9,103,7.0,199,42.5
2021/09/03,1005.8,1007.4,1003.7,84,56,1.0,7,14.6,78,49.0
2021/09/04,1006.7,1008.4,1004.9,83,52,1.1,58,7.3,281,81.0
2021/09/05,1007.7,1010.8,1005.5,81,59,1.4,40,5.4,289,1.0
2021/09/06,1008.3,1010.4,1006.6,78,54,1.2,43,5.8,249,1.0
2021/09/07,1008.1,1009.7,1006.1,76,58,1.1,225,6.7,237,0.0
2021/09/08,1006.7,1008.5,1005.2,77,62,1.2,92,6.6,226,0.0
2021/09/09,1006.6,1007.8,1005.3,75,55,1.1,261,6.1,230,0.0
2021/09/10,1004.7,1007.0,1002.4,74,51,1.0,4,6.0,149,0.0
2021/09/11,997.6,1002.4,993.7,86,74,0.9,51,3.9,32,7.5
2021/09/12,996.9,1003.3,992.4,84,71,2.2,268,13.3,281,11.0
2021/09/13,1005.8,1009.1,1002.2,85,65,0.9,66,7.2,5,4.5
2021/09/14,1009.3,1010.8,1007.5,84,68,1.5,257,8.0,240,15.5
2021/09/15,1008.5,1010.4,1006.1,81,59,1.4,46,6.8,244,9.0
2021/09/16,1006.9,1008.8,1004.4,80,59,1.3,40,7.0,174,0.0
2021/09/17,1007.4,1009.1,1006.1,75,56,1.2,57,7.0,168,0.0
2021/09/18,1009.1,1010.7,1007.9,79,55,1.3,123,7.1,47,3.5
2021/09/19,1009.3,1010.4,1007.9,78,60,1.1,67,6.1,249,0.0
2021/09/20,1008.2,1010.1,1006.0,74,50,1.0,26,6.6,171,0.0
2021/09/21,1007.4,1008.9,1005.1,80,55,1.0,19,13.1,66,38.0
2021/09/22,1008.9,1011.7,1007.1,77,56,1.0,40,7.1,224,0.0
2021/09/23,1011.4,1013.2,1010.0,78,61,1.3,47,6.0,284,0.0
2021/09/24,1011.2,1012.9,1009.1,81,57,1.2,16,7.4,57,67.0
2021/09/25,1009.6,1011.0,1007.9,75,49,1.1,46,5.9,180,0.0
2021/09/26,1008.4,1009.7,1006.6,75,55,1.0,52,5.9,269,0.0
2021/09/27,1007.0,1008.3,1004.9,77,57,1.2,63,7.8,89,8.0
2021/09/28,1005.7,1007.1,1003.9,74,54,1.2,39,6.4,276,0.0
2021/09/29,1004.7,1006.2,1002.4,75,54,1.3,52,6.5,243,0.0
2021/09/30,1005.4,1007.8,1003.2,75,53,1.4,248,7.5,136,0.0
2021/10/01,1007.0,1009.0,1004.7,79,56,1.5,91,9.2,86,4.5
2021/10/02,1008.9,1010.3,1007.3,81,57,1.0,69,10.4,266,2.0
2021/10/03,1009.8,1011.1,1008.0,74,44,1.3,42,6.1,271,0.0
2021/10/04,1009.6,1011.3,1008.2,76,57,1.4,257,6.9,191,0.0
2021/10/05,1007.8,1009.7,1005.7,75,56,1.2,21,5.7,250,0.0
2021/10/06,1005.7,1008.1,1003.2,74,53,1.1,191,5.0,175,0.0
2021/10/07,1005.2,1006.8,1003.4,82,62,1.1,13,6.2,272,21.5
2021/10/08,1005.7,1007.4,1004.2,80,58,1.2,9,5.9,292,0.0
2021/10/09,1006.0,1008.1,1004.2,77,57,1.1,25,6.5,241,0.5
2021/10/10,1004.0,1006.3,1001.8,76,50,1.3,70,6.0,239,0.0
2021/10/11,995.8,1002.0,991.9,84,72,1.1,108,7.5,100,5.0
2021/10/12,996.7,1002.6,992.3,88,63,1.3,26,9.4,138,40.5
2021/10/13,1005.3,1007.8,1001.8,91,79,0.9,34,4.7,37,33.5
2021/10/14,1007.6,1009.7,1005.9,89,73,0.8,84,4.0,20,25.0
2021/10/15,1007.2,1008.9,1005.5,83,58,1.3,32,7.4,232,24.5
2021/10/16,1009.8,1012.4,1007.6,78,56,1.0,75,5.2,232,0.5
2021/10/17,1012.4,1013.7,1010.9,76,56,1.1,76,6.0,140,0.0
2021/10/18,1013.7,1015.4,1011.7,76,54,1.1,245,6.0,271,0.0
2021/10/19,1014.3,1016.1,1012.3,74,54,1.3,243,6.6,262,0.0
2021/10/20,1013.0,1014.8,1011.2,76,57,1.4,240,7.0,231,0.0
2021/10/21,1010.6,1012.1,1008.4,71,47,1.6,60,9.8,274,0.0
2021/10/22,1013.0,1014.8,1011.3,78,62,1.1,275,5.9,161,0.0
2021/10/23,1014.3,1015.6,1013.1,76,58,0.7,41,3.6,271,0.0
2021/10/24,1013.2,1014.8,1010.6,76,57,1.0,17,6.8,169,0.0
2021/10/25,1011.6,1013.1,1009.9,79,58,1.0,43,5.4,174,0.0
2021/10/26,1011.9,1013.6,1010.2,78,55,1.2,82,6.8,252,0.0
2021/10/27,1013.2,1014.6,1011.7,78,59,1.1,84,6.5,211,0.0
2021/10/28,1014.1,1015.5,1012.2,77,53,1.4,253,7.7,252,0.0
2021/10/29,1014.6,1016.5,1012.6,76,51,1.2,41,7.0,253,0.0
2021/10/30,1015.3,1016.6,1013.8,74,56,1.1,90,7.5,253,0.0
2021/10/31,1015.0,1016.2,1013.1,75,56,1.1,22,5.0,209,0.0
2021/11/01,1014.8,1016.6,1013.1,77,52,1.0,15,6.5,171,0.0
2021/11/02,1014.1,1016.0,1012.1,79,57,0.9,227,6.3,195,0.0
2021/11/03,1013.1,1014.6,1011.3,76,55,1.1,13,6.8,243,0.0
2021/11/04,1012.0,1013.5,1010.1,78,56,1.2,64,6.7,153,0.5
2021/11/05,1009.9,1012.6,1007.2,79,53,0.9,47,6.1,145,0.0
2021/11/06,1007.2,1008.3,1004.8,70,48,1.1,58,6.3,226,0.0
2021/11/07,1008.9,1010.5,1007.5,77,62,1.1,236,5.6,248,0.0
2021/11/08,1010.8,1013.0,1008.5,71,53,1.3,277,6.5,275,0.0
2021/11/09,1013.9,1016.0,1012.3,75,63,1.2,274,4.9,156,0.0
2021/11/10,1013.8,1015.2,1011.6,67,45,1.2,283,5.2,230,0.0
2021/11/11,1013.8,1015.9,1011.2,66,54,1.0,257,5.0,239,0.0
2021/11/12,1014.5,1017.0,1013.0,67,53,0.9,20,5.0,268,0.0
2021/11/13,1013.6,1015.7,1010.9,70,53,1.4,314,6.1,281,0.0
2021/11/14,1013.5,1015.5,1011.0,75,60,1.1,11,5.5,215,0.0
2021/11/15,1013.1,1014.9,1010.8,72,51,1.0,38,7.5,164,0.0
2021/11/16,1013.4,1015.0,1010.8,70,45,1.1,71,7.0,268,0.0
2021/11/17,1013.1,1015.0,1011.6,75,58,1.1,11,5.7,280,0.0
2021/11/18,1009.4,1012.3,1006.0,73,45,1.4,2,6.1,348,0.0
2021/11/19,1007.9,1009.3,1005.6,76,58,1.1,173,5.4,242,0.0
2021/11/20,1009.6,1011.3,1008.0,77,59,0.7,67,4.1,242,0.0
2021/11/21,1010.4,1011.9,1008.5,74,53,1.1,33,5.6,285,0.0
2021/11/22,1011.1,1014.2,1008.9,73,53,1.3,272,6.4,289,0.0
2021/11/23,1015.2,1017.2,1013.1,72,61,1.1,20,4.4,264,0.0
2021/11/24,1015.6,1017.1,1013.8,72,58,1.0,265,5.0,248,0.0
2021/11/25,1013.9,1015.5,1012.2,75,57,0.8,1,4.2,350,1.5
2021/11/26,1013.6,1015.5,1011.4,79,53,0.8,277,4.9,137,1.0
2021/11/27,1014.7,1016.0,1013.3,80,64,0.9,20,4.9,221,0.0
2021/11/28,1015.0,1017.0,1013.0,84,73,0.8,44,5.1,334,1.5
2021/11/29,1012.5,1014.3,1010.8,81,60,0.8,31,4.9,246,0.0
2021/11/30,1011.7,1013.8,1008.8,75,58,1.0,291,5.9,286,0.0
2021/12/01,1014.8,1016.6,1012.8,72,56,1.2,258,5.6,189,0.0
2021/12/02,1015.9,1017.4,1013.2,70,49,1.1,60,5.2,242,0.0
2021/12/03,1016.4,1018.4,1014.0,69,49,1.3,14,6.2,248,0.0
2021/12/04,1017.6,1019.0,1015.4,69,37,0.9,28,6.0,227,0.0
2021/12/05,1016.6,1018.7,1014.1,63,39,1.1,11,6.5,283,0.0
2021/12/06,1014.7,1016.0,1012.7,73,40,1.0,13,4.9,181,0.0
2021/12/07,1016.2,1017.9,1014.7,77,56,1.0,17,5.6,246,0.0
2021/12/08,1018.2,1019.9,1016.3,73,45,1.0,60,6.2,158,0.0
2021/12/09,1017.9,1019.8,1016.0,71,48,1.1,31,5.1,243,0.0
2021/12/10,1016.8,1018.3,1015.2,77,55,1.1,92,5.2,201,0.0
2021/12/11,1017.1,1019.6,1014.4,69,40,1.1,1,5.7,1,0.0
2021/12/12,1016.5,1018.4,1013.9,72,43,1.0,261,5.9,138,0.0
2021/12/13,1015.9,1017.9,1013.9,77,58,1.1,271,4.9,255,0.0
2021/12/14,1015.0,1017.2,1012.8,79,57,0.8,5,4.3,293,0.0
2021/12/15,1013.9,1016.0,1010.8,77,52,1.1,15,5.1,241,0.0
2021/12/16,1013.4,1015.2,1010.5,76,48,1.0,23,5.7,283,0.0
2021/12/17,1013.9,1016.4,1011.5,77,51,1.1,9,5.3,165,0.0
2021/12/18,1017.6,1019.1,1015.6,71,58,0.8,255,3.7,255,0.0
2021/12/19,1017.7,1019.6,1016.0,71,53,1.1,244,6.1,226,0.0
2021/12/20,1016.2,1018.0,1013.9,85,73,0.6,32,4.5,345,1.0
2021/12/21,1011.5,1014.3,1008.9,87,73,1.1,65,4.9,147,0.0
2021/12/22,1010.6,1012.7,1009.2,84,69,1.1,274,5.5,147,0.0
2021/12/23,1012.3,1013.8,1010.5,79,63,1.0,2,4.8,162,0.0
2021/12/24,1012.5,1014.7,1010.3,77,51,1.5,342,7.5,332,0.0
2021/12/25,1016.3,1019.1,1014.0,83,73,1.2,274,4.1,309,0.0
2021/12/26,1020.2,1022.2,1018.4,83,70,1.0,259,4.5,218,0.0
2021/12/27,1021.8,1023.7,1019.7,81,67,0.9,273,4.0,274,0.0
2021/12/28,1020.4,1022.3,1017.8,78,54,1.0,88,5.2,231,0.0
2021/12/29,1019.4,1021.1,1017.2,73,48,1.2,11,6.0,250,0.0
2021/12/30,1019.8,1021.4,1017.6,75,55,1.1,278,5.4,188,0.0
2021/12/31,1020.8,1022.3,1018.3,72,54,0.9,269,5.1,170,0.0
2022/01/01,1020.1,1021.9,1017.6,71,42,0.9,172,5.1,244,0.0
2022/01/02,1018.5,1020.3,1016.4,73,49,0.8,4,5.8,222,0.0
2022/01/03,1017.2,1019.1,1014.8,73,45,1.0,13,5.7,259,0.0
2022/01/04,1016.3,1018.8,1013.9,74,53,1.0,145,4.4,306,0.0
2022/01/05,1013.9,1015.7,1011.4,72,51,1.0,273,5.0,201,0.0
2022/01/06,1014.1,1016.3,1011.9,79,65,1.2,10,4.9,205,0.0
2022/01/07,1015.2,1017.0,1012.9,76,55,1.0,264,4.5,170,0.0
2022/01/08,1013.8,1015.7,1011.8,76,62,1.1,230,5.7,232,0.0
2022/01/09,1011.9,1013.7,1009.2,73,51,1.1,258,5.0,178,0.0
2022/01/10,1011.2,1013.4,1008.5,75,53,1.2,276,6.0,274,0.0
2022/01/11,1012.9,1015.9,1010.2,75,64,1.4,269,5.8,2,0.0
2022/01/12,1015.5,1017.5,1013.6,66,52,1.1,52,4.6,268,0.0
2022/01/13,1015.2,1017.3,1012.1,68,30,1.2,7,8.6,276,0.0
2022/01/14,1015.9,1017.9,1013.8,71,50,1.3,213,5.0,231,0.0
2022/01/15,1015.6,1017.9,1013.0,69,46,1.1,1,5.5,182,0.0
2022/01/16,1015.2,1017.1,1012.5,72,44,1.0,7,5.2,161,0.0
2022/01/17,1014.2,1015.9,1012.3,80,62,1.0,330,3.8,195,0.0
2022/01/18,1013.5,1015.0,1011.5,83,73,1.2,267,5.2,14,0.0
2022/01/19,1012.0,1013.8,1009.8,81,57,0.9,285,4.4,171,0.0
2022/01/20,1011.9,1013.8,1010.2,81,62,0.9,70,5.6,210,0.0
2022/01/21,1012.2,1014.3,1010.8,80,63,1.0,26,4.6,231,0.0
2022/01/22,1009.4,1012.1,1005.9,92,85,1.1,4,6.4,269,37.5
2022/01/23,1007.7,1008.9,1005.8,86,65,1.4,267,5.9,274,0.0
2022/01/24,1008.8,1010.6,1007.4,82,65,1.1,275,5.2,151,0.0
2022/01/25,1011.1,1012.8,1009.1,81,56,0.9,25,6.0,202,0.0
2022/01/26,1012.2,1013.8,1010.3,82,62,0.9,255,5.0,226,0.0
2022/01/27,1011.9,1013.6,1009.7,81,61,1.1,245,5.3,251,0.0
2022/01/28,1010.9,1012.4,1008.8,88,75,0.9,274,3.9,344,21.0
2022/01/29,1007.7,1011.1,1005.2,95,91,1.0,275,5.6,282,34.0
2022/01/30,1010.5,1014.4,1006.8,86,72,1.3,290,7.6,286,0.0
2022/01/31,1014.1,1015.6,1012.3,81,57,1.1,15,5.0,279,0.0
2022/02/01,1013.6,1015.4,1011.2,72,49,1.1,14,5.6,63,0.0
2022/02/02,1013.3,1014.9,1011.3,78,57,1.2,21,6.4,288,0.0
2022/02/03,1011.8,1012.9,1009.9,82,62,1.1,278,5.8,266,0.0
2022/02/04,1013.6,1015.9,1011.9,82,66,1.4,272,5.3,194,0.0
2022/02/05,1017.0,1018.6,1015.3,77,60,1.0,264,4.8,246,0.0
2022/02/06,1016.6,1018.8,1014.2,73,50,1.3,5,5.6,196,0.0
2022/02/07,1012.4,1015.6,1009.0,79,56,1.1,5,5.8,4,12.0
2022/02/08,1012.6,1014.1,1010.3,82,68,1.3,246,6.0,224,0.5
2022/02/09,1013.5,1016.2,1010.2,75,50,1.1,287,7.6,162,0.0
2022/02/10,1012.6,1014.9,1010.0,79,55,1.0,14,4.4,347,0.0
2022/02/11,1012.1,1014.9,1009.8,81,58,1.3,21,5.2,286,0.0
2022/02/12,1010.0,1012.6,1007.6,77,51,1.2,268,5.2,155,0.0
2022/02/13,1008.4,1009.9,1005.7,76,60,1.1,271,6.7,238,0.0
2022/02/14,1010.2,1012.7,1008.1,82,72,1.0,281,4.8,299,0.5
2022/02/15,1012.1,1014.7,1010.1,77,60,0.9,273,5.5,271,0.0
2022/02/16,1010.7,1013.1,1008.1,74,49,1.2,271,6.4,216,0.0
2022/02/17,1009.7,1011.3,1008.2,77,58,1.2,273,5.6,353,0.0
2022/02/18,1009.8,1012.6,1007.8,80,59,1.1,260,6.3,263,2.0
2022/02/19,1009.9,1011.9,1007.4,84,66,1.2,287,5.3,288,0.0
2022/02/20,1013.5,1016.7,1010.5,89,83,1.3,271,5.1,273,0.0
2022/02/21,1015.8,1017.3,1014.1,87,70,1.1,262,4.2,340,0.0
2022/02/22,1014.9,1016.7,1013.0,83,69,1.0,25,3.4,30,0.0
2022/02/23,1015.5,1018.0,1013.5,91,77,1.1,272,8.5,284,18.5
2022/02/24,1018.2,1019.9,1016.8,87,72,0.9,271,3.9,18,0.0
2022/02/25,1017.9,1020.5,1015.1,79,56,1.1,287,5.8,147,0.0
2022/02/26,1016.0,1018.7,1013.5,76,51,1.0,256,6.2,231,0.0
2022/02/27,1014.6,1016.8,1012.1,75,54,1.1,20,6.0,255,0.0
2022/02/28,1013.9,1016.7,1011.6,71,44,1.3,53,5.8,240,0.0
2022/03/01,1012.7,1015.0,1010.2,76,50,1.2,28,6.4,258,0.0
2022/03/02,1012.2,1013.9,1010.3,74,48,1.2,6,8.5,179,0.0
2022/03/03,1011.9,1014.4,1009.6,77,56,1.0,18,7.1,157,0.0
2022/03/04,1009.7,1012.4,1006.7,69,47,1.3,280,7.5,303,0.0
2022/03/05,1008.8,1010.6,1006.6,72,52,1.3,276,6.8,238,0.0
2022/03/06,1010.3,1012.7,1008.1,74,59,1.4,249,7.6,260,0.0
2022/03/07,1010.0,1012.1,1007.6,79,68,1.7,15,10.3,3,0.0
2022/03/08,1011.9,1013.5,1009.1,71,54,1.4,259,6.5,196,0.0
2022/03/09,1012.4,1014.0,1010.2,56,39,1.3,298,7.1,182,0.0
2022/03/10,1011.6,1013.9,1009.3,60,36,1.3,5,7.6,14,0.0
2022/03/11,1009.4,1011.4,1007.0,64,40,1.3,42,7.6,181,0.0
2022/03/12,1009.2,1010.5,1007.5,67,46,1.3,72,7.1,238,0.0
2022/03/13,1008.8,1010.8,1005.9,67,42,1.3,33,6.4,208,0.0
2022/03/14,1007.6,1010.0,1005.5,68,40,1.4,27,6.7,245,0.0
2022/03/15,1006.4,1008.0,1004.4,71,44,1.3,57,7.0,255,0.0
2022/03/16,1007.5,1008.9,1005.3,77,62,1.3,233,5.7,197,0.0
2022/03/17,1005.1,1007.9,1002.7,76,53,1.2,215,6.0,22,4.0
2022/03/18,1003.5,1005.3,1001.7,79,57,1.7,276,7.7,271,0.5
2022/03/19,1006.3,1008.4,1004.7,77,58,1.2,19,5.4,267,0.0
2022/03/20,1009.0,1010.9,1007.4,78,57,1.1,20,6.3,198,0.0
2022/03/21,1009.6,1011.7,1007.7,85,73,1.0,14,4.8,44,5.0
2022/03/22,1008.5,1010.1,1006.4,78,53,1.6,11,8.3,264,0.0
2022/03/23,1009.0,1010.8,1007.2,90,81,1.3,8,5.6,5,16.0
2022/03/24,1010.6,1012.7,1009.1,87,77,0.9,1,5.3,3,1.5
2022/03/25,1008.1,1010.2,1005.4,74,49,2.0,161,12.6,161,0.0
2022/03/26,1008.4,1010.0,1006.4,67,45,1.7,48,7.5,263,0.0
2022/03/27,1008.5,1011.0,1006.8,74,62,1.3,248,6.8,221,0.0
2022/03/28,1011.3,1014.3,1008.9,77,65,1.2,270,6.4,285,0.0
2022/03/29,1011.8,1013.5,1009.4,77,59,1.2,22,5.4,215,0.0
2022/03/30,1011.5,1013.0,1009.3,77,58,1.0,28,6.5,277,0.0
2022/03/31,1011.6,1013.9,1009.2,76,56,1.2,261,6.5,249,0.0
2022/04/01,1013.5,1015.2,1011.8,79,73,1.4,278,5.8,234,0.0
2022/04/02,1014.9,1016.0,1013.8,84,74,1.0,9,5.0,21,0.0
2022/04/03,1015.2,1016.6,1013.6,87,69,1.1,19,4.3,273,0.0
2022/04/04,1016.1,1017.4,1014.6,77,53,1.4,14,6.9,267,0.0
2022/04/05,1014.7,1016.9,1012.1,75,55,1.4,23,7.1,174,0.0
2022/04/06,1012.3,1014.0,1010.2,67,47,1.3,238,6.3,214,0.0
2022/04/07,1010.7,1012.2,1008.9,69,53,1.1,78,6.2,253,0.0
2022/04/08,1009.5,1010.9,1007.6,72,53,1.1,54,6.5,224,0.0
2022/04/09,1008.5,1010.1,1006.6,74,54,1.2,37,7.1,224,0.0
2022/04/10,1007.9,1009.3,1005.8,71,47,1.3,54,6.1,246,0.0
2022/04/11,1006.6,1008.5,1004.5,74,59,1.3,30,6.8,224,0.0
2022/04/12,1004.8,1006.9,1002.7,72,54,1.4,44,6.3,252,0.0
2022/04/13,1003.0,1004.6,1000.8,74,57,1.3,247,7.1,252,0.0
2022/04/14,1003.1,1005.3,1000.6,72,51,2.0,273,9.7,274,0.0
2022/04/15,1006.4,1008.7,1004.5,74,63,1.5,246,6.4,202,0.0
2022/04/16,1008.2,1010.1,1006.7,70,56,1.4,247,6.3,236,0.0
2022/04/17,1010.6,1012.1,1009.0,72,59,1.1,62,7.2,221,0.0
2022/04/18,1011.2,1012.6,1009.7,73,57,1.3,17,7.3,271,0.0
2022/04/19,1011.3,1012.6,1009.9,78,67,1.1,15,4.3,277,0.0
2022/04/20,1010.1,1012.1,1008.3,76,59,1.3,32,6.9,281,0.0
2022/04/21,1009.0,1010.1,1007.3,74,54,1.2,223,6.3,190,0.0
2022/04/22,1008.3,1010.3,1006.1,73,54,1.3,61,8.6,216,0.0
2022/04/23,1007.2,1009.1,1005.5,78,56,1.4,180,7.9,234,0.0
2022/04/24,1006.1,1007.5,1003.8,77,60,1.3,55,6.2,214,0.0
2022/04/25,1005.2,1007.2,1002.6,71,46,2.2,26,13.6,150,0.0
2022/04/26,1005.4,1007.1,1003.8,75,62,1.5,82,8.7,180,0.0
2022/04/27,1006.4,1008.3,1004.6,73,56,1.4,56,7.2,241,0.0
2022/04/28,1007.4,1008.7,1005.1,74,58,1.4,68,10.2,194,2.5
2022/04/29,1006.9,1009.0,1004.4,73,56,1.6,242,6.4,241,0.0
2022/04/30,1007.6,1009.1,1005.3,73,58,1.4,276,5.9,206,0.0
2022/05/01,1006.9,1008.8,1005.4,75,63,1.4,274,6.3,199,0.0
2022/05/02,1008.3,1010.3,1006.3,91,75,1.1,274,5.0,22,17.0
2022/05/03,1009.8,1010.9,1008.5,86,68,1.1,3,5.7,268,4.0
2022/05/04,1008.3,1010.2,1006.8,81,56,1.2,14,5.8,217,0.0
2022/05/05,1006.6,1007.9,1004.9,79,55,1.2,49,6.4,239,0.0
2022/05/06,1007.1,1008.6,1005.9,79,65,1.1,231,6.4,220,0.0
2022/05/07,1008.0,1009.6,1006.4,74,54,1.3,55,6.4,175,0.0
2022/05/08,1008.2,1009.3,1006.9,79,68,1.3,248,6.2,240,0.0
2022/05/09,1007.6,1009.3,1005.7,74,56,1.0,14,4.5,188,0.0
2022/05/10,1006.0,1007.5,1003.7,71,52,1.3,243,9.8,207,0.0
2022/05/11,1005.3,1007.8,1004.1,80,65,0.9,5,11.2,4,62.0
2022/05/12,1004.7,1005.7,1003.7,76,60,0.9,89,7.2,227,0.0
2022/05/13,1003.9,1005.4,1002.5,74,57,1.2,57,6.4,273,0.0
2022/05/14,1006.0,1007.5,1003.4,85,70,1.0,109,14.2,258,29.0
2022/05/15,1006.1,1007.7,1004.2,92,80,1.1,68,7.8,150,39.0
2022/05/16,1006.1,1008.2,1004.1,91,84,1.2,266,4.6,280,3.5
2022/05/17,1007.9,1009.7,1006.3,83,67,0.8,26,4.1,35,0.0
2022/05/18,1008.7,1010.0,1007.5,77,61,1.0,34,6.6,232,0.0
2022/05/19,1007.0,1008.8,1005.0,81,59,1.4,125,10.2,133,0.0
2022/05/20,1003.0,1006.1,1000.6,81,61,1.6,263,7.1,235,4.5
2022/05/21,1003.7,1005.2,1002.4,79,66,1.6,55,7.7,220,0.0
2022/05/22,1003.7,1005.0,1001.8,81,63,1.5,34,6.5,250,8.5
2022/05/23,1004.5,1006.7,1003.1,80,60,1.0,129,6.9,215,0.0
2022/05/24,1006.6,1007.9,1005.6,82,64,1.3,178,8.4,154,29.0
2022/05/25,1005.3,1007.0,1003.5,89,72,1.1,135,6.7,183,91.0
2022/05/26,1003.0,1005.0,1000.9,85,67,1.1,192,10.8,207,33.0
2022/05/27,1003.3,1005.4,1001.7,86,70,1.3,61,6.7,137,21.0
2022/05/28,1004.2,1005.5,1002.6,76,53,1.3,59,7.5,252,0.0
2022/05/29,1004.0,1005.1,1002.2,73,59,1.6,61,7.2,235,0.0
2022/05/30,1003.8,1005.6,1001.5,71,55,1.6,253,9.8,253,0.0
2022/05/31,1005.1,1006.6,1002.8,74,59,1.6,147,6.3,145,0.0
2022/06/01,1004.5,1005.9,1002.4,73,53,1.4,25,6.5,244,0.0
2022/06/02,1003.5,1005.5,1001.7,74,55,1.8,265,7.9,256,0.5
2022/06/03,1004.2,1005.6,1002.4,73,57,1.3,25,8.3,218,0.0
2022/06/04,1005.1,1006.6,1003.9,87,70,1.1,107,10.9,244,23.0
2022/06/05,1003.4,1004.8,1001.8,78,61,1.4,259,7.1,285,1.0
2022/06/06,1002.0,1003.3,1000.4,75,59,1.8,265,7.6,28,4.5
2022/06/07,1003.4,1005.7,1001.3,89,71,1.2,16,6.7,275,48.0
2022/06/08,1004.8,1006.5,1003.7,86,65,1.2,26,6.9,173,11.0
2022/06/09,1005.0,1006.1,1003.3,82,65,1.1,180,5.9,178,2.0
2022/06/10,1004.4,1006.4,1002.8,74,59,1.0,56,4.9,214,0.0
2022/06/11,1005.5,1007.4,1004.2,73,55,1.0,63,6.2,319,0.0
2022/06/12,1005.6,1007.2,1004.3,71,48,1.4,242,5.7,244,0.0
2022/06/13,1004.3,1005.7,1002.6,71,57,1.6,64,7.0,262,0.0
2022/06/14,1005.2,1007.4,1003.8,71,57,1.5,1,7.4,246,0.0
2022/06/15,1006.5,1008.4,1005.3,71,53,1.3,24,9.4,239,0.0
2022/06/16,1006.5,1007.9,1004.6,71,44,1.2,258,6.9,228,0.0
2022/06/17,1005.5,1006.6,1004.0,71,54,1.6,75,7.0,244,0.0
2022/06/18,1005.1,1006.2,1004.0,71,54,1.2,72,6.8,239,0.0
2022/06/19,1004.6,1005.8,1003.5,71,52,1.3,70,6.8,248,0.0
2022/06/20,1003.0,1004.3,1001.5,69,51,1.7,257,7.5,251,0.0
2022/06/21,1003.8,1006.5,1001.7,70,51,1.2,31,8.0,247,0.0
2022/06/22,1006.8,1009.0,1004.8,71,54,1.2,218,6.9,221,0.0
2022/06/23,1007.0,1008.7,1004.3,67,51,1.5,198,9.9,196,0.0
2022/06/24,1005.0,1006.9,1002.3,69,50,1.7,107,13.1,163,0.0
2022/06/25,1004.9,1007.2,1002.6,73,55,1.7,78,12.5,210,0.0
2022/06/26,1006.3,1007.9,1004.3,72,50,1.4,32,7.9,240,0.0
2022/06/27,1004.9,1006.5,1003.1,75,51,1.1,53,6.9,214,0.0
2022/06/28,1001.9,1004.1,999.6,74,54,1.4,51,7.7,35,0.0
2022/06/29,1000.6,1001.9,999.2,78,50,1.3,177,11.6,158,0.0
2022/06/30,1000.6,1002.4,998.4,75,54,1.4,269,9.1,231,0.5
