date,Dashe_StnPres,Dashe_StnPresMax,Dashe_StnPresMin,Dashe_RH,Dashe_RHMin,Dashe_WS,Dashe_WD,Dashe_WSGust,Dashe_WDGust,Dashe_Precp
2018/01/01,1015.1,1017.2,1012.2,75,50,1.0,326,4.2,279,0.0
2018/01/02,1014.8,1016.8,1012.3,79,53,0.9,274,5.1,309,0.0
2018/01/03,1014.9,1017.0,1012.1,83,53,0.9,28,4.9,300,0.0
2018/01/04,1013.2,1015.2,1011.4,87,61,1.1,11,6.3,360,9.0
2018/01/05,1011.3,1013.2,1009.1,92,77,1.1,328,5.2,353,6.5
2018/01/06,1011.3,1012.8,1009.6,95,85,0.9,324,4.2,345,7.5
2018/01/07,1010.4,1012.1,1008.4,86,68,1.1,356,5.0,303,0.0
2018/01/08,1009.9,1012.2,1007.7,82,66,1.4,3,8.2,351,0.0
2018/01/09,1015.7,1018.8,1011.9,91,72,1.4,330,9.4,352,0.5
2018/01/10,1019.1,1021.6,1016.5,78,60,1.2,343,5.4,4,2.5
2018/01/11,1020.2,1022.1,1017.8,63,50,1.1,348,4.3,345,0.0
2018/01/12,1021.3,1023.1,1018.5,62,39,1.1,344,5.0,9,0.0
2018/01/13,1020.9,1023.3,1018.1,66,37,1.0,332,4.5,292,0.0
2018/01/14,1017.8,1020.8,1014.8,69,31,1.0,5,5.1,334,0.0
2018/01/15,1013.9,1016.8,1011.1,76,31,1.1,299,4.2,300,0.0
2018/01/16,1010.2,1012.7,1007.6,66,26,1.1,13,5.5,326,0.0
2018/01/17,1009.6,1011.0,1008.4,77,54,0.7,6,3.6,238,0.0
2018/01/18,1011.6,1013.3,1009.6,83,62,1.0,8,4.3,271,0.0
2018/01/19,1012.6,1014.4,1010.5,84,62,1.0,310,4.6,233,0.0
2018/01/20,1011.8,1013.7,1009.8,84,65,1.0,292,4.9,313,0.0
2018/01/21,1010.4,1012.8,1008.2,85,63,1.1,336,4.1,345,0.0
2018/01/22,1008.6,1010.7,1005.5,79,45,1.2,344,6.8,2,0.0
2018/01/23,1010.5,1011.9,1008.3,78,58,1.0,334,4.9,226,0.0
2018/01/24,1010.7,1012.8,1008.0,79,48,1.0,346,4.2,311,0.0
2018/01/25,1010.9,1012.9,1008.7,76,45,1.1,331,5.1,347,0.0
2018/01/26,1011.5,1013.4,1009.4,77,52,1.4,331,5.8,320,0.0
2018/01/27,1012.1,1014.4,1010.4,74,55,1.0,293,4.8,302,0.0
2018/01/28,1009.4,1011.4,1006.7,81,56,1.4,333,6.1,14,0.0
2018/01/29,1012.2,1015.0,1008.9,84,66,1.4,6,5.3,157,0.0
2018/01/30,1014.7,1016.7,1012.2,87,68,1.1,338,4.8,344,9.0
2018/01/31,1013.6,1015.3,1010.7,82,50,1.4,355,6.5,352,0.0
2018/02/01,1015.2,1017.7,1012.9,85,69,1.4,360,5.2,23,1.0
2018/02/02,1017.2,1019.3,1014.8,79,54,1.6,335,9.4,348,0.0
2018/02/03,1018.5,1020.3,1016.4,78,64,1.5,346,5.7,324,0.0
2018/02/04,1019.1,1020.7,1017.1,78,63,1.3,350,5.3,336,0.0
2018/02/05,1019.6,1021.6,1017.2,77,68,1.5,343,6.5,315,0.0
2018/02/06,1017.0,1020.2,1014.1,66,45,1.2,3,5.4,4,0.0
2018/02/07,1015.4,1017.1,1012.6,84,66,1.0,5,5.0,1,0.0
2018/02/08,1013.3,1015.8,1011.3,91,75,1.1,328,4.5,346,0.5
2018/02/09,1011.8,1013.7,1009.2,86,61,1.1,324,5.6,317,0.0
2018/02/10,1012.1,1014.4,1009.2,86,57,1.6,321,6.0,320,0.0
2018/02/11,1016.7,1020.2,1013.7,85,68,1.3,339,7.5,2,1.5
2018/02/12,1020.2,1022.5,1017.9,76,58,0.9,45,3.8,354,0.0
2018/02/13,1019.1,1021.5,1016.5,69,46,1.0,332,4.9,322,0.0
2018/02/14,1015.5,1018.6,1012.2,65,32,0.9,334,4.1,298,0.0
2018/02/15,1012.3,1014.6,1009.2,65,37,1.0,145,5.5,170,0.0
2018/02/16,1010.4,1012.0,1008.4,80,52,0.7,3,3.8,322,0.0
2018/02/17,1012.2,1014.4,1010.2,82,63,1.1,277,4.3,309,0.0
2018/02/18,1013.6,1016.2,1010.8,78,40,1.1,9,5.8,216,0.0
2018/02/19,1012.6,1014.6,1009.7,72,38,0.9,24,6.7,293,0.0
2018/02/20,1010.1,1012.5,1008.2,69,47,1.3,270,5.5,292,0.0
2018/02/21,1009.9,1011.5,1007.6,73,50,1.3,327,5.7,295,0.0
2018/02/22,1012.3,1015.4,1010.9,86,64,1.3,26,6.4,10,1.0
2018/02/23,1014.6,1016.4,1012.7,82,57,1.0,263,4.9,302,0.0
2018/02/24,1015.0,1017.6,1012.4,83,54,1.0,37,4.6,320,0.0
2018/02/25,1012.9,1014.6,1010.8,77,49,1.2,334,7.1,311,0.0
2018/02/26,1014.0,1015.8,1012.1,79,56,1.2,1,4.7,249,0.0
,1013.1,--,--,71,--,1.2,12,--,--,0.0
2018/02/28,1009.2,1011.0,1008.2,72,53,1.0,308,5.4,139,0.0
2018/03/01,1008.5,1010.0,1006.8,74,50,0.9,303,4.4,212,0.0
2018/03/02,1008.3,1010.3,1005.9,74,50,1.0,1,5.4,294,0.0
2018/03/03,1007.6,1009.0,1005.7,78,58,1.0,294,5.8,297,0.0
2018/03/04,1008.7,1010.1,1007.3,81,49,1.4,141,6.5,254,0.0
2018/03/05,1008.8,1010.3,1007.4,79,58,1.6,138,6.5,318,0.0
2018/03/06,1012.6,1014.3,1010.1,78,66,1.1,297,4.4,313,0.0
2018/03/07,1012.0,1014.4,1009.1,76,51,1.2,331,5.8,318,0.0
2018/03/08,1012.4,1016.2,1009.7,88,72,1.4,340,6.8,2,6.0
2018/03/09,1016.0,1017.8,1014.5,76,55,1.1,26,5.5,6,3.0
2018/03/10,1017.0,1018.4,1015.3,68,44,0.9,264,5.0,317,0.0
2018/03/11,1017.1,1018.8,1015.6,65,35,1.0,7,6.2,240,0.0
2018/03/12,1015.1,1017.0,1012.6,65,35,1.0,1,5.4,306,0.0
2018/03/13,1013.3,1015.3,1011.4,58,25,0.9,31,5.6,297,0.0
2018/03/14,1011.7,1013.6,1009.7,53,29,0.9,345,5.2,299,0.0
2018/03/15,1010.0,1012.2,1007.8,74,50,1.1,303,5.5,303,16.0
2018/03/16,1010.5,1013.1,1007.9,83,49,1.2,333,6.7,13,0.5
2018/03/17,1013.2,1014.6,1011.3,80,53,1.0,335,5.3,303,0.0
2018/03/18,1012.2,1013.9,1010.0,81,55,1.0,302,5.3,299,0.0
2018/03/19,1008.5,1011.4,1005.2,76,48,1.2,21,6.2,171,0.0
2018/03/20,1007.1,1009.6,1005.3,81,55,1.4,334,7.3,299,0.0
2018/03/21,1010.3,1012.4,1008.3,68,49,1.8,338,9.7,6,0.0
2018/03/22,1011.9,1013.3,1010.2,60,37,1.0,11,6.0,210,0.0
2018/03/23,1014.4,1016.2,1012.6,59,37,1.0,16,5.6,306,0.0
2018/03/24,1015.8,1017.7,1013.3,50,25,1.0,304,6.0,320,0.0
2018/03/25,1015.5,1017.5,1013.6,59,36,1.1,305,6.0,310,0.0
2018/03/26,1013.7,1016.2,1011.3,66,40,1.1,38,5.2,265,0.0
2018/03/27,1011.3,1013.3,1008.9,70,44,1.0,326,7.8,307,0.0
2018/03/28,1010.1,1011.4,1008.0,70,39,1.1,5,5.9,302,0.0
2018/03/29,1010.0,1011.3,1008.4,69,39,1.0,293,5.7,258,0.0
2018/03/30,1010.3,1012.0,1008.8,71,50,1.1,46,6.7,305,0.0
2018/03/31,1009.6,1011.3,1007.5,71,46,1.3,230,6.6,265,0.0
2018/04/01,1009.6,1011.3,1007.9,70,46,1.3,299,5.7,288,0.5
2018/04/02,1009.9,1011.1,1008.4,70,50,1.1,68,5.9,310,0.0
2018/04/03,1010.3,1011.9,1009.1,68,48,1.1,6,6.1,293,0.0
2018/04/04,1009.4,1011.0,1007.6,74,48,1.0,3,5.7,296,0.0
2018/04/05,1008.5,1010.1,1006.7,73,50,1.1,7,5.9,215,0.0
2018/04/06,1009.7,1014.2,1006.8,72,55,1.6,343,9.4,285,0.0
2018/04/07,1016.5,1018.6,1014.0,59,50,1.1,337,7.0,20,0.0
2018/04/08,1015.9,1017.8,1013.9,60,41,1.0,301,5.9,297,0.0
2018/04/09,1014.4,1016.5,1012.4,61,38,1.0,30,6.0,299,0.0
2018/04/10,1011.5,1013.8,1009.2,62,37,0.9,35,4.9,149,0.0
2018/04/11,1008.8,1010.7,1006.3,74,53,1.2,144,5.7,322,0.0
2018/04/12,1008.2,1010.0,1006.1,75,49,1.2,142,5.8,294,0.0
2018/04/13,1008.9,1010.5,1006.8,77,54,1.5,151,6.9,230,0.0
2018/04/14,1007.9,1009.9,1006.0,79,54,1.5,141,6.3,146,0.0
2018/04/15,1007.9,1010.3,1005.9,76,55,1.4,336,6.6,292,0.0
2018/04/16,1010.6,1012.4,1008.8,72,56,1.3,286,6.7,229,0.0
2018/04/17,1011.6,1013.5,1009.1,71,46,1.4,332,5.9,293,0.0
2018/04/18,1011.2,1013.0,1009.1,69,47,1.1,294,5.6,298,0.0
2018/04/19,1010.6,1011.8,1009.2,67,49,1.1,292,6.6,289,0.0
2018/04/20,1010.5,1011.7,1008.7,63,42,1.1,335,6.0,307,0.0
2018/04/21,1009.7,1011.2,1007.9,64,46,0.9,23,5.4,299,0.0
2018/04/22,1007.9,1009.9,1005.9,70,50,1.1,11,5.8,232,0.0
2018/04/23,1005.7,1006.9,1003.3,73,47,1.9,149,11.2,130,0.0
2018/04/24,1005.8,1007.3,1004.1,85,68,1.5,148,7.1,149,0.0
2018/04/25,1007.5,1009.2,1005.8,86,68,1.1,54,5.7,202,0.0
2018/04/26,1009.4,1011.6,1007.1,77,56,1.2,243,5.7,265,0.0
2018/04/27,1011.1,1012.6,1009.4,71,51,1.2,49,6.5,308,0.0
2018/04/28,1011.0,1012.4,1008.8,76,52,1.1,4,5.2,301,0.0
2018/04/29,1009.8,1011.4,1007.5,75,54,1.1,1,5.4,294,0.0
2018/04/30,1009.8,1011.2,1008.4,72,53,1.2,56,6.4,297,0.0
2018/05/01,1009.4,1010.9,1007.9,78,55,1.3,149,6.2,243,0.0
2018/05/02,1008.8,1011.0,1007.0,75,51,1.4,18,6.3,284,0.0
2018/05/03,1010.3,1012.2,1008.5,70,48,1.2,15,6.2,336,0.0
2018/05/04,1012.2,1014.2,1010.6,69,53,1.1,1,6.4,298,0.0
2018/05/05,1012.2,1014.1,1010.3,72,47,1.2,272,5.8,249,0.0
2018/05/06,1009.0,1011.7,1006.5,72,53,1.8,142,9.1,156,0.0
2018/05/07,1006.2,1008.0,1004.1,70,45,1.1,49,6.6,241,0.0
2018/05/08,1006.0,1008.5,1003.7,84,63,1.3,140,7.1,325,33.0
2018/05/09,1009.8,1012.5,1006.6,90,65,1.4,6,8.1,15,28.5
2018/05/10,1011.3,1012.4,1009.9,87,63,1.4,143,6.0,311,0.0
2018/05/11,1010.2,1012.1,1008.5,75,47,1.1,300,5.7,274,0.0
2018/05/12,1008.5,1010.1,1006.3,78,60,1.1,300,7.1,307,0.0
2018/05/13,1007.9,1009.0,1006.3,76,61,1.2,64,5.6,276,0.0
2018/05/14,1007.3,1009.2,1005.2,76,47,1.3,283,6.1,277,0.0
2018/05/15,1006.7,1008.0,1005.3,74,45,1.4,142,6.7,215,0.0
2018/05/16,1005.8,1007.2,1004.4,79,56,1.9,151,8.2,127,0.0
2018/05/17,1005.3,1006.9,1003.9,82,51,1.5,150,5.5,265,0.0
2018/05/18,1004.7,1006.4,1003.3,76,46,1.2,1,6.4,292,0.0
2018/05/19,1005.0,1006.5,1003.4,73,51,1.1,298,6.0,311,0.0
2018/05/20,1005.6,1007.1,1003.6,74,52,1.3,146,6.3,333,0.0
2018/05/21,1006.4,1007.8,1005.1,72,53,1.3,146,7.8,296,0.0
2018/05/22,1006.8,1008.7,1004.8,70,46,1.3,298,6.2,316,0.0
2018/05/23,1006.5,1007.5,1004.8,71,50,1.3,1,6.6,303,0.0
2018/05/24,1006.4,1008.0,1004.9,73,49,1.1,331,5.3,246,0.0
2018/05/25,1005.1,1007.0,1002.7,71,48,1.3,265,6.0,236,0.0
2018/05/26,1005.3,1007.0,1003.7,74,40,1.4,38,6.4,297,0.0
2018/05/27,1005.9,1007.5,1003.7,79,52,1.3,3,6.8,234,0.0
2018/05/28,1005.8,1007.3,1004.1,78,47,1.2,50,6.3,263,0.0
2018/05/29,1006.9,1008.6,1004.9,81,54,1.3,7,5.9,304,8.5
2018/05/30,1007.1,1008.5,1005.0,77,50,1.5,213,7.5,226,0.0
2018/05/31,1006.5,1008.2,1005.0,73,43,1.4,138,6.1,231,0.0
2018/06/01,1006.2,1007.9,1004.7,83,51,1.2,11,7.5,330,0.0
2018/06/02,1006.4,1007.5,1004.9,75,54,1.2,142,6.0,239,0.0
2018/06/03,1004.9,1006.6,1002.5,70,47,1.1,12,5.7,312,0.0
2018/06/04,1005.2,1007.1,1003.1,78,54,1.3,35,6.8,313,0.0
2018/06/05,1005.7,1007.1,1004.0,71,45,1.2,37,6.1,245,0.0
2018/06/06,1004.9,1006.2,1002.7,80,47,1.2,78,7.7,226,32.0
2018/06/07,1003.4,1004.8,1001.3,75,46,1.2,3,6.2,314,0.0
2018/06/08,999.7,1002.9,997.3,77,50,1.3,295,6.8,305,0.0
2018/06/09,997.1,998.3,994.8,75,47,1.1,285,6.7,303,0.0
2018/06/10,996.6,997.7,994.9,73,54,1.7,148,6.7,189,31.5
2018/06/11,997.4,1000.5,995.3,95,72,1.3,3,5.9,306,30.5
2018/06/12,999.5,1001.3,998.1,76,46,1.1,2,7.0,216,0.0
2018/06/13,996.0,998.5,994.0,71,49,1.2,277,6.6,325,0.0
2018/06/14,992.3,995.2,989.1,94,70,3.3,147,14.5,127,93.5
2018/06/15,993.7,998.9,988.9,93,19,2.1,148,14.5,156,72.5
2018/06/16,999.8,1001.6,997.4,91,63,1.9,146,8.7,141,14.5
2018/06/17,1001.2,1002.9,999.7,97,74,2.2,148,10.7,131,84.0
2018/06/18,1001.7,1003.3,1000.0,99,99,2.9,148,12.2,151,43.0
2018/06/19,1003.9,1006.3,1001.4,99,99,1.4,126,8.4,182,199.0
2018/06/20,1004.7,1006.7,1003.4,99,97,1.6,71,7.0,166,131.5
2018/06/21,1004.9,1005.7,1003.5,97,72,1.1,10,8.6,299,37.5
2018/06/22,1005.4,1006.6,1003.9,95,69,1.5,141,7.0,204,8.0
2018/06/23,1005.9,1007.0,1004.4,88,60,1.3,147,5.8,135,0.5
2018/06/24,1006.8,1008.3,1005.8,84,57,1.1,22,4.9,300,0.0
2018/06/25,1007.7,1009.0,1005.9,77,51,1.3,146,6.0,226,0.0
2018/06/26,1007.8,1008.7,1006.5,83,63,1.4,8,6.5,316,0.0
2018/06/27,1006.6,1008.1,1005.1,91,52,1.2,4,6.1,266,3.5
2018/06/28,1004.0,1006.6,1002.0,80,54,1.5,6,5.8,216,0.0
2018/06/29,1001.3,1003.0,999.3,82,57,1.2,30,5.6,287,0.5
2018/06/30,1001.5,1003.1,1000.0,86,56,1.3,143,7.4,39,16.5
2018/07/01,1001.6,1002.9,1000.0,90,60,1.2,37,8.3,208,5.0
2018/07/02,1001.7,1003.2,1000.1,98,96,1.4,35,9.5,75,173.0
2018/07/03,1001.7,1002.9,1000.4,98,96,1.4,86,8.6,323,63.5
2018/07/04,1001.4,1003.4,999.8,98,96,1.0,88,7.7,70,113.0
2018/07/05,1001.3,1002.9,1000.1,98,89,1.4,72,7.6,91,57.0
2018/07/06,1001.3,1003.4,999.9,92,64,1.2,134,6.6,80,42.5
2018/07/07,1002.0,1003.6,1000.7,91,70,1.6,146,7.6,156,6.0
2018/07/08,1002.6,1004.5,1000.8,83,46,1.0,80,5.8,27,0.0
2018/07/09,1003.1,1005.0,1000.7,79,53,1.2,300,6.3,297,0.0
2018/07/10,999.7,1003.3,996.8,87,52,1.4,27,7.3,289,4.0
2018/07/11,998.8,1002.6,995.5,79,60,1.7,234,6.9,143,0.0
2018/07/12,1002.6,1004.7,1001.1,83,57,1.1,73,6.1,147,18.5
2018/07/13,1003.1,1004.2,1001.5,84,54,1.3,297,6.8,140,6.0
2018/07/14,1002.8,1003.8,1000.9,88,62,1.2,5,7.5,360,0.0
2018/07/15,1002.3,1003.5,1001.3,86,57,1.1,19,6.4,221,0.0
2018/07/16,1000.1,1001.9,998.6,83,49,1.3,292,5.2,272,0.0
2018/07/17,999.0,1000.5,997.1,79,50,1.3,279,6.5,302,0.0
2018/07/18,1001.0,1002.7,999.4,82,55,1.3,142,6.9,319,0.0
2018/07/19,1002.4,1004.1,1000.9,85,52,1.4,293,9.8,47,99.5
2018/07/20,1000.6,1002.6,998.5,87,59,1.4,61,6.0,273,10.0
2018/07/21,997.6,1000.2,995.3,88,61,1.3,54,6.1,24,2.0
2018/07/22,998.3,1001.0,996.5,91,65,1.2,33,5.6,40,4.0
2018/07/23,1001.1,1003.3,999.3,83,55,1.2,33,5.6,235,13.0
2018/07/24,1003.4,1004.7,1002.0,96,68,1.1,78,6.3,230,20.5
2018/07/25,1003.9,1004.9,1002.3,88,56,1.1,11,6.8,73,1.0
2018/07/26,1003.7,1004.9,1001.9,81,56,1.2,1,7.1,261,0.0
2018/07/27,1003.8,1005.8,1002.4,93,62,1.2,47,6.6,85,99.5
2018/07/28,1003.4,1005.3,1001.8,90,58,1.2,3,10.5,155,0.5
2018/07/29,1002.4,1004.4,1000.5,79,55,1.3,281,6.3,297,0.0
2018/07/30,1002.3,1003.5,1000.9,81,51,1.2,5,6.3,226,0.0
2018/07/31,1002.1,1003.5,999.9,80,57,1.4,29,6.3,303,0.0
2018/08/01,1001.4,1003.1,999.2,84,54,1.3,7,6.9,296,0.0
2018/08/02,1001.1,1002.9,999.1,91,63,1.2,82,5.6,316,16.5
2018/08/03,1001.4,1002.5,1000.0,89,56,1.0,86,9.6,289,15.0
2018/08/04,1002.3,1003.8,1000.6,81,59,1.4,75,11.5,156,0.0
2018/08/05,1003.0,1004.2,1001.0,85,51,1.1,21,7.7,79,4.0
2018/08/06,1002.2,1003.9,1000.0,84,49,1.2,31,7.0,34,18.5
2018/08/07,1001.4,1002.6,999.4,87,60,1.3,359,6.5,239,0.0
2018/08/08,1001.7,1004.2,1000.2,85,58,1.3,31,7.3,295,41.0
2018/08/09,1002.1,1003.6,1000.2,83,48,1.5,34,5.7,305,3.5
2018/08/10,1000.9,1003.1,998.3,86,62,1.2,39,6.3,138,7.0
2018/08/11,997.7,1000.4,995.4,84,56,1.2,294,6.6,239,0.0
2018/08/12,994.3,996.7,991.6,79,50,1.3,142,6.8,144,7.5
2018/08/13,996.5,998.0,994.4,98,83,1.7,147,8.0,141,64.0
2018/08/14,997.3,999.1,996.1,94,68,1.7,136,7.9,244,45.0
2018/08/15,999.4,1000.6,997.7,98,96,1.3,119,4.4,215,31.5
2018/08/16,998.8,1000.3,997.0,91,59,1.4,94,5.8,233,28.0
2018/08/17,998.1,999.6,996.4,93,70,0.9,76,4.9,259,25.5
2018/08/18,999.8,1001.4,998.6,97,67,1.3,153,8.3,229,2.5
2018/08/19,1001.2,1002.4,1000.0,99,90,1.2,77,5.8,138,11.5
2018/08/20,1000.1,1001.4,998.6,94,66,1.1,149,5.8,215,28.0
2018/08/21,997.6,999.7,995.8,90,66,2.0,147,7.3,138,14.5
2018/08/22,995.3,997.3,993.4,99,96,2.8,144,9.3,144,53.0
2018/08/23,995.1,998.6,990.5,97,96,2.0,133,13.2,243,361.0
2018/08/24,997.4,998.9,995.7,97,96,1.2,15,11.9,280,198.0
2018/08/25,996.3,997.4,994.4,98,96,1.5,146,6.7,172,71.5
2018/08/26,997.9,1000.1,995.9,98,96,2.4,146,8.2,141,10.5
2018/08/27,1001.9,1004.9,998.6,97,96,2.7,148,11.1,227,184.5
2018/08/28,1004.9,1006.2,1002.9,97,96,2.3,133,13.0,145,256.5
2018/08/29,1005.4,1007.6,1003.5,98,96,2.8,146,10.9,157,136.0
2018/08/30,1007.6,1009.6,1005.3,99,96,1.5,147,7.9,142,17.5
2018/08/31,1008.9,1010.1,1007.7,83,56,1.1,80,5.0,199,0.0
2018/09/01,1007.4,1009.5,1005.1,82,53,1.2,33,5.5,243,0.0
2018/09/02,1004.7,1007.1,1002.9,85,51,1.2,294,7.8,295,0.0
2018/09/03,1003.3,1004.6,1001.5,83,58,1.3,305,7.2,300,0.0
2018/09/04,1002.4,1003.7,1000.4,90,61,1.5,289,6.0,293,1.5
2018/09/05,1002.5,1004.1,1000.2,90,58,1.1,294,6.2,263,1.5
2018/09/06,1002.9,1004.6,1001.2,93,65,1.0,59,10.2,33,44.5
2018/09/07,1003.6,1005.4,1001.3,87,60,1.1,24,7.7,150,31.0
2018/09/08,1004.8,1006.3,1002.9,90,59,1.1,154,8.0,354,5.0
2018/09/09,1005.2,1006.8,1003.2,88,55,1.3,133,7.0,148,0.0
2018/09/10,1004.5,1006.3,1002.8,92,65,1.0,321,4.8,321,5.0
2018/09/11,1004.9,1006.7,1003.1,88,61,1.2,290,5.9,314,4.5
2018/09/12,1005.9,1007.2,1004.1,88,57,1.2,51,6.5,283,3.5
2018/09/13,1005.8,1007.2,1004.2,88,62,1.2,282,5.8,264,0.0
2018/09/14,1003.4,1005.9,1000.5,80,49,1.0,292,6.4,291,0.0
2018/09/15,997.4,1000.7,994.3,92,66,1.0,50,6.4,23,1.5
2018/09/16,1003.0,1008.5,997.3,82,54,2.1,144,10.3,148,1.0
2018/09/17,1009.3,1012.4,1007.7,85,57,1.2,5,6.7,303,5.0
2018/09/18,1010.3,1012.2,1007.8,91,56,1.0,13,5.9,311,7.0
2018/09/19,1008.8,1010.5,1007.0,78,60,1.1,296,6.9,279,0.0
2018/09/20,1007.5,1009.0,1005.6,77,51,1.2,38,6.4,321,0.0
2018/09/21,1008.5,1011.0,1006.6,73,48,1.3,32,6.6,305,0.0
2018/09/22,1010.1,1011.8,1008.1,79,47,1.3,18,6.5,323,0.0
2018/09/23,1009.2,1011.2,1006.9,86,58,1.3,51,7.3,296,0.0
2018/09/24,1005.1,1008.4,1002.7,83,53,1.3,72,8.5,153,0.0
2018/09/25,1002.9,1004.2,1000.9,85,55,1.4,128,5.7,243,0.0
2018/09/26,1002.5,1004.0,1000.2,80,50,1.3,321,6.3,14,0.0
2018/09/27,1002.7,1004.2,1000.6,76,47,1.2,325,6.6,3,0.0
2018/09/28,1002.0,1003.6,999.6,80,50,1.3,8,7.1,13,0.0
2018/09/29,1001.2,1004.2,999.1,63,47,1.9,351,11.4,354,0.0
2018/09/30,1005.6,1008.2,1003.2,63,48,1.2,236,5.5,234,0.0
2018/10/01,1008.9,1010.7,1007.4,74,48,1.2,43,6.6,311,0.0
2018/10/02,1009.6,1011.1,1007.8,70,46,1.2,6,6.7,305,0.0
2018/10/03,1009.0,1010.9,1007.2,72,42,1.1,274,6.3,237,0.0
2018/10/04,1005.7,1008.8,1003.1,76,46,1.6,5,9.2,321,0.0
2018/10/05,1005.8,1009.0,1003.4,63,43,1.8,347,10.4,354,0.0
2018/10/06,1009.2,1010.7,1007.9,66,50,1.0,297,5.7,310,0.0
2018/10/07,1009.8,1011.4,1008.0,76,53,1.0,28,6.4,249,0.0
2018/10/08,1009.4,1011.1,1007.4,79,57,1.0,58,5.8,318,0.0
2018/10/09,1009.0,1010.4,1007.1,83,56,1.2,264,6.4,301,0.0
2018/10/10,1009.5,1011.1,1007.8,85,62,1.1,3,6.4,304,0.0
2018/10/11,1011.1,1012.8,1009.0,79,54,1.3,323,5.3,2,0.0
2018/10/12,1012.8,1014.4,1011.3,87,58,1.1,331,6.0,303,0.0
2018/10/13,1012.4,1014.0,1010.5,80,54,1.0,279,5.9,314,0.0
2018/10/14,1010.9,1012.8,1009.1,76,49,1.0,13,5.5,324,0.0
2018/10/15,1010.1,1011.7,1008.2,81,54,1.0,338,5.7,292,0.0
2018/10/16,1008.6,1010.5,1006.4,84,52,1.4,351,7.9,326,0.0
2018/10/17,1007.8,1009.4,1005.7,84,53,1.0,13,6.1,291,0.0
2018/10/18,1009.8,1011.7,1007.8,85,57,1.1,14,6.7,230,0.0
2018/10/19,1012.7,1014.6,1010.9,81,54,1.2,307,5.6,328,0.0
2018/10/20,1014.2,1016.5,1012.0,79,55,1.0,342,5.9,289,0.0
2018/10/21,1013.2,1015.2,1011.4,78,55,1.0,331,5.6,231,0.0
2018/10/22,1012.0,1013.8,1009.9,80,54,1.1,16,6.2,196,0.0
2018/10/23,1012.2,1013.9,1010.4,80,50,1.1,344,6.3,288,0.0
2018/10/24,1012.2,1013.8,1010.7,79,50,1.0,16,5.7,300,0.0
2018/10/25,1012.6,1014.4,1011.1,82,55,1.0,38,7.2,308,0.0
2018/10/26,1011.8,1013.6,1009.4,81,48,1.2,298,6.7,301,0.0
2018/10/27,1012.0,1013.6,1010.1,74,47,1.1,329,5.6,336,0.0
2018/10/28,1011.0,1013.8,1008.6,62,37,1.2,150,7.9,147,0.0
2018/10/29,1008.8,1010.1,1006.5,62,44,1.1,300,5.7,280,0.0
2018/10/30,1007.9,1009.4,1006.5,66,33,1.0,323,5.9,289,0.0
2018/10/31,1008.7,1010.3,1007.3,92,67,1.1,18,5.4,45,0.0
2018/11/01,1008.6,1010.2,1007.1,90,71,1.4,1,6.2,11,0.5
2018/11/02,1010.2,1012.2,1007.2,95,67,0.9,351,5.0,323,0.5
2018/11/03,1011.8,1013.2,1010.1,81,51,0.9,3,5.0,319,0.0
2018/11/04,1012.2,1014.2,1009.9,88,62,1.0,337,4.7,283,0.0
2018/11/05,1012.4,1014.0,1010.3,82,53,0.9,337,5.6,292,0.0
2018/11/06,1013.4,1015.0,1011.8,83,56,0.9,298,5.3,331,0.0
2018/11/07,1013.5,1015.4,1011.6,86,55,0.8,291,5.1,289,0.0
2018/11/08,1012.7,1014.2,1010.6,83,54,1.0,305,5.9,318,0.0
2018/11/09,1013.0,1014.5,1011.3,82,47,1.2,337,5.8,325,0.0
2018/11/10,1014.1,1016.0,1012.1,84,59,1.1,335,7.3,313,0.0
2018/11/11,1013.1,1015.3,1010.7,83,54,0.9,2,4.8,311,0.0
2018/11/12,1010.5,1013.0,1008.0,82,47,0.9,338,5.6,303,0.0
2018/11/13,1009.6,1011.4,1007.3,80,40,1.0,333,4.7,298,0.0
2018/11/14,1011.5,1013.4,1009.5,79,50,1.0,6,4.8,9,0.0
2018/11/15,1012.5,1013.4,1013.2,79,77,1.0,15,2.0,41,0.0
,1012.5,--,--,86,--,1.0,341,--,--,0.0
2018/11/17,1012.0,1013.6,1009.9,76,58,1.1,310,5.9,316,0.0
2018/11/18,1012.2,1014.0,1010.2,83,54,0.9,339,4.9,283,0.0
2018/11/19,1012.5,1014.5,1010.5,78,44,1.3,349,8.6,360,0.0
2018/11/20,1013.4,1015.0,1011.2,80,55,1.0,306,5.1,302,0.0
2018/11/21,1012.4,1013.7,1010.0,80,47,1.1,1,5.2,311,0.0
2018/11/22,1013.7,1015.8,1011.4,77,46,1.2,321,6.1,353,0.0
2018/11/23,1014.7,1016.8,1012.3,73,47,1.0,8,5.4,305,0.0
2018/11/24,1014.8,1016.1,1012.6,80,47,0.9,287,5.6,307,0.0
2018/11/25,1013.7,1015.3,1011.5,75,37,0.9,10,8.2,1,0.0
2018/11/26,1014.4,1015.9,1013.1,81,62,1.2,346,8.4,1,0.0
2018/11/27,1014.1,1015.6,1012.5,79,49,0.9,321,4.2,308,0.0
2018/11/28,1014.6,1016.3,1012.6,91,63,1.2,328,5.1,321,0.0
2018/11/29,1016.3,1017.9,1014.7,80,55,1.0,1,4.5,306,0.0
2018/11/30,1016.4,1018.2,1014.5,81,57,0.9,300,5.0,287,0.0
2018/12/01,1014.6,1016.6,1012.2,82,45,1.0,3,4.9,10,0.0
2018/12/02,1013.0,1014.6,1011.0,81,50,0.9,338,5.4,306,0.0
2018/12/03,1013.1,1015.1,1010.9,72,24,0.9,301,5.2,244,0.0
2018/12/04,1012.6,1015.0,1010.4,70,37,0.9,40,6.3,305,0.0
2018/12/05,1011.5,1013.3,1009.2,76,48,0.9,5,4.3,307,0.0
2018/12/06,1011.6,1013.2,1009.6,85,56,0.9,298,4.6,291,0.0
2018/12/07,1013.5,1015.7,1011.2,80,56,1.2,9,5.0,318,0.0
2018/12/08,1015.0,1016.7,1013.1,79,55,1.1,4,5.3,294,0.0
2018/12/09,1014.7,1016.7,1012.0,81,54,1.1,18,4.8,251,0.0
2018/12/10,1013.1,1015.0,1010.8,82,52,1.2,338,6.2,296,0.0
2018/12/11,1013.1,1014.7,1010.6,87,56,1.2,332,5.9,328,0.0
2018/12/12,1016.8,1018.9,1014.4,77,54,1.2,356,6.0,360,0.0
2018/12/13,1018.6,1020.4,1016.9,75,52,1.1,11,5.1,302,0.0
2018/12/14,1019.0,1020.9,1016.8,81,48,1.1,278,5.4,233,0.0
2018/12/15,1017.9,1020.0,1015.5,83,54,0.9,301,4.7,281,0.0
2018/12/16,1016.2,1018.4,1012.7,88,56,1.0,330,6.1,322,0.0
2018/12/17,1016.2,1018.1,1014.3,74,39,1.0,346,5.6,7,0.0
2018/12/18,1017.3,1019.0,1015.1,70,57,0.9,3,5.0,290,0.0
2018/12/19,1016.6,1019.4,1014.2,76,53,0.8,1,4.8,297,0.0
2018/12/20,1013.6,1016.3,1010.9,63,20,0.9,2,5.2,338,0.0
2018/12/21,1012.9,1014.9,1010.9,69,37,1.0,329,5.1,280,0.0
2018/12/22,1012.8,1014.5,1010.3,80,42,0.9,333,5.3,2,0.0
2018/12/23,1012.0,1013.6,1010.2,86,54,1.0,328,4.4,281,0.0
2018/12/24,1011.4,1013.7,1009.2,79,53,1.1,322,4.9,26,0.0
2018/12/25,1009.7,1011.5,1007.4,80,53,1.1,325,5.9,286,0.0
2018/12/26,1008.5,1010.4,1005.9,86,49,1.3,352,6.6,355,0.0
2018/12/27,1010.6,1013.2,1008.3,76,45,1.3,354,6.4,354,0.0
2018/12/28,1015.0,1017.4,1012.5,71,48,1.1,9,5.1,310,0.0
2018/12/29,1019.1,1021.4,1016.7,65,43,1.2,347,5.3,28,0.0
2018/12/30,1019.3,1020.8,1017.2,69,48,1.0,301,6.9,292,0.0
2018/12/31,1020.0,1021.4,1017.6,75,57,1.1,10,4.4,346,0.0
2019/01/01,1019.4,1021.6,1016.9,82,58,0.9,342,4.2,305,0.0
2019/01/02,1019.3,1021.2,1017.0,96,19,0.7,335,3.8,352,1.0
2019/01/03,1019.4,1021.6,1017.2,86,55,0.9,345,4.8,313,0.0
2019/01/04,1018.8,1021.0,1016.6,90,61,0.8,7,4.2,288,0.0
2019/01/05,1016.3,1018.0,1014.5,83,54,0.8,299,4.1,299,0.0
2019/01/06,1016.1,1017.7,1014.2,84,55,1.1,348,6.0,9,0.0
2019/01/07,1016.4,1018.2,1014.5,85,56,1.0,294,4.9,295,0.0
2019/01/08,1016.1,1018.0,1013.2,85,52,1.1,2,6.6,360,0.0
2019/01/09,1017.0,1019.2,1014.5,82,56,1.0,332,5.3,301,0.0
2019/01/10,1016.0,1017.8,1014.3,86,57,0.8,331,5.5,298,0.0
2019/01/11,1014.6,1016.6,1011.9,82,56,0.9,342,4.6,310,0.0
2019/01/12,1014.0,1015.4,1012.2,78,47,0.9,28,5.4,293,0.0
2019/01/13,1014.0,1016.0,1011.8,81,48,1.1,325,4.5,16,0.0
2019/01/14,1013.6,1015.4,1011.3,80,56,1.0,359,4.7,266,0.0
2019/01/15,1014.0,1015.9,1012.0,86,56,1.0,12,4.6,313,0.0
2019/01/16,1014.4,1016.0,1012.3,95,76,1.1,341,6.1,4,0.5
2019/01/17,1016.1,1018.2,1014.1,87,59,1.2,343,6.8,16,0.0
2019/01/18,1017.5,1019.7,1015.2,79,50,0.9,330,5.2,239,0.0
2019/01/19,1016.2,1018.0,1014.1,80,38,0.9,8,5.0,322,0.5
2019/01/20,1014.8,1016.5,1012.8,85,53,1.0,27,5.8,305,0.0
2019/01/21,1015.5,1017.6,1013.6,92,70,1.2,5,6.0,16,0.0
2019/01/22,1016.0,1017.4,1014.1,76,54,1.4,335,7.1,335,0.0
2019/01/23,1015.7,1017.5,1014.0,72,42,1.0,5,4.5,280,0.0
2019/01/24,1015.8,1017.4,1013.9,73,37,1.0,297,5.1,297,0.0
2019/01/25,1016.5,1018.0,1014.0,76,30,1.1,1,6.1,300,0.0
2019/01/26,1017.9,1019.3,1015.9,74,45,1.1,339,5.9,322,0.0
2019/01/27,1018.9,1021.7,1017.2,63,45,1.0,289,4.5,4,0.0
2019/01/28,1017.6,1019.6,1015.4,74,41,0.9,299,4.8,319,0.0
2019/01/29,1017.6,1019.0,1015.5,67,31,0.9,295,5.3,303,0.0
2019/01/30,1017.0,1019.6,1014.8,70,31,0.8,2,5.4,288,0.0
2019/01/31,1015.0,1016.9,1012.7,58,39,1.2,302,7.5,307,0.0
2019/02/01,1016.9,1019.2,1015.3,68,48,1.0,332,6.0,319,0.0
2019/02/02,1015.2,1017.6,1012.7,76,47,0.9,335,4.8,336,0.0
2019/02/03,1014.2,1015.8,1012.6,82,45,1.4,150,8.9,150,0.0
2019/02/04,1014.4,1016.5,1012.4,84,61,0.9,16,4.9,295,0.0
2019/02/05,1013.2,1015.7,1010.5,86,50,1.0,354,5.5,15,1.0
2019/02/06,1011.6,1013.3,1009.6,83,47,0.9,1,5.0,305,0.0
2019/02/07,1011.8,1014.3,1009.0,74,22,1.2,39,6.6,297,0.0
2019/02/08,1012.5,1014.1,1010.4,75,42,1.1,23,6.3,239,0.0
2019/02/09,1014.9,1017.1,1012.8,72,42,1.1,298,6.3,299,0.0
2019/02/10,1017.5,1019.8,1015.6,76,42,1.1,341,5.3,281,0.0
2019/02/11,1019.3,1020.5,1017.6,75,43,1.1,302,5.6,332,0.0
2019/02/12,1019.4,1021.1,1017.7,80,45,1.0,272,5.6,315,0.0
2019/02/13,1017.4,1019.7,1014.2,72,41,1.0,333,6.3,290,0.0
2019/02/14,1016.9,1018.5,1015.0,78,45,1.1,316,6.0,293,0.0
2019/02/15,1016.3,1018.6,1013.7,81,51,1.0,10,5.5,232,0.0
2019/02/16,1014.7,1017.2,1012.4,79,47,1.1,297,5.6,324,0.0
2019/02/17,1014.3,1015.9,1011.7,76,47,1.3,9,5.7,320,0.0
2019/02/18,1012.6,1014.6,1009.5,77,45,1.7,149,10.5,133,0.0
2019/02/19,1014.7,1016.9,1012.8,77,35,1.2,141,5.4,283,0.0
2019/02/20,1016.1,1018.3,1014.3,77,47,1.4,15,7.6,218,0.0
2019/02/21,1014.3,1016.7,1012.5,79,49,1.2,323,8.2,224,0.0
2019/02/22,1012.7,1014.3,1010.4,81,49,1.4,335,8.7,294,0.0
2019/02/23,1012.4,1014.3,1009.6,73,52,1.1,346,6.0,293,0.0
2019/02/24,1011.7,1013.3,1009.7,79,65,1.1,18,7.3,331,0.0
2019/02/25,1012.8,1014.7,1010.5,83,47,1.2,331,6.3,355,3.0
2019/02/26,1013.7,1015.7,1012.1,81,50,1.1,285,4.8,309,0.0
2019/02/27,1012.0,1014.2,1009.1,76,47,1.1,283,5.4,300,0.0
2019/02/28,1011.3,1013.2,1009.0,71,47,1.2,9,6.7,221,0.0
2019/03/01,1012.7,1014.3,1011.2,83,57,1.2,3,7.2,314,0.0
2019/03/02,1009.9,1013.0,1007.5,81,55,1.1,7,5.9,143,0.0
2019/03/03,1007.5,1009.7,1005.8,71,49,1.1,2,8.9,341,0.0
2019/03/04,1010.9,1012.7,1008.3,75,46,1.0,263,5.2,265,0.0
2019/03/05,1009.8,1012.4,1006.9,71,33,1.5,150,9.2,143,0.5
2019/03/06,1010.2,1012.7,1008.2,85,53,1.3,308,6.9,321,1.0
2019/03/07,1012.2,1014.4,1010.5,97,77,1.1,319,6.4,21,0.0
2019/03/08,1012.9,1015.5,1010.9,93,60,1.0,16,4.7,29,1.0
2019/03/09,1008.5,1011.8,1005.6,91,57,1.2,16,8.6,144,4.0
2019/03/10,1009.1,1011.6,1007.3,90,56,1.0,3,9.1,322,8.5
2019/03/11,1010.1,1012.3,1008.4,90,66,0.8,8,5.9,320,8.5
2019/03/12,1012.3,1014.4,1010.5,73,43,0.9,41,5.3,320,0.0
2019/03/13,1014.7,1016.4,1013.2,74,45,0.8,291,6.1,281,0.0
2019/03/14,1015.0,1016.8,1012.2,76,45,1.1,308,6.1,307,0.0
2019/03/15,1015.5,1016.8,1013.5,79,58,1.0,338,6.0,3,0.0
2019/03/16,1015.6,1017.0,1013.6,67,45,0.9,25,5.5,135,0.0
2019/03/17,1015.3,1017.1,1012.8,66,42,0.8,65,5.9,304,0.0
2019/03/18,1012.9,1015.2,1010.3,77,48,0.9,353,5.7,310,0.0
2019/03/19,1011.5,1013.4,1009.5,77,43,0.8,326,4.9,291,0.0
2019/03/20,1010.4,1012.3,1007.8,81,49,1.4,145,8.3,135,0.0
2019/03/21,1009.0,1010.7,1006.9,81,48,1.1,18,6.1,313,0.0
2019/03/22,1009.9,1012.1,1007.9,75,44,1.0,276,6.8,277,0.0
2019/03/23,1013.2,1015.0,1010.8,98,96,1.0,327,4.9,313,3.5
2019/03/24,1014.2,1015.8,1012.6,92,75,0.9,336,4.2,91,0.0
2019/03/25,1012.7,1014.4,1010.9,80,52,1.1,4,5.5,305,0.0
2019/03/26,1015.0,1016.7,1013.1,76,49,1.3,4,6.2,293,0.0
2019/03/27,1013.8,1016.6,1011.2,79,43,1.1,232,5.8,303,0.0
2019/03/28,1009.2,1011.7,1006.3,84,51,1.1,359,5.7,265,0.0
2019/03/29,1007.5,1010.3,1005.9,83,55,1.2,29,7.1,293,0.0
2019/03/30,1010.0,1012.4,1008.3,79,51,1.3,329,8.2,306,0.0
2019/03/31,1013.2,1015.7,1011.3,76,53,1.3,339,6.7,294,0.0
2019/04/01,1015.2,1016.9,1013.6,74,54,1.5,327,6.1,328,0.0
2019/04/02,1014.3,1016.5,1011.5,76,48,1.1,336,5.4,284,0.0
2019/04/03,1012.8,1015.5,1010.0,80,46,1.5,4,8.4,1,0.0
2019/04/04,1012.1,1013.7,1009.7,80,51,1.0,281,6.0,313,0.0
2019/04/05,1009.4,1011.9,1007.0,79,49,1.6,324,8.1,295,0.0
2019/04/06,1009.9,1011.6,1008.1,79,52,1.1,283,6.2,318,0.0
2019/04/07,1009.5,1011.3,1007.5,80,48,1.3,304,7.3,321,0.0
2019/04/08,1009.5,1010.8,1008.2,75,52,1.1,32,5.8,313,0.0
2019/04/09,1008.5,1010.2,1006.3,78,49,1.6,20,9.1,151,0.0
2019/04/10,1008.2,1009.8,1006.1,82,52,1.1,12,5.6,321,0.0
2019/04/11,1007.7,1009.3,1005.8,78,47,1.4,11,5.8,305,0.0
2019/04/12,1010.4,1013.4,1008.3,76,56,1.5,327,6.7,324,0.0
2019/04/13,1011.1,1012.8,1008.9,71,50,1.3,7,6.1,332,0.0
2019/04/14,1009.9,1011.2,1007.9,76,48,1.4,298,7.6,296,0.0
2019/04/15,1009.9,1011.7,1008.2,76,53,1.0,10,5.2,249,0.0
2019/04/16,1009.0,1011.4,1006.7,95,74,1.3,347,5.1,84,26.5
2019/04/17,1008.1,1009.6,1006.4,80,48,1.4,346,7.6,321,0.0
2019/04/18,1008.0,1009.6,1006.4,78,49,1.0,27,5.8,249,0.0
2019/04/19,1006.9,1009.2,1004.6,88,56,1.4,9,12.3,318,73.0
2019/04/20,1005.7,1007.7,1003.6,71,40,1.1,1,5.6,293,0.0
2019/04/21,1006.5,1008.2,1004.4,87,51,1.0,9,4.8,226,6.0
2019/04/22,1007.0,1009.6,1005.0,86,60,1.2,298,6.2,322,0.0
2019/04/23,1007.4,1009.2,1004.3,82,56,1.5,291,6.1,305,0.0
2019/04/24,1007.2,1009.1,1005.8,83,56,1.3,291,5.6,307,0.0
2019/04/25,1006.8,1008.1,1005.2,73,46,1.3,6,7.2,305,0.0
2019/04/26,1008.0,1010.4,1006.1,68,45,1.4,2,6.1,298,0.0
2019/04/27,1009.4,1011.0,1007.3,82,53,1.3,51,6.1,255,0.0
2019/04/28,1009.7,1011.5,1008.0,78,54,1.1,5,6.2,330,0.0
2019/04/29,1007.7,1009.9,1005.0,76,43,1.5,138,6.6,323,0.0
2019/04/30,1005.5,1006.9,1003.2,78,50,1.6,70,6.2,233,0.0
2019/05/01,1005.6,1007.5,1003.5,98,70,1.2,135,6.4,135,26.5
2019/05/02,1008.0,1010.2,1005.6,92,63,1.1,143,5.0,355,5.5
2019/05/03,1009.7,1011.1,1007.8,91,69,1.0,23,4.7,345,0.5
2019/05/04,1010.2,1011.4,1008.9,98,96,0.8,20,3.9,293,5.5
2019/05/05,1007.4,1010.2,1004.7,88,52,0.8,306,4.4,300,1.0
2019/05/06,1005.3,1006.9,1003.9,96,96,1.0,17,5.1,10,30.5
2019/05/07,1005.8,1008.0,1003.9,98,96,0.9,332,5.2,360,0.5
2019/05/08,1005.8,1007.5,1003.7,89,59,0.8,345,6.0,296,1.5
2019/05/09,1004.6,1006.1,1002.5,86,58,1.1,24,4.6,312,0.5
2019/05/10,1005.6,1007.1,1004.2,87,63,1.0,3,6.4,316,0.5
2019/05/11,1007.3,1009.1,1005.0,81,52,1.2,344,5.5,308,0.0
2019/05/12,1007.5,1008.9,1005.8,78,53,1.1,274,6.1,315,0.0
2019/05/13,1007.0,1008.6,1005.2,73,51,1.4,2,7.0,308,0.0
2019/05/14,1006.5,1007.8,1004.7,75,48,1.1,275,5.6,298,0.0
2019/05/15,1006.7,1008.3,1005.1,89,61,1.0,26,5.7,162,2.5
2019/05/16,1005.3,1006.9,1002.9,85,55,1.3,298,6.2,333,0.0
2019/05/17,1004.0,1005.5,1002.2,81,61,1.4,1,6.9,299,0.0
2019/05/18,1003.9,1006.0,1002.2,90,67,1.5,238,8.6,260,14.0
2019/05/19,1005.5,1006.7,1004.0,87,65,1.4,298,7.9,301,0.0
2019/05/20,1005.1,1006.7,1003.7,93,73,1.6,37,10.2,46,73.5
2019/05/21,1006.3,1008.5,1005.1,97,79,1.4,138,6.1,208,1.0
2019/05/22,1006.9,1008.3,1005.4,83,50,1.5,137,5.6,302,0.0
2019/05/23,1007.7,1009.3,1006.3,85,62,1.2,7,5.4,316,0.0
2019/05/24,1008.7,1009.7,1007.3,90,64,1.0,28,6.9,226,1.0
2019/05/25,1007.7,1008.9,1005.9,85,59,1.1,3,5.4,334,0.0
2019/05/26,1006.5,1008.1,1004.4,74,42,1.2,29,5.1,176,0.0
2019/05/27,1006.4,1007.9,1004.7,90,67,1.1,146,4.7,227,19.5
2019/05/28,1006.2,1007.8,1004.5,83,60,1.2,8,6.0,293,0.0
2019/05/29,1006.5,1008.1,1005.1,90,62,1.1,9,6.1,260,8.0
2019/05/30,1007.0,1008.0,1004.9,80,57,1.0,278,5.4,283,0.0
2019/05/31,1006.1,1007.3,1004.3,83,56,1.2,24,5.7,224,0.0
2019/06/01,1005.6,1007.1,1003.6,82,54,1.3,238,6.1,230,0.5
2019/06/02,1005.4,1006.9,1003.6,79,52,1.3,298,6.0,277,0.0
2019/06/03,1005.7,1006.9,1004.2,71,40,1.2,81,5.3,286,0.0
2019/06/04,1006.8,1008.8,1005.2,90,70,1.1,81,5.1,39,16.5
2019/06/05,1007.7,1009.3,1006.3,80,52,1.1,85,6.1,294,0.0
2019/06/06,1008.1,1009.1,1006.7,74,45,2.1,149,9.4,148,0.0
2019/06/07,1007.9,1009.2,1006.1,82,57,1.5,137,6.9,218,0.0
2019/06/08,1006.1,1007.6,1004.3,80,55,1.3,297,6.2,317,0.0
2019/06/09,1004.2,1005.8,1002.6,75,52,1.1,8,5.8,300,0.5
2019/06/10,1002.7,1004.0,1001.1,87,45,1.2,108,8.7,217,49.0
2019/06/11,1002.6,1004.2,1001.3,96,96,1.0,5,7.6,39,57.0
2019/06/12,1003.5,1005.5,1002.3,91,65,1.0,144,6.5,233,36.5
2019/06/13,1001.3,1003.3,999.5,92,58,1.4,138,8.7,135,63.0
2019/06/14,999.0,1000.8,997.0,93,66,1.3,150,6.2,64,71.5
2019/06/15,1001.8,1004.1,999.6,82,63,1.1,255,5.9,258,0.0
2019/06/16,1004.3,1006.8,1002.5,83,52,1.4,51,6.9,143,0.0
2019/06/17,1006.6,1008.8,1005.3,76,50,1.6,147,7.5,132,0.0
2019/06/18,1007.0,1008.1,1005.9,70,42,1.4,132,5.8,158,0.0
2019/06/19,1005.9,1007.2,1003.8,76,53,1.2,297,6.5,295,0.0
2019/06/20,1004.7,1005.8,1003.3,81,54,1.2,301,6.5,318,0.0
2019/06/21,1004.0,1005.2,1002.7,79,46,1.4,298,7.5,323,0.0
2019/06/22,1002.9,1004.1,1001.3,74,44,1.3,44,5.8,266,0.0
2019/06/23,1003.5,1005.3,1001.6,92,67,1.1,3,13.4,217,38.0
2019/06/24,1005.1,1006.7,1003.5,85,56,0.9,74,5.0,277,0.5
2019/06/25,1005.3,1008.3,1004.1,92,48,1.0,309,7.3,234,37.0
2019/06/26,1002.5,1004.3,1000.4,98,72,1.5,77,6.5,185,9.0
2019/06/27,1000.7,1001.8,999.3,97,74,1.3,81,5.5,156,22.0
2019/06/28,1000.7,1001.7,999.0,80,54,1.5,71,6.6,192,0.0
2019/06/29,1000.5,1001.8,998.9,98,96,1.3,137,6.8,242,78.0
2019/06/30,1000.4,1002.1,998.8,78,59,1.8,148,10.5,184,0.0
2019/07/01,999.1,1001.3,996.5,82,53,1.4,48,7.7,334,32.5
2019/07/02,1001.6,1005.1,998.3,97,75,2.6,149,10.3,166,47.5
2019/07/03,1006.4,1008.7,1003.7,96,67,1.9,134,12.8,197,106.0
2019/07/04,1006.9,1008.3,1005.0,95,60,1.0,68,7.4,217,8.0
2019/07/05,1004.2,1006.1,1002.0,95,69,0.9,7,5.2,305,20.5
2019/07/06,1002.5,1004.0,1000.9,93,62,0.9,30,6.9,213,7.0
2019/07/07,1004.2,1006.4,1002.6,92,64,1.1,16,8.7,264,12.5
2019/07/08,1005.4,1006.5,1004.1,99,99,1.3,50,6.7,242,18.5
2019/07/09,1003.4,1005.4,1001.6,97,96,1.2,101,10.7,299,73.5
2019/07/10,1003.7,1007.7,1001.7,97,96,1.6,31,9.3,226,83.5
2019/07/11,1007.5,1009.4,1005.3,96,72,1.2,148,7.5,163,52.0
2019/07/12,1006.8,1009.1,1004.5,81,55,1.3,237,6.0,228,0.0
2019/07/13,1004.6,1006.7,1002.4,79,53,1.1,126,5.2,290,0.0
2019/07/14,1002.9,1004.2,1001.4,78,57,1.2,77,6.7,315,0.0
2019/07/15,1002.5,1004.0,1000.9,80,57,1.3,289,6.9,295,0.0
2019/07/16,1001.2,1003.0,999.0,79,55,1.3,19,7.8,286,0.0
2019/07/17,994.9,999.7,991.3,83,54,1.3,33,5.5,288,0.0
2019/07/18,993.4,994.8,991.9,91,64,1.7,133,8.8,129,49.0
2019/07/19,998.0,1003.3,992.6,97,96,1.5,12,7.0,210,173.5
2019/07/20,1004.5,1006.2,1002.0,96,96,0.8,69,8.6,234,55.5
2019/07/21,1005.3,1007.8,1003.9,90,64,1.1,78,5.9,89,58.5
2019/07/22,1004.5,1005.8,1003.2,83,57,1.6,31,7.7,201,0.0
2019/07/23,1004.3,1005.4,1002.7,82,55,1.1,38,7.7,201,0.0
2019/07/24,1005.1,1006.4,1003.7,80,58,1.2,48,6.9,234,0.0
2019/07/25,1005.8,1006.9,1004.1,80,51,1.1,287,6.8,311,0.0
2019/07/26,1004.2,1005.6,1002.3,85,57,1.2,301,5.7,310,0.0
2019/07/27,1004.1,1005.6,1002.5,87,61,1.1,71,6.8,240,0.0
2019/07/28,1004.9,1006.5,1003.1,89,51,1.0,12,6.3,331,13.0
2019/07/29,1005.1,1006.3,1002.6,77,50,1.1,24,6.3,217,0.0
2019/07/30,1004.1,1006.0,1002.2,82,51,1.1,32,5.6,308,0.0
2019/07/31,1003.2,1005.1,1000.8,78,54,1.1,44,5.7,219,0.0
2019/08/01,1004.0,1005.3,1002.6,89,63,0.9,2,5.2,334,16.5
2019/08/02,1002.4,1004.0,1001.2,92,57,1.0,39,9.6,257,11.5
2019/08/03,1000.0,1002.0,998.5,84,55,1.1,307,6.9,307,1.5
2019/08/04,999.0,999.9,998.0,85,56,1.2,286,5.7,324,0.0
2019/08/05,999.1,1000.5,997.7,86,50,1.3,143,6.1,291,2.0
2019/08/06,998.5,999.8,996.9,87,61,1.4,25,6.6,290,8.5
2019/08/07,995.4,998.1,993.0,87,61,1.1,113,5.8,303,2.0
2019/08/08,990.4,993.7,987.3,87,56,1.0,2,7.3,21,1.0
2019/08/09,989.4,993.4,985.6,92,59,2.4,226,12.8,2,0.5
2019/08/10,995.9,999.1,992.7,99,99,2.3,240,10.8,246,0.0
2019/08/11,999.1,1000.1,997.9,97,80,1.7,234,8.6,238,0.5
2019/08/12,999.9,1001.4,997.6,91,59,1.4,66,8.8,291,8.5
2019/08/13,1000.0,1002.3,997.6,97,96,1.2,85,8.8,85,120.0
2019/08/14,1000.4,1001.8,998.1,94,65,1.2,11,6.6,239,28.0
2019/08/15,999.9,1001.3,998.1,98,96,2.1,230,8.3,267,28.0
2019/08/16,1001.7,1004.3,999.8,97,96,1.3,231,10.5,222,49.0
2019/08/17,1004.2,1006.5,1002.7,96,96,1.3,69,7.5,157,128.0
2019/08/18,1004.2,1005.7,1002.6,96,96,0.9,71,3.7,144,57.0
2019/08/19,1002.9,1004.5,1001.5,97,96,1.2,136,4.9,150,23.0
2019/08/20,1002.4,1003.3,1001.1,97,96,1.2,76,7.0,141,10.5
2019/08/21,1002.2,1004.1,1000.4,95,74,1.7,146,5.9,150,4.0
2019/08/22,1003.1,1004.6,1001.5,85,62,1.1,12,5.6,301,0.0
2019/08/23,1001.6,1004.3,999.3,89,59,1.1,8,5.6,306,0.5
2019/08/24,992.0,999.5,981.6,97,96,2.5,148,19.7,139,60.5
2019/08/25,1003.2,1006.7,997.3,98,96,3.6,149,13.1,210,38.5
2019/08/26,1006.4,1008.7,1004.8,80,53,2.0,162,9.0,186,0.0
2019/08/27,1005.3,1007.5,1003.5,87,63,1.1,300,7.7,314,0.0
2019/08/28,1003.2,1004.9,1001.2,81,52,1.1,343,6.3,317,0.0
2019/08/29,1004.4,1006.5,1002.7,87,60,1.1,79,6.2,221,0.0
2019/08/30,1005.7,1006.9,1004.7,94,66,1.1,46,5.8,96,3.5
2019/08/31,1004.5,1006.2,1002.9,84,60,0.8,291,5.0,313,0.0
2019/09/01,1005.0,1006.6,1003.6,93,65,1.0,46,6.3,20,0.5
2019/09/02,1005.5,1007.1,1003.2,83,54,1.2,23,6.4,322,0.0
2019/09/03,1003.3,1005.2,1001.1,87,51,1.2,151,6.0,225,2.0
2019/09/04,1002.4,1004.8,1000.8,97,78,0.9,84,5.8,6,78.0
2019/09/05,1000.0,1001.5,998.3,85,59,1.1,291,5.2,228,0.5
2019/09/06,999.0,1001.3,997.1,89,59,1.8,78,8.0,84,23.0
2019/09/07,1001.2,1003.5,999.4,85,59,1.1,12,5.3,291,1.0
2019/09/08,1002.4,1003.9,1000.6,81,57,1.2,9,6.6,153,1.0
2019/09/09,1003.5,1005.7,1001.7,87,56,1.1,54,6.5,119,17.0
2019/09/10,1006.7,1009.3,1004.4,98,96,0.9,10,7.0,7,12.5
2019/09/11,1007.8,1009.5,1005.9,80,55,1.0,300,5.2,293,0.0
2019/09/12,1005.6,1007.7,1003.6,82,54,1.0,278,6.0,308,0.0
2019/09/13,1004.2,1005.4,1002.4,80,50,1.1,71,5.3,303,0.0
2019/09/14,1004.0,1005.5,1002.3,80,62,1.6,85,5.4,152,2.5
2019/09/15,1003.9,1005.2,1001.9,87,56,1.6,47,7.2,355,0.0
2019/09/16,1003.1,1004.0,1001.8,87,64,1.3,143,4.7,301,0.0
2019/09/17,1003.9,1005.6,1002.5,78,55,1.4,272,6.2,295,0.0
2019/09/18,1004.7,1006.0,1003.0,80,54,1.1,1,5.7,189,0.0
2019/09/19,1004.4,1005.9,1002.4,76,53,1.2,4,6.7,295,0.0
2019/09/20,1000.6,1003.7,998.4,72,52,1.7,353,10.8,355,0.0
2019/09/21,1000.7,1004.7,997.8,59,46,1.8,8,11.8,346,0.0
2019/09/22,1007.5,1011.2,1004.0,64,39,1.3,320,7.5,317,0.0
2019/09/23,1012.0,1014.0,1010.0,75,48,1.1,339,5.3,214,0.0
2019/09/24,1012.9,1014.3,1011.3,73,46,0.8,26,5.9,307,0.0
2019/09/25,1012.6,1013.7,1011.0,70,49,1.0,12,5.8,324,0.0
2019/09/26,1012.6,1013.7,1011.1,73,46,1.0,335,5.1,296,0.0
2019/09/27,1011.5,1012.9,1010.3,80,59,0.7,7,4.8,322,0.0
2019/09/28,1009.8,1011.3,1008.0,82,52,1.2,1,5.7,321,0.0
2019/09/29,1006.7,1009.7,1004.0,77,48,1.2,286,6.3,297,0.0
2019/09/30,998.3,1004.5,994.9,88,69,1.1,56,8.6,336,0.0
2019/10/01,1005.7,1008.2,999.2,78,48,1.7,4,10.8,290,0.0
2019/10/02,1008.8,1010.1,1007.4,75,43,1.1,17,5.6,301,0.5
2019/10/03,1009.5,1011.1,1007.2,83,53,1.2,55,6.4,310,0.0
2019/10/04,1009.2,1010.8,1007.0,80,49,1.3,304,6.7,308,0.0
2019/10/05,1010.1,1012.0,1008.5,84,56,1.0,40,5.4,239,0.0
2019/10/06,1011.4,1012.7,1009.9,87,61,0.8,94,5.2,317,0.0
2019/10/07,1012.1,1013.7,1010.5,78,50,1.1,301,6.5,311,0.0
2019/10/08,1011.7,1013.1,1010.1,82,54,1.1,26,5.5,275,0.0
2019/10/09,1010.7,1012.1,1008.7,78,52,1.1,139,6.4,240,0.0
2019/10/10,1009.2,1010.9,1007.3,81,54,1.2,89,5.9,291,0.0
2019/10/11,1007.9,1009.5,1005.6,78,56,1.1,4,5.1,247,0.0
2019/10/12,1008.7,1010.6,1007.1,81,62,1.1,218,6.6,249,13.0
2019/10/13,1010.5,1012.0,1009.2,81,60,1.1,37,5.9,317,0.0
2019/10/14,1012.4,1014.3,1010.7,76,56,1.1,135,6.2,277,0.0
2019/10/15,1013.5,1015.0,1011.7,65,48,1.1,6,5.7,317,0.0
2019/10/16,1013.0,1014.4,1011.3,68,54,1.1,258,6.3,290,0.0
2019/10/17,1011.9,1013.4,1009.8,72,52,0.9,3,5.8,290,0.0
2019/10/18,1011.9,1013.3,1010.2,67,53,1.0,338,6.1,316,0.0
2019/10/19,1012.1,1013.6,1010.2,79,43,0.9,342,5.9,325,0.0
2019/10/20,1011.3,1013.1,1009.5,X,53,1.0,259,5.2,222,0.0
2019/10/21,1009.5,1011.2,1007.5,X,46,1.0,327,5.7,242,0.0
2019/10/22,1008.1,1009.8,1006.3,X,48,0.9,4,5.0,261,0.0
2019/10/23,1008.6,1010.5,1006.8,X,45,1.1,331,5.6,303,0.0
2019/10/24,1011.0,1012.8,1009.3,X,53,0.8,347,5.0,204,0.0
2019/10/25,1012.8,1014.4,1011.1,X,62,1.0,282,6.8,232,0.0
2019/10/26,1012.9,1014.6,1010.9,X,53,1.0,281,5.4,245,0.0
2019/10/27,1011.1,1013.1,1008.4,X,52,0.9,316,5.1,300,0.0
2019/10/28,1010.2,1011.7,1007.7,X,45,1.2,319,7.5,312,0.0
2019/10/29,1010.6,1012.3,1008.8,X,53,1.2,1,6.3,354,0.0
2019/10/30,1011.6,1013.1,1010.2,X,55,0.9,296,5.1,271,0.0
2019/10/31,1011.5,1012.4,1010.0,X,53,0.9,4,5.7,301,0.0
2019/11/01,1010.8,1012.7,1008.9,X,54,1.0,291,5.7,304,0.0
2019/11/02,1009.6,1011.0,1008.0,X,54,1.0,21,4.9,319,0.0
2019/11/03,1008.9,1010.8,1007.1,X,50,1.0,4,5.7,10,0.0
2019/11/04,1008.4,1010.2,1007.1,X,73,0.9,330,4.5,312,0.5
2019/11/05,1007.0,1008.8,1005.2,X,56,0.9,333,3.7,241,0.0
2019/11/06,1006.7,1008.1,1004.8,X,52,0.9,352,5.7,287,0.0
2019/11/07,1007.7,1009.5,1005.7,X,50,0.8,332,4.9,240,0.0
2019/11/08,1010.6,1012.9,1008.7,X,45,1.1,346,6.1,352,0.0
2019/11/09,1012.3,1014.2,1010.1,X,42,0.9,2,5.1,228,0.0
2019/11/10,1011.3,1013.4,1009.1,X,47,1.0,341,5.0,284,0.0
2019/11/11,1011.4,1013.3,1009.8,X,45,0.9,40,5.4,235,0.0
2019/11/12,1013.1,1015.1,1011.2,X,40,0.9,91,5.6,305,0.0
2019/11/13,1014.0,1016.2,1011.6,X,47,0.8,64,5.5,319,0.0
2019/11/14,1012.7,1014.7,1010.8,X,49,0.9,347,5.5,306,0.0
2019/11/15,1012.1,1013.8,1010.5,X,50,0.9,250,5.2,315,0.0
2019/11/16,1011.9,1013.5,1010.1,X,44,0.8,4,4.8,303,0.0
2019/11/17,1011.0,1012.6,1008.4,X,37,0.9,335,7.5,1,0.0
2019/11/18,1010.0,1011.7,1008.2,X,44,1.0,10,5.8,14,0.0
2019/11/19,1010.7,1012.6,1008.9,X,56,1.1,4,5.0,330,0.0
2019/11/20,1012.3,1014.4,1010.6,X,55,0.9,274,4.0,354,0.0
2019/11/21,1011.5,1013.3,1009.2,69,50,0.8,347,6.2,7,0.0
2019/11/22,1010.8,1011.8,1009.2,75,50,1.1,113,5.0,28,0.0
2019/11/23,1012.4,1014.5,1010.8,76,51,1.0,1,4.8,306,0.0
2019/11/24,1013.3,1015.2,1011.3,77,48,0.9,11,5.6,327,0.0
2019/11/25,1015.0,1016.5,1013.2,74,54,0.9,359,4.6,254,0.0
2019/11/26,1015.5,1017.3,1013.7,73,55,0.9,286,5.7,263,0.0
2019/11/27,1015.1,1017.1,1012.6,75,53,0.9,336,4.5,283,0.0
2019/11/28,1015.8,1017.4,1013.7,73,52,1.1,332,5.0,321,0.0
2019/11/29,1016.9,1018.3,1015.6,68,49,1.0,246,5.1,246,0.0
2019/11/30,1015.7,1017.5,1013.6,73,45,1.0,280,5.7,289,0.0
2019/12/01,1013.8,1015.9,1011.4,77,38,1.1,355,5.2,209,0.0
2019/12/02,1014.4,1016.1,1012.3,68,46,1.3,10,8.2,304,0.0
2019/12/03,1016.0,1017.3,1014.1,62,45,1.0,289,4.7,325,0.0
2019/12/04,1016.9,1018.3,1015.2,76,56,1.0,330,4.5,319,0.5
2019/12/05,1016.8,1018.1,1014.8,85,70,1.2,1,5.8,360,5.0
2019/12/06,1015.9,1017.0,1014.3,92,84,1.1,25,4.9,313,7.0
2019/12/07,1017.2,1019.5,1014.7,79,65,1.1,14,5.2,1,0.0
2019/12/08,1018.5,1020.2,1016.3,70,44,0.9,339,4.7,312,0.0
2019/12/09,1016.9,1019.1,1014.7,64,41,0.8,86,5.6,301,0.0
2019/12/10,1013.9,1016.2,1011.2,63,31,0.9,339,6.4,5,0.0
2019/12/11,1013.3,1015.6,1011.2,72,45,0.9,312,5.7,313,0.0
2019/12/12,1016.4,1018.9,1014.6,70,46,0.9,2,5.2,282,0.0
2019/12/13,1018.3,1020.4,1016.5,70,35,1.1,10,6.7,302,0.0
2019/12/14,1017.3,1019.7,1014.7,68,40,0.9,348,5.4,288,0.0
2019/12/15,1016.3,1018.4,1014.2,71,47,0.8,283,5.1,267,0.0
2019/12/16,1014.6,1016.6,1011.4,73,42,0.8,350,5.2,10,0.0
2019/12/17,1014.5,1016.6,1012.1,67,41,0.8,5,5.9,310,0.0
2019/12/18,1014.7,1016.5,1012.2,70,45,0.9,320,5.6,299,0.0
2019/12/19,1015.3,1016.8,1013.5,80,56,1.2,356,7.1,60,0.0
2019/12/20,1014.7,1015.9,1012.7,82,71,1.0,336,4.5,7,0.0
2019/12/21,1013.3,1015.2,1011.0,80,49,0.9,6,4.8,296,0.0
2019/12/22,1011.4,1013.1,1008.7,79,49,1.0,302,6.7,291,0.0
2019/12/23,1012.8,1014.7,1010.5,77,53,1.0,342,5.0,290,0.0
2019/12/24,1014.0,1016.1,1011.5,79,51,1.0,1,5.7,44,0.0
2019/12/25,1012.2,1014.5,1009.8,75,51,0.8,310,3.7,10,0.0
2019/12/26,1011.1,1012.9,1008.5,72,44,1.0,347,5.8,5,0.0
2019/12/27,1014.7,1016.8,1012.1,68,59,1.1,346,5.4,4,0.0
2019/12/28,1015.6,1017.5,1013.4,70,56,0.8,329,4.2,317,1.5
2019/12/29,1014.8,1016.5,1013.1,93,85,0.8,333,4.7,312,20.0
2019/12/30,1016.0,1018.0,1013.7,79,55,1.2,8,6.6,15,0.0
2019/12/31,1019.8,1021.8,1017.7,82,71,1.0,329,4.2,336,0.0
2020/01/01,1021.7,1024.1,1020.0,76,59,0.9,328,4.1,313,0.0
2020/01/02,1021.2,1023.6,1019.3,80,56,0.8,21,4.2,290,0.0
2020/01/03,1019.3,1021.3,1017.1,78,56,0.9,19,4.1,40,0.0
2020/01/04,1017.3,1019.5,1015.1,80,52,1.0,314,4.3,291,0.0
2020/01/05,1017.8,1019.3,1015.8,78,56,0.9,33,5.4,287,0.0
2020/01/06,1016.6,1019.0,1014.3,81,48,0.8,297,4.4,272,0.0
2020/01/07,1014.0,1016.1,1011.7,72,49,0.9,19,6.3,7,0.0
2020/01/08,1014.9,1016.7,1012.6,72,49,1.0,325,4.7,220,0.0
2020/01/09,1014.7,1017.0,1012.5,74,50,1.0,299,5.2,9,0.0
2020/01/10,1012.9,1015.4,1010.6,76,47,0.8,323,4.9,300,0.0
2020/01/11,1011.5,1013.4,1009.2,75,48,0.9,20,5.9,295,0.0
2020/01/12,1011.9,1014.0,1009.8,75,51,1.3,345,7.5,360,0.0
2020/01/13,1013.7,1016.1,1011.0,69,46,1.1,341,5.2,297,0.0
2020/01/14,1015.2,1017.5,1012.4,69,26,1.1,17,6.0,315,0.0
2020/01/15,1015.3,1017.7,1013.0,76,46,1.0,342,6.0,7,0.0
2020/01/16,1014.2,1016.3,1011.2,74,44,1.0,324,6.8,270,0.0
2020/01/17,1014.6,1016.2,1012.5,77,51,1.4,4,7.7,348,0.0
2020/01/18,1015.6,1017.0,1013.3,74,50,1.1,334,5.0,285,0.0
2020/01/19,1016.7,1018.5,1014.2,72,48,1.1,339,6.1,6,0.0
2020/01/20,1017.6,1019.4,1015.2,72,41,1.0,287,5.5,237,0.0
2020/01/21,1018.8,1021.0,1017.1,70,40,0.9,331,3.8,309,0.0
2020/01/22,1016.2,1018.4,1014.7,68,41,1.1,300,6.7,133,0.0
2020/01/23,1014.8,1016.8,1012.9,70,47,0.9,2,5.2,186,0.0
2020/01/24,1015.3,1017.1,1013.3,73,44,0.9,308,5.5,307,0.0
2020/01/25,1013.0,1015.8,1010.7,80,58,0.9,10,4.6,13,1.5
2020/01/26,1008.2,1011.1,1005.8,86,56,1.2,336,11.4,5,11.5
2020/01/27,1010.3,1014.3,1007.7,74,51,1.4,338,9.1,1,1.0
2020/01/28,1012.9,1015.2,1010.6,86,77,0.9,333,5.7,1,3.0
2020/01/29,1014.3,1016.3,1012.1,67,48,1.5,330,7.2,313,0.0
2020/01/30,1015.3,1017.5,1013.1,52,34,1.6,5,9.5,1,0.0
2020/01/31,1017.6,1019.5,1015.7,51,31,1.1,3,5.9,315,0.0
2020/02/01,1018.8,1020.6,1016.6,60,35,0.8,1,4.9,285,0.0
2020/02/02,1018.9,1021.7,1016.4,61,30,0.9,321,5.9,314,0.0
2020/02/03,1017.4,1019.1,1015.2,66,30,0.9,340,5.3,314,0.0
2020/02/04,1016.0,1017.4,1013.9,74,44,0.9,357,6.4,322,0.0
2020/02/05,1016.0,1017.6,1013.5,74,47,0.9,7,5.7,23,0.0
2020/02/06,1015.9,1017.4,1013.7,75,54,1.0,331,5.9,321,0.0
2020/02/07,1016.4,1018.2,1013.9,78,50,1.4,329,7.4,9,0.0
2020/02/08,1018.5,1021.2,1016.3,73,48,1.1,329,6.0,1,0.0
2020/02/09,1020.1,1022.1,1017.6,69,50,1.1,330,5.6,350,0.0
2020/02/10,1019.0,1020.8,1016.9,69,50,0.9,314,5.4,311,0.0
2020/02/11,1018.4,1020.5,1016.4,69,52,0.6,18,3.6,308,0.0
2020/02/12,1015.0,1017.8,1012.3,64,37,1.6,3,8.9,145,0.0
2020/02/13,1013.1,1015.0,1010.8,74,58,1.3,173,8.7,133,0.0
2020/02/14,1011.7,1013.8,1009.9,73,56,1.3,13,7.7,162,0.0
2020/02/15,1011.3,1013.5,1008.0,72,51,1.7,182,9.7,181,0.0
2020/02/16,1013.6,1017.4,1011.3,71,56,1.4,338,8.1,304,0.0
2020/02/17,1020.2,1022.4,1017.0,73,57,1.1,12,5.5,2,1.0
2020/02/18,1021.3,1023.5,1019.1,59,46,0.9,9,4.9,295,0.0
2020/02/19,1020.7,1022.3,1019.0,66,43,0.8,340,5.4,308,0.0
2020/02/20,1021.3,1023.4,1019.4,69,37,0.9,335,4.9,331,0.0
2020/02/21,1022.6,1024.8,1020.6,75,45,0.9,294,4.9,284,0.0
2020/02/22,1021.8,1023.5,1019.6,76,52,0.9,298,4.9,302,0.0
2020/02/23,1020.4,1022.9,1018.4,77,54,0.7,302,4.5,287,0.0
2020/02/24,1017.3,1019.5,1015.2,74,50,0.7,293,5.5,300,0.0
2020/02/25,1014.6,1016.8,1012.3,67,38,0.8,13,5.1,283,0.0
2020/02/26,1014.5,1016.4,1012.2,69,43,0.9,3,7.0,269,0.0
2020/02/27,1015.4,1017.0,1013.9,76,56,1.0,262,4.4,282,0.0
2020/02/28,1014.2,1016.2,1011.9,71,52,0.9,10,5.5,291,0.0
2020/02/29,1011.5,1013.8,1008.9,70,47,0.9,2,5.4,148,0.0
2020/03/01,1010.6,1012.2,1008.5,73,42,1.2,305,7.7,281,0.0
2020/03/02,1013.6,1015.9,1011.5,73,57,1.1,5,4.9,233,0.0
2020/03/03,1014.5,1016.8,1011.3,63,43,1.0,300,5.5,229,0.0
2020/03/04,1013.5,1015.8,1010.5,69,50,1.1,321,6.0,2,0.0
2020/03/05,1014.4,1016.4,1012.1,74,54,1.1,334,5.3,310,0.0
2020/03/06,1013.8,1016.3,1011.0,69,49,0.9,288,4.9,280,0.0
2020/03/07,1010.7,1013.6,1007.5,69,47,0.9,3,4.9,245,0.0
2020/03/08,1008.3,1010.4,1006.1,72,52,1.0,3,5.4,229,0.0
2020/03/09,1006.6,1008.5,1004.0,71,54,1.4,1,7.3,143,0.0
2020/03/10,1009.3,1013.4,1006.7,80,67,1.0,75,10.0,321,22.0
2020/03/11,1014.5,1016.3,1012.7,67,52,0.9,19,5.2,198,0.0
2020/03/12,1013.1,1015.3,1010.0,69,49,1.0,150,7.9,146,0.0
2020/03/13,1012.2,1014.2,1010.0,76,57,1.2,294,6.2,300,0.0
2020/03/14,1012.7,1015.5,1010.4,88,72,0.8,357,4.5,40,10.0
2020/03/15,1015.6,1017.4,1013.5,58,41,1.1,324,5.7,172,0.0
2020/03/16,1016.9,1018.7,1015.0,62,44,1.1,298,5.6,316,0.0
2020/03/17,1016.0,1018.0,1013.6,60,39,1.0,267,5.6,297,0.0
2020/03/18,1012.7,1015.2,1010.6,68,50,0.9,3,5.5,327,0.0
2020/03/19,1011.3,1013.1,1009.2,68,49,1.0,304,5.5,315,0.0
2020/03/20,1012.0,1013.4,1010.3,69,45,0.9,352,4.5,233,0.0
2020/03/21,1012.4,1014.7,1010.5,73,56,0.8,244,4.5,301,0.0
2020/03/22,1011.1,1013.2,1009.1,73,53,1.0,297,5.8,297,0.0
2020/03/23,1010.8,1012.4,1008.8,71,45,1.1,337,5.6,300,0.0
2020/03/24,1011.6,1013.2,1010.0,73,54,0.8,335,5.6,305,0.0
2020/03/25,1010.9,1012.6,1008.9,72,51,0.9,296,5.5,332,0.0
2020/03/26,1010.8,1012.4,1008.1,65,40,1.8,151,10.5,137,0.0
2020/03/27,1010.6,1012.3,1008.3,69,51,1.7,147,6.4,196,0.0
2020/03/28,1009.4,1011.5,1006.9,74,50,1.2,49,7.5,317,15.0
2020/03/29,1011.2,1013.3,1008.3,69,52,1.2,4,5.0,300,0.0
2020/03/30,1009.8,1011.3,1007.8,66,40,1.0,346,5.6,301,0.0
2020/03/31,1009.8,1011.9,1007.6,76,46,1.0,325,6.1,246,0.0
2020/04/01,1010.9,1013.6,1008.6,73,57,1.2,323,6.2,292,0.0
2020/04/02,1014.1,1017.2,1011.5,75,58,1.0,25,5.0,18,0.0
2020/04/03,1013.8,1015.6,1011.6,74,53,1.1,7,5.7,284,0.0
2020/04/04,1013.5,1015.5,1011.6,70,46,1.3,322,6.8,297,0.0
2020/04/05,1014.3,1016.1,1012.4,66,47,1.3,329,6.0,315,0.0
2020/04/06,1012.5,1014.9,1009.7,83,75,1.0,10,4.6,14,16.5
2020/04/07,1010.7,1012.5,1008.7,78,51,1.3,325,5.5,351,15.0
2020/04/08,1011.9,1014.0,1009.8,72,49,1.1,297,5.4,294,0.0
2020/04/09,1013.0,1014.9,1011.4,68,40,1.2,346,5.2,293,0.0
2020/04/10,1014.5,1016.2,1012.7,72,56,1.0,295,6.2,335,0.0
2020/04/11,1011.5,1014.7,1009.3,72,48,1.1,321,5.1,240,0.0
2020/04/12,1011.1,1014.6,1008.7,64,45,1.9,346,9.9,354,0.0
2020/04/13,1014.1,1016.6,1012.4,39,24,1.3,342,6.7,11,0.0
2020/04/14,1013.8,1015.5,1011.7,55,37,1.1,295,5.1,303,0.0
2020/04/15,1012.0,1014.0,1009.9,57,37,1.4,26,8.8,297,0.0
2020/04/16,1012.0,1013.4,1010.6,63,38,1.0,13,4.8,290,0.0
2020/04/17,1012.0,1013.8,1010.1,65,42,1.1,294,5.2,227,0.0
2020/04/18,1011.2,1013.1,1008.6,67,44,1.3,23,5.4,197,0.0
2020/04/19,1009.6,1011.4,1008.0,74,50,1.3,145,7.1,149,0.0
2020/04/20,1010.1,1012.3,1008.6,73,49,1.1,34,5.7,292,0.0
2020/04/21,1009.8,1011.3,1007.9,72,52,1.3,40,5.6,282,0.0
2020/04/22,1010.8,1013.2,1008.6,72,55,1.4,280,5.6,299,0.0
2020/04/23,1012.6,1013.4,1011.4,72,62,1.3,331,5.5,4,0.0
2020/04/24,1013.8,1015.3,1012.1,73,63,1.1,345,5.1,45,0.0
2020/04/25,1013.2,1014.9,1011.3,69,49,1.1,351,5.4,301,0.0
2020/04/26,1012.1,1013.9,1009.8,67,43,1.2,13,7.7,325,0.0
2020/04/27,1012.3,1013.8,1011.0,65,44,1.0,298,5.5,242,0.0
2020/04/28,1012.8,1013.9,1011.2,64,46,1.2,40,6.0,211,0.0
2020/04/29,1012.9,1014.2,1011.4,68,48,1.2,60,5.9,305,0.0
2020/04/30,1011.9,1013.7,1010.0,59,39,1.0,16,5.3,306,0.0
2020/05/01,1009.2,1011.5,1006.8,58,41,1.3,1,6.5,299,0.0
2020/05/02,1006.8,1009.0,1004.9,67,49,1.3,44,6.2,200,0.0
2020/05/03,1006.3,1007.7,1004.8,75,57,1.2,55,6.5,310,0.0
2020/05/04,1007.6,1008.7,1006.4,70,47,1.1,16,5.4,232,0.0
2020/05/05,1006.9,1008.0,1005.1,72,51,1.4,304,5.7,241,0.0
2020/05/06,1006.7,1008.3,1005.2,70,56,1.2,50,6.0,314,0.0
2020/05/07,1007.1,1008.4,1005.7,69,49,1.3,288,6.6,298,0.0
2020/05/08,1007.0,1008.4,1005.3,70,52,1.2,7,6.5,282,0.0
2020/05/09,1006.8,1008.2,1005.4,72,54,1.3,254,6.7,294,0.0
2020/05/10,1006.9,1008.1,1004.7,75,55,1.4,9,6.4,259,0.0
2020/05/11,1006.7,1008.5,1004.4,72,49,1.2,258,5.6,222,0.0
2020/05/12,1007.1,1009.0,1005.6,77,60,1.3,1,8.8,305,0.5
2020/05/13,1009.2,1010.7,1007.8,72,51,1.1,46,5.4,209,0.0
2020/05/14,1008.7,1010.4,1006.7,67,49,1.0,325,5.2,313,0.0
2020/05/15,1005.8,1007.5,1003.5,64,44,1.4,17,8.0,153,0.0
2020/05/16,1004.7,1006.5,1002.4,61,31,1.7,8,9.9,218,0.0
2020/05/17,1001.9,1003.9,998.9,68,45,1.7,302,8.7,305,0.0
2020/05/18,1002.6,1004.2,1000.7,74,55,1.2,16,6.7,237,4.0
2020/05/19,1004.4,1005.8,1001.8,82,62,1.2,99,6.8,1,21.0
2020/05/20,1005.8,1007.0,1004.4,80,64,1.0,78,7.4,198,18.0
2020/05/21,1004.5,1006.0,1002.7,90,82,1.2,142,6.7,152,79.5
2020/05/22,1001.9,1004.1,999.7,97,89,1.4,85,7.8,244,457.0
2020/05/23,1002.8,1005.0,1000.3,93,83,0.9,143,4.4,221,7.5
2020/05/24,1005.9,1008.0,1004.1,82,59,0.9,144,5.0,234,0.0
2020/05/25,1007.4,1008.3,1006.4,75,52,1.2,294,5.3,315,0.5
2020/05/26,1006.9,1008.3,1005.2,81,64,1.5,236,7.7,205,84.0
2020/05/27,1006.9,1008.7,1005.0,89,75,1.7,143,6.2,156,129.5
2020/05/28,1008.2,1009.9,1006.6,83,58,1.3,143,6.6,327,33.5
2020/05/29,1008.7,1010.2,1006.6,81,66,1.3,67,5.3,215,11.0
2020/05/30,1009.7,1010.9,1008.6,74,50,1.1,64,4.9,326,0.5
2020/05/31,1009.4,1010.7,1007.0,74,55,1.2,285,5.8,306,0.0
2020/06/01,1008.8,1010.4,1006.5,73,49,1.3,272,6.0,298,0.0
2020/06/02,1007.8,1009.5,1005.9,73,51,1.2,49,5.3,276,0.0
2020/06/03,1007.1,1008.6,1004.8,72,52,1.3,305,6.1,244,0.0
2020/06/04,1006.7,1008.2,1005.4,68,44,1.2,300,6.5,321,0.0
2020/06/05,1006.5,1007.9,1005.0,71,50,1.0,263,5.9,214,0.0
2020/06/06,1005.9,1007.0,1004.7,76,52,1.0,152,7.0,241,28.5
2020/06/07,1005.6,1006.6,1004.4,74,46,1.2,272,7.1,303,4.0
2020/06/08,1006.4,1008.0,1004.1,80,55,1.4,71,7.9,187,13.5
2020/06/09,1007.4,1008.8,1006.1,71,60,0.8,17,4.5,242,0.0
2020/06/10,1007.3,1008.6,1005.8,69,53,1.2,141,5.9,241,0.0
2020/06/11,1005.5,1007.5,1003.1,69,50,1.4,78,5.1,297,0.0
2020/06/12,1003.4,1005.1,1001.4,74,48,1.2,331,6.0,309,0.0
2020/06/13,1004.9,1008.7,1002.1,67,46,1.9,148,10.7,146,0.0
2020/06/14,1009.4,1011.9,1007.5,67,48,2.2,146,8.5,141,0.0
2020/06/15,1010.0,1011.7,1008.5,65,45,1.3,249,6.1,290,0.0
2020/06/16,1007.4,1009.7,1005.5,69,54,1.2,2,6.7,294,0.0
2020/06/17,1006.4,1007.5,1005.4,68,51,1.2,290,5.2,298,0.0
2020/06/18,1006.6,1007.9,1005.5,68,48,1.3,292,6.0,305,0.0
2020/06/19,1006.9,1008.0,1005.4,68,50,1.3,78,6.7,293,0.0
2020/06/20,1006.2,1007.7,1004.3,69,51,1.3,290,6.0,303,0.0
2020/06/21,1004.5,1005.8,1002.6,71,47,1.2,74,6.7,302,0.0
2020/06/22,1004.6,1006.1,1003.5,70,51,1.2,12,6.1,313,0.0
2020/06/23,1005.1,1005.9,1003.8,70,54,1.1,58,6.1,332,0.0
2020/06/24,1004.8,1005.8,1003.1,70,53,1.4,81,6.5,250,0.0
2020/06/25,1005.5,1007.5,1003.7,66,46,1.4,43,5.6,232,0.0
2020/06/26,1007.1,1008.3,1006.1,70,55,1.1,74,5.8,80,1.0
2020/06/27,1006.9,1008.3,1005.5,69,51,1.8,148,8.1,142,0.0
2020/06/28,1005.8,1007.4,1003.8,65,47,1.7,145,6.0,235,0.0
2020/06/29,1004.5,1006.1,1002.9,75,53,1.7,145,8.6,134,29.0
2020/06/30,1004.0,1005.7,1002.6,80,59,1.6,145,7.1,225,14.0
2020/07/01,1004.1,1006.1,1002.6,81,61,1.5,31,6.7,217,44.0
2020/07/02,1005.6,1008.3,1004.2,76,54,1.6,145,7.6,149,0.0
2020/07/03,1007.6,1009.6,1006.1,71,54,1.5,77,6.9,149,2.5
2020/07/04,1007.1,1009.0,1005.0,73,56,1.1,29,5.2,302,0.0
2020/07/05,1005.3,1007.2,1003.9,70,52,1.2,255,5.4,217,0.0
2020/07/06,1005.9,1008.1,1004.0,70,54,1.4,157,5.8,305,0.5
2020/07/07,1007.8,1008.9,1006.7,72,52,1.3,77,6.1,246,5.5
2020/07/08,1005.4,1007.2,1003.6,69,50,1.2,70,5.2,297,0.0
2020/07/09,1003.5,1004.5,1002.7,67,51,1.2,37,5.2,202,0.0
2020/07/10,1005.2,1006.3,1003.0,66,44,1.3,24,5.3,227,0.0
2020/07/11,1006.0,1007.4,1004.3,68,54,1.3,255,6.1,290,0.0
2020/07/12,1005.5,1007.1,1002.9,68,49,1.3,297,7.0,321,0.0
2020/07/13,1004.7,1005.8,1003.0,65,46,1.2,290,5.5,290,0.0
2020/07/14,1003.3,1004.4,1001.9,74,51,1.3,4,5.2,237,2.0
2020/07/15,1004.1,1006.0,1001.3,86,69,1.1,40,5.2,151,35.5
2020/07/16,1005.4,1006.7,1004.2,76,51,1.1,1,7.1,314,6.0
2020/07/17,1006.8,1008.4,1005.1,74,52,1.2,299,6.1,317,3.5
2020/07/18,1006.5,1007.7,1005.2,68,46,1.2,2,5.0,297,0.0
2020/07/19,1006.4,1008.2,1004.9,71,54,1.4,76,7.3,231,1.5
2020/07/20,1007.7,1009.3,1006.4,73,46,1.4,38,6.5,220,1.5
2020/07/21,1008.3,1009.5,1006.6,70,50,1.1,59,5.4,312,0.0
2020/07/22,1007.3,1008.7,1005.4,74,51,1.0,12,5.7,284,0.0
2020/07/23,1006.6,1007.4,1005.1,77,50,1.2,48,5.6,232,3.0
2020/07/24,1005.7,1007.5,1003.4,71,52,1.3,294,5.4,299,0.0
2020/07/25,1005.0,1006.2,1003.2,72,58,1.4,132,5.1,307,0.0
2020/07/26,1004.8,1005.8,1003.1,73,53,1.3,49,6.0,308,1.5
2020/07/27,1004.8,1006.2,1003.3,71,51,1.3,78,5.5,239,0.0
2020/07/28,1005.9,1007.2,1004.0,79,57,1.3,79,6.3,80,45.0
2020/07/29,1005.3,1007.2,1003.4,78,48,0.9,311,5.3,191,7.0
2020/07/30,1004.3,1007.1,1002.2,79,59,0.9,18,3.5,90,0.5
2020/07/31,1004.5,1006.3,1003.2,83,70,0.9,3,3.9,30,2.0
2020/08/01,1005.4,1006.6,1003.6,76,54,1.2,7,5.9,37,0.0
2020/08/02,1004.8,1006.2,1003.2,81,58,1.3,42,6.4,68,57.5
2020/08/03,1003.3,1004.7,1002.1,92,76,1.4,83,7.6,310,122.5
2020/08/04,1005.6,1007.9,1003.3,90,79,1.8,146,9.5,139,66.5
2020/08/05,1007.3,1009.8,1005.6,74,51,0.8,338,5.4,355,0.0
2020/08/06,1007.9,1009.7,1006.1,78,50,1.1,41,6.6,6,22.5
2020/08/07,1005.8,1008.3,1004.0,76,55,1.1,48,5.5,271,0.0
2020/08/08,1002.7,1005.4,1000.0,75,52,1.3,353,6.2,321,0.0
2020/08/09,1001.4,1003.1,999.8,76,61,1.4,72,7.3,276,0.0
2020/08/10,1002.7,1004.0,1001.3,73,48,2.1,147,10.0,172,3.0
2020/08/11,1007.3,1011.1,1002.7,79,61,3.0,149,11.7,138,15.5
2020/08/12,1010.0,1012.1,1008.0,70,47,1.6,174,8.0,204,0.0
2020/08/13,1009.3,1011.3,1007.2,79,56,1.2,8,9.5,135,58.5
2020/08/14,1007.4,1009.8,1005.1,79,54,1.2,30,6.2,312,64.0
2020/08/15,1006.8,1008.4,1005.3,81,56,0.9,57,5.9,168,8.0
2020/08/16,1006.6,1007.7,1005.1,79,52,1.1,358,6.3,279,7.5
2020/08/17,1005.5,1007.6,1004.3,78,58,1.0,4,7.2,129,0.0
2020/08/18,1005.2,1006.6,1003.6,78,57,1.2,39,7.4,57,1.0
2020/08/19,1005.8,1007.2,1004.0,75,50,1.1,3,6.4,81,2.5
2020/08/20,1006.2,1007.9,1004.4,75,55,1.2,56,5.8,229,0.0
2020/08/21,1005.2,1006.7,1003.4,82,64,1.1,21,6.8,145,37.5
2020/08/22,1003.3,1004.6,1002.2,90,88,1.1,34,3.7,354,41.5
2020/08/23,1004.3,1006.0,1002.9,81,58,1.3,292,7.4,323,24.0
2020/08/24,1002.6,1005.0,1000.2,82,60,1.5,151,5.6,204,67.5
2020/08/25,1001.8,1003.3,1000.5,86,65,1.1,84,7.5,161,32.5
2020/08/26,1002.3,1004.4,1000.7,93,81,1.2,132,7.3,77,292.0
2020/08/27,1001.7,1003.3,999.7,91,78,1.7,138,8.0,156,112.0
2020/08/28,1002.2,1003.7,1001.0,82,61,1.8,137,6.5,226,17.0
2020/08/29,1002.1,1003.3,1000.4,74,56,1.0,77,5.6,293,0.0
2020/08/30,1002.1,1003.5,1000.1,78,52,1.2,3,6.9,292,4.0
2020/08/31,1001.2,1002.7,998.7,84,60,1.2,73,5.9,308,34.5
2020/09/01,1000.7,1003.4,998.9,78,59,1.5,305,8.7,306,0.0
2020/09/02,1003.9,1005.8,1002.6,78,65,1.2,76,5.8,301,0.0
2020/09/03,1006.2,1008.5,1004.3,80,64,1.2,21,5.9,236,21.0
2020/09/04,1006.3,1008.1,1004.2,74,54,1.2,289,5.2,319,0.0
2020/09/05,1003.2,1006.0,1000.8,72,54,1.1,20,5.3,9,0.0
2020/09/06,1001.8,1004.3,999.9,59,30,1.2,347,7.5,353,0.0
2020/09/07,1006.0,1009.1,1003.7,59,32,1.0,234,4.5,213,0.0
2020/09/08,1009.1,1010.7,1008.0,66,44,1.1,359,4.8,268,0.0
2020/09/09,1007.3,1009.6,1005.0,70,47,1.0,64,5.3,302,0.0
2020/09/10,1004.9,1006.3,1002.8,72,55,1.1,78,5.0,264,0.0
2020/09/11,1006.3,1008.2,1004.8,73,54,1.1,43,5.7,251,0.0
2020/09/12,1008.4,1009.8,1006.7,79,61,0.9,102,5.1,11,6.5
2020/09/13,1008.6,1009.7,1006.4,74,52,1.1,7,5.8,288,0.0
2020/09/14,1007.5,1009.0,1004.8,75,53,1.0,144,5.9,284,0.5
2020/09/15,1007.0,1008.6,1004.9,74,52,1.0,5,5.1,297,0.0
2020/09/16,1006.3,1007.6,1005.0,70,53,1.1,288,6.0,308,0.0
2020/09/17,1006.0,1008.2,1004.3,67,48,1.1,45,5.5,290,0.0
2020/09/18,1009.1,1011.7,1007.1,77,52,1.1,73,10.7,79,74.5
2020/09/19,1010.2,1011.7,1008.2,76,54,1.2,43,5.8,285,0.0
2020/09/20,1008.4,1010.4,1006.0,78,53,1.3,37,7.7,155,5.5
2020/09/21,1007.2,1008.9,1005.4,74,54,1.1,3,5.2,293,0.0
2020/09/22,1006.7,1007.6,1005.1,75,59,1.2,4,7.4,242,0.0
2020/09/23,1007.0,1008.5,1005.4,72,55,0.9,337,5.3,292,0.0
2020/09/24,1006.7,1008.1,1005.0,74,51,1.1,20,5.7,8,0.0
2020/09/25,1005.9,1007.4,1004.1,75,56,1.3,23,5.0,271,0.0
2020/09/26,1006.2,1007.9,1004.6,71,53,1.2,319,6.4,233,0.0
2020/09/27,1007.4,1009.1,1005.3,71,54,1.2,6,5.9,323,0.0
2020/09/28,1007.2,1008.8,1004.9,72,50,1.3,314,6.0,311,0.0
2020/09/29,1005.0,1007.7,1002.9,71,55,1.1,12,5.2,216,0.0
2020/09/30,1004.3,1005.6,1002.7,68,51,1.0,9,5.2,325,0.0
2020/10/01,1005.9,1007.8,1004.2,71,57,1.2,7,5.4,218,0.0
2020/10/02,1007.5,1009.4,1005.9,70,49,1.2,35,5.9,278,0.0
2020/10/03,1007.7,1009.1,1005.2,71,51,1.2,309,5.6,296,0.0
2020/10/04,1006.4,1008.6,1004.1,71,49,1.1,32,6.2,332,0.0
2020/10/05,1007.1,1008.9,1005.5,67,47,1.0,294,5.6,225,0.0
2020/10/06,1008.6,1010.1,1006.9,68,50,1.1,313,5.2,320,0.0
2020/10/07,1009.1,1011.0,1007.1,66,56,0.9,280,4.6,313,0.0
2020/10/08,1009.6,1011.1,1007.9,69,59,0.9,2,3.7,162,0.0
2020/10/09,1009.2,1010.8,1007.1,67,53,0.9,284,6.3,306,0.0
2020/10/10,1007.6,1009.4,1005.9,71,50,1.0,338,5.1,292,0.0
2020/10/11,1006.1,1007.7,1003.7,74,51,0.9,348,4.9,290,0.0
2020/10/12,1006.4,1008.3,1004.6,76,56,1.0,334,5.6,307,0.0
2020/10/13,1008.7,1010.8,1006.9,75,56,1.0,7,5.6,298,0.0
2020/10/14,1010.3,1011.5,1008.7,74,53,1.1,3,5.9,299,0.0
2020/10/15,1009.9,1011.5,1007.8,71,51,1.0,288,5.4,300,0.0
2020/10/16,1010.0,1011.6,1008.2,70,52,1.0,291,5.0,305,0.0
2020/10/17,1010.5,1012.0,1009.1,76,53,1.0,300,6.0,299,0.0
2020/10/18,1011.1,1012.7,1009.5,75,56,1.1,25,5.4,244,0.0
2020/10/19,1010.3,1012.0,1008.0,72,54,1.1,292,4.7,226,0.0
2020/10/20,1008.4,1011.0,1006.2,72,51,1.1,318,5.1,303,0.0
2020/10/21,1004.8,1007.3,1002.7,78,54,0.9,8,4.2,296,0.0
2020/10/22,1004.2,1007.2,1002.0,82,65,1.1,342,7.9,11,5.0
2020/10/23,1007.2,1009.3,1004.7,87,71,0.9,3,4.8,354,5.0
2020/10/24,1010.0,1011.6,1007.9,79,57,0.8,15,4.3,244,0.0
2020/10/25,1010.8,1012.5,1008.7,73,53,1.2,145,3.9,319,0.0
2020/10/26,1009.1,1011.2,1006.5,74,58,0.9,359,4.2,298,0.0
2020/10/27,1009.1,1011.1,1006.7,72,52,0.9,357,4.7,302,0.0
2020/10/28,1011.5,1012.9,1009.8,72,53,1.0,349,4.3,305,0.0
2020/10/29,1012.9,1014.5,1010.7,72,53,1.0,1,4.8,289,0.0
2020/10/30,1013.0,1014.1,1011.2,70,56,1.0,332,4.5,235,0.0
2020/10/31,1012.2,1014.4,1010.1,66,51,1.0,2,4.3,182,0.0
2020/11/01,1010.9,1012.6,1008.9,67,42,1.0,22,5.0,305,0.0
2020/11/02,1009.6,1010.9,1007.2,71,45,1.0,2,5.0,285,0.0
2020/11/03,1011.0,1012.7,1008.9,69,48,1.1,320,4.8,318,0.0
2020/11/04,1012.4,1013.7,1010.6,63,48,1.0,243,5.1,258,0.0
2020/11/05,1012.2,1014.2,1010.4,67,50,1.0,39,4.8,304,0.0
2020/11/06,1008.3,1011.8,1004.5,85,63,1.1,2,6.7,360,6.0
2020/11/07,1010.9,1012.7,1008.5,88,71,1.4,150,8.4,148,21.5
2020/11/08,1012.2,1014.6,1010.5,83,66,1.1,340,5.4,314,0.0
2020/11/09,1012.7,1014.4,1011.1,86,80,0.9,3,3.6,347,1.5
2020/11/10,1014.3,1015.6,1012.9,79,58,0.9,345,4.3,275,0.0
2020/11/11,1014.8,1016.2,1013.2,74,52,0.9,282,4.9,306,0.0
2020/11/12,1013.0,1015.0,1011.3,72,55,0.9,297,4.2,283,0.0
2020/11/13,1011.8,1013.1,1010.4,80,66,0.9,330,4.4,7,0.0
2020/11/14,1013.3,1015.4,1011.0,85,71,0.7,317,3.1,352,0.0
2020/11/15,1014.9,1016.5,1013.7,82,63,0.8,40,3.3,301,0.0
2020/11/16,1013.3,1015.0,1011.2,79,61,0.8,1,4.5,303,0.0
2020/11/17,1011.8,1013.2,1010.4,75,55,0.9,7,4.9,284,0.0
2020/11/18,1010.1,1012.0,1008.0,73,53,0.9,11,4.7,285,0.0
2020/11/19,1009.2,1011.0,1007.3,72,52,0.9,8,4.5,298,0.0
2020/11/20,1009.9,1011.3,1008.3,71,51,0.9,2,4.7,307,0.0
2020/11/21,1011.5,1013.4,1009.8,79,63,0.9,230,4.7,240,0.0
2020/11/22,1013.9,1015.4,1012.3,78,58,1.0,341,4.5,309,0.0
2020/11/23,1015.0,1016.4,1013.5,79,60,1.0,300,4.9,317,0.0
2020/11/24,1015.2,1017.1,1013.0,74,55,1.0,315,4.6,302,0.0
2020/11/25,1014.6,1016.2,1012.3,75,55,0.9,292,4.9,292,0.0
2020/11/26,1014.9,1016.7,1012.9,78,54,0.9,285,4.5,296,0.0
2020/11/27,1015.4,1017.3,1013.1,73,53,1.0,337,4.9,313,0.0
2020/11/28,1015.9,1017.8,1013.7,73,51,1.0,4,3.9,1,0.0
2020/11/29,1016.2,1017.8,1014.3,73,56,1.1,331,4.9,296,0.0
2020/11/30,1016.4,1017.9,1014.2,72,54,0.8,329,4.6,226,0.0
2020/12/01,1015.3,1017.5,1013.2,73,51,0.9,248,4.6,250,0.0
2020/12/02,1013.4,1015.5,1010.8,71,45,1.0,330,4.9,256,0.0
2020/12/03,1013.0,1014.5,1011.2,66,50,1.1,14,5.3,314,0.0
2020/12/04,1013.3,1015.3,1011.0,70,56,0.9,4,4.0,5,0.0
2020/12/05,1014.1,1015.9,1012.2,70,51,0.9,7,3.6,311,0.0
2020/12/06,1013.8,1015.2,1011.8,75,55,0.8,2,3.4,2,0.0
2020/12/07,1014.1,1015.9,1011.7,76,55,1.0,338,5.0,309,0.0
2020/12/08,1013.5,1015.8,1011.5,80,63,1.0,339,5.1,309,0.0
2020/12/09,1012.4,1014.2,1010.4,86,75,0.7,344,3.8,354,3.0
2020/12/10,1011.9,1013.4,1009.6,85,66,1.0,334,4.6,37,0.0
2020/12/11,1011.0,1013.1,1008.5,83,59,0.8,338,4.1,6,0.0
2020/12/12,1010.8,1012.7,1008.6,80,55,1.1,11,4.6,216,0.0
2020/12/13,1011.5,1013.7,1009.2,75,39,1.0,333,5.1,239,0.0
2020/12/14,1013.9,1016.2,1011.8,76,55,1.0,334,4.4,29,0.0
2020/12/15,1016.5,1018.3,1014.3,73,53,1.1,1,4.8,355,0.0
2020/12/16,1017.0,1019.2,1015.1,73,55,1.0,337,4.2,5,0.0
2020/12/17,1016.1,1017.9,1013.8,73,49,0.9,347,4.1,252,0.0
2020/12/18,1015.8,1017.2,1012.9,75,51,1.2,13,6.0,348,0.0
2020/12/19,1016.5,1018.1,1014.3,76,58,1.2,335,5.4,310,0.0
2020/12/20,1017.4,1019.5,1015.2,71,56,1.1,354,4.2,296,0.0
2020/12/21,1016.4,1018.3,1015.4,87,75,0.9,334,3.4,316,1.0
2020/12/22,1014.6,1016.8,1012.5,81,55,0.9,330,4.1,256,0.0
2020/12/23,1012.1,1014.9,1009.7,85,66,1.1,359,5.8,36,0.5
2020/12/24,1010.7,1012.9,1008.3,77,57,1.3,335,5.8,4,0.0
2020/12/25,1014.1,1016.3,1011.7,73,53,1.0,356,4.0,306,0.0
2020/12/26,1014.3,1016.9,1011.1,66,36,1.1,12,6.1,354,0.0
2020/12/27,1012.1,1013.8,1009.6,70,41,1.0,26,5.6,315,0.0
2020/12/28,1010.4,1011.9,1008.3,75,48,1.0,258,4.2,293,0.0
2020/12/29,1009.8,1011.6,1007.3,76,51,1.0,325,5.5,318,0.0
2020/12/30,1015.4,1019.5,1010.7,68,49,1.4,340,8.7,13,0.0
2020/12/31,1020.5,1022.1,1018.8,58,49,1.0,4,3.5,10,0.0
2021/01/01,1019.9,1022.1,1017.2,64,40,1.0,4,4.0,290,0.0
2021/01/02,1018.1,1019.7,1015.3,70,41,0.9,325,4.3,288,0.0
2021/01/03,1017.9,1019.9,1015.0,71,36,1.0,321,6.2,319,0.0
2021/01/04,1016.3,1018.5,1013.7,76,42,1.1,346,4.8,313,0.0
2021/01/05,1014.8,1016.8,1012.3,75,48,1.1,11,5.5,310,0.0
2021/01/06,1014.4,1016.7,1011.6,73,61,0.9,296,3.2,299,0.0
2021/01/07,1015.2,1017.1,1013.3,83,69,1.2,8,5.7,311,0.0
2021/01/08,1018.4,1020.0,1016.8,71,63,1.4,348,5.6,352,0.0
2021/01/09,1018.9,1020.7,1016.5,58,47,0.9,349,3.9,318,0.0
2021/01/10,1018.4,1020.2,1015.6,62,39,0.8,326,4.1,311,0.0
2021/01/11,1018.3,1020.7,1015.8,68,52,1.1,2,5.9,280,0.0
2021/01/12,1017.4,1019.5,1015.1,65,45,1.1,340,6.5,344,0.0
2021/01/13,1015.3,1017.1,1012.5,61,33,0.8,345,4.5,272,0.0
2021/01/14,1014.4,1016.2,1012.0,59,33,0.7,3,4.2,320,0.0
2021/01/15,1012.6,1014.7,1009.4,63,35,0.7,1,3.5,242,0.0
2021/01/16,1013.2,1015.5,1011.0,66,31,0.7,13,4.3,300,0.0
2021/01/17,1017.2,1019.7,1014.8,68,44,1.1,356,5.2,2,0.0
2021/01/18,1018.0,1019.7,1015.3,68,47,1.0,13,4.6,220,0.0
2021/01/19,1016.3,1017.6,1014.5,68,47,0.8,349,4.9,308,0.0
2021/01/20,1014.7,1016.5,1012.5,74,41,0.8,9,4.4,322,0.0
2021/01/21,1011.8,1014.2,1009.3,75,45,0.8,77,3.7,311,0.0
2021/01/22,1008.1,1010.1,1006.0,84,64,0.7,353,4.4,324,2.0
2021/01/23,1009.8,1012.7,1007.5,89,69,0.8,311,4.3,350,0.0
2021/01/24,1013.5,1015.1,1011.8,83,64,0.7,329,4.5,311,0.0
2021/01/25,1013.9,1016.2,1011.2,72,39,0.9,9,4.7,22,0.0
2021/01/26,1013.3,1013.5,1010.7,79,54,0.7,312,2.8,324,0.0
2021/01/27,1013.2,1015.3,1010.7,82,59,1.0,318,4.0,301,0.0
2021/01/28,1015.3,1017.3,1013.0,75,47,1.4,334,8.2,307,0.0
2021/01/29,1017.3,1019.0,1015.8,65,50,1.0,336,4.8,310,0.0
2021/01/30,1018.9,1020.4,1017.1,71,47,0.9,3,4.5,299,0.0
2021/01/31,1018.4,1020.7,1016.1,68,42,0.7,2,5.4,316,0.0
2021/02/01,1015.9,1018.2,1013.3,49,15,0.8,305,5.4,265,0.0
2021/02/02,1015.8,1017.5,1013.7,59,22,0.6,1,5.4,280,0.0
2021/02/03,1017.6,1019.7,1015.6,73,50,0.8,287,4.5,293,0.0
2021/02/04,1017.6,1020.0,1015.5,71,46,0.6,296,4.9,310,0.0
2021/02/05,1015.9,1018.2,1014.0,76,48,0.8,323,4.4,322,0.0
2021/02/06,1014.2,1016.6,1012.1,69,44,0.7,293,4.7,286,0.0
2021/02/07,1014.0,1016.1,1011.6,71,43,0.7,98,4.9,266,0.0
2021/02/08,1014.9,1016.6,1013.5,76,57,0.8,353,5.5,235,0.0
2021/02/09,1014.6,1016.7,1012.5,74,56,1.0,26,6.0,286,0.0
2021/02/10,1010.2,1013.7,1007.4,77,58,0.9,299,4.6,360,0.0
2021/02/11,1006.8,1008.9,1004.3,83,57,1.6,321,8.5,310,14.0
2021/02/12,1010.0,1012.0,1008.1,80,55,1.1,337,5.1,310,0.0
2021/02/13,1011.5,1013.2,1009.7,77,52,0.9,337,5.2,298,0.0
2021/02/14,1010.8,1012.7,1008.6,83,52,1.0,336,6.6,310,0.0
2021/02/15,1011.3,1012.6,1010.3,77,48,0.9,4,6.1,237,0.0
2021/02/16,1012.2,1013.9,1010.1,68,37,0.8,304,5.2,282,0.0
2021/02/17,1014.5,1017.7,1012.5,67,45,1.0,336,6.5,310,0.0
2021/02/18,1019.2,1021.0,1017.4,62,48,0.8,349,6.3,227,0.0
2021/02/19,1019.1,1021.1,1017.3,64,48,0.8,296,6.0,263,0.0
2021/02/20,1016.7,1018.9,1014.7,63,30,0.7,28,5.8,306,0.0
2021/02/21,1014.6,1017.1,1012.4,55,31,0.7,51,4.9,276,0.0
2021/02/22,1012.6,1014.5,1010.4,59,36,0.7,293,6.0,312,0.0
2021/02/23,1011.0,1012.6,1009.0,73,42,0.8,296,4.6,297,2.0
2021/02/24,1009.9,1011.8,1007.6,83,61,0.8,261,5.2,319,0.0
2021/02/25,1007.3,1009.6,1005.0,76,56,1.1,293,5.8,321,0.0
2021/02/26,1006.2,1008.3,1003.9,73,49,1.1,296,6.4,297,0.0
2021/02/27,1009.6,1012.3,1007.7,77,52,1.0,326,5.0,303,0.0
2021/02/28,1012.1,1013.9,1010.2,74,53,0.9,6,5.6,284,0.0
2021/03/01,1012.6,1014.5,1010.9,69,45,0.8,285,5.6,289,0.0
2021/03/02,1013.5,1016.5,1011.4,68,53,1.2,331,6.7,301,0.0
2021/03/03,1016.0,1017.5,1014.1,69,54,1.1,337,5.5,225,0.0
2021/03/04,1014.9,1016.8,1013.2,70,46,0.9,15,5.1,307,0.0
2021/03/05,1013.1,1015.0,1010.9,72,54,0.9,279,5.4,285,0.0
2021/03/06,1013.0,1014.7,1011.0,74,57,1.0,347,5.8,231,0.0
2021/03/07,1013.9,1016.0,1011.8,73,55,1.2,1,5.2,286,0.0
2021/03/08,1015.3,1017.0,1012.7,73,57,1.2,346,5.5,291,0.0
2021/03/09,1015.5,1017.6,1013.0,74,48,1.0,284,5.2,316,0.0
2021/03/10,1016.1,1017.7,1013.7,76,59,0.9,328,5.4,346,0.0
2021/03/11,1016.0,1018.1,1013.7,73,54,0.9,304,5.6,324,0.0
2021/03/12,1014.8,1016.7,1012.2,68,40,1.0,324,7.1,307,0.0
2021/03/13,1014.1,1015.9,1011.9,71,54,0.8,328,5.6,297,0.0
2021/03/14,1012.5,1014.3,1010.5,69,48,0.9,327,5.6,248,0.0
2021/03/15,1011.3,1013.3,1008.7,66,49,1.0,35,6.3,317,0.0
2021/03/16,1010.1,1011.6,1008.1,62,41,0.8,307,5.8,247,0.0
2021/03/17,1009.6,1010.9,1007.4,61,41,0.9,286,5.7,315,0.0
2021/03/18,1009.6,1011.4,1007.7,72,47,1.0,286,5.5,291,0.0
2021/03/19,1009.0,1011.4,1006.6,70,51,1.0,339,5.8,312,0.0
2021/03/20,1007.7,1009.2,1005.8,70,49,0.9,323,5.4,289,0.0
2021/03/21,1010.9,1015.3,1007.7,69,52,1.5,333,6.7,293,0.0
2021/03/22,1016.9,1019.0,1014.4,68,60,1.1,332,4.8,309,0.0
2021/03/23,1015.8,1018.3,1013.1,69,50,0.8,324,4.9,305,0.0
2021/03/24,1012.4,1015.1,1009.9,80,61,1.1,7,6.5,33,4.0
2021/03/25,1012.5,1014.9,1010.4,68,40,1.1,338,5.0,333,0.0
2021/03/26,1011.4,1013.9,1008.7,67,43,1.0,356,4.9,297,0.0
2021/03/27,1008.7,1011.1,1005.8,69,48,0.9,13,5.2,273,0.0
2021/03/28,1005.9,1008.0,1003.7,72,58,1.0,296,6.7,302,0.0
2021/03/29,1005.2,1007.0,1002.7,74,55,1.1,258,5.2,299,0.0
2021/03/30,1004.3,1005.6,1002.7,78,60,1.0,9,6.1,304,0.0
2021/03/31,1004.6,1006.2,1002.9,75,53,1.0,2,5.9,233,0.0
2021/04/01,1005.3,1007.3,1003.6,74,49,0.9,282,4.9,313,0.0
2021/04/02,1006.9,1008.9,1005.4,73,51,1.1,304,6.3,265,0.0
2021/04/03,1008.0,1009.2,1006.2,73,50,1.3,298,5.6,309,0.0
2021/04/04,1009.4,1011.1,1007.7,70,48,1.3,8,7.3,299,0.0
2021/04/05,1012.6,1014.1,1010.9,66,55,1.2,335,5.8,261,0.0
2021/04/06,1013.2,1015.0,1011.5,67,55,1.2,341,5.3,248,0.0
2021/04/07,1011.9,1014.3,1010.1,71,62,1.1,149,5.7,311,0.0
2021/04/08,1010.1,1012.1,1007.7,70,48,1.3,297,6.5,335,0.0
2021/04/09,1012.1,1014.0,1010.1,68,52,1.3,335,5.6,1,0.0
2021/04/10,1014.3,1015.7,1012.2,68,47,1.3,281,5.7,289,0.0
2021/04/11,1014.8,1016.4,1013.1,69,47,1.1,282,5.2,230,0.0
2021/04/12,1012.8,1015.3,1010.3,68,45,1.2,295,5.7,312,0.0
2021/04/13,1010.6,1012.3,1008.8,70,54,1.2,288,6.3,315,0.0
2021/04/14,1009.7,1011.4,1007.6,69,50,1.3,357,5.3,299,0.0
2021/04/15,1009.1,1010.9,1006.3,68,48,1.5,332,6.4,318,0.0
2021/04/16,1009.8,1011.1,1008.3,70,52,1.2,4,5.2,325,0.0
2021/04/17,1010.4,1011.7,1008.2,65,45,1.3,352,7.3,233,0.0
2021/04/18,1010.0,1011.3,1007.7,65,49,1.5,262,6.7,285,0.0
2021/04/19,1009.0,1010.3,1007.6,68,50,1.1,264,5.2,291,0.0
2021/04/20,1008.4,1009.9,1006.6,68,50,1.3,300,7.1,331,0.0
2021/04/21,1007.2,1009.2,1005.1,64,53,1.2,291,5.5,273,0.0
2021/04/22,1004.4,1006.3,1002.2,73,55,1.2,296,5.7,299,0.0
2021/04/23,1003.4,1005.4,1001.0,72,47,1.5,345,7.8,324,0.0
2021/04/24,1006.5,1008.2,1004.6,70,51,1.6,153,9.6,213,0.0
2021/04/25,1008.7,1010.6,1006.3,81,63,1.1,71,5.4,218,2.5
2021/04/26,1010.7,1012.8,1008.9,85,78,1.0,24,4.6,264,1.5
2021/04/27,1012.2,1013.6,1010.8,79,61,1.2,323,6.0,304,3.0
2021/04/28,1011.6,1013.4,1009.7,74,52,1.2,288,5.9,326,0.0
2021/04/29,1009.1,1010.6,1007.6,86,74,1.0,337,4.6,324,5.0
2021/04/30,1009.0,1010.3,1007.6,75,53,1.1,6,6.1,222,0.0
2021/05/01,1009.4,1011.0,1007.9,67,47,0.9,83,5.7,246,0.0
2021/05/02,1010.8,1012.4,1009.2,65,47,1.0,264,4.9,302,0.0
2021/05/03,1010.5,1012.3,1008.5,81,51,0.8,298,4.1,276,0.5
2021/05/04,1008.7,1010.3,1006.4,71,46,2.1,148,9.9,150,0.0
2021/05/05,1009.8,1011.8,1008.1,70,51,1.6,138,6.1,286,0.0
2021/05/06,1011.5,1012.7,1009.7,68,52,1.2,292,6.0,313,0.0
2021/05/07,1009.7,1011.9,1007.1,67,49,1.1,298,5.4,325,0.0
2021/05/08,1007.0,1008.5,1004.8,70,41,1.6,142,7.0,140,0.0
2021/05/09,1006.5,1008.7,1003.9,70,54,1.3,287,5.9,303,0.0
2021/05/10,1006.5,1008.5,1004.3,68,54,1.4,151,5.1,245,0.0
2021/05/11,1006.4,1008.2,1004.6,70,47,1.4,67,6.1,211,0.0
2021/05/12,1006.3,1007.8,1004.0,68,42,1.4,291,6.2,316,0.0
2021/05/13,1006.6,1008.0,1005.0,71,47,1.8,142,5.9,301,0.0
2021/05/14,1006.6,1007.9,1004.9,58,36,1.9,145,6.8,224,0.0
2021/05/15,1006.6,1008.0,1004.7,60,43,2.4,147,8.5,142,0.0
2021/05/16,1006.9,1008.6,1004.9,67,45,2.1,149,8.3,159,0.0
2021/05/17,1007.5,1009.0,1006.0,72,49,1.5,144,6.0,219,0.0
2021/05/18,1007.3,1009.1,1005.0,68,51,2.0,146,6.9,203,0.0
2021/05/19,1005.9,1007.5,1003.9,69,47,2.5,147,9.3,183,0.0
2021/05/20,1006.6,1007.8,1004.7,67,47,2.0,150,7.2,149,0.0
2021/05/21,1006.1,1007.6,1004.0,69,48,1.4,39,6.4,215,0.0
2021/05/22,1005.0,1006.8,1003.1,70,47,1.3,293,5.7,249,0.0
2021/05/23,1005.8,1007.3,1004.4,69,50,1.4,62,8.0,226,0.0
2021/05/24,1007.0,1008.6,1005.1,68,46,1.5,77,6.4,324,0.0
2021/05/25,1007.2,1008.8,1005.5,67,48,1.2,50,6.2,296,0.0
2021/05/26,1006.9,1008.3,1004.9,71,51,1.4,270,5.9,229,0.0
2021/05/27,1006.7,1008.0,1005.1,71,51,1.3,28,6.9,305,0.0
2021/05/28,1006.7,1008.5,1005.0,72,50,1.2,286,5.9,322,0.0
2021/05/29,1005.0,1005.9,1003.4,76,48,1.0,15,6.1,239,15.5
2021/05/30,1003.0,1004.8,1001.4,90,79,1.1,83,7.2,1,58.0
2021/05/31,1002.7,1004.9,1001.1,83,65,1.2,34,5.4,298,1.0
2021/06/01,1004.6,1005.8,1003.1,79,62,1.3,149,6.4,147,49.5
2021/06/02,1005.4,1006.8,1003.3,70,49,1.3,80,8.0,161,0.0
2021/06/03,1003.7,1005.9,1001.1,67,45,1.8,149,8.1,134,0.0
2021/06/04,1001.3,1003.4,998.1,72,54,2.1,145,8.4,123,0.0
2021/06/05,1001.9,1004.3,1000.3,88,72,1.7,137,8.5,237,57.5
2021/06/06,1003.5,1006.2,1000.3,94,85,1.8,135,8.0,156,234.0
2021/06/07,1006.6,1008.5,1004.8,79,61,1.1,146,8.6,178,2.5
2021/06/08,1006.6,1007.9,1003.9,72,46,1.1,25,8.3,159,0.0
2021/06/09,1005.4,1006.9,1003.3,71,52,1.1,7,6.5,296,0.0
2021/06/10,1003.8,1005.9,1001.5,70,53,1.1,8,5.8,297,0.0
2021/06/11,1004.7,1008.0,1003.1,70,53,1.2,8,6.0,312,0.0
2021/06/12,1007.2,1009.2,1005.7,73,48,1.3,148,7.7,219,1.5
2021/06/13,1006.9,1008.9,1004.3,73,56,1.2,31,5.3,228,0.0
2021/06/14,1004.4,1006.6,1002.5,71,53,1.2,291,6.3,309,0.0
2021/06/15,1002.8,1004.0,1001.6,76,59,1.2,61,5.3,250,15.0
2021/06/16,1004.8,1006.7,1002.1,88,79,1.0,74,4.6,28,17.5
2021/06/17,1006.1,1007.3,1005.3,81,64,0.9,39,5.6,335,16.0
2021/06/18,1004.7,1006.8,1002.9,79,61,1.0,62,5.3,339,12.0
2021/06/19,1002.9,1005.0,1001.3,88,68,1.0,6,6.7,316,91.5
2021/06/20,1001.2,1003.2,999.9,91,83,1.0,4,6.1,325,164.5
2021/06/21,1001.5,1003.0,999.6,88,74,1.3,254,7.5,137,28.0
2021/06/22,1003.4,1004.5,1000.2,90,74,0.9,306,5.7,291,47.0
2021/06/23,1004.5,1006.8,1002.3,84,61,1.2,66,6.4,176,41.0
2021/06/24,1005.1,1006.7,1002.9,87,57,1.5,147,5.6,224,29.5
2021/06/25,1004.8,1006.6,1003.0,85,64,1.1,107,7.7,233,87.5
2021/06/26,1006.1,1007.7,1004.6,81,50,1.3,10,7.5,236,2.0
2021/06/27,1005.4,1007.4,1004.0,90,67,1.0,45,6.4,323,27.0
2021/06/28,1004.5,1005.6,1003.4,92,78,1.0,78,5.6,4,75.5
2021/06/29,1005.0,1005.9,1004.1,91,76,1.0,37,8.7,206,77.0
2021/06/30,1005.5,1006.7,1004.2,78,58,1.1,36,5.9,250,1.0
2021/07/01,1005.4,1006.9,1003.5,73,53,1.1,33,6.0,222,0.0
2021/07/02,1005.6,1006.7,1004.1,75,58,1.2,47,6.2,313,0.0
2021/07/03,1005.0,1006.8,1003.6,73,57,1.4,142,6.3,237,0.0
2021/07/04,1005.1,1006.6,1003.9,75,55,1.4,5,6.5,301,0.0
2021/07/05,1004.1,1005.7,1002.5,79,53,1.2,19,6.5,302,10.5
2021/07/06,1004.0,1008.2,999.8,77,58,1.7,152,7.2,215,3.5
2021/07/07,1008.4,1010.3,1007.2,66,53,1.9,150,8.7,153,0.0
2021/07/08,1008.9,1010.0,1007.4,74,57,1.3,259,5.6,235,0.0
2021/07/09,1007.7,1009.2,1006.0,71,54,1.3,42,6.3,221,0.0
2021/07/10,1007.7,1009.6,1006.3,70,49,1.2,241,6.0,273,0.0
2021/07/11,1008.7,1009.9,1007.4,72,52,0.9,22,5.9,229,0.0
2021/07/12,1007.8,1009.5,1005.8,71,54,1.0,69,5.9,251,0.0
2021/07/13,1006.3,1007.5,1004.6,71,54,1.1,30,5.9,244,0.0
2021/07/14,1005.7,1007.1,1003.4,74,50,1.3,84,7.1,323,19.0
2021/07/15,1006.2,1007.2,1005.0,83,64,1.0,91,6.0,232,8.5
2021/07/16,1005.7,1006.8,1004.1,75,50,1.2,67,5.5,323,2.5
2021/07/17,1002.7,1004.9,1000.8,74,54,1.2,7,5.6,292,0.5
2021/07/18,1001.2,1002.4,999.1,70,51,1.2,36,5.5,297,0.0
2021/07/19,1001.4,1002.9,999.4,79,57,1.1,25,5.5,318,38.5
2021/07/20,1001.5,1002.5,1000.6,87,68,0.9,30,5.6,270,89.0
2021/07/21,998.1,1001.1,995.6,78,59,1.2,59,4.9,224,1.0
2021/07/22,992.5,995.6,990.0,79,66,2.2,348,10.9,348,0.0
2021/07/23,990.8,992.3,988.8,80,68,2.5,336,11.0,321,9.0
2021/07/24,993.6,996.0,991.4,79,63,2.0,303,10.1,300,0.5
2021/07/25,996.1,997.9,994.7,85,72,1.4,60,7.3,228,17.0
2021/07/26,995.8,997.6,994.2,81,67,1.4,244,7.7,334,8.5
2021/07/27,994.2,995.5,992.0,78,53,1.3,90,5.2,206,5.5
2021/07/28,996.0,998.0,993.9,82,57,1.5,151,5.6,147,3.0
,999.1,--,--,86,--,1.5,145,--,--,83.0
2021/07/30,1000.7,1002.0,999.0,92,87,1.5,46,5.5,148,79.5
2021/07/31,999.8,1001.8,998.0,93,84,1.3,45,8.5,271,175.0
2021/08/01,996.8,998.3,994.9,92,79,1.6,228,9.0,281,142.5
2021/08/02,996.3,997.7,995.2,95,89,1.2,139,6.1,49,95.5
2021/08/03,997.0,999.0,995.1,89,69,1.2,141,6.9,231,8.0
2021/08/04,997.2,999.0,995.6,89,78,2.3,151,9.7,137,70.5
2021/08/05,997.0,998.7,994.9,93,80,2.3,140,10.0,153,123.5
2021/08/06,996.3,997.7,994.9,89,81,2.6,167,11.5,232,82.5
2021/08/07,998.8,1001.9,994.3,98,88,1.9,231,16.0,237,250.0
2021/08/08,1003.4,1005.9,1000.9,95,89,1.2,75,5.7,309,92.5
2021/08/09,1005.0,1006.3,1003.1,93,71,1.0,75,4.9,135,55.5
2021/08/10,1005.5,1007.2,1003.9,85,65,1.3,152,10.0,158,1.5
2021/08/11,1007.1,1008.6,1005.5,80,59,1.2,16,6.3,273,0.0
2021/08/12,1007.6,1009.4,1005.3,78,60,1.1,18,5.7,271,1.5
2021/08/13,1005.5,1007.0,1004.4,86,66,1.8,148,7.0,147,1.5
2021/08/14,1006.2,1009.0,1004.2,94,77,1.4,141,6.9,207,79.0
2021/08/15,1008.8,1011.0,1007.1,77,58,0.9,245,5.6,238,0.0
2021/08/16,1010.2,1011.3,1008.7,76,54,1.2,33,5.6,245,0.0
2021/08/17,1008.0,1010.1,1005.5,74,51,1.4,153,6.0,208,0.0
2021/08/18,1006.0,1007.5,1003.8,76,59,1.2,144,5.0,167,0.0
2021/08/19,1006.2,1007.6,1004.5,74,52,1.3,129,5.7,224,0.0
2021/08/20,1007.1,1008.5,1005.4,71,54,1.2,18,5.5,229,0.0
2021/08/21,1006.3,1007.4,1004.6,74,55,1.1,70,6.2,295,0.0
2021/08/22,1005.2,1006.3,1003.2,69,53,1.2,18,5.3,300,0.0
2021/08/23,1005.4,1007.0,1004.2,72,47,1.2,253,5.7,292,0.0
2021/08/24,1006.1,1008.1,1004.7,75,51,1.2,142,7.1,226,12.5
2021/08/25,1007.4,1009.9,1005.9,79,58,1.0,24,5.2,279,0.0
2021/08/26,1008.9,1010.4,1006.9,76,50,1.3,46,6.1,327,6.5
2021/08/27,1008.9,1009.7,1007.1,75,49,0.9,73,5.4,330,3.0
2021/08/28,1008.0,1009.5,1006.5,74,55,1.2,8,6.4,313,0.0
2021/08/29,1008.0,1009.3,1006.5,74,52,1.1,25,5.4,304,0.0
2021/08/30,1008.2,1010.8,1006.4,86,79,1.0,69,6.0,16,5.0
2021/08/31,1008.0,1009.7,1006.5,78,59,0.9,284,5.9,324,0.5
2021/09/01,1007.5,1008.9,1005.7,80,60,1.2,52,6.0,293,3.5
2021/09/02,1006.5,1008.5,1004.2,81,59,1.3,9,7.2,299,0.0
2021/09/03,1005.1,1007.0,1003.4,81,60,1.1,102,6.4,135,1.5
2021/09/04,1006.1,1007.6,1004.1,80,52,1.3,5,7.3,325,8.0
2021/09/05,1007.0,1010.2,1004.7,83,54,1.1,2,6.6,243,56.0
2021/09/06,1007.8,1009.8,1006.2,81,48,1.3,1,8.3,291,17.5
2021/09/07,1007.5,1009.0,1005.7,83,51,0.9,29,7.0,283,39.5
2021/09/08,1006.1,1008.0,1004.6,80,56,1.2,65,7.3,305,0.5
2021/09/09,1006.1,1007.2,1004.9,76,60,1.1,287,5.4,281,0.0
2021/09/10,1004.3,1006.5,1002.0,75,56,1.2,40,5.6,295,0.0
2021/09/11,997.0,1002.0,993.1,82,65,1.0,2,5.8,326,0.0
2021/09/12,996.2,1002.7,991.6,84,74,2.3,303,11.4,309,3.5
2021/09/13,1005.1,1008.5,1001.5,88,68,0.9,75,6.1,328,13.5
2021/09/14,1008.8,1010.3,1007.2,83,64,1.0,23,5.6,233,3.0
2021/09/15,1007.8,1009.8,1005.7,76,57,1.1,48,5.7,269,2.0
2021/09/16,1006.2,1008.2,1003.7,73,54,1.2,152,5.0,217,0.0
2021/09/17,1006.8,1008.6,1005.5,75,55,1.4,42,4.7,306,0.0
2021/09/18,1008.5,1010.0,1007.1,77,55,1.1,37,5.2,156,0.0
2021/09/19,1008.8,1009.8,1007.5,74,54,0.9,256,5.0,226,0.0
2021/09/20,1007.9,1009.5,1005.3,73,50,1.1,41,5.7,335,0.0
2021/09/21,1006.9,1008.5,1004.6,76,59,1.1,299,6.4,156,1.0
2021/09/22,1008.3,1011.2,1006.5,80,54,0.8,46,7.2,313,3.5
2021/09/23,1011.0,1012.6,1009.4,79,52,1.2,298,12.2,49,21.0
2021/09/24,1010.7,1012.3,1008.6,76,54,1.1,296,5.5,321,0.0
2021/09/25,1009.0,1010.3,1007.3,73,45,0.9,44,12.7,35,7.5
2021/09/26,1007.9,1009.3,1006.1,74,55,1.2,305,4.9,252,0.0
2021/09/27,1006.6,1007.8,1004.7,73,50,1.0,308,5.7,292,0.0
2021/09/28,1005.2,1006.6,1003.4,70,47,1.0,288,5.7,286,0.0
2021/09/29,1004.3,1005.6,1002.2,74,57,1.1,281,6.0,270,0.0
2021/09/30,1005.0,1007.3,1003.1,74,57,1.2,291,5.6,338,0.0
2021/10/01,1006.6,1008.4,1004.6,76,58,1.2,299,6.0,1,0.5
2021/10/02,1008.3,1009.8,1006.4,79,49,0.9,5,8.8,316,37.5
2021/10/03,1009.3,1010.6,1007.8,78,57,1.2,16,5.3,297,0.0
2021/10/04,1009.1,1010.9,1007.6,74,55,1.2,288,6.0,306,0.0
2021/10/05,1007.4,1009.1,1005.6,73,55,1.1,275,6.8,304,0.0
2021/10/06,1005.0,1007.6,1002.8,72,55,1.2,7,4.7,276,0.0
2021/10/07,1004.6,1006.0,1003.2,81,60,1.2,35,4.8,278,1.0
2021/10/08,1005.2,1006.9,1003.7,78,59,1.1,287,4.9,298,0.5
2021/10/09,1005.5,1007.3,1003.9,78,61,1.0,22,5.0,309,0.0
2021/10/10,1003.4,1005.7,1001.3,74,54,1.1,17,5.7,237,0.0
2021/10/11,994.9,1001.4,991.3,83,72,1.1,7,5.2,163,4.0
2021/10/12,996.1,1001.9,991.1,92,81,1.1,14,4.2,201,7.5
2021/10/13,1004.8,1007.3,1001.2,90,72,0.9,70,5.0,155,14.0
2021/10/14,1007.0,1009.0,1005.2,90,80,0.9,61,2.8,145,9.5
2021/10/15,1006.7,1008.2,1005.2,83,68,1.1,290,5.8,263,0.0
2021/10/16,1009.3,1011.9,1007.0,78,50,1.0,32,9.4,16,33.5
2021/10/17,1011.8,1013.4,1010.0,76,50,1.1,330,4.5,307,0.0
2021/10/18,1013.2,1015.0,1011.2,73,59,1.1,258,5.5,221,0.0
2021/10/19,1013.8,1015.6,1011.9,74,56,1.0,358,4.8,313,0.0
2021/10/20,1012.6,1014.2,1010.8,73,54,1.0,48,5.9,261,0.0
2021/10/21,1010.3,1011.9,1008.4,72,48,1.5,305,7.1,289,0.0
2021/10/22,1012.6,1014.4,1011.0,74,54,1.2,341,5.0,271,0.0
2021/10/23,1013.8,1015.2,1012.5,73,52,1.0,3,5.2,303,0.0
2021/10/24,1012.8,1014.4,1010.3,75,54,1.3,333,4.9,316,0.0
2021/10/25,1011.0,1012.8,1008.8,74,50,1.2,4,5.0,285,0.0
2021/10/26,1011.4,1012.9,1009.7,75,51,1.0,287,5.3,338,0.0
2021/10/27,1012.7,1014.1,1011.2,74,52,1.0,4,6.0,311,0.0
2021/10/28,1013.6,1015.1,1012.1,74,61,1.1,289,6.0,291,0.0
2021/10/29,1014.1,1016.1,1012.3,73,52,1.0,276,5.0,228,0.0
2021/10/30,1014.7,1015.9,1013.3,68,49,0.9,250,5.8,343,0.0
2021/10/31,1014.5,1015.8,1012.4,74,50,1.2,307,5.0,283,0.0
2021/11/01,1014.5,1016.0,1012.4,74,55,0.9,3,5.1,313,0.0
2021/11/02,1013.6,1015.8,1011.4,75,52,1.0,335,5.1,300,0.0
2021/11/03,1012.6,1014.1,1010.6,74,55,1.0,292,5.2,236,0.0
2021/11/04,1011.6,1013.1,1009.7,72,56,1.2,311,6.0,315,0.0
2021/11/05,1009.4,1012.0,1006.8,75,55,1.1,18,5.3,137,0.0
2021/11/06,1006.7,1008.1,1004.6,72,48,1.3,17,5.9,286,0.0
2021/11/07,1008.5,1010.0,1007.2,75,52,1.0,330,4.8,242,0.0
2021/11/08,1010.4,1012.9,1008.6,74,59,1.4,331,6.2,16,0.0
2021/11/09,1013.5,1016.0,1011.6,65,48,1.3,346,5.2,2,0.0
2021/11/10,1013.5,1015.0,1011.4,57,31,1.3,359,7.0,331,0.0
2021/11/11,1013.4,1015.4,1010.7,62,38,1.0,346,4.7,217,0.0
2021/11/12,1014.1,1016.4,1012.6,61,45,1.0,333,5.1,299,0.0
2021/11/13,1013.4,1015.7,1010.7,71,51,1.6,351,6.5,298,0.0
2021/11/14,1013.1,1015.3,1010.3,73,48,1.3,346,4.9,323,0.0
2021/11/15,1012.6,1014.4,1010.6,69,49,0.9,63,5.3,289,0.0
2021/11/16,1012.9,1014.4,1010.7,74,48,1.1,1,6.3,278,0.0
2021/11/17,1012.5,1014.3,1011.0,78,52,1.0,1,5.2,318,0.0
2021/11/18,1009.0,1012.0,1005.8,77,47,1.6,334,6.8,9,0.0
2021/11/19,1007.5,1009.0,1005.3,78,54,1.2,325,6.4,313,0.0
2021/11/20,1009.1,1010.9,1007.6,79,54,0.9,323,5.0,312,0.0
2021/11/21,1009.9,1011.3,1008.0,73,46,1.2,2,5.9,299,0.0
2021/11/22,1010.9,1013.8,1008.8,76,55,1.5,338,7.1,1,0.0
2021/11/23,1015.0,1016.9,1013.0,70,59,1.5,6,5.2,342,0.0
2021/11/24,1015.2,1016.8,1013.2,71,50,1.3,308,4.7,332,0.0
,1013.5,--,--,74,--,1.1,22,--,--,0.0
2021/11/26,1013.2,1014.9,1011.0,79,51,1.3,350,5.5,4,0.0
2021/11/27,1014.2,1015.4,1013.0,76,55,1.0,6,4.0,1,0.0
2021/11/28,1014.6,1016.5,1012.7,88,76,0.9,337,4.2,1,2.0
2021/11/29,1012.0,1013.7,1010.0,82,58,0.9,323,3.4,321,0.0
2021/11/30,1011.4,1013.2,1008.6,77,56,1.8,13,8.7,36,0.0
2021/12/01,1014.5,1016.2,1012.4,64,51,1.2,343,6.1,355,0.0
2021/12/02,1015.4,1017.0,1012.6,66,37,1.2,351,5.9,318,0.0
2021/12/03,1015.9,1018.1,1013.4,65,36,1.1,336,4.4,331,0.0
2021/12/04,1017.0,1018.5,1015.1,62,38,1.0,257,4.6,292,0.0
2021/12/05,1016.1,1018.0,1013.9,66,36,1.1,3,6.1,312,0.0
2021/12/06,1014.2,1015.5,1012.2,77,46,1.3,21,6.0,15,0.0
2021/12/07,1015.6,1017.6,1014.2,75,49,1.0,6,4.9,292,0.0
2021/12/08,1017.7,1019.3,1015.8,72,50,0.9,7,4.7,295,0.0
2021/12/09,1017.4,1019.0,1015.4,73,45,0.9,352,5.1,345,0.0
2021/12/10,1016.1,1017.6,1014.4,75,45,0.8,2,4.9,296,0.0
2021/12/11,1016.5,1019.0,1014.0,73,43,1.1,2,5.9,310,0.0
2021/12/12,1016.1,1018.0,1013.5,80,45,1.2,338,4.8,293,0.0
2021/12/13,1015.5,1017.3,1013.2,75,52,1.2,11,5.0,16,0.0
2021/12/14,1014.5,1016.5,1012.0,77,50,1.0,291,4.2,231,0.0
2021/12/15,1013.4,1015.6,1010.4,77,48,1.1,339,4.4,345,0.0
2021/12/16,1012.9,1013.4,1010.4,80,52,1.0,7,5.1,229,0.0
2021/12/17,1013.5,1016.2,1010.7,75,49,1.4,337,6.7,349,0.0
2021/12/18,1017.2,1018.8,1015.4,65,53,1.3,348,4.4,330,0.0
2021/12/19,1017.4,1019.2,1015.4,66,47,1.1,3,3.7,310,0.0
2021/12/20,1015.6,1017.4,1013.5,82,62,0.9,350,3.8,71,1.0
2021/12/21,1010.8,1013.5,1008.1,92,77,0.9,150,5.4,153,3.5
2021/12/22,1010.4,1012.2,1008.8,87,70,1.2,326,4.7,345,0.0
2021/12/23,1011.8,1013.5,1010.0,82,60,0.9,319,4.2,355,0.0
2021/12/24,1012.2,1014.5,1010.1,81,54,1.4,346,6.8,354,0.0
2021/12/25,1015.9,1018.9,1013.5,84,70,1.2,337,4.6,1,0.0
2021/12/26,1019.9,1021.8,1017.9,83,70,1.3,332,4.4,354,0.5
2021/12/27,1021.5,1023.4,1019.4,83,69,1.2,332,4.5,24,0.0
2021/12/28,1019.8,1022.1,1017.1,80,50,1.0,355,4.4,285,0.0
2021/12/29,1019.0,1020.6,1017.1,79,47,1.2,356,6.1,13,0.0
2021/12/30,1019.4,1021.0,1017.2,77,52,1.1,343,4.6,318,0.0
2021/12/31,1020.5,1022.0,1017.9,69,50,1.2,338,5.5,306,0.0
2022/01/01,1019.6,1021.7,1017.0,64,34,1.2,335,7.1,302,0.0
2022/01/02,1018.0,1019.7,1015.7,74,34,1.1,341,4.6,314,0.0
2022/01/03,1016.7,1018.6,1014.1,70,35,1.1,328,5.1,316,0.0
2022/01/04,1015.8,1018.1,1013.5,76,48,0.9,340,5.7,290,0.0
2022/01/05,1013.5,1015.2,1011.1,77,48,1.2,324,5.4,36,0.0
2022/01/06,1014.4,1017.2,1012.5,74,55,1.4,10,5.5,325,0.0
2022/01/07,1016.4,1018.4,1013.9,77,53,1.4,337,5.7,353,0.5
2022/01/08,1015.0,1016.9,1012.6,74,53,1.2,342,4.9,324,0.0
2022/01/09,1013.1,1014.9,1010.6,75,52,1.3,336,6.1,354,0.0
2022/01/10,1012.5,1014.6,1009.8,79,50,1.4,320,5.9,7,0.0
2022/01/11,1014.2,1017.1,1011.7,73,57,1.7,335,8.3,353,0.0
2022/01/12,1016.8,1018.7,1014.9,64,48,1.2,4,4.6,23,0.0
2022/01/13,1016.6,1018.8,1013.6,67,33,1.6,337,7.5,331,0.0
2022/01/14,1017.1,1019.1,1014.7,67,35,1.2,345,4.2,313,0.0
2022/01/15,1016.9,1019.1,1014.2,69,43,1.2,330,6.0,342,0.0
2022/01/16,1016.4,1018.3,1013.4,71,40,1.1,334,5.2,350,0.0
2022/01/17,1015.5,1017.2,1013.4,79,51,1.4,355,5.3,333,0.0
2022/01/18,1015.0,1016.6,1013.0,91,81,1.4,15,5.9,5,0.5
2022/01/19,1013.4,1015.3,1011.2,81,57,1.1,334,6.1,360,0.0
2022/01/20,1013.1,1015.0,1011.5,82,58,0.9,1,4.1,324,0.0
2022/01/21,1013.5,1015.6,1011.9,78,51,1.1,6,5.2,355,0.0
2022/01/22,1010.7,1013.5,1007.9,96,85,1.1,345,6.3,323,14.0
2022/01/23,1009.0,1010.2,1007.2,90,69,1.0,294,5.5,331,0.0
2022/01/24,1010.1,1011.9,1008.9,88,60,1.4,329,5.5,318,0.0
2022/01/25,1012.3,1014.2,1010.0,83,45,1.2,16,4.9,326,0.0
2022/01/26,1013.4,1015.1,1011.4,85,56,0.9,289,5.4,224,0.0
2022/01/27,1013.1,1014.8,1011.0,85,54,1.1,293,4.7,305,0.0
2022/01/28,1012.2,1013.6,1010.0,91,71,1.0,1,4.6,3,16.0
2022/01/29,1009.1,1012.2,1006.5,98,92,1.2,346,4.4,330,19.0
2022/01/30,1012.0,1015.8,1008.3,84,70,1.7,349,9.3,309,0.0
2022/01/31,1015.4,1016.9,1014.0,78,52,1.2,359,5.5,343,0.0
2022/02/01,1014.9,1016.5,1012.5,74,50,1.1,333,5.2,7,0.0
2022/02/02,1014.6,1016.2,1012.8,84,57,1.3,4,6.3,338,0.0
2022/02/03,1013.2,1014.3,1011.2,87,62,1.4,330,5.7,12,0.0
2022/02/04,1014.9,1017.4,1012.9,80,56,1.3,332,5.7,333,0.0
2022/02/05,1018.3,1019.9,1016.6,75,54,1.4,334,5.2,326,0.0
2022/02/06,1017.9,1020.1,1015.1,72,44,1.2,19,5.8,313,0.0
2022/02/07,1013.7,1017.0,1010.2,82,50,1.0,349,7.5,303,5.0
2022/02/08,1013.8,1015.5,1011.7,76,55,1.3,11,6.2,348,0.5
2022/02/09,1014.8,1017.7,1011.6,76,47,1.0,332,5.5,293,0.0
2022/02/10,1013.9,1016.3,1011.0,83,52,1.3,322,5.7,330,0.0
2022/02/11,1013.4,1016.2,1011.2,87,59,1.3,329,5.4,325,0.0
2022/02/12,1011.4,1014.0,1009.0,82,51,1.2,319,6.3,331,0.0
2022/02/13,1009.7,1011.2,1007.2,81,57,1.1,342,5.2,6,0.0
2022/02/14,1011.6,1014.1,1009.6,82,66,1.4,9,7.8,354,0.0
2022/02/15,1013.5,1016.1,1011.6,77,60,1.1,322,5.1,26,0.0
2022/02/16,1012.0,1014.2,1009.2,75,43,1.1,293,6.4,285,0.0
2022/02/17,1011.0,1012.4,1009.2,84,61,1.2,19,4.8,3,0.0
2022/02/18,1011.2,1013.8,1009.2,84,60,1.3,326,5.3,17,1.0
2022/02/19,1011.3,1013.4,1008.8,89,59,1.5,331,6.0,340,6.0
2022/02/20,1015.1,1018.1,1012.1,96,91,1.6,350,7.0,9,1.0
2022/02/21,1017.3,1018.8,1015.5,95,88,1.2,337,4.5,349,1.0
2022/02/22,1016.2,1018.1,1014.3,91,76,1.1,329,4.0,337,0.0
2022/02/23,1016.9,1019.6,1015.1,96,82,1.4,13,7.0,348,20.5
2022/02/24,1019.5,1021.0,1017.6,85,67,1.2,337,4.6,1,0.0
2022/02/25,1019.1,1021.7,1016.4,80,54,1.3,314,6.9,319,0.0
2022/02/26,1017.1,1019.9,1014.5,80,44,1.3,6,5.5,327,0.0
2022/02/27,1015.7,1018.2,1013.2,71,42,0.8,327,4.7,242,0.0
2022/02/28,1015.0,1017.8,1012.7,65,39,0.8,288,5.0,311,0.0
2022/03/01,1013.7,1016.1,1011.2,69,44,1.0,2,5.8,290,0.0
2022/03/02,1013.3,1015.0,1011.0,73,43,1.2,3,6.4,330,0.0
2022/03/03,1013.0,1015.7,1010.2,77,46,1.1,4,5.8,259,0.0
2022/03/04,1010.8,1013.4,1008.3,69,42,1.1,3,6.1,281,0.0
2022/03/05,1009.9,1011.7,1007.9,70,45,0.9,327,7.9,326,0.0
2022/03/06,1011.5,1013.6,1009.3,77,52,1.1,350,5.6,300,0.0
2022/03/07,1011.6,1013.4,1009.2,84,69,1.8,340,10.9,18,0.0
2022/03/08,1013.1,1014.6,1010.9,64,39,1.1,23,5.0,288,0.0
2022/03/09,1013.5,1015.3,1010.8,58,32,1.1,338,7.1,318,0.0
2022/03/10,1012.7,1015.1,1010.0,54,33,1.1,16,7.0,295,0.0
2022/03/11,1010.4,1012.4,1007.7,52,31,1.0,22,6.6,328,0.0
2022/03/12,1010.3,1011.6,1008.7,64,38,1.0,14,5.5,300,0.0
2022/03/13,1009.8,1011.8,1006.6,62,30,1.1,33,6.5,220,0.0
2022/03/14,1008.6,1011.1,1006.2,61,38,1.1,281,5.8,360,0.0
2022/03/15,1007.3,1008.8,1005.0,63,39,1.0,278,6.7,285,0.0
2022/03/16,1008.5,1010.0,1006.4,76,56,1.1,303,5.5,309,0.0
2022/03/17,1006.1,1009.0,1003.7,72,49,1.2,14,5.3,36,0.0
2022/03/18,1004.7,1006.2,1003.1,74,60,1.4,302,6.9,306,0.0
2022/03/19,1007.3,1009.6,1005.7,72,49,1.1,236,5.6,326,0.0
2022/03/20,1010.1,1011.9,1008.3,75,53,1.0,8,4.7,218,0.0
2022/03/21,1010.6,1012.9,1008.7,85,65,1.1,3,5.4,152,5.0
2022/03/22,1009.7,1011.4,1007.9,75,60,1.2,303,7.2,289,0.0
2022/03/23,1010.2,1011.9,1008.1,92,78,1.2,323,6.2,332,20.0
2022/03/24,1011.8,1014.0,1010.2,91,77,0.9,325,4.2,321,0.5
2022/03/25,1009.1,1011.2,1006.2,78,50,2.6,148,13.6,136,0.0
2022/03/26,1009.6,1011.1,1007.9,70,44,1.0,144,4.7,232,0.0
2022/03/27,1009.7,1011.7,1008.2,79,65,1.0,249,5.7,242,0.0
2022/03/28,1012.7,1015.6,1010.2,81,65,1.5,322,7.1,323,0.0
2022/03/29,1012.9,1014.8,1010.2,78,54,1.1,335,4.9,337,0.0
2022/03/30,1012.6,1014.6,1010.2,80,55,0.9,2,6.4,343,0.0
2022/03/31,1012.7,1015.0,1010.5,76,56,1.2,272,5.4,297,0.0
2022/04/01,1014.8,1016.7,1013.3,74,60,1.5,335,5.5,353,0.0
2022/04/02,1016.4,1017.7,1015.3,85,70,1.5,330,5.6,23,0.5
2022/04/03,1016.6,1018.0,1015.1,93,19,1.3,7,5.3,347,1.5
2022/04/04,1017.3,1018.6,1015.4,78,47,1.0,336,6.1,314,0.0
2022/04/05,1015.7,1018.3,1012.3,69,35,1.4,340,7.2,331,0.0
2022/04/06,1013.4,1015.2,1011.2,68,40,1.2,2,5.5,288,0.0
2022/04/07,1011.8,1013.3,1009.7,70,38,1.2,2,5.4,284,0.0
2022/04/08,1010.6,1012.0,1008.8,72,54,1.2,5,5.1,289,0.0
2022/04/09,1009.6,1010.9,1007.6,70,51,1.1,47,5.9,334,0.0
2022/04/10,1008.7,1010.4,1006.3,64,28,1.1,57,5.2,313,0.0
2022/04/11,1007.6,1009.4,1005.4,67,50,1.3,138,6.6,342,0.0
2022/04/12,1005.8,1007.8,1003.6,64,42,1.3,3,7.3,316,0.0
2022/04/13,1004.1,1005.6,1002.0,71,48,1.3,284,7.1,306,0.0
2022/04/14,1004.3,1006.6,1002.1,73,56,1.6,18,7.9,305,0.0
2022/04/15,1007.4,1009.8,1005.7,70,47,1.4,8,6.2,145,0.0
2022/04/16,1009.3,1011.4,1007.7,66,48,1.3,338,6.5,318,0.0
2022/04/17,1011.6,1013.5,1009.4,66,48,1.2,328,6.7,21,0.0
2022/04/18,1012.3,1013.9,1010.4,69,51,1.3,300,6.3,313,0.0
2022/04/19,1012.5,1013.9,1011.0,75,60,1.3,336,4.9,334,0.0
2022/04/20,1011.3,1013.3,1009.5,75,58,1.3,1,6.0,301,0.0
2022/04/21,1010.1,1011.3,1008.4,70,53,1.0,1,6.2,241,0.0
2022/04/22,1009.4,1011.2,1007.2,71,51,1.3,262,6.7,148,0.0
2022/04/23,1008.2,1010.4,1006.0,76,46,1.7,150,7.0,148,0.0
2022/04/24,1007.1,1008.5,1004.8,74,53,1.4,40,5.9,306,0.0
2022/04/25,1006.4,1008.2,1004.1,66,45,2.1,35,10.2,133,0.0
2022/04/26,1006.2,1008.1,1004.6,70,45,2.1,148,7.7,157,0.0
2022/04/27,1007.5,1009.3,1005.7,71,49,1.2,283,6.3,331,0.0
2022/04/28,1008.5,1009.7,1006.6,74,54,1.3,266,6.3,217,0.0
2022/04/29,1008.0,1010.3,1005.5,73,57,1.4,292,5.2,284,0.0
2022/04/30,1008.9,1010.4,1006.6,73,54,1.5,346,6.4,3,0.0
2022/05/01,1008.3,1010.1,1006.7,74,57,1.5,343,5.4,293,0.0
2022/05/02,1009.7,1012.0,1007.8,97,76,1.3,329,5.1,17,24.0
2022/05/03,1011.1,1012.4,1009.9,93,79,1.1,326,3.5,331,8.5
2022/05/04,1009.4,1011.1,1007.8,81,55,1.2,14,5.9,292,0.0
2022/05/05,1007.6,1008.9,1005.7,81,56,1.3,19,6.3,360,0.0
2022/05/06,1008.2,1009.6,1006.8,78,56,1.1,354,4.9,283,0.0
2022/05/07,1009.0,1010.6,1007.2,74,46,1.2,317,5.8,3,0.0
2022/05/08,1009.3,1010.4,1008.0,79,58,1.2,2,6.0,300,0.0
2022/05/09,1008.7,1010.4,1006.7,75,50,1.2,1,5.5,323,0.0
2022/05/10,1007.2,1008.8,1005.1,71,43,1.2,215,6.7,229,0.0
2022/05/11,1006.4,1008.3,1005.1,80,54,1.0,95,4.3,226,31.0
2022/05/12,1005.7,1006.8,1004.8,74,60,1.2,71,5.7,221,0.0
2022/05/13,1004.9,1006.2,1003.5,70,56,1.0,78,5.8,226,0.0
2022/05/14,1006.8,1008.6,1004.3,90,72,1.4,147,7.3,186,26.5
2022/05/15,1007.1,1008.5,1005.5,99,95,0.9,330,5.6,209,40.0
2022/05/16,1007.5,1009.5,1005.9,99,96,1.4,336,5.1,303,25.5
2022/05/17,1009.1,1010.9,1007.3,91,71,1.3,324,4.5,24,0.5
2022/05/18,1009.7,1011.0,1008.1,81,59,1.0,340,5.4,297,0.0
2022/05/19,1007.9,1009.8,1005.7,89,19,1.2,1,6.2,161,0.0
2022/05/20,1004.1,1007.0,1001.7,86,61,1.5,335,7.9,234,0.0
2022/05/21,1004.6,1006.1,1003.4,85,66,1.2,2,6.1,285,0.0
2022/05/22,1004.7,1005.8,1003.0,84,64,1.1,30,5.2,262,0.0
2022/05/23,1005.5,1007.7,1004.0,92,58,0.9,9,5.3,157,9.0
2022/05/24,1007.4,1008.9,1006.4,93,74,1.7,151,7.8,138,13.0
2022/05/25,1006.1,1007.9,1004.2,96,75,1.7,148,8.1,146,17.5
2022/05/26,1003.8,1005.6,1001.6,97,81,1.3,140,6.4,212,30.0
2022/05/27,1004.0,1006.3,1002.5,98,87,1.1,147,6.8,233,5.0
2022/05/28,1005.1,1006.5,1003.7,81,51,1.0,11,6.0,309,0.0
2022/05/29,1004.9,1006.0,1003.6,80,55,1.2,150,5.8,303,0.0
2022/05/30,1004.8,1006.3,1003.1,80,55,1.4,139,5.6,303,0.0
2022/05/31,1005.9,1007.5,1003.7,83,53,1.8,150,7.4,199,0.0
2022/06/01,1005.5,1006.8,1003.5,83,58,1.3,17,6.9,203,0.0
2022/06/02,1004.6,1006.3,1003.1,86,57,1.2,281,5.7,297,0.0
2022/06/03,1005.1,1006.5,1003.3,81,52,1.3,229,5.8,238,3.0
2022/06/04,1005.9,1007.4,1004.7,97,83,1.5,82,7.8,265,18.0
2022/06/05,1004.3,1005.7,1002.7,85,59,1.0,86,5.7,241,0.0
2022/06/06,1003.0,1004.1,1001.6,87,60,1.3,76,6.3,286,3.5
2022/06/07,1004.3,1006.6,1002.1,99,84,1.3,140,6.0,235,101.5
2022/06/08,1005.6,1007.4,1004.5,96,73,1.5,150,8.7,203,25.0
2022/06/09,1005.9,1006.9,1004.1,92,71,1.4,141,7.1,144,0.5
2022/06/10,1005.3,1007.4,1003.6,86,56,1.5,150,5.7,159,0.0
2022/06/11,1006.4,1008.8,1005.1,91,72,1.3,149,9.0,155,15.5
2022/06/12,1006.6,1008.2,1005.3,79,46,1.1,16,6.3,234,0.0
2022/06/13,1005.3,1006.5,1003.9,80,57,1.2,286,6.0,281,0.0
2022/06/14,1006.2,1008.5,1004.8,84,58,1.3,24,5.7,239,0.0
2022/06/15,1007.5,1009.2,1006.3,80,50,1.1,77,5.0,229,0.0
2022/06/16,1007.5,1008.9,1005.7,83,50,1.2,242,5.7,224,0.0
2022/06/17,1006.5,1007.5,1005.3,82,53,1.2,6,6.1,233,0.0
2022/06/18,1006.1,1007.2,1004.6,82,54,1.2,23,5.3,283,3.5
2022/06/19,1005.6,1006.6,1004.5,80,51,1.2,243,6.7,308,0.0
2022/06/20,1004.1,1005.3,1002.8,79,45,1.2,267,5.6,310,0.0
2022/06/21,1004.9,1007.4,1002.6,78,51,1.3,70,6.7,303,0.0
2022/06/22,1007.8,1009.9,1005.7,76,51,1.2,251,6.3,267,0.0
2022/06/23,1008.1,1009.7,1005.6,72,41,1.6,214,6.9,181,0.0
2022/06/24,1006.1,1008.0,1003.7,75,45,1.8,145,8.2,137,0.0
2022/06/25,1005.9,1008.0,1003.8,82,55,1.9,11,9.7,168,0.5
2022/06/26,1007.3,1009.1,1005.2,90,71,1.3,14,6.0,331,24.0
2022/06/27,1005.9,1007.5,1003.7,91,69,1.3,2,6.4,292,1.5
2022/06/28,1003.0,1005.0,1001.0,90,65,1.3,296,5.8,217,0.0
2022/06/29,1001.6,1002.9,1000.3,92,64,1.5,148,6.7,144,0.0
2022/06/30,1001.7,1003.2,999.5,87,57,1.3,284,5.9,306,0.0
