date,Guanyin_StnPres,Guanyin_StnPresMax,Guanyin_StnPresMin,Guanyin_RH,Guanyin_RHMin,Guanyin_WS,Guanyin_WD,Guanyin_WSGust,Guanyin_WDGust,Guanyin_Precp
2018/01/01,1012.6,1014.7,1010.1,72,58,3.3,57,10.5,47,0.0
2018/01/03,1010.2,1012.4,1007.8,69,52,2.5,58,9.4,111,0.0
2018/01/03,1010.0,1012.4,1007.5,74,49,1.7,75,7.9,91,0.0
2018/01/04,1008.9,1010.8,1007.2,91,73,1.1,4,5.8,351,0.0
2018/01/05,1009.6,1011.7,1007.8,93,88,2.7,40,10.0,52,3.5
2018/01/06,1008.0,1009.5,1005.7,91,80,2.9,49,11.5,74,40.5
2018/01/07,1007.2,1010.1,1004.2,93,84,2.7,101,12.1,123,67.5
2018/01/08,1006.9,1013.5,1003.4,95,91,2.5,28,10.9,71,116.0
2018/01/09,1015.1,1017.2,1012.3,84,66,2.1,35,8.2,26,16.0
2018/01/10,1018.0,1020.0,1016.4,64,41,2.1,34,10.6,26,0.0
2018/01/11,1019.2,1022.0,1017.0,60,43,2.6,42,11.2,45,0.0
2018/01/12,1021.0,1022.5,1019.0,57,47,2.9,61,11.3,54,0.0
2018/01/13,1018.6,1021.3,1016.2,62,42,3.2,59,12.5,73,0.0
2018/01/14,1013.7,1017.4,1011.1,72,49,2.1,31,8.9,34,0.0
2018/01/15,1009.5,1012.4,1007.0,81,48,1.5,28,7.3,22,0.0
2018/01/16,1006.3,1009.0,1004.1,85,64,1.0,43,5.8,217,0.0
2018/01/17,1006.8,1009.3,1004.8,82,56,2.2,58,10.2,23,0.0
2018/01/18,1008.7,1010.7,1007.0,90,78,3.4,39,9.7,24,1.0
2018/01/19,1010.7,1013.2,1009.3,94,88,2.9,34,9.8,22,5.5
2018/01/20,1008.8,1010.6,1006.6,91,81,3.3,34,10.3,15,0.5
2018/01/21,1006.6,1009.4,1004.2,89,68,2.2,30,8.4,71,0.0
2018/01/22,1006.8,1008.5,1004.3,83,69,2.6,42,11.7,53,0.0
,1007.8,--,--,75,--,3.3,30,--,--,0.0
2018/01/24,1008.7,1010.6,1006.2,74,59,3.9,59,12.2,60,0.0
2018/01/25,1008.7,1010.7,1006.4,79,63,3.5,56,10.7,54,0.0
2018/01/26,1011.5,1014.3,1009.0,88,81,4.5,42,15.1,54,1.0
2018/01/27,1008.6,1011.9,1006.1,77,58,2.2,51,11.6,58,0.0
2018/01/28,1008.0,1011.6,1004.6,95,91,2.9,30,12.9,30,13.5
2018/01/29,1012.8,1014.5,1010.9,92,88,4.4,32,12.8,24,15.0
2018/01/30,1012.3,1015.3,1010.1,91,78,3.2,47,11.1,49,9.0
2018/01/31,1011.6,1015.3,1008.6,93,85,3.2,31,12.6,26,33.0
2018/02/01,1014.7,1016.7,1011.9,91,87,3.6,33,11.5,34,10.5
2018/02/02,1015.9,1018.6,1013.0,88,76,3.3,33,12.6,26,7.5
2018/02/03,1018.1,1019.4,1015.8,88,74,3.8,34,12.2,39,24.5
2018/02/04,1018.2,1019.5,1016.3,92,87,3.2,37,11.3,29,40.0
2018/02/05,1018.6,1020.5,1016.6,81,60,2.8,37,9.9,44,26.0
2018/02/06,1016.3,1019.0,1014.3,62,53,3.2,58,11.0,59,0.0
2018/02/07,1012.5,1015.3,1009.6,83,63,2.6,59,9.3,52,8.0
2018/02/08,1010.8,1013.6,1008.3,80,61,3.4,60,11.7,66,6.5
2018/02/09,1008.5,1009.9,1006.7,92,77,1.8,29,6.9,101,1.0
2018/02/10,1010.6,1015.3,1007.9,95,88,3.0,33,12.4,54,10.5
2018/02/11,1016.3,1018.9,1014.1,80,62,3.5,39,11.5,56,4.5
2018/02/12,1018.5,1020.5,1016.4,60,49,3.2,32,12.0,20,0.0
2018/02/13,1014.8,1018.4,1011.8,61,48,2.7,57,9.4,79,0.0
2018/02/14,1011.1,1014.1,1008.1,78,49,1.1,1,4.3,186,0.0
2018/02/15,1008.5,1010.1,1006.5,72,44,1.2,126,6.0,329,0.0
2018/02/16,1007.8,1010.1,1005.8,94,76,1.7,33,8.9,39,0.0
2018/02/17,1009.9,1012.5,1007.6,77,64,3.4,43,13.0,29,0.0
2018/02/18,1009.8,1012.4,1008.1,86,48,1.0,227,6.3,320,0.0
2018/02/19,1008.3,1010.9,1005.0,85,50,0.8,35,8.8,342,0.0
2018/02/20,1007.8,1009.8,1005.4,95,86,2.2,31,7.6,29,0.0
2018/02/21,1008.9,1010.9,1006.7,93,87,3.4,35,11.3,5,1.5
2018/02/22,1011.3,1013.6,1009.0,92,83,4.1,33,11.6,53,39.5
2018/02/23,1012.0,1013.7,1009.9,78,64,3.0,39,9.8,65,0.0
2018/02/24,1011.5,1015.1,1010.1,91,82,1.0,34,6.6,29,0.0
2018/02/25,1012.0,1014.6,1009.3,94,90,2.8,32,9.9,21,6.0
2018/02/26,1012.1,1014.3,1010.3,78,64,3.3,42,12.6,49,0.0
2018/02/27,1009.0,1010.9,1007.2,81,57,1.3,130,6.4,269,0.0
2018/02/28,1005.4,1007.5,1004.3,92,80,1.4,222,13.2,322,10.5
2018/03/01,1004.5,1006.9,1002.1,80,56,2.0,3,7.2,38,0.0
2018/03/02,1004.5,1006.6,1002.9,88,74,1.2,30,5.9,297,0.0
2018/03/03,1003.3,1005.0,1001.0,91,72,1.3,9,6.7,289,0.0
2018/03/04,1004.0,1005.6,1001.7,88,74,1.0,132,7.7,301,0.0
2018/03/05,1006.1,1011.8,1002.8,93,76,2.8,233,12.0,30,1.0
2018/03/06,1011.9,1014.1,1010.6,88,83,4.1,43,11.8,48,0.0
2018/03/07,1009.0,1011.8,1005.8,84,68,2.4,34,10.1,57,1.0
2018/03/08,1012.9,1016.8,1007.9,85,67,3.2,33,10.8,40,18.5
2018/03/09,1015.3,1016.8,1013.9,63,50,4.1,45,13.0,23,0.0
2018/03/10,1014.2,1015.9,1012.4,61,44,2.8,61,10.7,24,0.0
2018/03/11,1012.8,1014.7,1011.0,57,29,1.7,60,6.8,138,0.0
2018/03/12,1010.4,1010.3,1008.3,71,43,1.0,24,4.7,310,0.0
2018/03/13,1008.6,1010.5,1007.0,85,62,0.8,344,5.0,313,0.0
2018/03/14,1007.0,1009.1,1005.6,87,69,0.6,354,4.5,353,0.5
2018/03/15,1005.6,1007.2,1004.3,86,62,1.1,2,7.9,331,2.5
2018/03/16,1007.5,1011.4,1002.8,86,64,2.2,45,10.8,58,0.0
2018/03/17,1009.8,1012.0,1008.1,85,74,3.4,42,11.1,29,0.0
2018/03/18,1007.2,1009.0,1005.8,87,61,1.1,155,6.0,322,0.0
2018/03/20,1003.5,1005.8,1000.0,84,55,1.3,4,6.7,285,2.0
2018/03/20,1003.8,1007.8,1000.3,94,83,1.9,32,14.5,337,23.0
2018/03/21,1008.7,1010.6,1006.8,70,59,2.0,54,7.3,73,0.0
2018/03/22,1009.0,1010.5,1007.4,63,47,2.2,108,10.1,18,0.0
2018/03/23,1010.4,1011.5,1008.8,58,30,1.9,37,7.6,18,0.0
2018/03/24,1010.6,1012.8,1008.2,63,41,1.5,75,7.0,16,0.0
2018/03/25,1010.2,1012.4,1008.6,62,38,1.2,12,5.5,336,0.0
2018/03/26,1008.9,1010.6,1007.5,74,51,1.4,159,6.6,291,0.0
2018/03/27,1007.6,1009.1,1006.4,86,76,1.9,27,8.5,27,0.0
2018/03/28,1005.6,1007.4,1004.2,84,73,2.0,28,8.4,36,0.0
2018/03/29,1004.7,1006.4,1002.6,69,47,1.4,208,6.9,208,0.0
2018/03/30,1005.9,1007.8,1004.0,61,41,2.6,55,10.9,64,0.0
2018/03/31,1005.1,1007.4,1002.4,60,38,2.9,58,12.5,64,0.0
2018/04/01,1004.3,1006.2,1003.0,61,47,1.6,107,8.4,131,0.0
2018/04/02,1004.4,1005.6,1003.3,78,59,1.3,145,6.3,279,0.0
2018/04/03,1005.4,1006.6,1004.0,79,59,1.2,298,6.3,277,0.0
2018/04/04,1004.7,1006.5,1003.2,80,57,0.8,351,4.8,318,0.0
2018/04/05,1003.3,1004.8,1002.1,83,58,1.1,294,5.9,311,0.0
2018/04/06,1008.4,1015.6,1001.9,83,65,2.8,44,12.3,40,9.0
2018/04/07,1015.2,1017.3,1013.9,70,48,2.2,65,8.2,57,4.0
2018/04/08,1010.8,1014.0,1008.8,58,40,1.9,60,8.5,94,0.0
2018/04/09,1009.3,1011.3,1007.2,73,46,1.4,147,5.3,332,0.0
2018/04/10,1006.5,1008.8,1004.4,69,34,1.2,179,5.0,273,0.0
2018/04/11,1003.7,1005.7,1001.7,80,66,0.9,147,4.1,307,0.0
2018/04/12,1003.2,1005.3,1001.7,87,70,1.2,235,5.9,296,9.0
2018/04/13,1004.0,1005.8,1002.2,85,63,0.9,350,5.5,295,0.5
2018/04/15,1001.9,1003.5,1000.0,88,78,2.5,224,11.5,273,0.5
2018/04/15,1006.7,1009.2,1003.1,84,71,3.3,56,11.5,24,3.0
2018/04/16,1007.6,1009.5,1005.7,67,54,2.9,53,10.5,73,6.5
2018/04/17,1009.4,1011.4,1007.7,82,63,1.8,57,6.9,66,12.0
2018/04/19,1007.0,1008.8,1005.4,71,58,1.6,32,6.6,46,0.0
2018/04/19,1005.8,1007.3,1004.7,73,53,1.2,98,6.1,112,0.0
2018/04/20,1005.5,1007.0,1003.6,72,54,1.4,1,5.5,94,0.0
2018/04/21,1004.7,1006.1,1003.3,80,64,0.9,134,4.8,274,0.0
2018/04/22,1003.1,1005.0,1001.3,80,51,0.9,156,5.0,347,0.0
2018/04/23,1000.5,1002.2,998.6,74,55,1.2,151,6.1,289,0.0
2018/04/24,1001.6,1005.2,998.6,90,78,2.5,60,9.5,42,14.5
2018/04/25,1005.1,1006.7,1003.8,71,57,2.6,39,10.0,27,0.0
2018/04/26,1004.9,1006.2,1003.4,71,48,1.6,55,6.9,60,0.0
2018/04/27,1006.6,1008.3,1004.5,80,68,1.4,35,6.9,66,0.0
2018/04/28,1005.9,1007.6,1004.1,73,58,1.1,60,5.0,121,0.0
2018/04/29,1004.4,1006.1,1002.8,83,66,1.3,51,6.3,299,0.0
2018/04/30,1004.7,1006.6,1003.3,81,60,1.1,260,5.1,289,0.0
2018/05/01,1004.0,1006.0,1002.6,83,68,1.3,232,6.5,228,0.0
2018/05/02,1003.3,1005.1,1001.6,81,63,2.0,203,11.7,233,0.0
2018/05/03,1008.0,1009.9,1004.7,75,61,3.0,50,11.0,61,0.0
2018/05/04,1007.5,1008.6,1006.3,64,51,2.4,99,7.6,76,0.0
2018/05/05,1007.2,1009.0,1005.7,75,59,1.0,36,4.6,288,0.0
2018/05/06,1003.1,1006.2,1000.7,76,59,2.0,229,8.5,211,0.0
2018/05/08,998.9,1001.3,996.8,78,62,3.2,236,11.8,228,0.0
2018/05/08,1001.0,1005.6,997.2,82,64,2.8,47,11.9,278,18.5
2018/05/09,1007.3,1009.9,1004.4,73,65,2.7,53,9.8,58,0.0
2018/05/10,1008.0,1009.9,1005.8,65,50,2.9,54,10.9,46,0.0
2018/05/11,1005.2,1007.4,1003.2,78,62,0.6,356,4.3,344,0.0
2018/05/12,1002.9,1004.6,1001.2,81,64,1.3,163,6.6,292,0.0
2018/05/13,1002.0,1003.5,1000.7,80,64,1.8,229,8.0,238,0.0
2018/05/14,1002.1,1004.2,1000.1,79,59,1.5,230,5.7,288,0.0
2018/05/15,1001.4,1003.4,1000.4,82,65,1.7,183,7.7,233,0.0
2018/05/16,1000.3,1002.0,999.2,84,71,1.4,203,8.4,237,0.0
2018/05/17,999.3,1000.7,997.8,85,73,2.3,224,8.6,225,0.0
2018/05/18,998.7,1000.3,997.1,80,63,2.3,237,9.2,233,0.0
2018/05/19,999.8,1000.9,998.6,82,60,1.2,265,6.6,280,0.0
2018/05/20,1000.7,1003.5,998.4,81,61,1.3,235,7.4,278,0.0
2018/05/21,1001.7,1003.4,998.8,81,66,1.1,31,5.3,29,0.0
2018/05/22,1001.6,1003.7,999.6,79,58,1.0,263,6.3,323,0.0
2018/05/23,1002.3,1003.5,1000.4,81,65,2.0,51,8.9,36,0.0
2018/05/24,1001.8,1003.7,1000.1,77,62,0.8,12,6.0,350,0.0
2018/05/25,999.3,1001.6,997.5,81,66,2.1,232,8.0,231,0.0
2018/05/26,998.4,1000.0,997.0,77,61,3.7,230,13.9,229,0.0
2018/05/27,999.8,1001.3,997.6,77,58,1.9,207,8.7,237,0.0
2018/05/28,1000.6,1002.1,999.4,81,62,1.3,31,7.7,225,0.0
2018/05/29,1001.7,1003.4,999.9,80,59,0.9,230,6.1,284,0.0
2018/05/30,1001.8,1003.1,999.8,78,60,1.6,228,6.2,233,0.0
2018/05/31,1001.5,1003.6,999.5,80,60,2.3,195,9.8,234,0.0
2018/06/01,1003.4,1004.8,1001.8,87,75,2.6,45,9.5,42,4.0
2018/06/02,1002.9,1004.4,1001.6,77,64,2.1,31,9.7,31,0.0
2018/06/04,1000.8,1002.1,999.3,84,70,1.1,38,6.6,19,0.0
2018/06/04,1000.5,1001.7,998.9,84,66,0.4,12,6.2,24,0.0
2018/06/05,1000.8,1002.4,999.1,81,56,1.0,5,5.6,21,6.0
2018/06/06,1000.6,1001.6,999.2,84,69,1.4,35,6.9,17,0.0
2018/06/08,998.4,999.9,996.2,81,58,2.3,30,10.7,16,0.0
2018/06/09,994.8,997.8,993.0,80,60,2.2,36,9.8,38,0.0
2018/06/09,992.4,994.2,990.4,84,69,1.8,34,8.9,13,0.0
2018/06/10,991.9,992.9,990.4,84,69,1.1,41,6.4,360,0.0
2018/06/11,993.3,996.2,990.1,87,74,1.5,25,8.3,30,4.5
2018/06/12,994.6,996.5,993.0,59,33,1.6,64,9.3,71,0.0
2018/06/13,991.4,994.0,989.0,63,52,2.4,103,11.5,65,0.0
2018/06/14,989.6,991.0,988.4,81,71,2.3,39,11.8,58,0.0
2018/06/15,992.3,996.5,989.3,92,83,2.3,32,9.3,21,16.0
2018/06/16,996.8,997.8,995.7,83,64,2.1,41,10.3,23,1.0
2018/06/17,996.2,997.4,994.5,88,72,1.7,32,7.9,19,5.0
2018/06/18,995.6,997.0,994.5,90,69,0.6,16,4.0,22,4.5
2018/06/19,995.2,997.0,993.8,78,64,4.5,227,15.4,230,0.0
2018/06/20,996.0,998.4,994.2,69,57,5.1,227,14.4,229,0.0
2018/06/21,997.7,999.3,996.0,81,66,3.1,230,13.4,238,0.0
2018/06/22,999.0,1000.3,997.2,83,62,1.7,232,10.0,226,0.0
2018/06/23,999.4,1001.0,998.2,82,72,2.3,233,12.3,229,0.0
2018/06/24,1001.1,1002.6,999.9,81,61,0.9,115,7.0,232,0.0
2018/06/25,1002.2,1003.5,1000.8,81,62,1.3,233,7.6,232,0.0
2018/06/26,1002.7,1004.0,1001.8,80,58,1.0,302,5.7,302,0.0
2018/06/27,1000.9,1002.3,999.0,70,48,1.6,206,6.7,229,0.0
2018/06/28,997.9,1000.2,996.0,74,62,2.6,220,9.7,230,0.0
2018/06/29,995.5,996.5,993.6,75,55,1.7,139,8.4,227,0.5
2018/06/30,996.2,998.0,994.5,77,54,1.4,280,6.0,319,3.0
2018/07/01,995.3,996.5,993.8,80,60,1.6,238,8.2,236,0.0
2018/07/03,993.5,994.5,991.7,69,53,4.5,231,13.9,224,0.0
2018/07/03,992.7,994.4,991.6,69,59,6.5,228,16.9,227,0.0
2018/07/04,992.5,994.2,990.6,67,53,6.2,227,16.2,228,0.0
2018/07/05,992.8,994.5,991.3,73,61,5.4,231,14.7,219,0.0
2018/07/06,994.0,996.0,992.5,73,57,3.7,231,13.6,222,0.0
2018/07/07,996.2,998.3,995.1,81,56,1.4,205,7.9,227,7.5
2018/07/08,998.0,999.7,996.7,77,56,0.9,338,5.0,331,0.0
2018/07/09,998.1,1000.4,995.7,70,43,1.4,73,9.2,41,0.0
2018/07/10,994.8,998.5,986.4,84,73,3.0,19,15.2,308,6.0
2018/07/11,990.5,997.7,981.5,87,68,2.5,38,16.7,235,24.5
2018/07/12,997.6,999.1,995.9,87,67,1.0,233,6.1,227,13.0
2018/07/13,998.0,998.8,996.8,80,63,0.9,305,5.2,320,0.0
2018/07/15,997.2,998.2,995.4,68,47,1.2,79,6.8,93,0.0
2018/07/15,997.0,998.5,995.9,65,50,1.6,95,9.0,105,0.0
2018/07/16,995.1,997.4,992.5,68,55,2.7,88,14.0,59,0.0
2018/07/17,993.8,995.5,992.5,65,51,4.0,99,13.8,95,0.0
2018/07/18,995.5,997.0,994.1,63,49,2.5,71,10.9,93,0.0
2018/07/19,996.8,998.4,995.0,70,54,2.0,29,9.1,57,0.0
2018/07/20,995.5,997.2,994.1,78,58,2.4,26,10.0,25,0.0
2018/07/22,992.8,994.7,991.3,88,66,1.2,25,6.7,321,0.0
2018/07/22,992.6,994.7,991.4,85,64,1.1,8,5.8,333,0.5
2018/07/23,994.7,997.8,994.5,80,78,2.3,234,4.9,231,0.0
2018/07/24,997.9,999.2,996.8,82,64,1.0,151,6.5,220,0.0
2018/07/25,998.6,1000.1,997.1,79,59,1.0,354,5.2,330,0.0
2018/07/26,998.3,999.9,996.5,81,59,1.1,310,5.5,329,0.0
2018/07/27,998.3,999.8,996.6,80,62,1.3,2,6.3,335,0.0
2018/07/28,998.0,999.4,995.9,78,61,1.2,333,6.5,332,0.0
2018/07/30,996.7,998.3,994.7,74,47,1.7,231,6.7,321,0.0
2018/07/30,996.4,997.6,994.6,76,53,2.2,232,7.5,233,0.0
2018/07/31,996.0,997.4,993.8,75,52,2.3,229,11.0,224,0.0
2018/08/01,995.1,996.4,992.9,77,59,2.4,231,9.6,224,0.0
2018/08/02,993.9,995.2,992.0,75,52,3.3,231,12.2,234,0.0
2018/08/03,994.8,996.7,992.9,73,58,2.1,203,10.2,233,0.0
2018/08/04,996.9,998.3,995.4,76,57,1.0,54,7.7,228,0.0
2018/08/05,997.7,999.1,996.1,77,54,1.3,6,7.3,23,0.0
2018/08/06,996.7,998.7,994.0,73,60,1.6,7,6.3,320,0.0
2018/08/07,995.8,997.5,993.5,72,53,1.8,50,9.5,29,0.0
2018/08/08,996.3,997.3,994.9,71,53,1.4,13,8.5,5,0.0
2018/08/09,996.6,997.8,995.2,76,56,1.2,29,6.6,340,0.0
2018/08/10,995.5,996.9,993.5,77,58,1.3,32,6.0,327,0.0
2018/08/12,992.5,995.0,990.4,80,58,1.2,2,6.3,325,0.0
2018/08/12,988.7,991.0,986.6,85,60,0.9,229,7.2,351,5.0
2018/08/13,990.4,992.3,988.4,78,52,1.0,6,7.3,24,2.5
2018/08/14,991.5,992.6,990.3,85,62,1.3,6,6.8,204,24.0
2018/08/15,992.8,993.8,991.5,81,65,1.7,234,10.4,214,0.0
2018/08/16,992.1,993.8,990.4,80,63,3.0,230,9.2,222,4.5
2018/08/17,991.2,993.8,989.3,76,58,3.3,227,10.2,231,23.0
2018/08/18,994.0,995.3,992.9,83,64,0.7,5,5.1,321,0.0
2018/08/19,995.6,997.1,994.2,85,64,0.7,313,5.9,321,4.5
2018/08/21,994.7,996.6,993.3,79,62,0.3,127,6.0,328,0.0
2018/08/21,992.2,993.9,990.5,80,62,0.8,27,6.8,332,0.0
2018/08/23,990.0,991.8,987.8,79,66,1.0,33,8.0,26,0.0
2018/08/23,987.1,989.2,984.9,77,59,2.0,55,10.4,33,14.0
2018/08/24,988.9,990.7,987.3,92,80,1.4,41,7.0,228,26.5
2018/08/25,990.0,991.1,989.0,89,71,1.4,30,7.3,31,3.5
2018/08/26,992.2,995.0,990.4,91,78,0.7,24,5.4,305,15.0
2018/08/27,995.9,998.5,993.6,90,66,0.4,28,6.3,227,22.0
2018/08/28,998.1,999.6,996.8,88,65,0.6,37,4.6,321,0.0
2018/08/29,998.9,1001.0,997.6,88,68,0.4,213,3.9,278,X
2018/08/30,1001.8,1004.4,1000.0,88,66,0.7,126,4.8,335,0.0
2018/08/31,1003.6,1004.5,1002.5,81,56,0.6,315,5.4,293,0.0
2018/09/01,1001.8,1004.2,999.8,81,64,0.9,243,4.6,298,0.0
2018/09/02,998.9,1001.1,996.9,80,57,1.3,207,6.0,233,0.0
2018/09/03,996.6,998.5,994.8,79,57,2.9,227,9.8,224,0.0
2018/09/04,995.6,997.4,994.0,79,65,3.2,226,11.0,218,0.0
2018/09/05,997.1,998.4,995.9,83,66,0.9,5,5.3,312,0.0
2018/09/06,997.3,998.4,995.7,83,66,1.1,356,5.6,303,0.0
2018/09/07,997.9,999.8,996.4,85,63,1.4,204,6.0,319,0.0
2018/09/08,1000.0,1001.7,998.4,92,85,1.9,29,9.7,27,56.5
2018/09/09,1002.7,1005.5,1000.3,90,77,3.2,30,14.4,25,19.5
2018/09/10,1002.1,1005.2,998.1,86,73,3.0,52,11.5,65,5.0
2018/09/11,999.2,1001.1,996.4,83,68,1.1,202,7.2,47,0.0
2018/09/12,1000.7,1001.8,999.5,89,76,0.9,6,4.6,27,11.0
2018/09/13,1000.5,1001.9,999.4,77,51,1.5,53,8.6,64,0.0
2018/09/14,1000.1,1001.4,998.5,73,56,3.1,54,11.4,11,0.0
2018/09/15,996.4,999.8,994.2,74,66,3.5,65,15.4,63,0.0
2018/09/16,998.0,1002.7,992.0,71,51,1.9,146,14.7,101,0.0
2018/09/17,1003.8,1006.9,1001.9,84,50,1.0,229,4.8,325,0.0
2018/09/18,1004.9,1006.9,1002.1,77,49,1.5,64,7.8,95,0.0
2018/09/19,1003.3,1005.1,1001.5,75,57,1.1,131,5.8,326,0.0
2018/09/20,1001.8,1003.1,1000.6,84,67,1.1,194,6.2,235,0.0
2018/09/21,1003.3,1005.9,1001.5,84,65,0.7,271,5.6,234,0.0
2018/09/22,1005.3,1006.5,1004.2,80,62,1.1,40,6.3,347,0.0
2018/09/24,1004.3,1005.7,1002.4,81,67,1.3,37,7.3,26,0.0
2018/09/24,1002.3,1004.5,1000.8,84,71,2.8,34,10.0,32,4.5
2018/09/25,1000.7,1002.3,999.0,77,66,3.6,39,11.8,81,2.0
2018/09/26,1000.6,1002.0,998.9,81,72,3.5,28,11.8,20,6.5
2018/09/27,1000.4,1001.6,999.2,78,63,4.0,28,12.0,27,2.5
2018/09/28,999.7,1001.1,998.1,79,60,3.9,29,12.5,35,1.5
2018/09/29,999.0,1000.6,997.6,72,57,1.5,30,8.8,17,6.5
2018/09/30,1002.5,1005.0,1000.1,67,45,2.0,72,10.2,41,0.0
2018/10/01,1005.4,1007.6,1003.7,61,30,2.4,58,9.8,28,0.0
2018/10/02,1007.3,1008.8,1005.4,63,44,2.5,57,12.0,12,0.0
2018/10/03,1006.6,1008.1,1004.7,67,54,2.7,36,12.1,48,0.0
2018/10/04,1003.6,1006.4,1001.3,78,62,2.5,29,11.7,20,11.0
2018/10/05,1001.2,1003.2,999.7,72,48,1.0,41,6.2,320,1.0
2018/10/06,1004.7,1006.7,1002.3,68,55,2.3,53,9.9,24,0.0
2018/10/07,1006.5,1008.4,1004.8,77,63,2.4,32,9.7,30,0.0
2018/10/08,1005.6,1007.3,1004.2,87,79,2.2,37,8.7,18,23.0
2018/10/09,1004.6,1005.9,1002.7,86,75,2.1,33,7.8,19,1.0
2018/10/10,1006.3,1008.5,1004.3,84,66,2.3,39,9.6,49,3.0
2018/10/11,1010.1,1011.8,1007.5,91,76,3.0,40,10.2,26,21.5
2018/10/12,1011.1,1012.9,1009.7,91,76,2.2,58,8.9,72,16.5
2018/10/13,1009.4,1011.7,1007.2,82,70,2.7,58,10.9,69,0.0
2018/10/15,1006.7,1008.3,1004.8,82,64,2.3,60,9.1,67,0.0
2018/10/15,1005.7,1007.6,1003.9,88,78,2.1,30,8.5,26,1.0
2018/10/16,1004.5,1005.7,1003.1,91,84,1.6,30,9.0,13,0.5
2018/10/17,1005.1,1006.7,1003.7,94,85,2.4,29,8.4,23,33.0
2018/10/18,1007.3,1009.3,1005.4,74,57,1.7,61,9.4,61,0.0
2018/10/19,1010.5,1012.2,1007.7,78,68,2.6,49,8.6,53,1.5
2018/10/20,1010.9,1013.0,1009.1,72,60,2.1,46,9.0,55,0.0
2018/10/21,1008.7,1010.6,1007.0,75,55,1.6,30,7.9,13,0.0
2018/10/22,1006.9,1008.5,1004.9,86,66,0.8,11,5.6,353,0.0
2018/10/23,1008.5,1010.0,1006.8,84,73,2.2,30,8.2,8,0.0
2018/10/24,1008.5,1009.9,1007.1,79,64,2.0,49,8.4,46,0.0
2018/10/25,1007.6,1009.1,1006.3,81,65,1.3,28,6.2,24,0.0
2018/10/26,1007.5,1009.3,1005.9,85,63,1.3,163,6.6,69,0.0
2018/10/27,1011.1,1013.1,1008.8,61,44,2.8,37,10.8,22,0.0
2018/10/28,1008.7,1011.4,1006.5,60,43,2.1,99,10.3,18,0.0
2018/10/29,1006.4,1007.9,1004.1,55,35,2.3,58,12.5,68,0.0
2018/10/30,1006.2,1008.2,1004.3,62,42,4.0,57,13.3,64,0.0
2018/10/31,1008.6,1011.3,1009.2,79,82,3.2,47,9.5,61,0.5
2018/11/01,1009.8,1011.5,1008.0,86,79,3.3,54,12.1,60,3.5
2018/11/02,1007.8,1009.8,1006.0,92,85,3.8,35,12.1,36,7.0
2018/11/03,1007.7,1009.0,1006.2,95,87,2.0,27,8.3,71,2.5
2018/11/04,1008.2,1010.0,1006.6,91,78,2.2,30,8.2,8,0.5
2018/11/05,1008.2,1009.8,1006.9,89,76,2.5,29,9.8,55,0.0
2018/11/06,1008.2,1010.0,1006.6,78,56,1.4,50,8.5,73,0.0
2018/11/07,1008.2,1010.4,1007.0,89,65,0.9,144,5.0,307,0.0
2018/11/08,1007.8,1009.2,1006.7,88,66,1.1,30,5.5,26,0.0
2018/11/09,1009.5,1010.9,1008.1,86,74,2.8,39,10.0,47,0.0
2018/11/10,1009.0,1011.2,1007.0,85,65,2.5,27,11.4,47,0.0
2018/11/11,1008.0,1010.1,1006.3,91,75,0.9,6,5.0,326,0.0
2018/11/12,1006.2,1008.5,1004.0,88,66,1.7,28,9.0,28,0.0
2018/11/13,1006.8,1008.4,1005.0,79,67,2.8,40,10.8,51,0.0
2018/11/14,1008.1,1009.7,1006.1,74,63,2.6,43,12.5,31,0.0
2018/11/15,1007.9,1009.9,1006.0,77,56,1.5,28,8.7,20,0.0
2018/11/16,1007.7,1009.1,1006.2,85,66,1.8,29,10.1,43,0.0
2018/11/17,1008.4,1010.7,1007.0,92,87,2.0,37,9.4,23,17.0
2018/11/18,1007.4,1009.1,1005.1,90,70,1.0,228,5.0,321,1.0
2018/11/19,1010.3,1012.5,1007.9,90,81,2.3,35,9.6,68,10.0
2018/11/21,1008.6,1010.8,1006.5,75,63,2.2,56,7.9,52,0.0
2018/11/21,1007.8,1010.4,1005.6,84,58,1.2,27,6.3,30,0.0
2018/11/22,1012.8,1015.2,1010.3,86,76,2.8,30,9.5,24,4.5
2018/11/23,1011.7,1013.9,1010.5,83,69,2.4,55,9.6,84,0.0
2018/11/24,1010.2,1011.9,1008.0,75,59,2.1,69,9.2,59,0.0
2018/11/25,1008.5,1010.2,1006.4,74,38,1.6,223,7.2,105,0.5
2018/11/26,1010.1,1011.8,1008.6,86,61,1.6,132,6.8,144,4.0
2018/11/27,1010.8,1012.1,1009.4,79,70,2.1,41,8.5,25,0.5
2018/11/28,1011.2,1013.7,1009.1,83,73,1.2,45,6.3,106,3.0
2018/11/29,1012.8,1015.0,1011.6,68,54,2.2,50,8.9,74,0.0
2018/11/30,1010.9,1013.1,1008.9,63,42,1.5,87,7.4,79,0.0
2018/12/01,1009.6,1011.8,1007.9,83,58,0.9,3,5.3,320,0.0
2018/12/02,1007.6,1009.0,1005.4,79,43,1.2,156,4.9,283,0.0
2018/12/03,1008.2,1010.1,1006.7,85,53,0.7,47,4.0,321,0.0
2018/12/04,1008.3,1010.0,1006.4,75,48,1.6,153,9.0,40,0.0
2018/12/05,1008.4,1011.1,1005.8,83,77,2.6,39,9.1,49,0.0
2018/12/06,1007.6,1010.2,1005.3,88,69,1.7,32,9.2,32,3.5
2018/12/07,1012.8,1015.0,1009.9,90,79,3.7,41,11.3,38,4.0
2018/12/08,1014.1,1016.1,1012.2,88,80,3.9,41,12.0,52,0.5
2018/12/09,1013.2,1015.7,1011.0,91,84,3.5,40,12.1,44,2.5
2018/12/10,1009.8,1012.2,1007.7,95,93,3.3,33,10.6,27,3.5
2018/12/11,1010.9,1014.9,1007.7,95,88,2.7,26,10.5,11,4.0
2018/12/12,1016.4,1018.3,1014.6,85,78,3.4,36,12.0,18,0.5
2018/12/13,1015.9,1017.5,1013.9,86,73,3.1,29,9.8,26,0.5
2018/12/14,1016.6,1018.1,1015.2,87,78,3.2,41,11.8,40,1.0
2018/12/15,1013.9,1016.7,1011.3,79,63,2.2,50,12.2,56,0.0
2018/12/16,1012.3,1014.2,1010.6,86,75,1.4,199,8.1,38,0.0
2018/12/17,1014.9,1017.2,1012.6,65,51,2.5,34,9.7,9,0.5
2018/12/18,1013.5,1015.9,1011.1,59,36,1.8,57,9.2,99,0.0
2018/12/19,1010.9,1013.2,1008.8,72,45,1.2,129,5.8,99,0.0
2018/12/20,1008.3,1010.2,1005.6,73,38,1.1,102,5.3,280,0.0
2018/12/21,1008.1,1010.3,1006.5,88,75,1.9,26,10.6,5,0.0
2018/12/22,1008.5,1010.5,1007.1,90,68,0.9,28,5.4,22,0.0
2018/12/23,1010.2,1013.1,1007.5,95,91,3.4,38,11.5,42,30.5
2018/12/24,1010.5,1013.7,1007.1,91,83,3.3,42,11.7,60,28.0
2018/12/25,1006.0,1008.2,1003.9,91,83,2.3,18,9.6,33,0.5
2018/12/26,1005.8,1007.5,1004.0,97,94,2.0,27,8.8,31,7.0
2018/12/27,1010.3,1013.8,1007.1,91,83,3.5,29,12.1,51,6.5
2018/12/28,1016.0,1018.5,1013.1,82,74,3.8,50,13.3,24,0.0
2018/12/29,1019.2,1021.8,1016.6,77,68,4.0,47,13.6,40,0.0
2018/12/30,1017.2,1019.0,1014.3,81,67,3.5,39,13.0,61,0.0
2018/12/31,1018.5,1020.2,1016.4,93,89,3.5,36,12.6,27,3.0
2019/01/01,1017.9,1020.0,1015.8,88,80,3.5,42,12.0,56,0.5
2019/01/02,1016.6,1019.0,1013.8,89,74,3.0,37,11.1,50,4.0
2019/01/03,1016.3,1018.8,1013.6,92,85,2.9,28,9.9,14,8.5
2019/01/04,1013.4,1014.5,1011.7,92,75,1.4,55,7.5,45,0.0
2019/01/06,1012.5,1014.1,1010.8,95,86,1.3,38,7.2,13,8.0
2019/01/06,1013.9,1016.5,1012.4,93,83,3.0,37,10.0,24,8.0
2019/01/07,1011.6,1013.3,1009.5,85,62,1.4,6,7.7,33,0.0
2019/01/08,1013.4,1015.3,1011.6,92,84,3.0,29,11.7,53,0.0
2019/01/09,1013.9,1016.4,1011.5,81,67,3.0,37,10.6,59,0.0
2019/01/10,1011.3,1013.3,1010.0,95,84,0.7,2,4.6,320,0.0
2019/01/11,1009.9,1011.6,1008.1,97,92,0.8,20,4.7,333,0.0
2019/01/12,1010.8,1012.4,1008.9,92,84,1.9,37,9.4,16,0.0
2019/01/13,1011.6,1013.2,1010.4,86,80,3.1,27,10.0,48,0.0
2019/01/14,1009.9,1012.0,1007.7,74,57,2.1,54,9.3,51,0.0
2019/01/15,1010.4,1013.0,1008.3,92,83,2.2,27,10.6,34,1.0
2019/01/16,1012.4,1014.5,1009.7,95,87,3.5,35,12.8,17,31.5
2019/01/17,1014.6,1016.4,1012.4,85,72,3.7,29,12.0,17,11.0
2019/01/18,1012.7,1015.8,1010.1,61,48,2.9,52,11.6,48,0.0
2019/01/19,1011.3,1013.5,1009.9,85,67,1.1,20,4.5,204,0.0
2019/01/20,1012.1,1015.3,1009.9,89,79,2.7,30,12.5,25,2.5
2019/01/21,1013.9,1015.5,1011.9,87,77,3.2,33,10.8,20,3.0
2019/01/22,1013.5,1015.3,1012.2,71,59,2.6,29,8.6,5,0.5
2019/01/23,1011.8,1013.1,1010.3,65,51,2.1,54,8.0,72,0.0
2019/01/24,1011.7,1013.6,1010.0,70,56,2.2,42,11.0,23,0.0
2019/01/25,1012.8,1015.7,1011.0,79,64,2.0,29,9.6,31,0.0
2019/01/26,1017.3,1019.2,1015.4,67,60,3.5,34,11.6,36,0.0
2019/01/27,1015.9,1018.6,1012.9,66,55,2.3,47,9.4,67,0.0
2019/01/28,1012.9,1014.9,1011.3,77,59,1.2,28,6.9,21,0.0
2019/01/29,1012.7,1014.9,1010.5,74,50,1.7,54,9.0,88,0.0
2019/01/30,1011.9,1014.6,1009.3,83,62,1.3,48,5.6,279,0.0
2019/01/31,1011.1,1016.0,1007.9,73,48,2.6,36,13.6,17,0.0
2019/02/01,1015.2,1018.2,1012.7,76,73,2.8,44,11.2,76,0.0
2019/02/02,1010.1,1012.7,1008.3,85,63,0.8,338,5.0,337,0.0
2019/02/03,1009.2,1010.6,1008.0,80,54,1.4,138,5.2,331,0.5
2019/02/04,1011.6,1014.5,1009.5,91,85,3.3,33,10.9,29,0.0
2019/02/05,1008.6,1010.8,1006.2,90,80,1.9,25,8.9,5,0.0
2019/02/06,1006.2,1009.2,1003.8,88,73,1.3,44,6.1,335,0.0
2019/02/07,1006.9,1009.8,1004.0,80,26,2.3,36,9.7,26,0.0
2019/02/08,1009.8,1012.3,1007.8,90,83,2.5,39,10.2,54,0.5
2019/02/09,1012.0,1014.5,1009.0,93,89,2.3,38,9.8,60,1.0
2019/02/10,1014.7,1016.7,1012.8,91,83,2.9,40,8.8,18,0.0
2019/02/11,1017.0,1018.5,1015.7,91,85,3.4,38,12.1,21,2.5
2019/02/12,1015.0,1017.1,1012.8,92,80,1.8,34,8.9,14,0.5
2019/02/13,1014.4,1016.5,1012.7,92,85,2.0,30,7.5,32,0.0
2019/02/14,1013.4,1015.5,1012.2,93,91,1.7,31,7.1,39,0.5
2019/02/15,1011.5,1013.6,1009.1,90,71,0.5,23,4.8,54,0.0
2019/02/16,1011.6,1013.1,1010.4,91,86,0.0,0,0.0,0,0.0
2019/02/17,1011.5,1013.8,1009.1,86,76,0.1,27,9.2,41,0.0
2019/02/18,1007.7,1010.8,1005.3,94,88,0.7,358,6.3,26,0.0
2019/02/19,1009.8,1012.1,1006.9,87,68,0.8,15,10.2,302,1.5
2019/02/20,1011.4,1012.7,1010.2,90,68,0.8,2,5.2,50,0.0
2019/02/21,1009.8,1012.4,1007.5,91,75,1.3,30,9.0,326,2.0
2019/02/22,1009.8,1012.0,1007.9,94,81,2.1,55,8.4,61,4.5
2019/02/23,1010.5,1012.1,1008.2,83,74,2.9,52,10.6,22,5.5
2019/02/24,1008.7,1010.6,1006.9,96,92,0.9,32,8.9,41,74.5
2019/02/25,1009.4,1011.2,1007.3,87,75,1.5,31,8.9,78,2.5
2019/02/26,1009.5,1012.0,1007.0,82,71,1.9,33,8.2,60,0.0
2019/02/27,1007.4,1010.0,1003.9,86,62,0.5,7,4.2,221,0.0
2019/02/28,1008.1,1010.3,1006.6,90,86,1.4,28,7.9,24,0.0
2019/03/01,1008.6,1010.0,1007.1,87,73,1.3,31,9.2,21,0.0
2019/03/02,1004.7,1007.8,1002.7,91,74,0.4,29,4.9,315,0.0
2019/03/03,1003.0,1006.2,1000.4,96,92,0.8,104,13.0,312,18.0
2019/03/04,1007.4,1009.1,1005.4,79,64,0.8,56,9.4,47,0.0
2019/03/05,1005.2,1007.8,1001.6,80,50,2.4,56,10.3,324,14.0
2019/03/06,1006.9,1010.8,1004.4,92,82,1.5,219,8.8,322,21.5
2019/03/07,1011.1,1012.7,1009.0,91,82,2.7,58,10.1,75,20.0
2019/03/08,1009.2,1012.4,1006.4,93,88,0.8,42,9.9,24,18.5
2019/03/10,1004.0,1007.4,1000.6,97,96,0.3,126,2.8,116,72.0
2019/03/10,1005.0,1007.4,1002.4,90,77,0.0,0,2.1,186,26.0
2019/03/11,1006.4,1008.1,1004.6,76,61,0.2,53,4.2,52,0.0
2019/03/12,1007.5,1009.0,1006.0,61,40,1.3,98,8.6,101,0.0
2019/03/13,1009.5,1011.0,1008.2,65,44,2.5,108,9.2,112,0.0
2019/03/14,1011.0,1013.6,1009.0,79,66,1.9,28,7.5,24,0.0
2019/03/15,1013.7,1015.5,1011.7,73,51,2.4,35,9.5,33,9.5
2019/03/16,1010.8,1012.6,1009.1,58,43,2.4,99,10.7,61,0.5
2019/03/17,1010.6,1012.7,1008.6,81,61,0.9,6,5.5,24,0.5
2019/03/18,1008.0,1008.2,1006.0,91,84,0.9,61,2.3,219,0.5
2019/03/19,1007.0,1009.8,1005.4,82,63,1.7,31,8.0,27,0.0
2019/03/20,1004.0,1006.5,1001.2,86,69,2.0,223,8.0,211,0.0
2019/03/21,1002.1,1004.9,1003.1,83,86,2.9,221,5.2,20,0.0
2019/03/22,1006.5,1009.6,1004.1,88,78,2.8,38,11.3,45,X
2019/03/23,1011.9,1014.7,1008.8,84,71,3.1,40,10.7,70,X
2019/03/25,1009.6,1013.1,1007.7,89,78,1.8,57,10.3,56,X
2019/03/25,1008.4,1010.9,1005.6,95,89,0.8,322,7.3,340,X
2019/03/26,1010.8,1012.7,1009.0,79,64,2.1,31,10.0,29,0.0
2019/03/27,1008.2,1011.1,1005.5,80,63,1.4,180,4.9,219,0.0
2019/03/28,1002.1,1005.6,998.3,82,64,3.4,218,11.6,227,0.0
2019/03/29,1002.0,1006.4,999.7,88,73,1.8,36,10.6,34,22.0
2019/03/30,1006.1,1008.0,1003.5,82,70,1.8,52,8.2,135,1.0
2019/03/31,1010.7,1013.2,1009.5,74,71,3.1,40,10.3,54,0.0
2019/04/01,1012.8,1014.7,1010.7,81,72,2.9,48,11.2,56,4.0
2019/04/02,1009.1,1011.2,1007.2,79,68,1.6,70,10.3,72,0.0
2019/04/03,1009.4,1011.3,1007.7,92,86,1.4,324,7.1,25,1.5
,1006.6,--,--,85,--,1.7,335,--,--,0.0
2019/04/05,1004.9,1005.7,1003.7,/,/,1.5,35,5.4,21,0.0
2019/04/06,1004.1,1005.4,1002.2,/,/,0.9,20,4.8,319,0.0
2019/04/07,1003.3,1005.1,1001.4,/,/,1.7,196,9.4,223,0.0
2019/04/08,1003.8,1004.5,1002.7,83,74,1.0,114,3.2,340,0.0
2019/04/10,1001.6,1003.9,998.7,86,71,3.0,229,11.7,223,0.0
2019/04/10,1002.1,1004.6,999.8,85,62,2.9,230,11.9,221,0.0
2019/04/11,1003.3,1007.3,1000.3,87,69,1.7,35,12.2,344,21.5
2019/04/12,1007.5,1008.6,1006.1,77,70,2.5,34,8.9,77,1.0
2019/04/13,1006.7,1007.9,1004.9,91,71,0.8,16,6.0,326,3.0
2019/04/14,1006.7,1008.9,1005.1,86,74,1.8,25,8.4,54,0.5
2019/04/15,1007.1,1008.9,1005.4,74,61,2.5,57,9.3,59,6.0
2019/04/16,1004.4,1005.9,1002.5,95,86,0.6,14,8.3,26,20.5
2019/04/17,1003.7,1005.9,1002.1,77,57,1.3,28,7.2,23,0.5
2019/04/18,1002.9,1005.0,1001.6,80,63,1.0,193,4.8,133,0.0
2019/04/19,1001.1,1002.9,999.3,90,75,1.0,337,5.9,141,10.0
2019/04/20,1000.5,1002.0,998.8,90,76,0.9,33,4.4,279,18.0
2019/04/21,1000.1,1001.6,998.4,90,78,1.2,191,8.8,214,57.5
2019/04/22,1000.8,1003.1,999.3,86,70,1.6,225,7.8,192,0.0
2019/04/23,1000.7,1002.6,998.6,81,66,2.1,226,8.9,228,0.0
2019/04/24,1000.2,1002.4,997.5,82,75,2.7,224,10.1,230,0.0
2019/04/25,999.5,1003.1,996.8,78,58,3.3,218,13.7,219,0.0
2019/04/26,1003.5,1006.8,1001.2,83,65,2.1,36,8.0,30,0.0
2019/04/27,1005.5,1007.6,1003.5,84,71,2.9,37,11.0,98,0.0
2019/04/28,1004.8,1007.2,1003.3,89,70,1.0,26,8.3,325,0.0
2019/04/29,1002.4,1004.5,1000.3,83,64,1.0,284,5.6,319,0.0
2019/05/01,998.6,1001.2,996.1,84,74,2.1,163,10.4,230,1.5
2019/05/01,1001.7,1004.7,996.5,94,83,1.8,27,8.8,40,79.5
2019/05/02,1004.7,1006.7,1002.5,81,70,2.2,51,8.6,96,3.0
2019/05/03,1006.2,1008.0,1004.7,69,54,2.8,33,10.7,40,0.5
2019/05/05,1004.8,1006.1,1003.0,71,61,2.5,101,11.0,93,0.5
2019/05/05,1002.3,1004.5,999.1,70,52,1.6,58,7.4,98,0.5
2019/05/06,1002.4,1004.0,1000.1,83,68,2.3,58,10.6,60,11.0
2019/05/07,1003.5,1005.3,1001.9,85,70,2.9,49,10.9,52,9.5
2019/05/08,1001.5,1003.0,999.7,91,80,1.7,48,6.9,27,0.5
2019/05/09,1000.8,1001.9,999.3,96,92,1.5,34,7.0,21,10.5
2019/05/10,1001.7,1003.1,1000.4,85,66,1.6,28,7.0,18,1.0
2019/05/11,1002.8,1004.5,1001.3,86,71,1.5,28,7.4,24,0.0
2019/05/12,1002.2,1003.6,1000.2,84,72,1.5,24,7.2,20,0.0
2019/05/13,1001.4,1003.1,999.9,85,72,1.2,118,6.5,222,0.0
2019/05/14,1001.2,1002.6,999.7,90,74,1.2,26,6.9,280,0.0
2019/05/15,1001.0,1002.8,999.4,86,70,0.7,45,4.3,315,0.0
2019/05/16,997.9,1000.5,996.1,87,70,2.5,224,9.9,227,0.0
2019/05/17,996.1,999.0,993.8,89,68,3.0,235,13.4,194,207.0
2019/05/18,996.5,998.5,994.6,89,82,3.4,226,9.9,214,2.0
2019/05/19,997.9,999.7,996.0,81,70,3.7,232,12.0,230,0.0
2019/05/20,1000.2,1003.8,996.6,88,76,2.4,40,11.3,25,53.5
2019/05/21,1002.4,1003.6,1001.2,64,40,1.8,53,9.2,96,0.0
2019/05/22,1001.5,1002.5,1000.1,72,53,0.7,25,3.7,97,0.0
2019/05/23,1002.9,1004.8,1001.2,86,69,1.0,33,5.2,12,3.0
2019/05/24,1002.9,1004.6,1001.4,75,57,1.6,126,5.5,334,0.0
2019/05/25,1002.2,1003.6,1001.1,75,53,1.0,8,4.4,335,0.0
2019/05/26,1001.4,1002.7,1000.3,79,63,1.1,157,5.1,347,0.0
2019/05/27,1000.7,1001.8,999.2,85,71,1.2,131,7.9,218,3.5
2019/05/28,1002.1,1004.8,999.7,93,81,1.7,50,7.8,20,40.5
2019/05/29,1003.3,1004.6,1001.7,76,67,2.0,35,8.4,24,0.5
2019/05/31,1001.6,1003.3,999.5,81,63,0.8,343,5.0,33,0.0
2019/05/31,1000.6,1001.8,999.3,82,62,1.0,277,5.5,283,0.0
2019/06/01,999.2,1000.9,997.2,87,73,1.0,275,8.2,294,0.5
2019/06/02,997.1,999.3,995.5,78,66,3.8,225,12.0,228,0.5
2019/06/03,998.5,999.9,997.3,80,68,2.7,228,14.3,225,1.0
2019/06/04,1000.3,1002.3,998.5,85,66,1.6,143,8.6,193,11.5
2019/06/05,1002.1,1003.6,1000.7,80,62,1.0,154,5.2,321,0.0
2019/06/06,1002.1,1003.6,1000.8,83,69,1.9,229,10.5,219,0.0
2019/06/07,1001.4,1002.6,1000.4,81,67,2.2,233,9.8,230,0.0
2019/06/08,999.1,1001.4,997.0,82,67,2.2,235,12.0,210,0.0
2019/06/09,995.6,997.4,993.9,73,61,4.5,229,14.4,221,0.0
2019/06/10,994.6,995.9,993.1,78,65,3.2,227,11.7,221,8.5
2019/06/11,996.4,999.7,993.9,96,81,1.5,30,7.5,38,97.0
2019/06/12,998.7,999.7,997.8,92,77,1.2,46,5.7,29,29.0
2019/06/14,994.9,998.1,992.0,96,92,0.8,40,8.5,214,38.5
2019/06/14,994.4,997.2,990.9,90,72,1.4,33,10.6,222,59.0
2019/06/15,997.9,999.3,996.6,73,54,1.6,29,9.1,18,0.0
2019/06/16,998.8,1000.8,996.9,73,55,0.9,339,4.5,123,0.0
2019/06/17,1001.5,1003.3,999.9,81,64,0.9,2,4.6,313,0.0
2019/06/19,1000.7,1002.3,999.3,83,67,1.7,147,8.6,231,0.0
2019/06/19,998.7,1000.3,996.6,79,70,3.3,231,13.7,225,0.0
2019/06/20,997.2,998.7,995.5,76,64,3.3,229,12.0,216,0.0
2019/06/21,995.7,997.0,994.0,75,62,3.9,228,13.3,220,0.0
2019/06/22,994.8,996.1,993.6,79,68,3.7,224,13.0,218,12.0
2019/06/23,996.7,999.5,993.3,96,86,1.8,215,13.3,219,124.0
2019/06/24,1000.3,1001.7,998.2,96,91,0.8,35,5.4,17,21.5
2019/06/25,999.4,1001.3,997.5,88,61,1.1,151,7.3,174,33.0
2019/06/27,995.9,998.2,993.5,86,59,1.2,143,5.9,211,0.0
2019/06/27,994.0,995.0,992.6,82,61,1.5,236,9.7,227,0.0
2019/06/28,994.4,995.6,993.1,81,64,1.5,225,7.4,285,0.0
2019/06/29,994.0,995.6,992.6,81,64,1.9,183,8.7,218,0.0
2019/06/30,994.7,996.0,993.3,80,65,1.8,226,8.1,218,0.0
2019/07/01,994.5,996.6,991.8,78,67,1.1,202,8.1,110,0.0
2019/07/02,994.5,998.2,990.7,83,66,1.5,18,9.6,102,16.5
2019/07/03,999.0,1001.3,997.1,81,56,2.3,207,10.8,202,0.0
2019/07/04,998.8,1000.2,997.0,75,68,3.0,224,10.9,225,0.0
2019/07/06,995.0,997.7,992.7,69,59,4.8,226,15.4,224,0.5
2019/07/06,993.7,994.9,992.6,71,61,4.7,227,15.7,226,0.0
2019/07/07,995.6,998.3,993.5,75,64,4.1,226,13.3,222,0.0
2019/07/08,997.1,997.3,995.7,77,76,3.4,227,9.6,216,0.0
2019/07/09,994.5,996.4,992.3,72,59,4.2,221,12.7,227,0.0
2019/07/10,994.7,998.4,992.2,71,60,4.6,226,15.8,221,0.0
2019/07/11,1000.0,1002.0,997.4,79,61,1.7,227,10.2,220,0.0
2019/07/13,999.4,1001.4,997.9,77,62,2.7,220,9.8,219,0.0
2019/07/13,995.6,998.1,993.3,70,61,4.8,225,14.2,213,0.0
2019/07/14,995.7,998.0,994.1,76,64,3.8,225,13.1,221,0.0
2019/07/15,996.9,998.1,996.0,78,56,1.2,266,6.5,268,0.0
2019/07/16,996.1,998.5,993.6,73,51,1.9,4,10.0,109,0.0
2019/07/17,991.4,994.5,989.4,73,57,2.9,57,12.6,59,0.0
2019/07/19,988.4,990.6,987.2,89,71,1.7,28,7.7,43,6.5
2019/07/19,990.6,994.2,988.1,79,58,2.2,224,11.0,222,2.5
2019/07/20,996.1,999.2,993.6,70,53,3.3,216,12.5,209,0.0
2019/07/21,998.0,999.6,996.6,74,55,2.0,122,9.7,221,0.0
2019/07/22,998.6,1000.0,996.9,81,54,1.2,117,7.8,229,4.0
2019/07/23,998.5,999.9,997.0,79,63,1.4,142,6.5,276,0.5
2019/07/24,998.9,1000.2,997.7,76,57,1.7,203,7.3,230,0.0
2019/07/25,999.5,1000.7,998.0,77,58,2.0,200,8.1,220,0.0
2019/07/26,997.7,999.1,996.0,75,59,2.0,205,8.7,241,0.0
2019/07/27,998.1,1000.3,996.5,79,54,1.5,182,6.2,281,5.0
2019/07/28,999.6,1001.3,997.2,82,58,1.2,229,5.2,219,1.5
2019/07/29,999.7,1001.0,997.8,80,61,1.1,333,5.6,17,0.5
2019/07/30,998.5,1000.3,996.5,83,61,0.8,338,5.7,338,0.0
2019/07/31,997.5,998.9,995.7,73,52,1.2,113,5.6,178,0.0
2019/08/01,998.0,999.1,996.4,75,54,1.2,3,11.1,209,1.5
2019/08/03,996.5,998.8,994.3,69,47,1.7,51,8.9,19,0.0
2019/08/03,994.6,995.9,993.1,74,58,2.1,25,10.5,29,0.0
2019/08/04,993.0,994.5,991.4,70,48,1.5,36,8.3,99,0.0
2019/08/05,993.3,994.4,992.0,71,55,2.2,57,10.0,62,0.0
2019/08/06,993.5,995.1,991.8,70,54,2.5,52,10.8,22,0.0
2019/08/07,990.9,993.3,988.7,79,58,2.2,29,9.4,18,3.5
2019/08/09,986.2,989.2,982.7,91,76,2.4,25,12.3,18,38.5
2019/08/09,980.4,983.3,977.4,85,66,5.0,214,16.1,204,52.0
2019/08/10,984.2,988.8,980.1,75,66,7.1,225,19.6,221,0.0
2019/08/11,990.2,992.2,988.4,77,70,5.5,221,17.0,225,0.0
2019/08/12,992.5,994.1,991.0,81,61,2.7,221,12.0,218,7.0
2019/08/13,992.9,994.5,990.9,76,54,2.2,231,11.7,223,0.0
2019/08/14,992.9,994.2,990.8,79,64,2.8,225,11.4,226,0.0
2019/08/15,991.9,993.3,989.3,72,62,4.0,226,11.9,219,0.0
2019/08/16,993.5,996.1,991.5,76,60,4.6,222,12.2,223,5.5
2019/08/17,995.8,997.6,994.3,73,61,4.0,225,12.3,217,0.0
2019/08/18,996.7,998.3,995.4,79,63,1.9,226,9.9,225,2.0
2019/08/19,997.1,998.1,996.2,86,74,1.3,29,7.5,10,16.5
2019/08/20,996.6,998.1,995.4,82,66,1.4,33,7.7,24,0.0
2019/08/21,996.6,997.9,995.4,88,68,0.8,197,4.2,316,1.0
2019/08/22,997.7,998.7,996.6,79,61,1.0,26,5.5,315,0.5
2019/08/23,997.0,998.6,995.3,74,55,2.1,62,10.5,58,0.0
2019/08/24,990.8,995.9,985.8,72,59,4.2,58,19.0,95,2.0
2019/08/25,997.3,1001.3,991.4,83,63,1.0,294,4.8,333,1.0
2019/08/26,1001.1,1003.2,999.2,83,64,0.6,4,4.4,323,0.0
2019/08/28,1000.1,1001.8,998.6,85,64,0.9,331,4.7,311,0.0
2019/08/28,997.4,999.0,994.5,81,60,1.0,216,5.5,228,0.0
2019/08/29,998.3,1000.6,996.6,77,60,1.5,230,9.2,217,0.0
2019/08/30,1000.2,1001.4,999.1,86,66,1.1,295,6.4,284,4.0
2019/09/01,998.4,1000.2,996.9,69,49,2.1,91,8.6,99,0.0
2019/09/01,999.3,1000.4,998.0,75,54,1.1,290,5.5,320,0.0
2019/09/02,999.8,1001.5,997.5,79,62,1.4,67,5.6,319,0.0
2019/09/03,997.3,999.2,994.9,68,48,2.2,64,11.2,88,0.0
2019/09/04,997.0,998.4,995.9,83,58,1.2,37,8.7,52,7.5
2019/09/06,994.7,996.8,993.2,92,71,0.9,9,8.0,332,26.0
2019/09/06,993.1,994.5,991.4,83,53,1.0,15,5.5,273,14.5
2019/09/07,995.4,997.1,993.6,82,62,1.2,38,5.1,279,0.0
2019/09/08,996.8,998.0,995.3,79,62,1.3,45,5.1,318,0.0
2019/09/09,997.9,999.2,996.5,77,55,1.1,1,5.0,330,0.0
2019/09/10,1000.3,1002.0,998.5,73,51,1.3,351,5.8,14,0.0
2019/09/11,1002.0,1003.8,1000.1,69,44,1.6,69,9.4,102,0.0
2019/09/12,1000.6,1002.3,998.4,72,54,2.5,48,11.2,46,0.0
2019/09/13,999.1,1000.5,997.6,75,60,2.1,27,9.1,11,0.0
2019/09/14,999.6,1001.1,997.7,78,57,1.9,30,9.4,43,0.0
2019/09/15,999.6,1000.7,998.3,86,73,1.3,27,7.6,18,16.5
2019/09/16,999.4,1000.8,998.1,82,73,1.8,27,9.5,16,2.0
2019/09/17,1001.1,1003.1,999.2,81,62,1.9,33,9.3,38,2.5
2019/09/18,1003.1,1005.4,1001.0,78,64,2.5,34,11.8,27,4.5
2019/09/19,1002.8,1004.1,1001.3,70,62,3.2,28,11.6,15,1.5
2019/09/21,998.8,1001.4,997.0,78,68,2.6,17,11.3,19,17.5
2019/09/21,997.2,1000.4,995.3,92,77,1.8,198,5.5,164,35.5
2019/09/22,1003.2,1007.4,998.9,76,56,1.0,4,6.4,15,0.5
2019/09/23,1008.3,1010.1,1006.1,71,56,1.7,37,7.9,31,0.0
2019/09/24,1009.2,1010.6,1007.8,71,55,1.8,58,9.1,75,0.0
2019/09/25,1008.6,1009.9,1007.0,67,55,2.2,39,10.3,17,0.0
2019/09/26,1007.9,1009.5,1006.1,79,69,2.9,36,11.6,15,0.0
2019/09/27,1006.9,1009.0,1005.3,86,80,2.7,32,9.9,67,0.0
2019/09/28,1005.4,1006.8,1004.3,94,85,2.3,50,9.7,20,29.0
2019/09/29,1002.9,1005.3,1000.6,93,81,2.7,35,12.1,24,33.5
2019/09/30,996.2,1000.9,991.9,89,76,3.7,20,15.7,61,52.0
2019/10/01,997.6,1000.7,991.8,77,53,3.8,226,15.3,313,5.0
2019/10/02,1002.4,1004.2,1000.6,80,55,1.2,202,7.1,290,0.0
2019/10/03,1003.9,1005.9,1002.6,86,72,0.7,2,5.6,316,0.0
2019/10/04,1003.6,1005.2,1002.2,83,62,1.3,200,5.4,324,0.0
2019/10/05,1004.4,1006.7,1002.5,69,45,1.8,53,8.9,51,0.0
2019/10/06,1006.6,1008.3,1004.6,72,56,2.6,54,11.0,51,0.0
2019/10/07,1006.9,1007.8,1005.4,76,51,1.9,37,9.5,17,0.0
2019/10/08,1007.2,1008.8,1005.7,73,58,2.7,33,10.5,14,0.0
2019/10/10,1006.3,1008.2,1004.1,77,62,2.0,31,9.4,25,0.0
2019/10/10,1004.7,1006.9,1002.8,73,55,1.5,37,7.1,30,0.0
2019/10/11,1003.0,1005.1,1001.2,76,62,1.3,25,6.2,25,0.0
2019/10/12,1003.8,1005.7,1002.3,78,60,1.7,24,8.9,20,0.0
2019/10/13,1007.0,1009.0,1005.2,74,54,2.2,32,9.8,29,0.0
2019/10/14,1010.7,1013.5,1008.2,67,50,2.7,59,11.4,53,0.0
2019/10/15,1012.6,1014.2,1011.3,68,55,2.9,46,11.7,5,0.0
2019/10/16,1010.3,1012.6,1008.3,78,63,2.3,35,9.3,34,11.5
2019/10/17,1009.3,1010.6,1007.8,72,55,2.2,36,9.9,31,0.0
2019/10/18,1009.2,1010.5,1007.7,73,57,2.0,33,8.5,15,0.0
2019/10/19,1009.4,1010.8,1008.4,76,67,2.7,33,9.2,48,0.5
2019/10/20,1008.3,1010.2,1006.8,67,52,2.7,33,8.5,13,0.0
2019/10/21,1005.9,1007.8,1004.3,68,55,1.9,32,8.5,28,0.0
2019/10/22,1003.8,1004.2,1002.1,67,51,1.7,53,8.7,21,0.0
2019/10/23,1004.4,1006.4,1002.4,73,55,1.7,34,7.1,11,0.0
2019/10/24,1007.5,1009.2,1005.5,72,56,1.9,26,9.4,26,0.0
2019/10/25,1009.0,1010.4,1007.1,69,51,2.2,50,9.5,20,0.0
2019/10/26,1008.8,1010.8,1006.9,68,55,2.3,35,10.5,19,0.0
2019/10/27,1006.6,1008.4,1004.5,79,69,2.4,30,10.1,27,0.0
2019/10/28,1005.6,1007.2,1004.1,86,73,1.8,26,7.1,16,0.0
2019/10/29,1007.9,1009.5,1005.9,88,82,2.2,35,9.0,16,6.5
2019/10/30,1009.0,1010.5,1007.1,79,68,2.7,50,10.5,5,1.0
2019/10/31,1007.9,1009.6,1005.7,86,79,3.2,35,12.9,14,0.0
2019/11/01,1007.2,1009.2,1005.6,78,61,2.5,41,10.4,35,0.0
2019/11/02,1005.3,1006.8,1003.5,74,62,2.4,34,9.8,52,0.0
2019/11/03,1005.9,1007.6,1003.8,80,73,3.1,35,10.6,21,0.0
2019/11/04,1007.2,1009.2,1006.0,73,65,3.3,36,10.5,67,0.0
2019/11/05,1005.7,1007.6,1004.2,75,61,2.7,51,11.6,81,6.0
2019/11/06,1003.0,1004.8,1000.6,66,53,2.2,50,11.7,65,0.0
2019/11/07,1004.5,1007.8,1001.7,69,50,2.5,34,13.5,16,0.0
2019/11/08,1009.1,1010.8,1006.9,71,49,2.6,32,10.7,59,0.5
2019/11/09,1009.9,1012.6,1007.9,62,50,2.8,34,10.6,10,0.0
2019/11/10,1006.5,1009.0,1003.8,66,48,1.6,29,8.0,26,0.0
2019/11/11,1006.6,1008.2,1005.2,69,46,1.6,54,8.4,20,0.0
2019/11/12,1007.7,1009.4,1006.2,66,39,1.3,54,8.5,17,0.0
2019/11/13,1009.6,1012.5,1007.4,70,50,1.7,33,9.9,53,0.0
2019/11/14,1011.2,1013.6,1009.3,67,57,3.0,48,11.2,63,0.0
2019/11/15,1007.8,1009.6,1006.0,64,48,2.0,48,8.7,73,0.0
2019/11/16,1006.1,1007.6,1004.2,69,40,1.2,110,5.7,335,0.0
2019/11/17,1006.2,1007.8,1004.3,77,55,0.9,148,4.3,332,0.0
2019/11/18,1008.4,1012.1,1005.0,91,80,2.4,35,11.4,46,2.5
2019/11/19,1011.4,1013.2,1010.0,75,65,3.5,46,13.5,77,1.0
2019/11/20,1011.1,1012.9,1009.8,72,58,3.3,43,12.7,7,0.0
2019/11/21,1008.8,1010.6,1007.5,86,75,3.0,32,11.6,22,9.0
2019/11/22,1007.2,1008.3,1005.8,94,86,1.6,30,9.8,19,18.5
2019/11/23,1007.6,1009.4,1005.7,96,94,0.3,14,4.6,15,2.5
2019/11/24,1009.4,1011.4,1007.3,88,71,1.0,36,8.2,20,0.0
2019/11/25,1013.2,1015.2,1010.4,86,77,3.3,34,12.1,23,3.0
2019/11/26,1012.8,1014.8,1010.4,75,63,2.9,53,11.0,54,0.0
2019/11/27,1011.8,1013.5,1009.2,82,65,2.8,37,10.0,16,0.0
2019/11/28,1015.1,1016.5,1013.1,83,75,3.1,33,11.9,10,1.0
2019/11/29,1014.0,1016.1,1012.2,73,53,2.3,53,9.9,27,0.0
2019/11/30,1009.9,1012.4,1007.3,79,52,1.5,52,8.3,110,0.0
2019/12/01,1009.4,1011.1,1007.3,84,58,1.5,45,8.6,26,0.0
2019/12/02,1014.4,1017.2,1010.8,71,56,3.0,32,11.0,53,0.0
2019/12/03,1014.6,1015.8,1012.8,59,47,3.1,49,11.2,65,0.0
2019/12/04,1015.5,1017.5,1013.6,62,51,3.2,44,14.0,84,0.0
2019/12/05,1016.2,1018.4,1014.1,92,79,2.8,39,10.1,77,72.5
2019/12/06,1015.6,1017.6,1013.4,93,90,3.4,31,13.1,62,75.0
2019/12/07,1016.6,1018.0,1014.9,78,59,3.3,28,11.9,24,31.5
2019/12/08,1015.7,1017.9,1013.8,63,42,2.0,56,9.1,37,0.0
2019/12/09,1011.6,1013.5,1009.6,66,53,1.6,55,8.4,52,0.0
2019/12/10,1008.8,1010.8,1006.7,74,47,1.0,131,5.2,323,0.0
2019/12/11,1009.7,1012.2,1007.4,76,54,2.4,33,11.0,53,0.0
2019/12/12,1012.9,1014.6,1010.6,63,50,2.7,53,11.3,55,0.0
2019/12/13,1013.7,1015.7,1012.5,79,62,2.0,26,10.4,24,0.0
2019/12/14,1012.9,1015.3,1011.5,77,63,1.8,44,8.0,19,0.0
2019/12/15,1011.1,1013.5,1009.7,72,45,1.4,115,7.2,94,0.0
2019/12/16,1009.5,1011.8,1007.1,85,49,0.9,231,4.7,313,0.0
2019/12/17,1009.4,1012.1,1007.4,78,51,0.8,138,4.0,277,0.0
2019/12/18,1010.9,1012.7,1008.9,89,79,2.8,34,10.5,59,0.0
2019/12/19,1011.9,1014.0,1010.3,91,85,2.8,34,9.5,45,1.0
2019/12/20,1011.6,1013.6,1008.7,87,68,2.8,33,9.6,46,3.0
2019/12/21,1008.8,1011.4,1007.4,96,94,1.6,29,7.7,29,2.5
2019/12/22,1007.2,1008.0,1005.7,91,81,1.2,17,7.2,19,1.0
2019/12/23,1008.6,1010.3,1007.4,87,77,1.7,34,8.7,15,0.0
2019/12/24,1009.9,1011.9,1008.5,92,87,1.2,34,6.3,8,0.5
2019/12/25,1007.6,1010.1,1005.2,88,69,1.2,25,6.2,16,0.0
2019/12/26,1008.6,1012.7,1006.1,85,65,1.7,8,12.8,84,0.0
2019/12/27,1013.4,1015.7,1011.8,72,63,2.9,45,10.4,74,0.0
2019/12/28,1010.8,1013.0,1008.7,71,57,1.8,52,10.0,56,0.0
2019/12/29,1010.2,1012.1,1008.1,94,83,0.8,1,4.2,148,35.5
2019/12/30,1012.4,1016.0,1010.0,94,74,1.8,24,8.5,12,24.5
2019/12/31,1019.2,1022.3,1015.1,88,79,3.4,38,11.6,48,4.5
2020/01/01,1018.1,1020.4,1016.7,80,73,2.5,33,10.8,22,0.0
2020/01/02,1015.6,1017.8,1013.8,76,48,1.2,30,7.4,35,0.0
2020/01/03,1013.3,1016.0,1010.8,81,50,0.9,110,5.3,338,0.0
2020/01/04,1011.6,1014.2,1009.4,81,62,1.4,22,6.8,40,0.0
2020/01/05,1011.8,1013.4,1010.1,80,51,1.3,35,6.4,58,0.0
2020/01/06,1011.0,1013.7,1008.4,89,72,1.3,115,5.3,221,0.0
2020/01/07,1008.5,1010.9,1006.4,81,51,1.4,218,7.3,220,0.0
2020/01/08,1011.9,1014.7,1009.7,75,58,2.7,33,11.6,17,0.0
2020/01/09,1010.1,1013.0,1007.8,71,50,1.6,40,8.7,71,0.0
2020/01/10,1007.4,1009.3,1005.7,83,51,1.0,23,5.8,325,0.0
2020/01/11,1007.0,1008.2,1005.8,87,73,1.2,27,5.6,15,0.0
2020/01/12,1009.8,1012.1,1007.6,86,73,2.8,29,9.9,16,3.5
2020/01/13,1009.5,1011.9,1007.4,79,69,2.5,24,10.0,14,2.0
2020/01/14,1011.7,1013.7,1008.6,82,72,2.4,24,11.3,71,1.0
2020/01/15,1010.8,1012.4,1008.4,81,64,2.4,34,9.2,49,0.0
2020/01/16,1009.8,1011.2,1007.4,88,71,1.1,7,5.1,337,1.0
2020/01/17,1012.1,1013.7,1010.2,92,86,2.7,26,9.4,22,6.0
2020/01/18,1012.4,1014.0,1010.8,77,69,2.2,36,7.9,4,0.0
2020/01/19,1012.8,1014.6,1010.9,85,78,1.5,30,6.3,19,0.0
2020/01/20,1014.6,1016.1,1012.8,73,61,2.0,29,9.5,23,0.0
2020/01/21,1014.0,1016.7,1011.6,71,47,1.5,32,7.8,110,0.0
2020/01/22,1011.0,1013.5,1009.3,85,67,0.7,351,4.1,338,0.0
2020/01/23,1009.9,1011.4,1008.3,78,48,1.1,26,5.4,2,0.0
2020/01/24,1011.5,1012.8,1010.2,96,95,2.2,29,7.9,20,0.5
2020/01/25,1009.4,1012.0,1007.9,95,94,2.7,29,9.6,22,2.5
2020/01/26,1004.5,1008.2,1001.7,96,94,2.2,28,10.2,18,42.5
2020/01/27,1007.1,1009.5,1004.7,83,73,1.4,22,6.8,309,4.0
2020/01/28,1009.7,1012.9,1006.7,77,68,2.2,28,9.1,10,1.5
2020/01/29,1012.0,1013.4,1010.8,70,64,1.7,28,7.1,22,0.0
2020/01/30,1013.2,1014.8,1011.6,55,38,1.5,27,6.7,65,0.0
2020/01/31,1014.3,1016.1,1012.6,62,44,1.6,30,10.2,12,0.0
2020/02/01,1014.8,1016.6,1013.0,64,50,2.0,52,10.6,17,0.0
2020/02/02,1014.0,1015.7,1012.3,70,48,1.0,4,7.3,25,0.0
2020/02/03,1013.2,1014.3,1012.0,83,68,1.8,24,9.1,16,0.0
2020/02/04,1012.3,1013.8,1010.9,91,85,1.9,38,7.4,16,3.0
2020/02/05,1014.0,1015.7,1012.3,81,69,2.7,24,10.5,29,2.5
2020/02/06,1010.7,1014.7,1006.8,76,53,2.0,53,9.5,26,0.0
2020/02/07,1014.0,1015.9,1013.2,90,77,2.3,25,9.1,7,8.0
2020/02/08,1016.7,1018.3,1015.3,74,67,2.9,29,10.5,15,0.0
2020/02/09,1017.4,1019.8,1015.9,73,69,1.9,56,8.3,65,0.0
2020/02/10,1013.8,1016.2,1012.0,63,47,1.9,48,7.9,98,0.0
2020/02/11,1012.9,1015.6,1011.1,84,62,0.7,207,3.7,342,0.0
2020/02/12,1009.7,1011.8,1007.6,76,47,0.8,124,4.3,322,0.0
2020/02/13,1007.4,1009.4,1004.7,85,57,0.9,25,5.5,339,0.5
2020/02/14,1007.2,1010.1,1004.8,94,74,1.0,16,5.5,14,0.5
2020/02/15,1006.4,1010.0,1003.5,86,62,1.4,3,7.4,322,2.5
2020/02/16,1012.6,1017.8,1005.4,90,66,2.3,36,12.3,34,51.5
2020/02/17,1019.1,1021.1,1016.0,62,47,2.6,33,9.0,32,0.0
2020/02/18,1018.3,1020.7,1016.1,60,42,X,X,1.8,57,0.0
2020/02/20,1015.4,1016.9,1013.9,72,48,1.3,182,7.4,12,0.0
2020/02/20,1016.4,1017.9,1014.9,87,74,2.3,34,12.0,21,0.0
2020/02/21,1017.5,1019.0,1015.9,91,82,1.4,25,6.3,21,0.0
2020/02/22,1018.0,1019.6,1016.2,87,73,2.4,38,11.3,11,0.0
2020/02/23,1015.8,1019.1,1013.2,72,57,2.5,53,10.6,77,0.0
2020/02/24,1011.5,1013.5,1009.6,83,56,1.1,275,6.1,283,0.0
2020/02/25,1009.6,1011.9,1007.6,79,46,0.9,111,4.6,274,0.0
2020/02/26,1010.3,1012.5,1008.3,83,52,1.8,31,8.7,21,0.0
2020/02/27,1012.3,1014.7,1010.7,85,77,3.5,37,11.0,35,0.0
2020/02/28,1009.0,1010.8,1007.3,88,73,1.3,28,8.0,27,0.0
2020/02/29,1006.0,1007.8,1004.0,80,53,0.7,122,5.8,286,0.0
2020/03/01,1006.5,1010.8,1003.9,91,80,1.2,36,9.4,42,0.5
2020/03/02,1011.4,1013.9,1009.4,76,65,3.1,34,12.6,20,0.0
2020/03/03,1010.5,1012.9,1008.3,80,65,1.6,35,7.5,24,0.0
2020/03/04,1011.1,1014.8,1007.9,90,85,3.0,28,11.2,22,1.0
2020/03/05,1012.5,1014.8,1010.3,85,75,2.7,50,10.6,69,14.5
2020/03/06,1008.4,1011.1,1005.8,82,70,1.0,15,6.8,68,0.0
2020/03/07,1005.7,1008.1,1003.3,86,64,0.9,10,6.0,224,0.0
2020/03/09,1003.1,1005.7,1000.8,87,69,1.4,24,6.4,324,0.0
2020/03/09,999.3,1002.6,997.0,91,80,1.7,175,11.8,223,5.0
2020/03/10,1006.2,1011.8,999.3,87,73,2.2,98,12.9,272,44.0
2020/03/11,1010.5,1012.7,1008.7,66,52,2.0,56,8.6,61,0.0
2020/03/12,1007.5,1010.5,1005.4,86,73,1.0,106,6.2,112,4.0
2020/03/13,1007.8,1010.0,1006.0,96,89,1.3,5,7.8,16,60.0
2020/03/14,1010.7,1012.7,1009.1,79,62,2.1,35,9.4,45,5.0
2020/03/15,1011.3,1013.1,1008.8,61,34,1.8,29,9.5,7,0.0
2020/03/16,1011.2,1013.1,1008.9,51,31,2.2,99,9.3,124,0.0
2020/03/17,1010.3,1011.5,1009.1,72,51,1.2,137,6.3,295,0.5
2020/03/18,1007.4,1009.5,1005.4,86,66,0.7,2,4.2,276,1.0
2020/03/19,1006.2,1008.6,1004.0,92,82,1.1,145,4.7,276,5.5
2020/03/20,1007.0,1008.5,1005.1,86,67,1.4,27,7.8,16,0.0
2020/03/21,1006.3,1009.0,1003.2,83,51,0.9,34,7.4,298,0.0
2020/03/22,1004.4,1007.6,1001.3,79,55,2.3,225,11.1,225,0.0
2020/03/23,1006.9,1010.3,1004.9,85,76,2.3,31,10.7,117,3.0
2020/03/24,1006.8,1008.1,1005.6,83,67,2.1,32,9.4,31,0.0
2020/03/25,1005.7,1007.2,1004.0,87,67,0.8,175,4.9,301,0.0
2020/03/26,1005.5,1007.2,1002.9,82,48,0.6,1,4.5,314,0.0
2020/03/27,1005.4,1006.7,1004.0,85,68,1.3,38,7.3,27,0.0
2020/03/28,1007.4,1011.7,1003.2,93,87,2.4,23,9.7,20,50.5
2020/03/29,1007.3,1011.2,1003.2,78,65,1.6,29,7.9,57,0.0
2020/03/30,1005.4,1006.9,1003.9,92,86,1.3,27,7.0,11,2.5
2020/03/31,1004.7,1007.0,1001.8,89,72,1.1,34,7.0,360,3.5
2020/04/01,1008.9,1011.1,1004.8,82,69,2.0,37,9.0,17,9.5
2020/04/02,1010.0,1012.6,1007.5,87,73,2.0,27,8.7,24,13.5
2020/04/03,1009.7,1011.8,1007.5,88,78,2.3,33,9.8,18,0.0
2020/04/04,1011.2,1013.5,1008.2,82,67,1.9,34,7.7,30,1.5
2020/04/05,1011.7,1012.9,1010.5,73,59,2.2,50,7.9,42,1.5
2020/04/06,1008.7,1011.6,1006.6,80,64,1.7,31,8.5,9,6.0
2020/04/07,1007.7,1009.1,1005.3,84,68,1.7,32,7.7,38,3.0
2020/04/08,1007.6,1009.3,1006.3,74,66,1.7,34,7.5,56,0.0
2020/04/09,1009.2,1010.6,1007.2,76,59,1.7,34,9.9,25,0.0
2020/04/10,1009.0,1011.3,1006.8,65,46,2.3,32,9.4,106,0.0
2020/04/11,1006.2,1008.1,1004.1,89,70,1.2,224,6.3,229,20.0
2020/04/12,1009.0,1011.0,1005.6,75,44,1.9,30,7.5,20,4.0
2020/04/13,1010.5,1012.1,1009.0,53,33,1.9,31,8.3,25,0.0
2020/04/15,1008.2,1010.9,1005.9,53,30,1.2,60,6.9,123,0.0
2020/04/15,1006.5,1008.3,1005.1,68,45,1.5,106,7.7,303,0.0
2020/04/16,1006.3,1007.4,1005.3,69,44,1.4,120,5.4,299,0.0
2020/04/17,1006.5,1008.8,1005.2,75,60,1.5,143,8.0,226,0.0
2020/04/18,1006.1,1008.2,1004.5,79,63,1.1,125,5.5,324,0.0
2020/04/19,1003.0,1004.6,1000.7,87,79,1.2,226,9.4,211,0.0
2020/04/20,1004.7,1007.2,1002.8,81,64,1.6,33,7.4,23,0.0
2020/04/21,1005.4,1007.9,1003.5,91,82,1.9,23,8.4,24,1.5
2020/04/22,1008.2,1010.2,1006.1,88,79,3.0,32,11.2,22,4.0
2020/04/23,1009.6,1011.5,1007.3,85,64,2.6,53,10.0,60,11.5
2020/04/24,1009.9,1011.5,1008.2,80,63,2.4,40,9.3,45,2.0
2020/04/25,1007.8,1009.4,1006.3,79,62,1.2,127,7.9,101,0.0
2020/04/26,1008.1,1009.8,1006.8,84,68,1.1,33,5.9,99,2.0
2020/04/27,1007.6,1009.1,1006.4,72,63,1.8,33,8.1,110,0.0
2020/04/28,1008.4,1010.4,1006.7,64,50,2.3,52,11.2,76,0.0
2020/04/29,1007.4,1009.3,1006.3,67,50,1.4,343,5.7,328,0.0
2020/04/30,1006.6,1008.7,1004.4,78,56,0.9,346,4.6,323,0.0
2020/05/01,1004.0,1006.3,1002.2,80,47,0.8,206,4.4,317,0.0
2020/05/02,1001.0,1003.0,999.4,77,46,1.1,125,5.3,268,0.0
2020/05/03,999.6,1001.2,998.1,84,66,1.7,239,10.5,219,0.0
2020/05/04,1001.3,1002.6,1000.0,82,62,1.7,230,6.9,223,0.0
2020/05/05,999.2,1001.8,996.4,78,59,2.3,223,10.6,229,0.0
2020/05/06,1000.0,1002.4,996.4,79,53,2.5,60,12.0,226,0.0
2020/05/07,1001.5,1002.8,1000.2,88,71,0.8,355,5.8,120,17.0
2020/05/08,1000.6,1002.0,998.9,82,69,1.6,128,7.3,276,0.0
2020/05/09,999.7,1000.9,997.7,79,61,2.7,220,12.0,221,0.0
2020/05/10,1001.0,1003.0,999.2,85,62,1.3,286,6.9,328,0.0
2020/05/11,1002.0,1003.6,1000.4,91,77,1.6,29,6.7,36,0.0
2020/05/12,1002.6,1004.4,1000.5,89,74,1.3,34,5.9,352,9.5
2020/05/13,1004.2,1006.3,1002.8,68,39,2.3,28,8.6,19,0.0
2020/05/14,1002.9,1004.6,1000.9,76,57,1.4,133,5.1,325,0.0
2020/05/15,1000.6,1001.9,999.3,75,61,1.2,238,6.7,212,0.0
2020/05/16,1000.0,1001.9,998.7,79,62,1.5,197,9.6,221,0.0
2020/05/18,996.7,998.8,994.3,72,51,1.1,232,5.8,316,0.0
2020/05/18,995.2,997.8,992.7,89,78,2.3,226,11.3,217,31.5
2020/05/19,998.4,1000.6,995.2,93,75,1.6,121,10.6,226,56.5
2020/05/20,1000.4,1001.7,999.5,91,77,1.0,23,4.4,128,2.0
2020/05/21,998.1,1000.2,995.9,93,77,1.1,103,6.9,103,79.0
2020/05/22,995.5,997.3,994.0,98,98,1.2,31,7.6,41,93.5
2020/05/23,997.9,999.9,995.6,95,86,1.4,34,6.1,35,19.0
2020/05/24,1000.6,1001.8,999.3,85,66,1.3,24,7.4,26,0.0
2020/05/25,1001.5,1002.8,1000.6,88,68,0.9,132,5.6,5,0.0
2020/05/26,999.2,1001.2,997.6,87,76,2.6,228,11.3,235,0.0
2020/05/27,1001.2,1003.0,999.1,95,84,1.4,32,6.8,20,31.5
2020/05/28,1002.9,1004.6,1001.4,96,91,0.8,103,4.4,46,49.5
2020/05/29,1002.8,1003.8,1001.5,89,73,0.9,3,5.2,335,1.5
2020/05/30,1001.9,1003.4,1000.3,83,69,2.6,223,11.9,224,0.0
2020/05/31,1002.5,1004.1,1000.6,82,66,1.7,250,9.7,296,0.0
2020/06/01,1002.5,1003.8,1000.2,86,68,1.6,219,9.1,220,0.0
2020/06/02,1001.3,1003.8,999.3,87,73,1.8,223,7.0,277,3.5
2020/06/03,999.5,1001.3,996.8,75,57,3.1,221,11.2,227,0.0
2020/06/04,998.9,1000.2,997.3,73,61,3.2,222,12.9,229,0.0
2020/06/05,998.8,1000.6,996.5,76,64,2.9,227,10.8,222,0.0
2020/06/06,997.8,999.0,996.4,79,66,2.7,231,13.1,219,0.0
2020/06/07,998.9,1000.1,997.8,89,68,1.4,231,10.2,230,22.0
2020/06/08,999.9,1000.8,999.7,92,81,1.5,124,10.4,226,5.0
2020/06/09,1000.8,1001.8,999.3,82,69,1.4,148,8.2,216,2.0
2020/06/10,1000.6,1002.0,999.2,79,62,1.8,235,8.9,220,0.0
2020/06/12,999.3,1000.9,997.7,87,78,1.5,196,7.1,206,0.0
2020/06/12,998.3,999.9,996.5,83,63,1.0,187,5.3,320,0.0
2020/06/13,999.5,1002.6,996.9,80,62,0.8,323,6.1,335,0.0
2020/06/14,1003.2,1005.4,1000.7,89,66,1.3,264,8.1,146,4.0
2020/06/15,1003.1,1005.0,1001.2,X,65,2.4,204,12.0,220,0.0
,1000.5,--,--,66,--,3.0,228,--,--,0.0
2020/06/17,998.7,999.9,997.1,73,56,3.3,224,11.8,227,0.0
2020/06/18,998.7,1000.7,996.7,72,59,3.7,224,12.4,222,0.0
2020/06/19,999.4,1000.7,998.4,74,58,3.0,226,12.9,215,0.0
2020/06/20,999.1,1000.5,997.3,76,60,2.3,235,10.3,219,0.0
2020/06/21,996.3,998.4,993.7,75,62,3.1,196,13.0,225,0.0
2020/06/22,996.7,998.3,995.6,72,64,3.3,223,14.1,222,0.0
2020/06/23,997.4,998.3,996.3,73,60,3.0,218,12.5,229,0.0
2020/06/24,997.0,998.3,995.5,75,62,3.3,224,11.1,214,0.0
2020/06/25,997.9,999.8,996.6,71,56,2.8,221,13.2,230,0.0
2020/06/26,1000.2,1001.6,999.0,76,58,1.9,202,8.7,222,0.0
2020/06/27,1000.1,1001.3,998.7,76,61,2.2,198,10.3,208,0.0
2020/06/28,999.1,1000.4,997.8,75,57,2.0,233,8.7,228,0.0
2020/06/29,996.9,998.6,995.3,74,60,2.8,232,10.9,216,0.0
2020/06/30,996.1,997.5,994.7,77,64,3.2,230,11.4,207,0.0
2020/07/01,997.0,999.3,995.3,77,63,2.1,204,10.4,211,0.0
2020/07/02,999.1,1001.5,997.4,80,60,1.6,124,12.3,192,1.0
2020/07/03,1001.0,1002.4,999.8,78,59,1.9,140,9.0,220,0.0
2020/07/04,1000.6,1002.2,998.6,78,58,1.7,186,7.9,220,0.0
2020/07/06,998.3,999.7,997.0,74,54,2.3,225,9.6,215,0.0
2020/07/06,998.4,1000.1,996.4,73,55,2.8,228,11.3,222,0.0
2020/07/07,1000.2,1001.6,999.2,70,56,3.0,223,10.8,223,0.0
2020/07/09,997.4,1000.0,995.4,73,62,3.2,202,14.1,225,0.0
2020/07/09,994.6,995.7,993.0,69,56,4.4,223,13.5,219,0.0
2020/07/10,997.7,999.9,994.9,70,51,3.2,224,12.4,215,0.0
2020/07/11,999.8,1000.9,998.4,75,56,1.6,221,9.5,225,0.0
2020/07/12,999.5,1001.0,997.2,71,51,1.6,223,8.2,218,0.0
2020/07/13,998.6,999.8,997.0,72,48,1.4,208,6.9,217,0.0
2020/07/14,997.4,998.9,995.5,77,52,1.0,228,5.2,336,0.0
2020/07/15,996.8,998.4,995.0,78,62,1.8,222,9.3,229,0.0
2020/07/16,997.2,999.0,996.0,65,49,3.6,221,13.2,221,0.0
2020/07/17,999.0,1000.3,997.3,71,57,3.0,224,13.8,229,0.0
2020/07/18,999.1,999.9,997.7,70,54,3.2,224,13.3,227,0.0
2020/07/19,999.4,1001.0,998.2,76,56,2.3,231,9.5,218,0.0
2020/07/20,1001.6,1003.2,1000.0,75,54,1.7,118,8.4,280,0.0
2020/07/21,1002.9,1003.9,1001.8,71,50,1.2,8,7.1,322,0.0
2020/07/23,1001.7,1003.3,1000.2,73,51,0.9,70,6.8,308,0.0
2020/07/23,1000.6,1002.0,999.1,76,62,1.7,72,7.9,282,0.0
2020/07/24,999.2,1000.8,997.1,72,56,2.1,155,9.9,220,0.0
2020/07/25,998.9,999.7,997.1,84,63,1.3,223,9.4,277,3.5
2020/07/26,998.4,999.7,996.5,74,57,1.5,231,9.6,221,0.0
2020/07/27,998.8,1000.3,997.3,73,57,1.6,155,8.1,282,0.0
2020/07/28,1000.0,1001.3,998.7,81,58,1.0,317,6.4,333,0.0
2020/07/29,999.2,1000.8,996.3,72,46,1.4,115,8.8,101,1.0
2020/07/31,998.5,1000.2,996.8,64,49,2.5,102,10.9,95,0.0
2020/07/31,998.5,1000.1,997.0,72,48,1.0,17,8.0,109,0.0
2020/08/01,999.6,1001.7,997.6,73,49,1.3,294,6.7,331,0.0
2020/08/03,998.9,1001.6,996.8,74,53,1.4,178,7.8,23,0.0
2020/08/04,994.9,997.6,993.3,90,73,2.5,230,12.6,220,135.0
2020/08/04,998.3,1002.3,994.1,78,56,1.8,183,10.7,215,23.0
2020/08/05,1002.5,1004.2,1000.7,84,61,1.0,1,5.3,325,0.5
2020/08/07,1002.0,1003.8,999.9,74,52,1.0,218,5.9,21,0.0
2020/08/07,1000.1,1001.6,998.1,79,61,1.1,221,5.0,226,0.0
2020/08/08,997.3,999.2,995.4,81,61,1.1,8,5.8,327,0.0
2020/08/09,995.3,996.5,993.9,77,57,1.2,220,7.0,221,0.0
2020/08/10,997.2,998.7,995.6,81,58,1.4,186,6.7,192,5.0
2020/08/11,1001.2,1004.6,997.1,91,70,0.9,283,5.1,282,110.0
2020/08/12,1005.1,1006.8,1003.5,83,63,0.9,1,5.5,339,0.5
2020/08/14,1003.9,1006.2,1002.4,81,59,0.9,341,5.3,323,0.0
2020/08/14,1001.4,1002.9,999.6,81,63,1.1,192,5.1,316,0.5
2020/08/15,1000.9,1002.6,999.2,84,65,1.2,195,5.4,327,6.0
2020/08/17,1001.0,1002.5,999.4,87,68,1.0,141,6.2,330,1.0
2020/08/17,999.4,1001.0,998.5,76,55,1.4,102,10.1,99,0.0
2020/08/18,999.0,1000.6,997.0,72,53,1.4,103,7.7,100,0.0
2020/08/19,999.4,1000.8,997.5,69,43,1.4,76,6.2,50,0.0
2020/08/20,1000.0,1001.5,998.0,68,44,1.1,108,7.2,106,0.0
2020/08/21,998.7,1001.6,996.2,68,49,2.1,94,11.8,100,0.0
2020/08/22,997.6,998.7,996.4,82,63,1.6,52,9.0,20,1.0
2020/08/23,997.3,998.6,996.1,82,61,1.7,228,7.8,276,1.5
2020/08/25,995.0,997.4,993.0,81,68,2.4,227,9.9,225,0.5
2020/08/26,993.2,994.7,991.3,77,53,3.7,222,11.8,221,0.0
2020/08/26,992.8,994.5,991.1,70,55,3.5,225,13.6,215,0.0
2020/08/27,994.0,996.0,991.8,78,54,1.9,218,10.3,136,0.0
2020/08/28,995.0,997.0,993.8,78,55,1.3,117,9.1,243,0.0
2020/08/29,996.2,997.6,995.4,82,59,1.0,26,6.1,25,0.0
2020/08/30,996.7,998.2,995.0,78,59,1.4,55,7.9,24,0.0
2020/08/31,996.2,998.1,994.4,86,65,1.3,15,10.5,80,0.0
2020/09/01,994.5,995.8,993.1,81,62,1.8,223,7.6,219,0.0
2020/09/02,996.2,998.3,994.7,78,63,2.6,221,8.5,214,0.0
2020/09/03,1000.4,1002.5,997.7,87,63,1.1,5,6.5,317,1.0
2020/09/04,1001.0,1002.9,999.0,82,67,1.6,26,9.6,17,0.0
2020/09/05,998.9,1000.8,997.3,76,55,1.2,22,7.3,36,0.0
2020/09/06,997.4,998.3,996.1,65,39,1.0,124,5.9,319,0.0
2020/09/07,1000.1,1002.7,997.7,55,33,1.1,3,4.5,13,0.0
2020/09/08,1003.5,1004.9,1002.3,73,51,0.9,204,4.3,320,0.0
2020/09/10,1001.7,1004.3,999.7,78,50,0.7,306,6.1,320,0.0
2020/09/10,999.1,1000.8,996.9,83,63,0.7,167,3.5,324,0.5
2020/09/11,1000.0,1002.0,998.6,80,60,1.4,153,8.2,219,0.0
2020/09/12,1002.9,1004.6,1000.9,85,65,1.0,14,7.3,15,0.0
2020/09/13,1003.6,1004.9,1002.0,87,63,1.6,23,8.3,15,1.0
2020/09/14,1002.3,1003.6,1000.6,87,70,1.3,11,7.4,25,0.0
2020/09/15,1001.5,1002.7,1000.2,88,71,1.0,319,5.8,333,0.0
2020/09/16,1000.8,1001.9,999.5,85,65,0.8,187,5.2,327,0.0
2020/09/17,1000.3,1001.9,998.9,83,54,0.9,190,4.7,304,0.0
2020/09/18,1003.5,1004.8,1001.6,82,55,1.4,22,8.1,23,0.0
2020/09/19,1004.4,1006.0,1003.4,88,73,1.4,1,5.9,225,3.5
2020/09/20,1003.8,1005.0,1002.6,88,75,1.7,29,8.7,19,37.5
2020/09/21,1003.3,1004.8,1001.7,76,61,1.5,25,9.3,27,0.0
2020/09/22,1002.4,1003.8,1000.8,70,53,1.5,33,8.6,14,0.0
2020/09/23,1002.2,1003.1,1001.0,73,55,1.2,13,7.0,16,0.0
2020/09/24,1002.7,1003.8,1001.3,91,78,1.1,29,7.1,26,10.5
2020/09/25,1002.3,1003.3,1000.9,88,76,1.2,51,5.0,105,2.5
2020/09/26,1002.7,1004.5,1000.7,85,65,1.6,33,7.7,26,0.5
2020/09/27,1003.9,1005.5,1002.5,97,93,0.9,42,6.0,45,58.5
2020/09/28,1002.9,1004.8,1001.5,97,93,0.8,98,5.4,24,14.0
2020/09/30,1000.5,1002.6,998.1,83,64,1.2,27,6.1,23,0.0
2020/09/30,1001.3,1003.1,999.3,90,80,1.7,102,6.0,106,3.0
2020/10/01,1001.8,1003.7,1000.1,74,51,1.5,33,9.6,18,0.0
2020/10/02,1002.3,1003.7,1000.1,75,56,1.4,44,9.1,16,0.0
2020/10/03,1001.9,1005.0,999.4,75,46,1.1,107,6.8,102,0.0
2020/10/04,1001.0,1002.7,998.7,76,54,1.3,122,6.4,116,0.0
2020/10/05,1004.7,1007.3,1002.4,86,75,2.2,31,9.7,81,3.0
2020/10/06,1007.1,1008.5,1005.4,73,61,2.2,57,10.2,41,0.0
2020/10/07,1007.2,1009.0,1005.9,71,60,2.0,51,9.1,29,0.0
2020/10/08,1007.2,1008.3,1006.0,82,57,1.8,48,9.7,16,15.5
2020/10/09,1007.0,1008.8,1005.4,84,64,1.6,24,9.3,35,3.5
2020/10/11,1004.6,1006.5,1003.2,82,75,2.0,53,8.7,8,0.0
2020/10/11,1001.8,1003.5,999.2,87,76,2.4,31,10.1,12,0.5
2020/10/12,1001.8,1003.7,999.2,90,79,3.3,29,12.3,25,0.5
2020/10/13,1004.9,1007.5,1002.8,86,76,2.7,33,12.7,11,0.0
2020/10/14,1006.7,1008.4,1004.8,80,72,2.3,40,11.1,76,0.0
2020/10/15,1006.3,1008.2,1004.7,78,70,2.3,32,10.7,25,0.0
2020/10/16,1006.0,1008.2,1004.1,81,61,2.5,31,11.1,28,0.0
2020/10/17,1008.2,1009.7,1006.9,84,75,2.2,33,10.2,17,0.5
2020/10/18,1008.4,1010.2,1006.7,85,79,2.3,31,9.7,10,0.0
2020/10/19,1008.1,1009.8,1006.1,81,63,2.3,40,11.6,14,0.0
2020/10/20,1005.9,1008.3,1003.7,83,74,3.0,30,13.1,54,0.0
2020/10/21,1000.9,1003.9,998.8,92,79,3.1,31,10.7,14,4.5
2020/10/22,1003.2,1006.7,999.4,96,86,2.7,24,11.6,32,16.0
2020/10/23,1006.8,1008.4,1004.7,79,65,2.1,48,9.6,77,5.5
2020/10/24,1007.8,1010.0,1006.0,66,54,2.8,55,12.5,70,0.0
2020/10/25,1006.5,1008.6,1004.3,69,55,2.2,56,10.7,65,0.0
2020/10/26,1004.7,1007.2,1002.1,68,52,2.2,49,10.6,67,0.0
2020/10/27,1004.5,1006.6,1002.3,68,55,2.2,51,10.5,54,0.0
2020/10/28,1007.5,1009.6,1005.7,76,64,2.1,26,11.0,29,0.0
2020/10/29,1009.8,1011.6,1008.1,79,70,2.7,27,10.2,25,0.0
2020/10/30,1011.2,1013.1,1009.8,69,58,2.5,31,10.9,22,0.0
2020/10/31,1008.9,1011.4,1006.9,66,46,2.1,49,10.2,55,0.0
2020/11/01,1005.5,1007.4,1003.2,72,50,2.1,43,10.1,86,0.0
2020/11/02,1006.3,1009.1,1004.4,77,60,2.5,30,11.1,53,1.0
2020/11/03,1009.9,1011.8,1008.3,78,64,2.3,25,10.1,39,4.5
2020/11/04,1010.0,1011.7,1007.9,66,51,2.3,52,10.2,17,0.0
2020/11/05,1008.5,1010.5,1006.8,76,59,2.0,54,10.2,22,0.0
2020/11/06,1002.6,1007.3,999.3,78,64,2.4,29,12.9,102,0.0
2020/11/07,1006.0,1010.2,1001.0,89,64,2.1,23,11.9,19,0.0
2020/11/08,1011.3,1012.9,1009.6,88,73,2.7,30,10.6,17,2.0
2020/11/09,1011.3,1012.5,1010.0,69,59,2.5,56,11.1,89,0.0
2020/11/10,1012.4,1014.0,1010.6,74,64,2.2,44,9.5,65,0.5
2020/11/11,1013.2,1014.9,1011.9,66,57,2.9,54,13.0,23,0.0
2020/11/12,1010.7,1012.8,1008.6,75,63,2.5,40,13.6,24,0.0
2020/11/13,1010.2,1011.4,1008.6,90,78,2.3,26,10.3,10,20.0
2020/11/14,1010.6,1012.1,1008.9,80,68,2.2,55,10.0,75,1.0
,1009.5,--,--,72,--,2.1,30,--,--,0.0
2020/11/16,1007.6,1010.0,1005.9,71,59,2.1,48,9.7,63,0.0
2020/11/17,1006.0,1007.6,1004.7,71,50,1.9,106,8.6,103,0.0
2020/11/18,1004.4,1006.4,1002.9,83,56,1.0,120,4.8,317,0.0
2020/11/19,1003.6,1005.8,1001.7,80,59,0.6,22,3.6,17,0.0
2020/11/20,1005.5,1007.1,1003.2,85,64,1.6,28,8.4,15,0.0
2020/11/21,1006.6,1008.2,1005.3,85,68,1.5,32,7.7,116,0.0
2020/11/22,1009.7,1013.4,1006.4,93,76,1.6,29,11.0,22,0.0
2020/11/23,1011.9,1013.9,1009.7,82,61,2.5,36,10.5,101,0.0
2020/11/24,1011.0,1012.9,1008.7,77,62,2.2,28,10.4,86,0.0
2020/11/26,1009.2,1010.9,1006.7,76,53,1.8,45,8.4,99,0.0
2020/11/26,1009.6,1011.5,1007.8,73,48,1.6,26,9.0,109,0.0
2020/11/27,1012.6,1015.0,1010.2,83,74,3.2,32,12.0,11,0.0
2020/11/28,1013.7,1015.7,1011.7,87,77,2.7,33,10.4,20,1.0
2020/11/29,1013.8,1015.3,1012.1,85,71,2.4,33,11.0,12,0.5
2020/11/30,1014.6,1016.1,1012.7,82,63,2.3,50,10.4,47,0.5
2020/12/01,1013.4,1015.5,1011.7,89,82,2.3,56,9.6,82,3.0
2020/12/02,1012.1,1013.7,1010.3,80,71,2.9,30,11.9,18,5.5
2020/12/03,1013.6,1015.0,1011.9,87,70,2.4,41,11.8,27,17.0
2020/12/04,1012.6,1014.3,1011.0,92,83,2.5,48,10.4,17,9.5
2020/12/05,1012.5,1014.4,1010.7,86,73,2.5,36,9.9,36,0.5
2020/12/06,1011.1,1012.5,1009.4,91,83,2.4,30,10.8,12,0.0
2020/12/07,1011.7,1013.4,1009.7,96,91,2.9,28,10.4,49,3.0
2020/12/08,1011.8,1013.4,1009.8,95,90,2.5,33,11.7,43,9.0
2020/12/09,1008.8,1011.8,1005.9,96,90,2.0,29,8.2,14,26.5
2020/12/10,1007.9,1009.7,1005.6,96,92,2.7,28,10.1,26,0.5
2020/12/11,1007.2,1009.2,1005.1,94,86,2.0,27,8.1,44,2.0
2020/12/12,1007.3,1009.5,1005.6,83,74,2.0,24,8.9,11,0.0
2020/12/13,1007.1,1008.8,1005.9,87,69,1.2,24,6.7,17,0.0
2020/12/14,1011.5,1014.5,1007.0,92,86,2.9,32,10.9,21,4.0
2020/12/15,1014.2,1016.5,1012.3,94,90,2.5,47,11.3,20,12.0
2020/12/16,1014.8,1016.9,1013.3,92,85,2.4,31,9.5,73,5.0
2020/12/17,1012.5,1015.3,1009.9,84,68,2.3,37,11.0,80,0.0
2020/12/18,1012.0,1013.8,1010.3,96,86,1.8,24,8.7,19,5.5
2020/12/19,1015.8,1017.9,1013.3,94,83,3.0,25,11.7,16,14.5
2020/12/20,1015.6,1017.4,1013.9,86,78,2.6,33,11.1,58,0.0
2020/12/21,1013.8,1015.9,1011.4,88,74,2.0,45,9.0,70,3.5
2020/12/22,1010.3,1013.6,1007.1,85,67,2.7,29,10.5,77,0.0
2020/12/23,1007.5,1009.9,1005.8,95,79,1.2,329,8.5,111,18.0
2020/12/24,1008.2,1010.5,1006.2,89,75,2.1,25,9.6,22,6.5
2020/12/25,1010.7,1012.6,1009.2,81,64,2.2,29,9.3,107,2.0
2020/12/26,1009.7,1012.2,1007.1,86,67,0.7,10,5.7,64,0.0
2020/12/27,1008.0,1009.5,1006.1,92,74,0.9,28,5.7,12,0.0
2020/12/29,1006.3,1008.9,1003.9,80,65,1.9,55,10.9,56,3.0
2020/12/29,1005.5,1008.2,1004.0,90,80,0.8,17,6.2,18,0.0
2020/12/30,1016.9,1020.0,1008.0,79,62,3.2,24,13.3,3,3.0
2020/12/31,1019.5,1021.5,1017.5,66,57,2.3,59,9.8,56,0.0
2021/01/02,1015.9,1018.6,1013.0,68,58,1.8,28,8.4,11,0.0
2021/01/02,1014.3,1016.4,1012.8,75,63,2.2,24,9.3,76,0.0
2021/01/03,1013.6,1015.3,1011.2,79,59,1.9,25,10.1,28,0.0
2021/01/04,1012.2,1014.5,1009.7,96,92,2.6,24,10.1,36,5.5
2021/01/05,1012.2,1014.0,1010.4,95,90,2.5,29,9.5,10,7.5
2021/01/06,1011.3,1013.5,1008.3,93,84,2.2,33,9.3,53,7.5
2021/01/07,1014.2,1017.5,1010.7,94,89,3.0,25,12.3,8,26.5
2021/01/08,1017.5,1018.5,1016.2,81,65,2.3,23,10.9,31,7.5
2021/01/09,1017.1,1018.7,1014.9,67,58,1.8,30,8.4,21,0.0
2021/01/10,1014.7,1017.0,1012.3,67,51,1.9,57,8.8,79,0.0
2021/01/11,1015.5,1017.2,1014.0,91,78,2.2,25,9.3,14,18.0
2021/01/13,1014.2,1016.8,1012.2,74,50,1.5,23,7.2,12,2.5
2021/01/13,1010.5,1012.5,1007.3,70,39,1.2,125,5.5,108,0.0
2021/01/14,1008.5,1010.5,1006.8,70,44,1.4,122,4.8,118,0.0
2021/01/15,1007.3,1009.0,1004.7,77,46,0.8,35,5.1,324,0.0
2021/01/17,1009.6,1014.6,1006.7,78,50,2.7,40,13.3,25,0.0
2021/01/17,1016.8,1018.9,1014.5,73,62,2.7,34,11.9,3,0.0
2021/01/18,1014.1,1016.5,1011.7,67,55,2.2,51,10.6,27,0.0
2021/01/19,1011.2,1012.7,1009.3,66,49,2.1,82,11.7,101,0.0
2021/01/20,1008.5,1010.4,1006.3,74,53,2.1,100,9.6,96,0.0
2021/01/21,1006.4,1008.4,1004.4,83,57,0.9,336,5.1,97,0.0
2021/01/22,1002.8,1004.5,1000.8,89,61,1.4,24,8.2,15,0.5
2021/01/23,1005.5,1009.5,1002.4,94,82,1.6,21,6.7,18,1.5
2021/01/24,1009.8,1011.1,1008.3,77,67,2.5,34,10.7,24,0.0
2021/01/25,1009.9,1012.3,1008.2,86,75,1.5,22,6.8,13,0.0
2021/01/26,1008.6,1010.0,1007.4,91,70,1.4,24,8.1,18,0.5
2021/01/27,1009.4,1011.1,1007.0,84,73,2.5,28,10.5,23,0.0
2021/01/28,1013.3,1016.2,1009.9,80,62,1.7,13,9.0,21,0.0
2021/01/29,1015.0,1016.8,1013.0,60,44,2.6,54,10.8,64,0.0
2021/01/30,1013.4,1015.2,1011.1,63,39,1.7,100,7.9,88,0.0
2021/01/31,1013.0,1015.1,1010.9,71,47,1.1,152,4.6,315,0.0
2021/02/01,1010.5,1012.6,1008.9,75,48,1.0,276,5.1,282,0.0
2021/02/02,--,1015.0,1010.1,--,70,--,--,10.5,35,0.0
2021/02/03,--,1014.8,1010.5,--,43,--,--,10.2,106,0.0
2021/02/04,--,1014.5,1010.5,--,48,--,--,8.9,103,0.0
2021/02/05,--,1011.8,1008.5,--,46,--,--,6.4,280,0.0
2021/02/06,--,1010.9,1008.0,--,62,--,--,7.2,336,0.0
2021/02/07,--,1011.2,1007.0,--,69,--,--,6.9,18,0.0
2021/02/08,--,1015.1,1008.7,--,71,--,--,10.5,99,0.0
2021/02/09,--,1014.2,1007.6,--,61,--,--,10.8,68,0.0
2021/02/10,--,1008.3,1001.2,--,57,--,--,8.1,56,20.0
2021/02/11,--,1005.0,1000.3,--,89,--,--,10.1,324,26.5
2021/02/12,--,1008.0,1003.4,--,74,--,--,8.8,32,2.0
2021/02/13,--,1009.4,1006.4,--,87,--,--,7.8,19,4.0
2021/02/14,--,1007.6,1004.3,--,78,--,--,5.6,32,0.0
2021/02/15,--,1008.5,1005.2,--,62,--,--,9.5,12,0.0
2021/02/16,--,1009.9,1005.1,--,52,--,--,6.9,112,0.0
2021/02/17,--,1016.5,1009.9,--,48,--,--,11.0,15,1.5
2021/02/18,--,1020.3,1016.2,--,37,--,--,11.2,14,0.0
2021/02/20,--,1017.6,1012.1,--,43,--,--,7.9,66,0.0
2021/02/20,--,1013.5,1009.6,--,51,--,--,5.7,330,0.0
2021/02/21,--,1011.2,1007.7,--,47,--,--,5.7,282,0.0
2021/02/22,--,1009.0,1006.1,--,34,--,--,6.1,306,0.0
2021/02/23,--,1008.7,1005.0,--,52,--,--,12.7,26,0.0
2021/02/24,--,1007.1,1001.9,--,60,--,--,8.7,21,0.0
2021/02/25,--,1003.5,1000.0,--,62,--,--,6.4,284,0.0
2021/02/26,--,1005.3,999.9,--,73,--,--,8.3,23,1.5
2021/02/27,--,1009.3,1004.6,--,89,--,--,7.4,23,13.5
2021/02/28,--,1010.1,1006.4,--,81,--,--,6.7,26,0.0
2021/03/01,,1010.4,1004.9,,60,,,6.9,213,0.0
2021/03/02,,1015.0,1007.3,,84,,,12.7,20,22.0
2021/03/04,,1014.3,1009.9,,71,,,8.5,68,0.0
2021/03/04,,1011.9,1008.9,,91,,,3.1,14,2.5
2021/03/06,,1011.2,1006.0,,66,,,6.8,110,0.5
2021/03/06,,1012.6,1006.8,,94,,,13.0,315,36.0
2021/03/07,,1013.8,1009.7,,96,,,10.0,23,2.0
2021/03/08,,1013.7,1010.3,,82,,,11.1,4,0.0
2021/03/09,,1014.0,1010.5,,75,,,9.8,27,0.0
2021/03/10,,1014.4,1010.5,,66,,,9.7,14,0.0
2021/03/11,,1012.6,1009.6,,76,,,6.0,321,0.0
2021/03/12,,1012.8,1009.4,,73,,,9.6,12,0.0
2021/03/13,,1012.6,1009.3,,59,,,10.5,17,0.0
,,--,--,,--,,,--,--,0.0
2021/03/15,,1007.5,1004.8,,55,,,5.6,299,0.0
2021/03/16,,1007.0,1003.6,,47,,,5.0,323,0.0
,,--,--,,--,,,--,--,0.0
2021/03/18,,1007.6,1003.8,,95,,,4.8,21,1.5
2021/03/19,,1005.9,1002.1,,76,,,4.3,283,0.0
2021/03/20,,1005.3,1001.6,,73,,,7.4,21,0.0
2021/03/21,,1015.1,1004.3,,69,,,12.6,19,0.5
2021/03/22,,1017.7,1014.1,,73,,,10.4,13,9.5
2021/03/24,,1015.0,1008.1,,69,,,8.7,39,4.5
2021/03/24,,1011.1,1007.0,,58,,,6.2,281,29.5
2021/03/25,,1012.8,1008.1,,74,,,7.8,28,0.0
2021/03/26,,1009.3,1005.2,,78,,,6.8,37,0.0
2021/03/27,,1006.0,1000.2,,57,,,7.4,223,0.5
2021/03/28,,1001.3,999.1,,68,,,8.0,292,0.0
2021/03/29,,1002.2,997.2,,69,,,5.3,317,0.0
2021/03/30,,1001.2,996.5,,72,,,10.2,227,0.0
2021/03/31,,1001.0,998.2,,70,,,6.8,339,0.0
2021/04/01,,1001.1,997.9,,75,,,7.6,207,0.0
2021/04/02,,1003.3,1000.0,,69,,,5.7,275,0.0
2021/04/03,,1005.3,1001.9,,67,,,6.0,9,0.0
2021/04/04,,1011.0,1004.3,,69,,,10.6,19,0.0
2021/04/05,,1013.1,1008.7,,47,,,10.5,12,0.0
2021/04/06,,1012.2,1008.1,,58,,,8.8,22,0.0
2021/04/07,,1011.2,1005.3,,46,,,11.0,8,0.0
2021/04/08,,1010.1,1003.4,,65,,,9.5,15,3.0
2021/04/09,,1011.5,1007.5,,77,,,8.8,5,0.5
2021/04/10,,1012.8,1010.0,,79,,,9.3,28,0.0
2021/04/11,,1011.5,1007.9,,58,,,6.5,331,0.0
2021/04/12,,1009.2,1005.4,,64,,,6.8,217,0.0
2021/04/13,,1007.4,1005.1,,61,,,7.0,19,0.0
2021/04/14,,1008.8,1005.8,,84,,,9.6,30,0.0
2021/04/15,,1006.9,1003.7,,84,,,7.6,16,0.0
2021/04/16,,1007.3,1003.9,,73,,,6.3,21,0.0
2021/04/17,,1009.9,1006.3,,47,,,10.7,25,2.0
2021/04/18,,1009.6,1005.6,,49,,,12.0,61,0.0
2021/04/19,,1006.7,1002.8,,48,,,12.6,84,0.0
2021/04/20,,1004.7,1001.8,,40,,,11.1,105,0.0
2021/04/21,,1004.0,1000.1,,41,,,9.8,87,0.0
2021/04/23,,1000.7,996.3,,58,,,6.8,308,0.0
2021/04/23,,1001.9,997.8,,72,,,8.4,16,1.5
2021/04/24,,1004.7,1000.6,,73,,,8.8,30,0.0
2021/04/25,,1006.4,1001.2,,62,,,7.2,57,0.0
2021/04/26,,1006.4,1002.6,,46,,,9.9,19,0.0
2021/04/27,,1009.1,1005.1,,56,,,7.0,294,0.0
2021/04/28,,1008.7,1005.1,,89,,,3.2,29,33.5
2021/04/29,,1007.1,1002.9,,73,,,7.8,16,26.0
2021/04/30,,1004.9,1001.4,,52,,,5.6,289,0.0
2021/05/01,,1005.3,1001.3,,57,,,8.1,224,0.0
2021/05/02,,1007.7,1004.2,,65,,,7.4,17,0.0
2021/05/03,,1006.8,1004.0,,49,,,4.7,295,0.0
2021/05/04,,1004.6,1000.8,,58,,,6.3,219,0.0
2021/05/05,,1008.6,1002.6,,72,,,9.9,14,1.5
2021/05/06,,1008.3,1005.3,,74,,,6.6,18,0.0
2021/05/07,,1005.9,1001.6,,70,,,9.7,222,0.0
2021/05/08,,1002.7,1000.4,,82,,,7.1,286,1.0
2021/05/09,,1003.1,999.4,,69,,,5.1,308,0.0
2021/05/10,,1002.2,998.5,,69,,,7.5,218,0.0
2021/05/11,,1001.1,997.7,,67,,,11.2,221,0.0
2021/05/12,,1002.1,998.1,,59,,,11.8,230,0.0
2021/05/13,,1002.5,999.1,,62,,,6.5,221,0.0
2021/05/14,,1003.2,1000.0,,64,,,8.0,227,0.0
2021/05/15,,1003.0,999.0,,68,,,8.5,223,0.0
2021/05/16,,1001.6,998.7,,63,,,12.1,218,0.0
,,--,--,,--,,,--,--,0.0
2021/05/18,,1003.2,1000.5,,65,,,5.0,271,0.0
2021/05/19,,1002.5,999.1,,69,,,7.4,280,0.0
2021/05/20,,1001.8,999.1,,60,,,11.2,215,0.0
2021/05/21,,1001.4,998.5,,57,,,10.7,220,0.5
2021/05/22,,1001.7,998.4,,60,,,10.4,226,0.0
2021/05/23,,1002.0,999.5,,58,,,6.6,293,0.0
2021/05/24,,1005.0,1000.4,,60,,,9.1,286,0.0
2021/05/25,,1005.2,1001.5,,66,,,7.3,13,0.0
2021/05/26,,1003.0,998.6,,61,,,9.2,212,0.0
2021/05/27,,1002.3,998.3,,55,,,11.2,219,0.0
2021/05/28,,1002.4,997.4,,59,,,14.1,222,0.5
2021/05/29,,1000.4,996.1,,75,,,7.8,190,5.0
2021/05/30,,998.7,995.3,,79,,,5.9,337,30.5
2021/05/31,,999.6,996.3,,86,,,4.8,23,63.0
2021/06/01,,1000.8,998.4,,68,,,4.3,323,0.0
2021/06/02,,1001.5,998.3,,65,,,7.7,219,0.0
2021/06/04,,1000.4,996.1,,66,,,8.0,225,0.0
2021/06/04,,997.5,995.1,,77,,,9.2,291,0.0
2021/06/05,,998.0,994.7,,88,,,5.9,321,39.5
2021/06/06,,1001.5,995.9,,94,,,5.0,22,36.0
2021/06/07,,1003.7,999.9,,72,,,6.0,14,26.0
2021/06/08,,1003.7,1000.8,,66,,,5.3,338,0.5
2021/06/09,,1002.7,998.5,,67,,,5.8,21,0.0
2021/06/10,,1000.6,997.5,,58,,,5.5,317,0.0
2021/06/11,,1002.6,998.8,,60,,,5.6,6,0.0
2021/06/12,,1004.4,1001.0,,67,,,6.1,287,0.0
2021/06/13,,1004.0,999.3,,65,,,6.6,289,0.0
2021/06/15,,1000.3,995.4,,63,,,10.5,213,0.0
2021/06/15,,996.6,994.2,,66,,,12.3,216,0.0
2021/06/16,,998.1,994.3,,58,,,14.7,222,0.0
2021/06/17,,999.2,996.4,,63,,,14.1,227,0.0
2021/06/18,,998.2,994.3,,56,,,13.0,221,0.0
2021/06/20,,996.1,992.0,,60,,,13.2,226,0.0
2021/06/20,,994.6,991.2,,61,,,13.1,219,0.0
2021/06/21,,996.5,992.4,,63,,,15.3,227,0.0
2021/06/22,,999.2,994.2,,76,,,10.9,221,93.5
2021/06/23,,1001.3,997.1,,76,,,6.7,116,6.5
2021/06/24,,1000.5,998.1,,74,,,4.0,19,1.0
2021/06/25,,1000.3,997.7,,73,,,4.7,329,5.5
2021/06/26,,1000.1,997.4,,68,,,11.0,219,0.0
2021/06/28,,999.3,995.2,,62,,,12.0,215,0.0
2021/06/28,,996.9,994.3,,64,,,13.7,221,0.5
2021/06/29,,997.6,995.3,,64,,,13.1,219,2.0
2021/06/30,,998.5,996.1,,67,,,14.0,213,0.0
2021/07/01,,1000.0,996.7,,64,,,13.2,223,0.0
2021/07/02,,1000.7,998.3,,64,,,10.6,219,0.0
2021/07/03,,1000.9,997.8,,62,,,7.4,218,0.0
2021/07/04,,1002.4,999.4,,61,,,5.2,289,0.0
2021/07/05,,1001.1,997.9,,53,,,5.0,300,0.0
2021/07/06,,1003.2,994.7,,64,,,9.9,216,0.0
2021/07/07,,1005.3,1002.0,,59,,,8.6,282,0.0
2021/07/08,,1005.4,1001.8,,57,,,7.7,221,0.0
2021/07/09,,1003.4,1000.9,,50,,,7.2,214,0.0
2021/07/10,,1004.9,1002.2,,60,,,6.8,273,0.0
2021/07/11,,1005.4,1003.1,,56,,,6.3,308,0.0
2021/07/12,,1004.9,1001.6,,65,,,6.2,317,0.0
2021/07/13,,1002.8,1000.3,,55,,,7.7,291,0.0
2021/07/14,,1002.9,999.2,,51,,,6.1,17,0.0
2021/07/15,,1002.2,998.1,,49,,,7.7,110,0.0
2021/07/16,,1001.7,998.9,,64,,,6.4,313,0.0
2021/07/17,,999.1,994.9,,43,,,7.2,14,0.0
2021/07/18,,997.5,994.6,,56,,,7.3,17,0.0
2021/07/19,,997.2,994.1,,44,,,8.9,7,0.0
2021/07/20,,997.7,995.0,,51,,,10.0,25,0.0
2021/07/21,,996.8,992.4,,61,,,11.4,20,22.5
2021/07/22,,992.5,987.4,,80,,,10.4,14,32.5
2021/07/24,,988.2,985.2,,78,,,11.4,12,14.5
2021/07/24,,988.5,985.1,,68,,,12.7,307,32.5
2021/07/25,,988.5,985.4,,64,,,12.6,214,2.5
2021/07/26,,989.2,986.5,,67,,,14.6,209,0.0
2021/07/27,,989.1,986.0,,63,,,6.0,223,0.0
2021/07/28,,991.9,987.7,,59,,,7.1,299,2.5
2021/07/29,,994.8,991.0,,66,,,8.7,218,0.0
2021/07/30,,994.8,992.5,,65,,,9.3,223,0.0
2021/07/31,,994.3,990.7,,69,,,13.2,216,0.5
2021/08/01,,992.1,988.2,,65,,,6.8,216,4.0
2021/08/02,,991.6,989.3,,71,,,7.7,214,1.5
2021/08/03,,992.4,989.2,,72,,,7.0,286,0.0
2021/08/04,,993.2,990.6,,59,,,7.2,324,17.5
2021/08/05,,992.2,990.2,,71,,,6.1,221,2.0
2021/08/06,,992.4,987.3,,90,,,4.5,231,62.0
2021/08/07,,995.7,986.6,,93,,,7.7,217,154.5
2021/08/08,,999.2,994.3,,73,,,8.9,221,0.0
2021/08/09,,1000.0,996.8,,64,,,9.8,217,0.0
2021/08/10,,1001.2,998.4,,66,,,6.9,284,2.0
2021/08/11,,1002.6,999.7,,68,,,6.7,291,0.0
2021/08/12,,1002.8,998.6,,68,,,9.1,222,0.0
2021/08/13,,1000.3,997.3,,69,,,8.5,234,0.0
2021/08/14,,1001.9,997.6,,67,,,8.0,219,0.0
2021/08/15,,1005.3,1000.8,,62,,,8.0,214,0.0
2021/08/16,,1005.9,1002.7,,58,,,6.8,217,0.0
2021/08/17,,1004.2,1000.2,,64,,,8.3,214,0.0
2021/08/19,,1002.4,999.4,,75,,,5.5,296,0.0
2021/08/19,,1002.4,999.4,,66,,,5.7,115,0.0
2021/08/20,,1003.2,1000.1,,59,,,6.0,303,0.0
2021/08/21,,1002.2,998.9,,60,,,5.5,216,0.0
2021/08/22,,1001.4,997.9,,59,,,7.3,284,0.0
2021/08/23,,1000.4,998.4,,56,,,8.7,213,0.0
2021/08/24,,1001.9,999.0,,65,,,8.0,218,0.0
2021/08/25,,1004.4,1000.6,,62,,,6.9,296,0.0
2021/08/26,,1005.0,1002.1,,60,,,6.0,320,0.0
2021/08/27,,1004.7,1002.5,,56,,,5.8,316,0.0
2021/08/28,,1004.1,1001.0,,54,,,6.4,316,0.0
2021/08/29,,1004.1,1001.3,,57,,,5.8,323,0.0
2021/08/30,,1004.7,1001.5,,60,,,9.0,101,0.0
2021/08/31,,1003.8,1000.4,,59,,,8.4,107,0.0
2021/09/01,,1003.6,1000.7,,64,,,5.4,279,0.0
2021/09/02,,1002.9,999.0,,60,,,6.2,314,0.0
2021/09/03,,1001.2,998.0,,60,,,6.5,277,0.0
2021/09/04,,1002.6,1000.2,,61,,,5.6,315,0.0
2021/09/05,,1003.1,999.5,,60,,,6.4,276,0.0
2021/09/06,,1004.2,1001.8,,58,,,7.3,285,0.0
2021/09/07,,1004.0,999.8,,62,,,5.6,314,0.0
2021/09/08,,1002.1,999.4,,55,,,7.1,108,0.0
2021/09/09,,1002.1,999.7,,53,,,5.6,24,0.0
2021/09/10,,1001.3,997.1,,49,,,8.7,100,0.0
2021/09/11,,998.0,987.9,,52,,,12.8,107,0.0
2021/09/12,,994.3,985.8,,67,,,10.6,23,13.5
2021/09/13,,1001.4,993.6,,63,,,11.2,208,0.0
2021/09/14,,1004.1,1001.0,,60,,,8.9,222,0.0
2021/09/15,,1004.1,1000.9,,58,,,5.3,331,0.0
2021/09/16,,1002.6,999.5,,55,,,5.1,345,0.0
2021/09/17,,1003.5,1000.9,,64,,,6.0,100,0.0
2021/09/18,,1004.9,1002.6,,61,,,6.5,26,0.0
2021/09/19,,1004.4,1002.0,,51,,,6.0,318,0.0
2021/09/20,,1004.3,1000.0,,43,,,6.0,286,0.0
2021/09/21,,1003.3,999.6,,50,,,6.8,288,0.0
2021/09/22,,1005.8,1002.2,,45,,,5.4,315,0.0
2021/09/23,,1007.2,1003.7,,49,,,5.8,94,0.0
2021/09/24,,1007.2,1004.0,,50,,,8.6,14,0.0
2021/09/25,,1006.4,1003.8,,51,,,8.7,100,0.0
2021/09/26,,1005.0,1002.5,,53,,,11.3,21,0.0
2021/09/27,,1003.4,1000.8,,59,,,9.1,24,0.0
2021/09/28,,1002.3,999.4,,54,,,9.4,18,0.0
2021/09/29,,1001.0,998.2,,50,,,5.5,33,0.0
2021/09/30,,1001.8,998.7,,58,,,5.5,22,0.0
2021/10/01,--,1003.6,1000.1,--,59,--,--,5.4,315,0.0
2021/10/02,--,1005.4,1002.4,--,65,--,--,9.0,26,0.0
2021/10/03,--,1005.9,1002.6,--,44,--,--,11.6,101,0.0
2021/10/04,1004.4,1006.0,1003.1,67,50,2.4,100,11.4,108,0.0
2021/10/05,1003.2,1005.7,1001.2,66,50,2.2,71,13.3,121,0.0
2021/10/06,1000.1,1003.0,997.1,69,54,2.5,62,13.2,108,0.0
2021/10/07,999.6,1001.7,997.7,68,53,1.9,99,7.9,109,0.0
2021/10/08,1000.2,1001.8,998.4,69,57,2.7,104,11.3,100,0.0
2021/10/09,1001.1,1002.7,999.2,69,57,3.1,51,12.5,103,0.0
2021/10/11,1000.2,1001.9,997.7,71,51,2.2,54,13.5,107,0.0
2021/10/11,996.6,1000.6,993.6,92,85,2.4,35,11.5,48,50.5
2021/10/12,994.1,996.5,991.0,85,77,2.6,47,13.1,101,2.0
2021/10/13,999.6,1002.0,995.4,83,80,2.4,105,13.4,106,0.5
2021/10/14,1001.7,1003.3,999.9,78,70,2.1,52,9.0,95,0.0
2021/10/15,1001.7,1003.2,999.8,68,56,2.1,96,12.2,114,0.0
2021/10/16,1006.1,1012.4,1002.3,76,59,2.3,24,14.0,22,X
2021/10/17,1012.7,1014.5,1011.4,78,71,2.2,29,11.8,68,X
2021/10/18,1010.4,1011.9,1008.6,75,64,1.3,27,7.9,15,X
2021/10/19,1010.3,1012.1,1008.4,75,64,1.4,24,9.5,10,X
2021/10/20,1008.3,1010.3,1006.3,81,73,1.3,14,7.2,50,X
2021/10/21,1007.8,1010.6,1005.2,91,87,1.7,21,9.9,19,X
2021/10/22,1011.7,1013.4,1009.1,95,92,2.0,26,9.1,31,X
2021/10/23,1011.8,1013.3,1010.1,92,89,1.7,47,10.6,101,X
2021/10/24,1010.5,1012.1,1008.8,96,93,1.4,29,7.1,30,X
2021/10/25,1009.1,1010.6,1007.8,92,89,1.4,29,7.9,34,X
2021/10/26,1008.0,1009.2,1006.3,81,70,1.4,57,8.4,109,0.0
2021/10/27,1009.3,1010.8,1007.8,74,58,1.4,51,8.3,25,0.0
2021/10/28,1010.9,1012.5,1009.1,69,53,1.4,27,9.0,12,0.0
2021/10/29,1011.1,1012.9,1009.9,72,55,1.3,24,8.0,30,0.0
2021/10/30,1011.7,1013.3,1010.0,80,69,1.1,24,6.3,21,0.5
2021/10/31,1011.2,1012.3,1009.3,79,69,1.4,29,9.5,20,0.0
2021/11/01,1011.4,1012.6,1009.9,75,68,1.6,48,8.8,9,0.0
2021/11/02,1010.5,1012.8,1008.6,76,69,1.4,45,7.8,74,0.0
2021/11/03,1008.4,1009.9,1006.8,77,62,1.4,37,8.4,103,0.0
2021/11/04,1007.0,1008.7,1005.8,80,67,1.8,111,6.1,119,0.0
2021/11/05,1004.2,1006.5,1002.3,88,68,0.7,221,4.7,308,0.0
2021/11/06,1002.8,1004.7,1001.2,88,69,0.9,5,5.4,323,0.0
2021/11/07,1004.3,1006.0,1002.7,85,65,1.0,21,8.1,20,0.0
2021/11/08,1009.2,1013.2,1004.1,88,68,1.7,29,10.2,34,7.5
2021/11/09,1011.7,1014.1,1009.6,66,57,1.7,24,8.9,12,0.0
2021/11/10,1010.7,1012.7,1009.1,70,50,0.8,94,5.9,27,0.0
2021/11/11,1009.9,1012.0,1007.6,68,43,1.0,39,9.4,7,0.0
2021/11/12,1011.2,1014.6,1009.7,72,59,1.6,47,9.8,69,2.5
2021/11/13,1010.8,1012.3,1008.9,91,73,1.3,21,8.3,67,15.5
2021/11/14,1010.7,1012.8,1008.9,79,65,1.2,46,8.9,8,0.0
2021/11/15,1008.8,1011.4,1007.2,70,53,1.6,47,9.6,106,0.0
2021/11/16,1008.6,1010.8,1006.8,74,54,1.7,106,8.0,13,0.0
2021/11/17,1007.5,1009.3,1005.6,80,64,1.0,94,8.7,104,0.0
2021/11/18,1006.0,1009.0,1003.7,96,92,1.3,14,7.6,21,16.5
2021/11/19,1004.1,1005.6,1002.8,88,75,1.3,20,9.4,19,0.0
2021/11/20,1005.0,1006.6,1003.2,84,69,1.3,25,9.0,113,0.5
2021/11/21,1005.3,1006.7,1003.9,86,66,0.6,2,4.6,98,0.0
2021/11/22,1009.9,1013.8,1004.6,95,87,1.9,23,10.4,19,29.5
2021/11/23,1013.4,1014.9,1012.2,85,76,1.4,57,7.3,16,2.0
2021/11/24,1011.9,1014.1,1010.2,75,67,1.3,47,7.4,52,0.0
2021/11/25,1010.1,1011.8,1008.8,84,75,1.6,25,8.7,21,0.0
2021/11/26,1011.9,1014.6,1009.2,83,68,2.1,26,11.1,53,0.5
2021/11/27,1013.2,1015.1,1011.7,90,78,1.9,55,10.2,39,5.5
2021/11/28,1010.2,1012.5,1008.2,78,63,1.4,45,7.8,93,0.0
2021/11/29,1006.6,1008.7,1004.3,73,59,1.8,105,7.8,92,0.0
2021/11/30,1009.5,1014.3,1006.0,80,63,1.8,28,9.9,16,0.0
2021/12/01,1014.7,1016.4,1012.5,62,54,2.4,28,10.7,54,0.0
2021/12/03,1013.0,1014.3,1010.9,73,59,1.6,22,9.2,18,0.0
2021/12/03,1014.2,1016.2,1012.0,63,43,1.4,28,10.6,22,0.0
2021/12/04,1014.5,1016.3,1012.6,63,42,1.7,48,9.7,50,0.0
2021/12/05,1012.6,1014.4,1010.4,82,64,2.0,22,9.0,16,0.0
2021/12/06,1011.4,1013.0,1009.9,90,77,2.2,26,9.2,15,25.0
2021/12/07,1014.2,1015.6,1012.3,73,63,2.3,38,10.2,66,0.0
2021/12/08,1014.5,1016.2,1012.5,68,48,2.0,41,11.0,23,0.0
2021/12/09,1013.0,1014.1,1011.9,78,63,1.8,26,8.9,26,0.0
2021/12/10,1011.9,1013.7,1010.0,76,60,2.1,26,9.5,108,0.0
2021/12/11,1012.5,1014.2,1010.7,92,83,3.1,22,10.7,21,0.0
2021/12/12,1013.9,1016.0,1011.7,89,81,2.9,25,10.3,17,0.5
2021/12/13,1014.0,1016.3,1011.6,86,77,2.3,29,10.8,61,2.0
2021/12/14,1009.9,1012.3,1007.8,80,58,1.3,21,7.9,66,0.0
2021/12/15,1008.3,1010.6,1005.7,86,65,0.7,340,4.9,194,0.0
2021/12/16,1008.5,1010.1,1006.5,89,63,1.3,24,6.0,329,0.0
2021/12/17,1013.9,1018.4,1010.0,77,59,3.2,26,12.1,14,0.0
2021/12/18,1016.8,1018.2,1015.2,69,57,2.4,49,10.3,45,0.0
2021/12/19,1014.6,1017.2,1012.0,63,49,2.1,48,10.0,52,0.0
2021/12/20,1011.1,1012.7,1009.5,78,58,0.5,103,4.3,106,0.5
2021/12/21,1007.2,1009.6,1004.2,97,91,1.8,20,9.8,13,48.5
2021/12/22,1008.7,1010.2,1006.7,94,83,2.0,28,9.2,17,12.0
2021/12/23,1008.1,1010.2,1006.3,91,84,1.3,26,6.6,19,0.0
2021/12/24,1009.1,1012.4,1006.5,93,67,1.0,357,8.9,11,3.5
2021/12/25,1016.0,1019.8,1011.8,87,70,2.9,34,11.4,13,5.0
2021/12/26,1020.1,1022.1,1018.4,91,84,3.2,31,12.2,31,8.5
2021/12/27,1019.7,1021.9,1018.2,90,84,2.3,28,10.4,76,5.0
2021/12/28,1016.0,1018.8,1013.8,87,71,1.5,20,7.5,13,0.0
2021/12/29,1015.4,1017.4,1014.0,91,79,0.8,16,5.3,11,0.5
2021/12/30,1018.0,1019.7,1016.4,72,64,1.9,44,8.6,18,0.0
2021/12/31,1017.7,1019.2,1015.5,73,61,1.8,49,8.1,35,0.0
2022/01/01,1016.6,1018.9,1014.8,88,78,1.2,23,6.4,22,0.0
2022/01/02,--,1017.3,1013.5,--,71,--,--,8.9,24,0.0
2022/01/03,--,1015.8,1011.8,--,66,--,--,8.5,28,0.0
2022/01/04,--,1014.2,1009.8,--,66,--,--,9.4,71,0.0
2022/01/05,--,1011.7,1008.4,--,85,--,--,6.7,324,2.0
2022/01/06,--,1016.5,1010.9,--,74,--,--,10.8,27,13.0
2022/01/07,--,1016.9,1012.9,--,70,--,--,8.5,36,0.5
2022/01/08,--,1014.6,1010.5,--,67,--,--,8.8,17,0.0
2022/01/09,--,1011.2,1007.5,--,71,--,--,9.3,22,0.0
2022/01/10,--,1010.1,1006.3,--,72,--,--,7.5,18,1.5
2022/01/11,--,1015.7,1009.0,--,63,--,--,10.1,27,5.5
2022/01/12,--,1014.9,1011.2,--,62,--,--,8.1,65,0.0
2022/01/13,--,1016.2,1012.5,--,60,--,--,8.9,20,0.0
2022/01/14,--,1015.9,1009.5,--,55,--,--,8.4,14,0.0
2022/01/15,--,1015.6,1011.4,--,66,--,--,6.1,19,0.5
2022/01/16,--,1014.4,1010.7,--,79,--,--,10.2,23,0.0
2022/01/17,--,1015.0,1011.8,--,87,--,--,9.3,13,4.0
2022/01/18,--,1014.7,1009.9,--,78,--,--,10.3,15,1.5
2022/01/19,--,1012.4,1008.8,--,79,--,--,9.3,33,0.0
2022/01/20,--,1012.6,1009.1,--,67,--,--,11.0,44,0.0
2022/01/21,--,1013.5,1008.1,--,81,--,--,8.2,44,28.0
2022/01/22,--,1010.3,1002.7,--,81,--,--,8.8,26,29.5
2022/01/23,--,1006.0,1002.4,--,93,--,--,6.0,304,1.0
2022/01/24,--,1009.2,1005.3,--,82,--,--,8.0,27,2.0
2022/01/25,--,1011.1,1006.2,--,75,--,--,10.5,16,0.0
2022/01/26,--,1010.3,1007.4,--,73,--,--,7.1,28,0.0
2022/01/27,--,1011.0,1007.8,--,78,--,--,9.2,13,0.5
2022/01/28,--,1010.8,1006.6,--,86,--,--,11.5,22,0.0
2022/01/29,--,1008.7,1003.9,--,87,--,--,10.4,15,6.5
2022/01/30,--,1014.7,1005.4,--,74,--,--,10.3,25,10.0
2022/01/31,--,1013.8,1010.8,--,54,--,--,10.3,60,0.0
2022/02/01,,1013.6,1009.7,,77,,,9.6,9,15.5
2022/02/02,,1013.4,1010.3,,94,,,9.2,10,7.5
2022/02/03,,1011.6,1008.4,,95,,,10.0,17,39.0
2022/02/04,,1016.0,1010.4,,83,,,9.4,17,5.0
2022/02/05,,1017.4,1014.9,,76,,,8.4,64,1.0
2022/02/06,,1018.6,1012.3,,68,,,9.3,23,0.0
2022/02/07,,1012.6,1004.2,,71,,,11.7,330,17.0
2022/02/08,,1014.9,1010.9,,79,,,10.9,9,0.0
2022/02/09,,1013.8,1009.3,,85,,,7.9,11,8.0
2022/02/10,,1013.4,1008.3,,86,,,7.6,42,0.0
2022/02/11,,1011.0,1007.1,,71,,,6.0,318,0.0
2022/02/12,,1010.7,1007.3,,86,,,8.0,14,2.5
2022/02/13,,1009.6,1004.0,,83,,,9.3,17,15.5
2022/02/14,,1012.7,1008.5,,71,,,9.7,27,31.5
2022/02/15,,1011.4,1007.5,,65,,,8.9,10,0.0
2022/02/16,,1010.8,1006.6,,71,,,9.3,32,0.5
2022/02/17,,1010.2,1004.7,,82,,,10.5,65,0.0
2022/02/18,,1010.7,1006.0,,93,,,9.8,14,15.0
2022/02/19,,1014.4,1006.8,,90,,,13.5,17,30.5
2022/02/20,,1018.5,1013.5,,88,,,12.4,18,36.5
2022/02/21,,1016.3,1011.9,,86,,,8.6,50,26.5
2022/02/22,,1015.9,1012.2,,94,,,11.3,21,34.0
2022/02/23,,1019.0,1013.1,,92,,,10.1,17,51.0
2022/02/24,,1019.7,1016.0,,72,,,9.1,67,3.5
2022/02/25,,1017.7,1013.0,,78,,,9.1,14,0.0
2022/02/26,,1015.5,1011.1,,80,,,5.9,335,0.5
2022/02/27,,1014.4,1009.7,,51,,,7.7,110,0.0
2022/02/28,,1013.1,1008.2,,42,,,5.3,282,0.0
2022/03/01,,1010.9,1007.0,,57,,,6.7,225,0.0
2022/03/02,,1012.3,1008.4,,65,,,7.3,23,0.0
2022/03/03,,1011.1,1004.7,,53,,,6.1,57,0.0
2022/03/04,,1007.6,1003.2,,72,,,4.9,215,0.0
2022/03/05,,1007.4,1003.0,,61,,,8.8,30,0.0
2022/03/06,,1008.5,1004.1,,56,,,9.3,109,0.0
2022/03/07,,1012.1,1004.1,,75,,,9.1,340,34.5
2022/03/08,,1010.7,1006.0,,41,,,9.9,24,0.0
2022/03/09,,1010.2,1005.3,,51,,,8.2,94,0.0
2022/03/10,,1008.9,1005.2,,51,,,7.2,316,0.0
2022/03/11,,1007.8,1004.3,,49,,,5.4,314,0.0
2022/03/12,,1005.4,1002.6,,61,,,4.7,267,0.0
2022/03/13,,1006.0,1001.8,,48,,,5.3,312,0.5
2022/03/14,,1005.3,1001.7,,52,,,4.4,291,0.0
2022/03/15,,1003.6,1000.8,,66,,,8.1,331,0.0
2022/03/16,,1003.8,1000.6,,69,,,5.8,277,0.0
2022/03/17,,1002.5,997.9,,58,,,6.0,194,0.5
2022/03/18,,1002.7,997.3,,67,,,8.8,342,0.0
2022/03/19,,1003.6,1000.6,,67,,,7.6,24,0.0
2022/03/20,,1005.8,1002.9,,54,,,5.7,302,0.0
2022/03/21,,1007.6,1002.8,,88,,,4.5,8,X
2022/03/22,,1008.5,1003.6,,93,,,8.0,18,4.0
2022/03/23,,1009.3,1003.7,,91,,,9.7,21,19.5
2022/03/24,,1008.0,1004.5,,70,,,6.7,112,0.5
2022/03/25,,1004.7,999.7,,73,,,5.1,277,0.5
2022/03/26,,1006.7,998.7,,67,,,11.9,219,23.5
2022/03/27,,1009.0,1003.1,,75,,,8.3,65,37.0
2022/03/28,,1012.3,1007.5,,83,,,9.5,71,48.5
2022/03/29,,1011.5,1005.1,,68,,,10.0,23,2.5
2022/03/30,,1010.4,1004.8,,67,,,6.2,118,0.0
2022/03/31,,1013.8,1006.2,,88,,,11.7,30,0.0
2022/04/01,,1016.3,1012.1,,72,,,10.9,355,1.0
2022/04/02,,1015.7,1012.5,,73,,,11.4,18,46.0
2022/04/03,,1016.0,1012.8,,67,,,9.2,41,3.5
2022/04/04,,1014.5,1011.5,,59,,,10.0,76,0.0
2022/04/05,,1013.0,1007.5,,63,,,6.4,23,0.0
2022/04/06,,1010.0,1006.0,,62,,,9.3,24,0.0
2022/04/07,,1009.2,1006.2,,65,,,9.2,21,0.0
2022/04/08,,1007.6,1003.0,,56,,,11.8,104,0.0
2022/04/09,,1005.2,1001.6,,48,,,6.4,111,0.0
2022/04/10,,1004.7,1001.6,,60,,,4.8,323,0.0
2022/04/11,,1003.8,1000.2,,63,,,5.0,340,0.0
2022/04/12,,1001.8,998.2,,65,,,4.7,306,0.0
2022/04/13,,999.5,995.8,,56,,,6.4,316,0.0
2022/04/14,,1004.8,996.6,,72,,,8.7,15,12.5
2022/04/15,,1007.9,1003.6,,82,,,9.4,16,8.5
2022/04/16,,1009.0,1004.6,,63,,,9.0,49,0.0
2022/04/17,,1009.2,1006.4,,69,,,7.1,12,1.5
2022/04/18,,1010.1,1006.2,,73,,,7.4,21,0.0
2022/04/19,,1010.2,1007.9,,79,,,5.2,101,11.0
2022/04/20,,1008.8,1003.6,,60,,,6.9,116,6.5
2022/04/21,,1006.5,1002.5,,69,,,4.3,179,0.0
2022/04/22,,1005.5,1001.8,,63,,,6.1,326,0.0
2022/04/23,,1003.5,999.7,,64,,,6.8,218,0.0
2022/04/24,,1002.1,999.0,,77,,,6.5,210,0.0
2022/04/25,,1001.9,998.6,,74,,,7.0,224,0.0
2022/04/26,,1000.7,996.9,,78,,,10.1,219,0.0
2022/04/27,,1003.9,999.7,,73,,,5.6,309,0.0
2022/04/28,,1004.0,1001.4,,79,,,4.8,24,0.0
2022/04/29,,1006.6,1000.0,,81,,,9.3,50,0.0
2022/04/30,,1007.2,1003.2,,80,,,7.8,23,2.5
2022/05/01,,1008.2,1004.4,,88,,,8.0,14,16.5
2022/05/02,,1008.5,1005.8,,89,,,7.5,49,25.5
2022/05/03,,1007.6,1005.4,,66,,,9.4,75,0.0
2022/05/04,,1006.0,1002.3,,64,,,8.4,110,0.0
2022/05/05,,1003.9,1001.6,,89,,,8.6,15,0.0
2022/05/06,,1004.7,1001.9,,78,,,7.0,28,0.0
2022/05/07,,1006.0,1002.9,,77,,,7.5,20,0.0
2022/05/08,,1005.8,1003.1,,88,,,7.9,19,0.0
2022/05/09,,1005.6,1002.1,,90,,,6.7,22,0.0
2022/05/10,,1003.3,999.8,,67,,,4.4,335,0.0
2022/05/11,,1002.3,999.0,,68,,,4.6,219,19.0
2022/05/12,,1001.0,997.9,,76,,,4.2,337,5.0
2022/05/13,,1000.4,995.5,,65,,,11.4,219,2.5
2022/05/14,,1004.1,999.5,,99,,,7.6,20,77.0
2022/05/15,,1005.6,1002.3,,91,,,8.4,12,29.0
2022/05/16,,1005.5,1002.9,,99,,,8.1,44,63.0
2022/05/17,,1007.0,1003.1,,55,,,9.1,25,4.5
2022/05/18,,1006.5,1002.7,,75,,,12.7,19,0.0
2022/05/19,,1003.7,1000.0,,73,,,8.7,99,0.0
2022/05/20,,1001.4,997.9,,88,,,5.6,22,2.0
2022/05/21,,1001.1,997.7,,83,,,6.2,8,1.5
2022/05/22,,1000.7,998.3,,90,,,7.0,29,0.0
2022/05/23,,1002.2,998.0,,98,,,5.0,341,0.5
2022/05/24,,1004.0,1001.0,,88,,,4.6,17,73.0
2022/05/25,,1002.2,998.0,,99,,,4.5,16,161.0
2022/05/26,,999.2,995.1,,92,,,6.9,299,104.0
2022/05/27,,999.1,995.1,,99,,,6.0,26,69.5
2022/05/28,,999.1,996.2,,85,,,8.0,284,4.5
2022/05/29,,998.1,995.9,,65,,,11.4,212,0.0
2022/05/30,,999.8,995.5,,77,,,11.9,211,0.0
2022/05/31,,1000.9,997.6,,88,,,3.6,340,5.5
2022/06/01,,999.8,995.3,,75,,,10.7,213,0.0
2022/06/02,,998.6,995.3,,67,,,9.8,220,0.0
2022/06/03,,999.2,996.5,,69,,,10.6,214,0.0
2022/06/04,,999.1,995.8,,73,,,9.8,213,0.0
2022/06/05,,997.2,991.7,,63,,,14.8,216,0.0
2022/06/06,,997.3,990.9,,67,,,15.3,218,35.5
2022/06/07,,999.8,995.5,,96,,,3.6,21,65.0
2022/06/08,,1000.9,998.8,,99,,,5.5,104,58.5
2022/06/09,,1000.4,998.1,,85,,,5.0,146,12.5
2022/06/10,,998.9,995.7,,73,,,7.5,211,1.5
2022/06/11,,1001.5,996.5,,71,,,9.2,225,5.0
2022/06/12,,1000.7,998.4,,93,,,4.0,106,14.0
2022/06/13,,998.5,995.1,,67,,,11.7,228,0.0
2022/06/14,,1001.4,995.8,,59,,,12.0,220,0.0
2022/06/15,,1002.2,998.2,,93,,,8.6,295,14.0
2022/06/16,,1003.1,999.7,,79,,,11.8,194,6.5
2022/06/17,,1000.3,998.4,,72,,,9.5,218,0.5
2022/06/18,,999.9,997.4,,67,,,9.9,220,0.0
2022/06/19,,999.2,997.1,,67,,,9.4,214,0.0
2022/06/20,,998.0,995.0,,66,,,12.2,206,0.0
2022/06/21,,1000.1,995.1,,71,,,6.6,213,0.0
2022/06/22,,1002.8,998.9,,64,,,7.9,223,0.0
2022/06/23,,1003.0,999.5,,73,,,7.4,281,0.0
2022/06/24,,1001.0,998.5,,71,,,8.0,281,0.0
2022/06/25,,1001.1,997.4,,64,,,9.9,211,3.5
2022/06/26,,1002.9,999.7,,53,,,5.7,290,0.0
2022/06/27,,1001.8,998.2,,54,,,6.0,282,0.0
2022/06/28,,998.6,995.0,,65,,,5.8,334,0.0
2022/06/29,,997.6,994.0,,67,,,9.1,211,0.0
2022/06/30,,997.2,993.7,,62,,,7.1,129,0.0
