date,Hsinchu_East_District_StnPres,Hsinchu_East_District_StnPresMax,Hsinchu_East_District_StnPresMin,Hsinchu_East_District_RH,Hsinchu_East_District_RHMin,Hsinchu_East_District_WS,Hsinchu_East_District_WD,Hsinchu_East_District_WSGust,Hsinchu_East_District_WDGust,Hsinchu_East_District_Precp
2018/01/01,1012.7,1015.0,1010.0,67,55,2.2,46,10.6,41,0.0
2018/01/02,1011.2,1013.4,1008.6,68,47,1.2,79,5.4,349,0.0
2018/01/03,1011.2,1013.8,1009.0,79,63,0.9,289,5.6,295,0.0
2018/01/04,1010.2,1012.3,1008.1,89,77,1.2,330,6.9,331,0.5
2018/01/05,1010.1,1012.5,1008.5,89,79,2.2,27,12.1,25,1.5
2018/01/06,1008.5,1009.8,1006.5,87,75,1.8,48,8.8,32,32.0
2018/01/07,1008.0,1011.0,1005.0,89,80,2.3,87,9.5,104,56.0
2018/01/08,1007.8,1014.6,1004.7,93,86,2.0,23,8.9,33,108.5
2018/01/09,1015.7,1018.3,1012.7,81,64,2.0,34,10.2,27,22.0
2018/01/10,1018.5,1020.8,1016.6,54,39,2.8,30,11.5,25,0.5
2018/01/11,1019.5,1022.5,1016.7,53,42,3.3,30,12.6,49,0.0
2018/01/12,1021.2,1022.8,1018.1,51,43,3.4,34,14.6,6,0.0
2018/01/13,1018.5,1021.5,1014.5,55,42,2.7,55,13.8,87,0.0
2018/01/14,1014.6,1017.8,1011.4,65,41,1.8,20,8.9,2,0.0
2018/01/15,1010.8,1013.6,1008.2,77,54,1.4,14,7.1,327,0.0
2018/01/16,1007.5,1010.2,1005.2,80,51,0.8,27,4.7,179,0.0
2018/01/17,1007.5,1010.0,1005.8,75,45,1.7,34,10.3,352,0.0
2018/01/18,1009.4,1011.3,1007.7,84,67,2.2,29,8.3,350,0.0
2018/01/19,1011.2,1014.1,1009.3,90,85,2.3,39,9.0,14,11.0
2018/01/20,1009.5,1011.5,1007.5,87,80,2.3,19,9.0,31,0.0
2018/01/21,1007.4,1010.0,1005.0,84,65,1.6,25,8.2,29,0.0
2018/01/22,1007.4,1009.3,1004.2,82,67,2.4,25,12.0,9,0.5
2018/01/23,1008.4,1010.0,1006.1,72,59,2.4,30,10.6,62,0.0
2018/01/24,1008.6,1010.8,1005.5,68,57,2.8,41,11.3,341,0.0
2018/01/25,1009.1,1011.1,1006.8,73,60,2.5,22,9.4,36,0.0
2018/01/26,1011.2,1014.7,1009.4,81,73,3.8,34,14.6,24,0.0
2018/01/27,1009.2,1011.8,1007.3,72,50,1.9,40,11.3,15,0.0
2018/01/28,1008.9,1012.2,1005.8,91,84,2.2,32,11.9,30,4.0
2018/01/29,1012.5,1014.7,1009.8,87,78,3.9,37,15.2,25,5.0
2018/01/30,1012.5,1015.8,1010.5,83,69,2.6,61,13.5,45,2.5
2018/01/31,1012.3,1016.2,1009.4,88,75,2.4,21,11.8,35,18.0
2018/02/01,1015.0,1017.6,1011.8,87,80,3.4,34,12.4,16,3.5
2018/02/02,1016.4,1019.3,1012.9,85,75,2.8,26,11.9,27,0.5
2018/02/03,1018.2,1019.9,1015.9,84,75,3.7,34,12.8,24,7.5
2018/02/04,1018.5,1019.8,1015.9,85,79,3.1,36,11.7,27,3.5
2018/02/05,1019.3,1021.5,1017.4,82,67,2.6,36,10.9,32,7.5
2018/02/06,1016.2,1019.4,1012.9,60,53,3.6,43,14.6,51,0.0
2018/02/07,1012.8,1015.3,1010.0,77,59,2.2,40,9.9,71,5.5
2018/02/08,1011.3,1014.4,1008.5,77,61,2.2,43,11.0,22,4.5
2018/02/09,1009.6,1010.9,1007.7,91,79,1.3,28,6.1,305,2.0
2018/02/10,1011.3,1015.7,1008.4,93,84,2.4,44,12.6,35,2.0
2018/02/11,1016.5,1019.2,1013.9,78,67,3.3,34,13.0,40,1.5
2018/02/12,1018.8,1021.2,1016.4,58,47,3.0,40,12.4,32,0.0
2018/02/13,1015.6,1018.8,1012.8,56,38,1.5,44,6.6,259,0.0
2018/02/14,1012.4,1015.3,1009.2,69,36,1.1,244,4.6,306,0.0
2018/02/15,1009.6,1011.6,1007.4,64,43,1.0,32,6.7,303,0.0
2018/02/16,1008.6,1010.8,1006.7,85,63,1.3,34,7.5,45,0.0
2018/02/17,1010.2,1012.4,1007.7,73,60,2.7,44,15.4,32,0.0
2018/02/18,1010.9,1013.6,1009.1,79,61,0.9,19,5.9,302,0.0
2018/02/19,1009.4,1012.1,1006.3,72,42,0.9,22,8.4,305,0.0
2018/02/20,1008.7,1010.7,1006.2,89,77,2.2,32,8.4,6,0.0
2018/02/21,1009.5,1011.9,1007.0,90,83,2.8,35,12.5,50,0.0
2018/02/22,1011.8,1014.3,1009.5,89,82,2.8,33,11.8,17,25.5
2018/02/23,1012.6,1014.4,1010.4,75,61,2.2,30,10.1,69,0.0
2018/02/24,1012.6,1016.1,1011.1,88,81,1.0,16,6.3,29,0.0
2018/02/25,1012.7,1015.2,1010.3,91,88,2.0,33,10.8,34,3.5
2018/02/27,1012.4,1014.7,1009.9,74,60,2.6,33,12.4,41,0.0
2018/02/27,1010.3,1012.1,1008.5,82,61,1.0,281,7.2,278,0.0
2018/03/01,1006.6,1008.6,1005.5,91,83,1.6,56,10.9,262,4.0
2018/03/01,1005.5,1008.0,1003.1,79,60,1.3,92,5.0,2,0.0
2018/03/02,1005.6,1008.1,1004.0,86,70,1.2,295,5.7,237,0.0
2018/03/03,1004.4,1006.3,1002.3,87,70,1.3,21,6.3,260,0.0
2018/03/04,1005.0,1006.8,1001.3,84,71,1.1,13,6.2,141,0.0
2018/03/05,1006.8,1011.9,1004.0,88,70,2.4,37,12.2,29,0.0
2018/03/06,1012.1,1014.6,1009.9,81,76,3.3,25,12.7,31,0.0
2018/03/07,1010.0,1012.5,1006.9,80,64,1.8,18,8.9,329,0.5
2018/03/08,1013.5,1017.5,1009.0,85,71,2.7,36,10.2,68,17.5
2018/03/09,1015.2,1017.2,1013.1,60,45,3.5,35,14.8,34,0.0
2018/03/10,1014.7,1016.4,1012.6,55,38,2.4,60,9.7,27,0.0
2018/03/11,1014.0,1015.9,1012.7,52,22,1.0,31,6.5,309,0.0
2018/03/12,1012.0,1013.9,1010.1,68,46,1.0,17,6.3,302,0.0
2018/03/13,1010.4,1012.3,1008.8,76,61,0.8,5,5.1,327,0.0
2018/03/14,1008.7,1011.0,1006.9,75,50,0.9,328,6.8,128,0.0
2018/03/15,1007.4,1009.1,1006.2,79,55,1.0,1,9.2,8,5.0
2018/03/16,1008.8,1012.4,1004.2,81,63,2.0,1,10.1,28,0.0
2018/03/17,1011.2,1013.4,1007.6,80,71,2.6,30,10.4,22,0.0
2018/03/18,1009.1,1011.0,1007.5,83,65,1.1,84,6.4,346,0.0
2018/03/19,1005.3,1007.8,1001.6,78,56,1.2,183,7.2,266,0.0
2018/03/20,1005.6,1009.6,1002.3,90,82,1.7,39,11.5,300,31.5
,1010.3,--,--,68,--,2.4,28,--,--,0.0
2018/03/22,1010.3,1011.9,1008.4,57,41,2.8,91,10.1,35,0.0
2018/03/23,1011.8,1013.0,1010.3,49,25,2.2,6,8.2,349,0.0
2018/03/24,1012.4,1014.6,1010.3,47,18,1.3,86,5.6,268,0.0
2018/03/25,1012.1,1014.1,1010.5,62,45,1.1,294,6.0,289,0.0
2018/03/26,1010.8,1012.5,1009.5,72,60,1.3,73,7.2,303,0.0
2018/03/27,1009.2,1010.9,1007.8,78,67,1.6,26,9.5,25,0.0
2018/03/28,1007.2,1008.9,1005.4,80,61,1.8,16,8.6,359,0.0
2018/03/29,1006.4,1006.9,1004.6,75,25,1.1,80,4.1,255,0.0
2018/03/30,1006.5,1008.4,1004.8,59,39,2.6,57,13.3,31,0.0
2018/03/31,1005.5,1007.8,1002.6,51,36,2.3,43,9.4,13,0.0
2018/04/01,1005.6,1007.7,1004.3,63,54,1.4,97,5.8,307,0.0
2018/04/02,1005.9,1007.1,1004.8,76,66,1.4,87,7.1,265,0.0
2018/04/03,1006.8,1008.0,1005.5,75,59,1.4,281,8.2,258,0.0
2018/04/04,1006.0,1007.9,1004.5,72,50,1.2,45,6.0,323,0.0
2018/04/05,1004.8,1006.3,1003.4,73,60,1.4,299,6.3,302,0.0
2018/04/06,1009.1,1015.9,1003.4,75,56,3.0,42,15.0,30,0.0
2018/04/07,1015.7,1018.0,1013.6,59,34,3.3,56,13.2,78,2.0
2018/04/08,1012.1,1014.7,1010.3,51,30,2.0,32,7.9,275,0.0
2018/04/09,1010.7,1012.6,1008.7,68,47,1.3,320,6.0,305,0.0
2018/04/10,1007.9,1010.2,1005.7,60,25,1.3,31,6.0,264,0.0
2018/04/11,1005.1,1007.3,1003.0,75,63,1.1,103,6.2,259,0.0
2018/04/12,1004.5,1006.3,1002.8,81,67,1.4,236,8.3,226,5.0
2018/04/13,1005.4,1007.2,1003.5,79,64,1.2,287,6.6,280,0.0
2018/04/14,1003.3,1004.9,1001.1,84,72,3.1,238,13.4,257,0.5
2018/04/15,1007.3,1009.7,1003.8,79,68,3.2,53,11.7,49,41.5
2018/04/16,1008.3,1010.4,1006.5,66,56,2.6,60,11.2,25,8.0
2018/04/17,1010.3,1012.6,1008.7,77,58,2.4,46,8.5,38,14.5
2018/04/18,1008.0,1009.7,1006.3,67,56,1.9,27,6.9,320,0.0
2018/04/19,1007.0,1008.6,1006.0,68,52,1.5,81,5.9,301,0.0
2018/04/20,1006.9,1008.3,1005.1,71,55,1.3,312,5.4,310,0.0
2018/04/21,1006.1,1007.4,1004.8,75,62,1.0,94,4.8,270,0.0
2018/04/22,1004.5,1006.3,1002.7,74,45,1.1,89,5.7,296,0.0
2018/04/23,1001.9,1003.7,999.8,71,51,1.6,234,7.9,243,0.0
2018/04/24,1002.6,1005.6,1000.0,83,75,3.0,34,10.1,237,11.5
2018/04/25,1005.8,1007.4,1004.5,67,56,2.8,46,10.4,42,0.0
2018/04/26,1006.0,1007.5,1004.1,63,44,1.4,59,6.4,356,0.0
2018/04/27,1007.8,1009.2,1005.9,74,56,1.4,8,6.1,351,0.0
2018/04/28,1007.2,1008.8,1005.1,71,60,1.2,80,4.7,24,0.0
2018/04/29,1005.8,1007.7,1004.1,77,64,1.2,277,6.6,258,0.0
2018/04/30,1006.1,1007.9,1004.9,75,60,1.4,208,5.8,287,0.0
2018/05/01,1005.5,1007.4,1004.1,80,68,1.6,77,7.6,262,0.0
2018/05/02,1004.7,1006.3,1003.1,78,59,2.9,259,13.9,268,0.0
2018/05/03,1008.5,1010.3,1005.8,73,62,3.2,45,14.2,62,2.5
2018/05/04,1008.5,1009.6,1007.3,63,50,2.0,49,6.2,100,0.0
2018/05/05,1008.6,1010.4,1007.0,67,42,1.2,276,5.9,260,0.0
2018/05/06,1004.3,1007.7,1001.9,73,66,2.7,257,11.2,261,0.0
2018/05/07,1000.3,1002.9,998.4,69,49,4.4,230,14.5,234,0.0
2018/05/08,1002.2,1006.3,998.5,79,62,3.5,278,15.2,305,52.5
2018/05/09,1007.9,1010.5,1005.0,71,63,3.0,51,10.0,29,6.0
2018/05/10,1008.7,1010.5,1006.3,61,47,2.9,33,11.1,32,0.0
2018/05/11,1006.6,1008.6,1004.6,72,60,1.0,82,4.3,297,0.0
2018/05/12,1004.4,1005.9,1002.7,77,63,1.5,138,6.9,255,0.0
2018/05/13,1003.5,1004.8,1002.1,77,62,2.3,242,9.4,258,0.0
2018/05/14,1003.5,1005.5,1001.5,75,57,1.7,191,6.8,244,0.0
2018/05/15,1002.9,1004.7,1001.8,78,65,1.9,172,9.5,267,0.0
2018/05/16,1001.7,1003.4,1000.5,80,69,2.2,262,12.1,235,0.0
2018/05/17,1000.7,1002.1,999.1,81,71,2.7,199,11.9,261,0.0
2018/05/18,1000.2,1001.6,998.6,76,61,2.5,253,11.6,237,0.0
2018/05/19,1001.2,1002.4,999.9,74,57,1.8,16,8.1,261,0.0
2018/05/20,1002.1,1004.7,999.6,75,64,2.0,16,7.9,263,0.0
2018/05/21,1003.0,1004.6,1000.1,73,56,1.3,312,6.1,317,0.0
2018/05/22,1003.0,1005.3,1001.2,73,57,1.7,275,7.9,258,0.0
2018/05/23,1003.3,1004.6,1001.7,74,58,2.1,15,9.0,27,0.0
2018/05/24,1002.9,1004.9,1001.5,68,50,1.4,2,5.5,360,0.0
2018/05/25,1000.7,1003.1,998.9,76,67,2.4,275,11.6,223,0.0
2018/05/26,1000.0,1001.4,998.8,70,60,4.1,238,16.1,273,0.0
2018/05/27,1001.1,1002.7,998.9,71,49,2.7,248,12.9,230,0.0
2018/05/28,1001.9,1003.4,1000.8,73,64,2.0,169,8.7,265,0.0
2018/05/29,1003.1,1004.8,1001.1,76,64,1.7,174,8.0,256,3.0
2018/05/30,1003.2,1004.6,1001.2,76,60,2.0,261,8.2,257,0.0
2018/05/31,1002.8,1004.8,1001.0,76,59,2.9,15,12.3,241,0.0
2018/06/01,1004.2,1005.8,1002.9,78,68,3.0,37,10.5,31,1.0
2018/06/02,1003.8,1005.4,1002.3,70,60,2.8,23,10.0,354,0.0
2018/06/03,1001.9,1003.5,1000.2,76,64,1.9,5,8.2,9,0.0
2018/06/04,1001.8,1002.9,1000.1,74,59,1.3,5,7.1,22,0.0
2018/06/05,1002.1,1003.7,1000.3,69,47,1.4,21,6.1,307,1.0
2018/06/06,1001.7,1002.5,1000.2,75,59,2.0,1,7.7,7,0.0
2018/06/07,999.5,1001.2,996.7,71,54,1.7,46,8.6,345,0.0
2018/06/08,995.9,998.9,994.1,68,56,2.2,79,7.7,261,0.0
2018/06/09,993.4,995.2,991.4,74,59,2.6,1,8.6,4,0.0
2018/06/10,993.0,994.1,991.2,76,61,1.8,6,7.1,311,0.0
2018/06/11,994.5,997.1,991.5,80,68,2.0,55,7.9,24,3.5
2018/06/12,995.6,997.6,993.9,50,30,2.0,83,7.8,50,0.0
2018/06/13,992.3,995.0,989.7,58,44,2.2,71,6.6,46,0.0
2018/06/14,990.1,991.4,988.7,73,66,3.7,49,14.4,21,0.0
2018/06/15,993.3,997.7,989.7,86,74,2.5,40,12.3,74,8.5
2018/06/16,997.5,998.7,996.3,73,58,3.0,22,12.6,14,0.0
2018/06/17,997.4,998.4,995.8,84,67,1.6,33,6.5,28,37.0
2018/06/18,996.9,998.4,996.0,81,62,1.3,86,5.5,315,0.5
2018/06/19,997.0,998.9,995.2,75,63,4.8,233,16.7,241,1.0
2018/06/20,997.7,1000.0,995.8,65,54,4.9,234,15.5,237,0.0
2018/06/21,999.1,1000.7,997.4,75,62,3.9,170,14.9,239,0.5
2018/06/22,1000.4,1001.8,998.4,76,65,2.4,65,12.1,243,0.0
2018/06/23,1000.8,1002.3,999.6,78,66,2.6,188,14.0,252,0.0
2018/06/24,1002.6,1004.1,1001.3,75,63,2.0,273,9.0,252,0.0
2018/06/25,1003.7,1004.9,1002.6,78,60,1.9,256,8.9,264,0.0
2018/06/26,1004.0,1005.4,1003.2,71,55,1.4,25,6.8,293,0.0
2018/06/27,1002.4,1003.7,1000.5,64,48,1.8,135,7.8,255,0.0
2018/06/28,999.4,1001.6,997.5,70,59,2.9,170,10.5,265,0.0
2018/06/29,996.9,997.9,994.7,70,53,2.8,239,11.1,254,0.0
2018/06/30,997.7,999.5,995.7,72,51,1.9,82,6.8,65,1.0
2018/07/01,996.7,997.8,995.0,73,61,3.1,239,10.9,243,0.0
2018/07/02,995.2,996.1,993.6,63,55,4.9,234,13.4,245,0.0
2018/07/03,994.7,996.5,993.6,64,58,6.4,240,16.1,237,0.0
2018/07/04,994.5,996.7,993.0,63,51,6.3,229,16.8,237,0.0
2018/07/05,994.6,996.2,993.2,66,57,5.9,233,15.9,245,0.0
2018/07/06,995.4,997.4,994.1,67,49,4.4,232,15.3,248,0.0
2018/07/07,997.6,999.8,996.3,76,59,2.1,40,10.4,244,7.5
2018/07/08,999.3,1001.0,998.1,70,52,1.4,4,6.7,303,0.0
2018/07/09,999.4,1001.6,996.8,69,55,2.0,74,7.2,305,0.0
2018/07/10,996.2,999.2,989.7,77,62,3.3,1,11.8,328,19.5
2018/07/11,992.4,999.1,986.1,82,68,3.3,102,15.5,291,34.0
2018/07/12,999.1,1000.4,997.7,80,66,1.7,9,7.0,324,0.0
2018/07/13,999.4,1000.2,998.3,77,61,1.2,40,6.4,294,0.0
2018/07/14,998.6,999.5,997.0,72,57,1.6,132,7.2,271,0.0
2018/07/15,998.3,999.9,997.3,70,52,1.5,245,5.5,323,0.0
2018/07/16,996.1,998.5,994.1,65,50,1.7,75,7.0,293,0.0
2018/07/17,995.0,996.0,993.8,64,52,1.6,285,6.5,259,0.0
2018/07/18,996.6,997.9,994.6,62,49,2.2,87,8.2,72,0.0
2018/07/19,997.8,999.4,995.5,62,48,2.0,27,8.0,3,0.0
2018/07/20,996.4,998.4,994.8,68,53,2.4,26,11.2,356,0.0
2018/07/21,994.0,995.8,992.5,77,65,1.6,43,9.5,6,3.5
2018/07/22,994.1,996.2,992.7,80,58,1.3,175,6.8,1,4.0
2018/07/23,996.1,999.2,995.4,77,28,2.6,235,7.0,276,0.0
2018/07/24,999.3,1000.7,998.2,77,63,1.6,92,8.2,266,0.0
2018/07/25,999.9,1001.3,998.2,72,55,1.4,326,6.2,310,0.0
2018/07/26,999.7,1001.2,997.7,74,56,1.5,285,6.5,299,0.0
2018/07/27,999.8,1001.4,998.1,75,59,1.7,177,7.8,84,0.0
2018/07/28,999.4,1000.9,997.2,74,60,1.6,70,7.0,299,0.0
2018/07/29,998.2,999.9,996.2,70,47,2.2,277,6.9,264,0.0
2018/07/30,997.9,999.1,996.1,73,57,2.8,273,9.9,253,0.0
2018/07/31,997.5,998.8,995.4,73,55,3.0,173,10.8,251,0.0
2018/08/01,996.5,998.0,994.2,75,52,3.1,245,12.2,271,0.0
2018/08/02,995.4,996.8,993.5,71,49,4.3,238,12.5,254,0.0
2018/08/03,996.1,998.1,994.5,67,55,2.9,180,12.0,251,0.0
2018/08/04,998.2,999.7,996.8,70,55,1.8,185,8.3,126,0.0
2018/08/05,999.1,1000.4,997.6,70,54,1.7,41,9.2,325,0.0
2018/08/06,998.1,1000.2,995.2,78,61,1.7,333,7.7,347,4.5
2018/08/07,996.9,998.7,994.3,67,48,2.1,2,10.1,28,0.0
2018/08/08,997.5,998.4,996.4,66,56,2.0,78,8.2,351,0.0
2018/08/09,997.9,999.2,996.3,69,50,1.4,3,6.7,311,0.0
2018/08/10,996.8,998.3,994.6,70,55,1.7,176,6.5,306,0.0
2018/08/11,993.7,996.4,991.6,74,57,1.8,320,7.9,325,0.0
2018/08/12,990.1,992.3,987.6,75,58,1.4,14,6.3,317,2.0
2018/08/13,991.7,993.5,989.8,75,57,1.8,24,9.1,200,0.0
2018/08/14,993.0,993.9,991.8,82,60,1.3,39,6.3,350,35.5
2018/08/15,994.2,995.2,992.9,77,65,2.7,259,11.7,261,0.0
2018/08/16,993.6,995.3,991.8,73,61,3.6,241,10.8,254,0.0
2018/08/17,992.6,995.2,990.7,70,51,4.0,262,12.8,269,0.0
2018/08/18,995.4,996.7,994.3,78,59,1.5,287,6.9,274,0.5
2018/08/19,997.0,998.5,995.7,82,60,1.5,107,7.0,305,19.0
2018/08/20,996.1,997.9,994.6,75,54,1.4,10,5.6,270,0.0
2018/08/21,993.6,995.4,991.9,78,62,1.3,180,6.8,295,0.0
2018/08/22,991.5,993.4,989.3,86,73,1.4,182,6.1,82,14.5
2018/08/23,988.2,990.4,985.4,78,57,1.9,43,9.0,35,38.0
2018/08/24,990.4,992.2,989.0,89,71,1.3,97,5.5,326,16.0
2018/08/25,991.4,992.6,990.3,88,70,1.4,34,8.1,195,23.5
2018/08/26,993.5,995.9,991.7,90,73,1.2,20,4.8,182,9.0
2018/08/27,997.1,999.6,994.7,87,64,1.4,70,5.8,304,59.5
2018/08/28,999.4,1001.1,998.2,85,60,1.4,111,8.0,240,18.5
2018/08/29,1000.3,1002.3,998.8,86,66,1.0,91,6.3,97,8.0
2018/08/30,1003.0,1005.8,1001.2,83,66,1.4,80,7.7,84,0.0
2018/08/31,1005.0,1005.8,1003.8,76,54,1.2,84,6.8,252,0.0
2018/09/01,1003.3,1005.5,1001.2,76,60,1.5,214,6.3,263,0.0
2018/09/02,1000.3,1002.7,998.4,74,54,1.9,191,7.6,245,0.0
2018/09/03,998.1,999.9,996.4,74,57,3.2,251,12.7,248,0.0
2018/09/04,997.1,998.8,995.4,73,52,3.6,232,12.6,232,0.0
2018/09/05,998.5,999.7,997.1,78,65,1.3,281,6.2,273,0.0
2018/09/06,998.8,1000.0,997.0,80,60,1.4,277,6.0,266,2.5
2018/09/07,999.4,1001.3,997.6,82,61,1.6,88,7.1,106,21.0
2018/09/08,1001.3,1002.9,999.7,89,80,1.7,12,8.7,49,33.0
2018/09/09,1003.5,1006.0,1001.4,89,79,3.2,27,12.3,40,13.0
2018/09/10,1002.2,1005.5,999.1,78,67,4.0,56,15.9,27,0.0
2018/09/11,1000.5,1002.5,997.9,79,63,1.5,185,6.7,72,0.0
2018/09/12,1002.1,1003.4,1000.6,85,71,1.5,325,5.8,349,10.5
2018/09/13,1001.6,1003.1,1000.5,76,58,1.5,21,6.3,95,0.0
2018/09/14,999.8,1001.8,996.7,61,41,3.3,41,15.6,50,0.0
2018/09/15,994.6,998.5,991.3,64,51,4.9,56,17.3,39,0.0
2018/09/16,999.3,1004.0,992.7,68,50,1.4,92,6.1,15,0.0
2018/09/17,1005.2,1008.5,1003.4,74,47,1.5,3,7.3,343,0.0
2018/09/18,1006.4,1008.5,1003.7,82,64,1.3,50,5.5,354,0.0
2018/09/19,1004.7,1006.4,1003.2,77,64,1.3,53,6.0,297,0.0
2018/09/20,1003.3,1004.5,1002.0,78,65,1.7,268,7.5,267,0.0
2018/09/21,1004.7,1007.5,1002.9,75,59,1.8,279,7.3,264,0.0
2018/09/22,1006.7,1007.9,1005.5,72,54,1.5,77,6.4,311,0.0
2018/09/23,1005.5,1007.2,1003.4,75,61,1.6,47,8.9,351,0.0
2018/09/24,1003.0,1005.5,1001.3,76,63,3.2,31,14.3,27,0.0
2018/09/25,1001.2,1003.3,999.2,69,48,3.6,49,13.7,358,0.0
2018/09/26,1001.7,1003.1,1000.1,84,76,2.6,59,9.9,71,8.5
2018/09/27,1001.5,1002.6,1000.0,79,58,3.1,37,13.3,37,8.5
2018/09/28,1001.0,1002.1,999.3,81,58,2.9,36,12.6,9,7.0
2018/09/29,1000.3,1001.7,998.7,71,49,2.6,60,11.5,67,5.5
2018/09/30,1003.2,1005.3,1001.2,57,42,3.1,27,12.2,17,0.0
2018/10/01,1005.5,1007.5,1004.1,45,24,3.5,38,13.2,23,0.0
2018/10/02,1007.5,1009.3,1005.7,54,40,3.8,43,12.3,7,0.0
2018/10/03,1007.1,1008.7,1004.8,61,50,3.5,42,13.8,30,0.0
2018/10/04,1005.1,1007.4,1002.9,83,63,2.5,49,9.4,102,10.0
2018/10/05,1002.5,1004.3,1001.1,65,50,1.8,7,6.5,332,0.0
2018/10/06,1005.6,1007.1,1003.6,68,52,1.9,33,8.9,25,0.0
2018/10/07,1007.2,1009.1,1005.6,72,63,2.8,29,9.8,21,0.0
2018/10/08,1006.5,1008.1,1005.0,79,72,2.4,25,9.3,16,0.0
2018/10/09,1005.7,1007.1,1003.7,80,72,2.2,18,7.9,5,0.0
2018/10/10,1006.8,1009.3,1004.2,74,59,3.1,41,13.0,18,0.0
2018/10/11,1010.5,1011.9,1008.4,82,71,3.9,47,12.6,13,0.0
2018/10/12,1011.3,1012.7,1010.0,81,75,3.4,47,11.9,26,10.5
2018/10/13,1009.5,1011.7,1007.5,72,64,2.7,46,9.9,46,0.0
2018/10/14,1007.5,1008.7,1005.7,74,52,2.2,81,7.9,97,0.0
2018/10/15,1006.7,1008.7,1004.8,80,70,2.2,25,9.2,357,0.0
2018/10/16,1005.6,1006.9,1004.0,84,72,1.6,6,8.6,351,0.0
2018/10/17,1006.1,1007.7,1004.8,87,84,2.7,25,9.6,22,9.0
2018/10/18,1007.4,1008.7,1005.9,67,50,3.5,60,13.3,4,0.0
2018/10/19,1010.6,1012.3,1007.7,71,58,3.0,51,12.0,29,0.5
2018/10/20,1011.6,1013.6,1009.5,66,59,2.7,27,10.4,24,0.0
2018/10/21,1009.8,1011.6,1008.2,69,52,2.1,1,8.1,28,0.0
2018/10/22,1008.3,1009.9,1006.3,78,61,1.1,8,6.2,326,0.0
2018/10/23,1009.6,1011.2,1008.2,82,71,1.9,54,7.8,19,1.0
2018/10/24,1009.4,1010.8,1007.8,73,62,2.4,17,8.8,14,0.0
2018/10/25,1008.8,1010.5,1007.5,74,55,1.3,35,5.8,310,0.0
2018/10/26,1008.7,1010.3,1007.1,77,60,1.6,11,7.1,24,0.0
2018/10/27,1011.4,1013.5,1009.4,56,40,3.9,49,13.5,25,0.0
2018/10/28,1009.2,1011.9,1006.9,49,38,3.5,33,13.4,42,0.0
2018/10/29,1006.2,1007.9,1003.6,39,25,4.1,33,16.5,17,0.0
2018/10/30,1005.2,1007.1,1003.3,60,47,4.9,45,17.5,38,0.0
2018/10/31,1007.4,1011.0,1004.9,73,65,5.3,43,20.0,36,0.5
2018/11/01,1008.1,1010.4,1006.5,75,68,5.4,39,18.1,41,1.5
2018/11/02,1007.1,1008.6,1004.7,82,71,3.7,41,16.3,20,0.5
2018/11/03,1008.9,1010.2,1007.2,90,82,1.5,17,6.2,2,0.0
2018/11/04,1009.0,1010.9,1007.4,83,70,2.4,26,9.0,12,0.0
2018/11/05,1009.0,1010.7,1007.7,80,64,2.0,25,8.2,36,0.0
2018/11/06,1009.5,1011.3,1008.0,77,64,1.2,77,4.9,305,0.0
2018/11/07,1009.7,1011.9,1008.3,83,63,1.0,22,5.5,269,0.0
2018/11/08,1009.2,1010.7,1008.0,80,65,1.4,177,4.9,315,0.0
2018/11/09,1010.0,1011.2,1008.5,78,66,2.8,47,9.5,101,0.0
2018/11/10,1010.1,1012.1,1008.0,78,60,1.6,29,8.3,53,0.0
2018/11/11,1009.3,1011.5,1007.6,84,72,1.1,2,6.1,323,0.0
2018/11/12,1007.4,1010.0,1005.1,80,62,1.7,23,8.6,38,0.0
2018/11/13,1007.4,1008.9,1005.3,74,65,3.0,30,11.9,14,0.0
2018/11/14,1008.7,1010.4,1006.5,69,59,2.8,35,9.9,59,0.0
2018/11/15,1009.1,1011.5,1007.1,74,54,1.5,55,7.0,350,0.0
2018/11/16,1008.8,1010.2,1007.1,79,64,1.7,36,7.5,30,0.0
2018/11/17,1009.5,1011.6,1007.9,86,82,2.3,34,9.0,34,4.0
2018/11/18,1008.8,1010.6,1006.5,85,66,1.0,16,5.9,296,1.5
2018/11/19,1011.1,1013.3,1009.5,86,79,2.4,37,11.0,25,15.0
2018/11/20,1009.5,1011.3,1007.2,70,60,1.8,52,7.9,19,0.0
2018/11/21,1009.2,1011.7,1006.9,81,55,1.2,27,5.8,42,0.0
2018/11/22,1013.1,1016.0,1011.2,80,70,3.7,53,13.4,36,0.0
2018/11/23,1012.1,1014.7,1011.0,74,68,3.0,50,13.6,61,0.0
2018/11/24,1011.0,1012.7,1008.6,71,52,1.8,97,6.6,334,0.0
2018/11/25,1009.9,1011.6,1007.6,72,54,1.3,113,4.7,239,0.5
2018/11/26,1011.4,1012.8,1010.2,80,56,1.8,49,8.1,122,2.0
2018/11/27,1011.6,1013.0,1010.2,75,66,2.6,28,9.8,29,0.0
2018/11/28,1012.4,1014.5,1010.1,81,66,2.1,24,10.4,112,7.5
2018/11/29,1013.6,1015.8,1012.3,65,52,2.3,39,8.1,59,0.0
2018/11/30,1012.3,1014.3,1010.4,68,50,1.4,89,4.8,305,0.0
2018/12/01,1010.9,1013.0,1009.0,78,56,1.3,8,5.0,271,0.0
2018/12/02,1009.1,1010.6,1006.8,73,45,1.3,52,6.0,265,0.0
2018/12/03,1009.6,1011.5,1008.0,76,48,0.9,87,4.5,327,0.0
2018/12/04,1009.6,1011.3,1007.8,68,46,1.4,89,6.0,13,0.0
2018/12/05,1009.1,1011.6,1006.7,77,69,2.5,29,12.1,69,0.0
2018/12/06,1008.6,1010.8,1006.3,81,57,1.7,30,9.7,21,0.0
2018/12/07,1012.8,1014.9,1010.6,80,66,4.1,35,15.0,44,0.5
2018/12/08,1013.7,1015.9,1011.4,76,63,4.4,35,15.9,53,0.0
2018/12/09,1012.9,1015.1,1010.2,80,69,3.8,43,13.4,22,0.0
2018/12/10,1010.7,1013.2,1008.3,90,85,2.6,38,10.4,33,0.5
2018/12/11,1011.7,1015.0,1009.6,89,81,2.9,42,14.0,51,0.0
2018/12/12,1016.7,1018.6,1014.8,79,70,4.0,43,14.4,54,0.0
2018/12/13,1016.5,1018.0,1015.0,78,68,3.2,37,10.0,98,0.0
2018/12/14,1016.4,1017.6,1015.1,75,66,3.1,49,12.5,53,0.0
2018/12/15,1014.3,1016.3,1011.9,71,54,2.2,54,10.6,3,0.0
2018/12/16,1013.6,1015.6,1011.8,81,68,1.6,2,8.4,42,0.0
2018/12/17,1015.6,1018.0,1013.6,60,50,3.1,31,11.7,26,0.0
2018/12/18,1014.1,1016.5,1011.7,47,29,2.7,25,10.5,50,0.0
2018/12/19,1012.3,1014.6,1010.2,66,37,1.2,35,5.0,284,0.0
2018/12/20,1009.8,1011.9,1006.9,67,37,1.2,280,5.6,275,0.0
2018/12/21,1009.4,1011.4,1007.8,81,64,1.7,25,8.3,12,0.0
2018/12/22,1009.8,1011.8,1008.1,83,66,1.5,14,5.9,21,0.0
2018/12/23,1010.2,1012.4,1007.6,89,82,3.5,44,16.1,18,18.5
2018/12/24,1010.0,1013.4,1007.3,81,72,3.8,40,14.7,39,8.0
2018/12/25,1007.0,1008.6,1005.3,87,72,2.0,56,7.6,347,0.0
2018/12/26,1006.9,1008.3,1005.2,91,86,2.2,39,8.0,42,0.5
2018/12/27,1010.6,1013.5,1007.9,85,78,4.3,43,15.8,14,0.0
2018/12/28,1015.1,1017.5,1012.6,74,63,5.3,40,18.7,68,0.0
2018/12/29,1018.4,1020.9,1015.6,71,61,5.2,44,16.7,33,0.0
2018/12/30,1016.6,1018.5,1013.6,73,65,4.3,54,16.1,47,0.0
2018/12/31,1018.1,1019.9,1015.9,83,73,4.3,42,14.5,18,0.0
2019/01/01,1016.9,1018.9,1014.6,76,66,4.3,46,15.3,34,0.0
2019/01/02,1016.5,1018.6,1014.2,79,69,2.9,50,12.3,35,0.0
2019/01/03,1016.4,1018.5,1014.6,83,73,2.6,50,10.3,28,2.5
2019/01/04,1015.0,1016.2,1013.3,91,75,1.0,9,6.2,328,0.5
2019/01/05,1013.6,1015.5,1011.7,91,79,1.6,30,6.1,23,8.5
2019/01/06,1014.6,1017.4,1012.7,87,78,2.8,36,11.1,19,5.0
2019/01/07,1012.9,1014.4,1011.0,82,62,0.9,3,5.3,292,0.0
2019/01/08,1014.0,1015.9,1012.2,86,77,3.1,29,12.2,27,0.0
2019/01/09,1014.4,1016.5,1012.1,73,61,2.5,17,10.6,65,0.0
2019/01/10,1012.8,1014.9,1011.2,90,79,1.1,6,5.8,4,0.0
2019/01/11,1011.3,1012.9,1009.3,93,79,0.8,317,5.6,300,0.0
2019/01/12,1011.7,1013.2,1010.2,88,77,2.1,31,9.1,11,0.0
2019/01/13,1012.4,1014.1,1011.3,82,77,2.9,29,10.3,32,0.0
2019/01/14,1010.6,1012.3,1008.4,69,54,2.3,42,8.1,32,0.0
2019/01/15,1011.5,1013.5,1009.7,85,76,2.5,25,11.6,38,0.0
2019/01/16,1012.6,1014.6,1010.4,89,82,3.6,25,12.8,30,9.0
2019/01/17,1015.0,1016.7,1013.1,83,71,4.0,33,13.0,34,5.0
2019/01/18,1013.5,1015.8,1011.2,60,44,2.1,35,12.7,355,0.0
2019/01/19,1012.7,1015.0,1010.9,80,56,1.5,177,5.2,327,0.0
2019/01/20,1012.9,1015.4,1011.2,84,74,2.8,35,12.9,58,0.0
2019/01/21,1014.4,1016.0,1012.9,81,71,3.7,30,13.3,43,0.0
2019/01/22,1014.5,1016.4,1013.4,69,60,2.8,37,9.7,6,0.0
2019/01/23,1012.6,1013.9,1011.0,61,49,2.3,44,8.2,13,0.0
2019/01/24,1012.6,1014.5,1010.8,65,50,2.3,24,8.7,16,0.0
2019/01/25,1014.0,1016.5,1012.2,77,59,1.9,100,8.7,16,0.0
2019/01/26,1017.4,1019.2,1015.7,62,54,4.3,50,16.2,29,0.0
2019/01/27,1016.6,1019.4,1014.1,62,56,2.6,43,11.9,53,0.0
2019/01/28,1014.1,1016.2,1012.4,72,52,1.5,92,6.5,326,0.0
2019/01/29,1013.8,1015.6,1011.4,72,50,1.2,51,7.9,349,0.0
2019/01/30,1013.5,1016.3,1010.9,81,67,1.0,34,5.4,270,0.0
2019/01/31,1012.2,1016.0,1009.4,69,47,2.1,17,12.4,25,0.0
2019/02/01,1015.9,1018.9,1014.0,74,72,3.1,42,12.8,36,0.0
2019/02/02,1011.6,1014.2,1009.7,82,66,0.9,289,4.8,277,0.0
2019/02/03,1010.6,1012.0,1009.4,80,52,1.2,114,6.5,299,1.0
2019/02/04,1012.4,1014.9,1010.8,86,79,3.2,31,11.3,23,0.0
2019/02/05,1010.0,1012.1,1007.4,88,77,1.7,28,7.4,27,0.0
2019/02/06,1007.5,1010.7,1005.0,82,56,1.3,331,5.7,317,0.0
2019/02/07,1008.2,1010.5,1005.2,74,24,2.1,7,11.3,285,0.0
2019/02/08,1010.9,1013.2,1008.9,83,78,2.6,33,9.0,39,0.0
2019/02/09,1012.9,1015.0,1010.3,86,83,2.5,39,10.1,32,0.0
2019/02/10,1015.8,1017.8,1013.9,86,78,2.6,37,8.6,55,0.0
2019/02/11,1018.0,1019.3,1017.0,86,78,3.0,35,10.8,45,0.0
2019/02/12,1016.4,1018.3,1014.2,88,81,1.2,21,7.7,9,0.0
2019/02/13,1015.4,1017.5,1013.6,87,78,2.2,32,8.3,34,0.0
2019/02/14,1014.6,1016.5,1013.4,89,85,1.9,36,7.3,44,0.0
2019/02/15,1012.8,1014.9,1010.3,82,63,0.9,63,5.0,31,0.0
2019/02/16,1012.5,1014.0,1011.4,87,81,2.4,23,9.1,24,0.0
2019/02/17,1012.2,1014.5,1010.0,81,72,2.9,31,10.2,28,0.0
2019/02/18,1009.1,1011.8,1006.6,91,82,1.1,352,5.3,348,0.0
2019/02/19,1011.1,1013.4,1008.4,82,65,1.2,8,12.3,301,1.5
2019/02/20,1012.8,1014.0,1011.5,88,69,0.9,296,5.0,310,0.0
2019/02/21,1011.1,1013.6,1009.0,87,69,1.6,44,8.6,345,0.5
2019/02/22,1010.9,1012.5,1009.3,90,78,2.3,1,9.5,57,0.5
2019/02/23,1011.2,1012.9,1009.1,78,66,3.1,31,10.4,47,5.0
2019/02/24,1009.6,1011.6,1008.1,93,87,1.8,32,7.6,80,56.0
2019/02/25,1010.4,1012.3,1008.0,83,70,1.8,34,8.2,45,0.0
2019/02/26,1010.5,1013.0,1008.0,77,66,2.1,28,8.3,7,0.0
2019/02/27,1008.8,1011.5,1005.5,82,58,0.9,98,5.8,273,0.5
2019/02/28,1009.1,1011.0,1007.8,86,78,2.1,49,9.4,41,0.0
,1009.8,--,--,83,--,1.9,34,--,--,0.0
2019/03/02,1006.1,1008.9,1004.2,87,72,0.9,25,5.8,303,0.0
2019/03/03,1004.4,1007.5,1001.9,92,87,1.3,126,12.5,314,21.0
2019/03/04,1008.3,1010.0,1006.7,74,53,2.4,42,9.2,2,0.0
2019/03/05,1006.5,1008.9,1003.1,79,48,2.2,7,9.8,300,9.0
2019/03/06,1008.0,1011.8,1006.1,90,81,1.9,14,8.4,74,21.0
2019/03/07,1011.4,1013.0,1009.5,86,79,3.3,33,12.0,67,26.0
2019/03/08,1010.2,1013.0,1007.9,89,83,1.9,31,8.2,38,15.5
2019/03/09,1005.3,1008.9,1002.2,96,94,1.0,2,5.0,109,93.5
2019/03/10,1006.2,1008.3,1004.2,89,74,2.0,26,8.2,150,29.5
2019/03/11,1007.3,1008.9,1005.8,70,63,2.0,37,8.2,51,0.0
2019/03/12,1008.7,1010.5,1008.0,58,40,1.9,80,6.3,14,0.0
2019/03/13,1010.8,1012.2,1009.4,65,32,1.3,122,5.9,104,0.0
2019/03/14,1012.3,1014.7,1010.5,79,71,1.7,3,9.4,13,0.0
2019/03/15,1014.4,1016.7,1012.1,60,14,2.7,51,10.8,36,6.0
2019/03/16,1011.5,1013.1,1009.9,51,16,2.1,96,10.7,29,0.0
2019/03/17,1011.9,1014.2,1009.8,78,62,1.1,24,6.4,4,0.0
2019/03/18,1009.4,1011.4,1007.4,87,77,1.0,157,5.0,305,0.0
2019/03/19,1008.1,1010.9,1006.1,78,60,1.6,18,6.9,360,0.0
2019/03/20,1005.5,1008.1,1002.6,85,68,2.2,191,10.6,259,0.0
2019/03/21,1003.4,1006.1,1000.6,78,58,3.3,253,13.2,234,0.0
2019/03/22,1007.4,1010.6,1005.3,82,70,2.3,34,9.1,45,0.0
2019/03/23,1012.3,1015.0,1009.3,79,71,3.4,51,13.2,34,4.0
2019/03/25,1010.5,1012.6,1009.0,88,73,1.4,55,9.6,39,7.0
2019/03/25,1009.8,1012.0,1007.3,94,91,1.0,23,8.1,330,27.5
2019/03/26,1011.7,1013.8,1009.9,76,58,1.8,35,8.1,11,0.0
2019/03/27,1009.7,1012.9,1007.0,78,59,1.5,185,5.6,271,0.0
2019/03/28,1003.5,1007.2,999.6,77,58,3.3,188,15.1,260,0.0
2019/03/29,1003.2,1008.6,1001.0,83,71,1.8,308,17.4,13,7.0
2019/03/30,1007.1,1008.7,1003.7,77,66,2.1,47,13.2,147,1.0
2019/03/31,1010.7,1014.2,1008.3,67,55,3.2,53,12.9,66,0.0
2019/04/01,1013.2,1015.4,1010.9,77,70,2.9,60,12.3,43,3.5
2019/04/02,1010.6,1012.5,1008.8,78,66,1.3,21,7.1,339,0.0
2019/04/03,1010.9,1013.1,1009.4,88,79,0.8,26,5.7,34,0.5
2019/04/04,1008.4,1010.1,1005.8,86,65,1.1,100,8.8,9,0.0
2019/04/06,1006.4,1008.3,1004.4,81,61,1.2,6,6.3,320,0.0
2019/04/06,1005.5,1006.9,1003.7,78,59,1.2,47,6.1,277,0.0
2019/04/07,1004.7,1006.6,1002.8,79,64,2.4,267,11.7,277,0.0
2019/04/08,1005.2,1006.6,1003.9,76,56,1.2,292,6.5,263,0.0
2019/04/09,1002.9,1005.3,1000.0,81,64,3.4,262,15.1,277,0.0
2019/04/10,1003.3,1005.6,1001.3,80,65,3.5,54,15.9,255,0.0
2019/04/11,1004.6,1009.4,1001.8,83,67,2.1,39,12.4,6,21.5
2019/04/12,1008.3,1009.9,1006.4,74,65,2.6,45,9.8,60,0.5
2019/04/13,1008.0,1009.3,1006.4,87,67,1.3,12,7.8,9,5.5
2019/04/14,1007.7,1009.7,1005.9,82,61,2.0,19,9.3,9,2.5
2019/04/15,1007.7,1009.6,1006.1,72,62,2.6,59,14.4,44,1.5
2019/04/16,1005.8,1007.5,1003.9,92,78,0.7,14,3.8,327,42.0
2019/04/17,1004.8,1007.0,1002.9,71,50,1.9,94,8.1,14,0.0
2019/04/18,1004.3,1006.4,1003.0,74,59,0.8,296,5.9,322,0.0
2019/04/19,1002.5,1004.3,1000.5,86,74,1.4,9,9.5,162,9.5
2019/04/20,1001.8,1003.3,999.8,89,75,1.1,2,4.7,266,23.0
2019/04/21,1001.5,1003.0,999.8,85,62,1.6,228,16.2,220,115.0
2019/04/22,1002.1,1004.8,1000.0,83,66,2.0,281,11.2,180,0.0
2019/04/23,1002.1,1003.8,999.1,75,60,2.6,254,11.2,259,0.0
2019/04/24,1001.6,1004.0,998.8,79,67,2.9,260,13.7,265,0.0
2019/04/25,1001.0,1004.3,998.6,72,57,3.4,265,16.4,269,0.0
2019/04/26,1004.5,1008.1,1002.2,77,57,1.9,27,7.9,91,0.0
2019/04/27,1006.1,1008.3,1003.7,75,66,2.5,49,9.8,68,0.0
2019/04/28,1006.2,1008.8,1004.6,81,61,1.2,35,6.2,16,0.0
2019/04/29,1003.8,1006.0,1001.7,75,59,1.4,263,7.5,269,0.0
2019/04/30,999.9,1002.7,997.3,75,59,3.1,264,14.7,259,0.5
2019/05/01,1002.7,1005.1,997.9,88,71,2.1,44,10.6,67,92.0
2019/05/02,1005.1,1007.4,1001.5,74,49,2.5,55,11.7,26,5.5
2019/05/03,1006.6,1008.9,1004.6,61,48,2.9,46,12.8,50,2.5
2019/05/04,1005.9,1007.2,1004.2,77,63,2.1,102,5.9,80,5.5
2019/05/05,1003.4,1005.7,1000.1,69,50,1.6,107,5.3,77,0.5
2019/05/06,1002.8,1004.3,1001.1,84,70,2.5,48,14.7,16,8.0
2019/05/07,1003.7,1005.8,1000.6,79,69,3.1,53,12.7,39,4.5
2019/05/08,1002.7,1004.3,1001.0,87,73,1.4,37,6.8,23,0.5
2019/05/09,1001.9,1003.0,1000.4,92,86,1.3,52,7.3,33,14.0
2019/05/10,1002.7,1004.2,1001.1,83,73,1.5,58,7.1,23,1.5
2019/05/11,1003.9,1005.7,1002.2,80,66,1.5,61,7.8,30,0.0
2019/05/12,1003.4,1004.8,1001.5,79,66,1.2,95,6.4,333,0.0
2019/05/13,1002.9,1004.8,1001.3,82,67,1.1,267,7.4,274,0.0
2019/05/14,1002.5,1003.9,1001.2,82,70,1.6,26,7.9,273,0.0
2019/05/15,1002.4,1004.1,1000.8,78,60,1.2,32,6.1,281,0.0
2019/05/16,999.3,1002.0,997.1,75,59,3.5,256,12.9,247,0.0
2019/05/17,997.4,1000.3,995.1,80,59,3.6,245,13.3,237,212.0
2019/05/18,998.1,999.9,995.9,84,72,3.7,248,12.9,267,1.0
2019/05/19,999.4,1001.2,997.8,73,63,4.8,249,13.9,263,0.0
2019/05/20,1001.3,1004.6,998.1,82,72,2.5,61,14.5,308,23.5
2019/05/21,1003.1,1004.5,1001.9,57,42,2.2,54,10.4,52,0.0
2019/05/22,1002.8,1003.9,1001.5,68,58,0.9,26,3.5,23,0.0
2019/05/23,1004.3,1006.2,1002.7,84,75,0.9,93,4.3,16,10.5
2019/05/24,1004.4,1005.9,1002.9,77,61,1.1,307,5.7,283,0.0
2019/05/25,1003.6,1004.9,1002.4,77,54,1.0,104,5.8,316,0.0
2019/05/26,1002.7,1004.1,1001.4,76,62,1.1,316,5.5,331,0.0
2019/05/27,1002.1,1003.4,1000.6,83,75,1.0,34,8.4,274,4.0
2019/05/28,1003.3,1005.9,1001.3,90,82,1.5,49,9.1,47,94.5
2019/05/29,1004.3,1005.6,1002.7,73,65,2.3,34,10.3,37,0.0
2019/05/30,1003.0,1004.7,1000.8,74,59,1.1,97,5.8,320,0.0
2019/05/31,1002.0,1003.0,1000.5,76,61,1.2,4,7.7,278,0.0
2019/06/02,1000.6,1002.2,998.7,83,69,2.1,88,12.0,283,0.5
2019/06/02,998.8,1001.1,997.2,70,58,4.5,243,14.9,253,0.0
2019/06/03,999.8,1001.3,998.6,71,59,3.9,260,14.6,271,0.5
2019/06/04,1001.7,1003.9,999.6,77,59,1.7,249,8.5,248,65.0
2019/06/05,1003.5,1005.0,1002.1,75,56,1.2,74,6.0,337,0.0
2019/06/06,1003.4,1005.0,1002.2,77,61,2.5,118,12.8,267,0.0
2019/06/07,1002.9,1004.2,1001.9,76,55,2.9,259,12.4,260,0.0
2019/06/08,1000.5,1002.8,998.5,74,62,2.7,257,14.1,269,0.0
2019/06/09,997.4,999.5,995.8,64,55,5.1,249,16.5,252,0.0
2019/06/10,996.2,997.4,994.9,71,57,4.1,247,13.0,232,15.0
2019/06/11,997.8,1000.8,994.7,91,69,1.8,18,8.8,237,80.0
2019/06/12,999.9,1001.0,999.0,90,76,1.3,35,5.3,38,26.0
2019/06/13,996.3,999.4,993.6,93,85,1.3,297,12.2,238,70.5
2019/06/14,995.6,998.2,992.1,87,72,1.8,57,10.6,276,147.5
2019/06/15,998.8,1000.2,997.3,64,46,2.2,62,9.0,15,0.0
2019/06/16,1000.1,1002.4,998.2,68,52,1.2,310,5.4,354,0.0
2019/06/17,1002.9,1005.0,1001.5,78,63,1.0,20,5.9,164,5.0
2019/06/19,1002.1,1003.7,1000.8,80,66,2.4,268,12.6,259,0.0
2019/06/19,1000.3,1001.6,998.1,72,62,4.2,248,15.1,260,0.0
2019/06/20,998.7,1000.2,997.3,70,57,4.3,244,14.8,242,0.0
2019/06/21,997.4,998.7,995.8,66,54,5.0,267,17.1,253,0.0
2019/06/22,996.4,997.7,995.1,69,59,4.3,248,15.9,253,0.0
2019/06/23,998.1,1000.9,994.6,87,66,2.5,247,14.1,284,55.5
2019/06/24,1001.5,1002.9,999.3,92,86,0.9,97,4.1,207,23.5
2019/06/25,1000.7,1002.6,999.1,82,60,1.0,98,7.6,251,1.0
2019/06/27,997.2,999.5,994.7,79,59,1.9,90,10.4,251,0.0
2019/06/27,995.3,996.3,993.5,76,57,1.9,264,12.9,266,0.0
2019/06/28,995.8,996.9,994.3,75,60,1.6,276,10.3,281,0.0
2019/06/29,995.5,997.0,994.1,76,62,2.1,270,10.2,250,0.0
2019/06/30,996.2,997.7,994.8,76,62,2.3,67,9.4,245,0.0
2019/07/01,995.9,997.9,993.5,79,64,1.2,89,5.0,339,0.0
2019/07/02,995.8,999.5,992.3,81,63,2.0,101,12.0,260,37.5
2019/07/03,1000.3,1002.6,998.5,72,53,2.7,245,14.8,224,0.5
2019/07/04,1000.3,1001.6,998.4,62,55,4.2,250,15.6,283,0.0
2019/07/05,996.8,999.3,994.4,60,49,5.9,248,19.3,245,0.0
2019/07/06,995.4,996.8,994.2,68,52,5.5,250,15.6,224,2.0
2019/07/07,997.2,999.6,995.4,67,51,5.2,257,16.8,260,0.0
2019/07/08,998.5,999.7,997.3,69,56,4.5,253,16.9,275,0.0
2019/07/09,996.2,998.0,993.9,63,54,5.3,249,15.1,221,0.0
2019/07/10,996.5,999.9,994.2,66,53,5.9,241,17.2,229,0.0
2019/07/11,1001.4,1003.5,998.6,70,57,2.5,176,12.7,257,0.0
2019/07/13,1000.8,1002.9,999.1,71,60,3.5,264,13.6,244,0.0
2019/07/13,997.3,999.8,995.3,64,50,5.9,249,18.3,263,0.0
2019/07/14,997.2,999.4,995.8,71,62,4.3,260,15.8,258,0.0
2019/07/15,998.3,999.8,997.1,73,50,1.3,184,7.1,249,0.0
2019/07/16,997.2,999.8,994.2,68,47,1.8,101,8.5,329,0.0
2019/07/18,991.0,995.4,987.0,64,49,3.4,60,17.9,69,0.0
2019/07/18,989.6,991.0,988.6,78,62,2.0,25,9.3,37,0.0
2019/07/19,992.2,996.0,989.4,74,59,3.1,246,13.5,223,0.0
2019/07/20,997.6,1000.8,995.1,65,53,4.0,228,15.8,262,0.0
2019/07/21,999.4,1001.1,997.8,68,53,2.3,196,12.0,280,0.0
2019/07/22,1000.0,1001.4,998.2,78,50,1.5,87,11.9,274,7.5
2019/07/23,999.9,1001.3,998.3,78,63,1.4,291,7.3,268,1.0
2019/07/24,1000.4,1001.7,999.0,76,60,1.9,193,10.2,272,0.0
2019/07/25,1001.0,1002.3,999.5,77,63,2.1,190,10.5,257,0.0
2019/07/26,999.2,999.5,997.4,75,64,1.9,194,10.3,271,0.0
2019/07/27,999.5,1001.8,997.8,77,59,1.9,94,7.6,271,12.0
2019/07/28,1001.0,1002.7,998.6,79,60,1.2,100,7.3,198,6.0
2019/07/29,1001.0,1002.4,999.0,79,63,1.2,2,6.7,334,0.0
2019/07/30,999.9,1001.7,997.8,76,60,1.0,299,5.6,18,0.0
2019/07/31,999.0,1000.4,997.3,75,63,1.5,64,6.7,10,0.0
2019/08/01,999.4,1000.6,998.1,77,55,1.3,97,12.4,181,8.0
2019/08/02,997.9,1000.2,995.3,74,58,1.1,43,8.5,285,1.5
2019/08/03,995.8,997.2,994.1,71,55,2.1,42,10.6,51,0.0
2019/08/04,994.4,995.6,993.0,72,58,1.4,91,6.9,330,0.0
2019/08/05,994.3,995.9,991.9,70,55,2.0,91,10.0,65,0.0
2019/08/06,994.1,996.2,991.4,63,47,2.7,33,13.2,48,0.0
2019/08/07,991.6,993.9,987.5,71,58,2.9,65,13.8,38,11.0
2019/08/08,987.4,990.4,984.3,87,75,2.5,59,11.6,138,73.0
2019/08/09,983.1,984.4,980.8,85,68,3.7,224,14.2,222,46.5
2019/08/10,986.5,991.1,981.9,73,60,7.5,249,21.0,247,1.5
2019/08/11,992.3,993.8,990.7,77,72,5.0,238,15.5,252,0.5
2019/08/12,994.0,995.5,992.5,80,68,2.9,239,12.6,244,11.0
2019/08/13,994.4,996.0,992.5,72,43,2.4,212,14.7,218,0.0
2019/08/14,994.3,995.8,992.1,74,59,3.8,251,13.2,274,0.0
2019/08/15,993.5,995.0,990.9,72,60,4.3,248,13.3,228,0.5
2019/08/16,995.3,997.9,993.6,76,61,4.1,237,12.7,242,15.0
2019/08/17,997.5,999.2,995.8,70,60,4.4,233,13.5,256,0.0
2019/08/18,998.1,999.6,996.5,75,61,3.1,229,12.3,240,1.0
2019/08/19,998.4,999.6,997.5,89,68,1.4,227,5.8,132,50.0
2019/08/20,997.9,999.3,996.4,82,61,1.5,18,8.3,8,0.0
2019/08/21,998.1,999.4,996.9,85,69,1.0,93,7.9,262,4.5
2019/08/22,999.1,1000.2,998.1,78,61,0.9,171,6.3,307,0.0
2019/08/23,997.1,1000.0,993.7,70,51,2.1,55,13.2,65,0.0
2019/08/24,989.4,995.7,981.6,65,47,4.3,66,19.6,98,0.0
2019/08/25,998.7,1002.5,992.9,82,61,1.1,54,6.9,61,17.0
2019/08/26,1002.5,1004.7,1000.6,81,61,1.1,53,5.9,285,1.5
2019/08/27,1001.6,1003.2,1000.2,82,68,0.9,330,6.0,325,0.0
2019/08/28,998.9,1000.4,996.3,78,63,1.1,322,6.1,314,0.0
2019/08/29,999.8,1002.0,998.2,74,60,1.7,255,10.0,244,0.0
2019/08/30,1001.5,1002.7,1000.1,80,66,1.3,94,11.0,125,0.0
2019/08/31,999.8,1001.8,998.2,72,50,1.4,286,5.8,266,0.0
2019/09/01,1000.7,1001.8,999.4,78,61,1.2,92,6.6,310,1.0
2019/09/02,1001.3,1002.9,999.2,75,55,1.2,197,6.7,333,0.0
2019/09/04,998.5,1000.7,995.5,69,53,1.3,71,6.2,287,0.0
2019/09/04,998.1,999.6,996.4,78,61,1.6,66,8.2,10,2.5
2019/09/05,996.0,997.9,994.4,86,65,1.3,65,6.8,7,33.5
2019/09/06,994.6,995.9,992.6,76,54,0.7,196,5.0,48,0.0
2019/09/07,996.8,998.6,995.1,76,58,1.1,277,6.4,260,0.0
2019/09/08,998.2,999.4,996.6,75,58,1.2,10,6.0,319,0.0
2019/09/09,999.3,1000.6,997.9,71,55,1.1,30,5.7,306,0.0
2019/09/10,1001.8,1003.7,1000.3,77,53,1.1,14,5.8,326,0.0
2019/09/11,1003.3,1005.3,1001.5,73,60,1.4,91,7.1,307,0.0
2019/09/12,1001.1,1003.1,998.0,63,48,2.4,66,12.3,52,0.0
2019/09/13,1000.1,1001.4,998.2,68,56,2.3,31,10.0,14,0.0
2019/09/14,1000.5,1002.1,998.3,70,54,2.4,38,10.0,22,0.0
2019/09/15,1000.7,1002.0,999.7,81,64,1.8,58,7.7,78,13.5
2019/09/16,1000.2,1001.6,998.3,76,65,2.9,60,12.5,20,0.0
2019/09/17,1001.6,1003.9,998.9,73,62,3.3,40,14.3,33,0.0
2019/09/18,1003.8,1006.1,1001.4,75,58,2.9,65,13.3,56,4.5
,1003.8,--,--,70,--,2.8,65,--,--,0.5
2019/09/21,1000.2,1002.7,998.5,83,72,2.7,109,10.8,37,10.0
2019/09/21,999.1,1002.5,997.0,85,68,1.3,111,7.4,150,6.0
2019/09/22,1005.2,1008.6,1000.3,68,55,1.7,95,7.4,152,0.0
2019/09/23,1009.3,1011.0,1007.1,66,56,2.1,48,9.9,8,0.0
2019/09/24,1009.8,1011.7,1008.1,66,57,2.5,56,10.9,45,0.0
2019/09/25,1009.0,1010.9,1007.5,62,52,2.8,41,10.9,28,0.0
2019/09/26,1008.7,1010.1,1007.2,76,71,1.9,47,9.3,64,0.0
2019/09/27,1007.6,1009.5,1006.0,81,72,2.3,41,11.4,50,0.0
2019/09/28,1006.2,1007.7,1004.3,82,71,2.4,39,11.0,40,0.0
2019/09/29,1002.8,1005.8,999.8,82,64,2.8,40,13.7,38,0.5
2019/09/30,996.5,1000.8,992.8,82,66,3.9,47,16.2,19,20.5
2019/10/02,999.8,1002.3,994.7,75,50,3.0,238,12.3,264,8.0
2019/10/02,1003.8,1005.1,1002.2,76,47,1.5,283,8.6,264,0.0
2019/10/03,1005.2,1007.1,1003.7,75,55,1.1,92,5.3,321,0.0
2019/10/04,1005.0,1006.7,1003.5,81,62,1.3,186,6.1,316,0.0
2019/10/05,1005.6,1007.5,1003.8,73,55,1.6,73,6.5,285,0.0
2019/10/06,1007.0,1008.4,1004.6,64,49,2.4,58,10.9,99,0.0
2019/10/07,1008.0,1009.3,1006.8,69,57,1.7,100,6.9,13,0.0
2019/10/08,1007.6,1009.2,1005.9,67,54,2.2,81,12.4,71,0.0
2019/10/09,1006.7,1008.4,1004.1,68,56,2.5,63,12.3,69,0.0
2019/10/10,1005.6,1008.3,1003.5,65,52,2.1,35,7.8,51,0.0
2019/10/11,1004.0,1006.3,1002.0,68,56,1.9,27,7.9,8,0.0
2019/10/12,1004.7,1006.3,1002.9,69,55,2.2,94,9.4,38,0.0
2019/10/13,1007.5,1009.8,1005.6,68,53,2.9,65,12.5,29,0.0
2019/10/14,1010.8,1014.0,1007.8,63,46,3.9,50,16.5,44,0.0
2019/10/15,1012.5,1014.7,1010.4,63,48,3.8,72,15.5,55,0.0
2019/10/16,1010.7,1013.0,1008.1,71,60,3.2,41,13.3,11,0.0
2019/10/17,1009.9,1011.7,1007.4,66,49,2.9,62,11.8,71,0.0
2019/10/18,1009.8,1011.1,1007.5,65,56,2.8,39,11.4,33,0.0
2019/10/19,1010.2,1011.9,1007.9,74,68,2.9,49,12.0,16,0.0
2019/10/20,1009.1,1011.4,1007.4,66,49,2.8,52,13.7,42,0.0
2019/10/21,1006.9,1008.9,1005.0,65,55,2.3,56,9.2,46,0.0
2019/10/22,1004.8,1006.7,1002.9,62,48,1.9,37,9.4,14,0.0
2019/10/23,1005.6,1007.5,1003.7,69,56,1.9,39,9.3,12,0.0
2019/10/24,1008.3,1010.0,1006.4,67,51,2.4,38,10.3,29,0.0
2019/10/25,1009.7,1011.3,1007.6,62,46,2.4,69,11.2,23,0.0
2019/10/26,1009.5,1011.7,1007.6,64,52,2.4,63,10.1,83,0.0
2019/10/27,1007.6,1009.5,1005.3,74,59,2.2,33,10.6,13,0.0
2019/10/28,1007.1,1008.6,1005.6,84,76,1.7,62,7.3,282,0.0
2019/10/29,1008.8,1010.2,1007.0,85,78,2.5,52,11.2,33,1.0
2019/10/30,1008.8,1011.1,1006.6,75,64,3.0,52,13.5,61,0.0
2019/10/31,1008.2,1009.7,1006.6,82,76,2.4,35,11.1,63,0.0
2019/11/01,1007.4,1009.8,1005.3,71,61,2.6,66,11.7,32,0.0
2019/11/02,1006.0,1007.6,1003.8,69,58,2.0,46,8.5,36,0.0
2019/11/03,1006.5,1008.5,1004.6,79,72,2.9,45,13.3,31,0.0
2019/11/04,1007.4,1009.9,1004.9,72,63,3.3,59,13.6,53,0.0
2019/11/05,1005.3,1007.6,1002.2,70,61,4.2,66,17.8,50,0.0
2019/11/06,1003.5,1005.2,1000.6,62,51,2.6,63,11.4,92,0.0
2019/11/07,1004.9,1008.3,1001.3,66,48,2.6,54,13.3,60,0.0
2019/11/08,1009.3,1011.2,1006.8,66,46,3.7,69,14.0,32,0.0
2019/11/09,1010.2,1013.3,1006.5,58,47,3.2,59,13.9,80,0.0
2019/11/10,1007.7,1010.2,1004.8,62,47,1.6,5,9.1,16,0.0
2019/11/11,1007.6,1009.3,1005.9,61,41,2.0,42,9.6,72,0.0
2019/11/12,1008.8,1010.9,1007.3,64,41,1.6,58,6.3,16,0.0
2019/11/13,1010.6,1013.1,1008.6,70,52,1.6,40,12.6,37,0.0
2019/11/14,1010.9,1013.8,1007.6,65,55,4.0,63,16.7,72,0.0
2019/11/15,1008.5,1010.4,1006.5,61,49,2.2,60,9.7,81,0.0
2019/11/16,1007.5,1009.2,1006.1,66,47,1.1,1,4.9,311,0.0
2019/11/17,1007.6,1009.2,1005.4,72,50,1.1,1,5.2,328,0.0
2019/11/18,1008.6,1012.1,1006.3,82,72,2.9,58,16.8,31,0.0
2019/11/19,1010.5,1012.9,1007.9,74,64,4.7,61,18.2,71,0.0
2019/11/20,1010.1,1012.9,1006.9,70,59,4.6,64,19.1,40,0.0
2019/11/21,1009.0,1010.6,1006.4,80,63,2.9,51,14.1,51,0.5
2019/11/22,1008.2,1009.6,1006.3,90,79,2.1,46,10.9,74,2.5
2019/11/23,1008.8,1010.8,1006.9,89,79,1.1,38,6.7,6,1.0
2019/11/24,1010.2,1012.1,1008.2,80,64,1.9,34,9.2,19,0.0
2019/11/25,1012.9,1014.9,1010.2,77,62,3.6,40,15.3,40,0.0
2019/11/26,1012.8,1014.7,1010.2,70,62,3.0,64,13.7,106,0.0
2019/11/27,1012.3,1014.6,1008.9,76,63,2.7,38,11.4,16,0.0
2019/11/28,1015.3,1017.2,1013.0,78,72,3.5,63,14.4,46,0.0
2019/11/29,1014.1,1016.8,1012.0,65,50,3.1,63,13.1,47,0.0
2019/11/30,1011.3,1013.4,1008.7,74,48,1.2,95,6.3,101,0.0
2019/12/01,1010.7,1012.1,1008.5,79,53,1.5,62,7.1,53,0.0
2019/12/02,1014.9,1017.9,1011.4,70,57,3.4,61,12.8,73,0.0
2019/12/03,1014.2,1016.1,1010.4,58,50,4.3,55,17.2,68,0.0
2019/12/04,1015.0,1017.5,1011.8,61,50,4.2,50,17.1,30,0.0
2019/12/05,1016.2,1018.9,1013.3,89,81,3.4,49,13.4,23,42.0
2019/12/06,1015.7,1018.3,1012.7,89,84,3.5,56,14.5,52,34.5
2019/12/07,1017.1,1019.0,1014.9,78,58,3.1,62,13.3,49,2.0
2019/12/08,1016.2,1018.7,1013.3,53,37,2.9,62,13.3,44,0.0
2019/12/09,1012.7,1015.3,1010.5,63,46,1.2,53,7.0,65,0.0
2019/12/10,1010.3,1012.4,1008.2,72,47,1.0,97,6.0,297,0.0
2019/12/11,1010.4,1012.3,1007.3,72,54,2.7,44,12.8,23,0.0
2019/12/12,1013.0,1015.1,1010.6,59,42,2.9,49,12.4,59,0.0
2019/12/13,1014.9,1016.8,1013.4,76,61,1.6,33,7.9,11,0.0
2019/12/14,1013.9,1016.7,1012.1,75,57,1.5,101,6.8,60,0.0
2019/12/15,1012.5,1015.0,1011.1,73,47,0.8,23,4.9,114,0.0
2019/12/16,1011.0,1013.4,1008.3,81,53,0.8,37,4.4,274,0.0
2019/12/17,1010.9,1013.4,1008.9,74,51,0.7,99,4.6,266,0.0
2019/12/18,1011.9,1013.8,1010.0,85,76,2.2,36,8.9,36,0.0
2019/12/19,1012.8,1014.9,1011.4,86,80,2.3,37,11.3,88,0.0
2019/12/20,1012.2,1014.6,1009.4,81,67,2.3,45,11.3,57,3.5
2019/12/22,1010.1,1012.3,1008.8,94,90,1.3,18,9.0,49,1.5
,1008.4,--,--,90,--,1.2,18,--,--,2.5
2019/12/23,1009.8,1011.6,1008.2,83,76,1.5,42,6.9,8,0.0
2019/12/24,1011.2,1013.2,1010.1,86,80,1.4,14,7.5,32,0.0
2019/12/25,1008.8,1011.3,1006.2,82,61,1.3,38,6.5,15,0.0
2019/12/26,1009.5,1013.0,1006.9,80,57,1.8,58,10.8,29,0.0
2019/12/27,1013.6,1016.2,1011.1,68,59,3.1,59,14.6,88,0.0
2019/12/28,1011.7,1013.8,1009.5,67,53,1.4,62,6.9,61,0.0
2019/12/29,1011.6,1013.3,1009.5,93,79,0.8,17,5.7,205,35.5
2019/12/30,1013.5,1016.5,1010.9,89,67,2.1,46,9.3,60,24.0
2019/12/31,1018.8,1022.6,1015.6,81,69,3.8,53,17.7,71,0.0
2020/01/01,1018.9,1021.5,1017.6,79,72,1.9,59,10.9,62,0.0
2020/01/02,1016.9,1019.3,1015.2,77,51,1.1,92,6.5,22,0.0
2020/01/03,1014.8,1017.4,1012.4,80,60,1.0,304,5.8,306,0.0
2020/01/04,1013.1,1015.5,1011.1,81,63,0.7,15,4.3,306,0.0
2020/01/05,1013.3,1015.1,1011.8,80,62,1.3,98,6.8,279,0.0
2020/01/06,1012.5,1015.2,1010.0,88,75,0.9,19,3.8,257,0.0
2020/01/07,1010.0,1012.8,1007.8,81,54,1.4,243,6.8,259,0.0
2020/01/08,1012.3,1014.9,1009.7,69,56,2.5,55,12.0,83,0.0
2020/01/09,1011.1,1013.9,1009.1,69,52,1.6,8,7.5,13,0.0
2020/01/10,1008.9,1010.8,1007.3,78,51,0.9,310,6.5,302,0.0
2020/01/11,1008.4,1009.6,1007.1,84,72,1.2,358,6.3,20,0.0
2020/01/12,1010.5,1013.2,1008.5,82,73,2.5,52,11.1,50,0.0
2020/01/13,1010.6,1013.2,1008.3,76,69,2.1,44,9.0,62,0.0
2020/01/14,1012.8,1014.9,1010.1,81,68,2.0,59,11.5,39,9.0
2020/01/15,1011.6,1013.4,1009.4,77,54,1.7,65,9.0,56,0.0
2020/01/16,1011.1,1012.6,1008.7,83,66,1.4,8,6.0,29,0.0
2020/01/17,1013.1,1014.8,1011.2,87,80,2.2,51,9.9,42,0.0
2020/01/18,1013.4,1015.1,1011.5,75,66,2.2,71,8.8,69,0.0
2020/01/19,1014.1,1016.0,1012.4,82,77,1.7,52,7.2,44,0.0
2020/01/20,1015.6,1017.3,1013.3,72,59,2.0,27,10.3,17,0.0
2020/01/21,1015.1,1017.7,1013.0,70,46,1.3,1,6.4,105,0.0
2020/01/22,1012.5,1014.9,1010.3,82,60,0.7,2,5.1,316,0.0
2020/01/23,1011.2,1012.8,1009.5,72,53,1.2,103,5.6,309,0.0
2020/01/24,1012.7,1014.0,1011.3,93,86,1.5,47,7.3,50,0.0
2020/01/25,1010.7,1013.7,1008.8,93,91,2.1,40,8.4,59,1.5
2020/01/27,1005.9,1009.4,1002.9,93,89,1.7,14,9.8,340,35.0
2020/01/27,1008.4,1010.8,1006.2,82,71,1.7,72,6.9,51,0.5
2020/01/28,1010.9,1014.3,1008.0,75,67,2.2,58,9.6,38,0.5
2020/01/29,1013.1,1014.6,1011.7,69,60,2.2,71,9.8,67,0.0
2020/01/30,1014.3,1016.2,1012.4,53,38,2.4,99,7.8,44,0.0
2020/01/31,1015.1,1017.1,1013.2,53,41,2.5,47,10.2,51,0.0
2020/02/01,1015.7,1017.5,1013.6,61,43,1.9,92,9.5,12,0.0
2020/02/02,1015.4,1017.6,1013.5,68,48,1.0,97,5.5,301,0.0
2020/02/03,1014.4,1015.7,1013.0,78,61,1.9,61,10.2,12,0.0
2020/02/04,1013.5,1015.4,1011.8,88,83,1.7,43,8.0,49,2.0
2020/02/05,1014.4,1016.4,1012.2,79,67,2.6,46,13.4,31,1.5
2020/02/06,1011.7,1014.6,1008.5,72,50,1.8,309,10.0,88,0.0
2020/02/07,1015.3,1016.9,1013.2,90,79,1.9,54,8.7,49,3.5
2020/02/08,1017.4,1019.1,1015.8,73,67,2.5,54,12.5,42,0.0
2020/02/09,1018.0,1021.0,1016.5,71,67,2.3,43,10.5,57,0.0
2020/02/10,1014.9,1017.0,1013.1,64,48,1.5,66,6.7,58,0.0
2020/02/11,1014.5,1017.0,1012.6,84,63,0.8,184,4.1,173,0.0
2020/02/12,1011.1,1013.3,1008.7,70,43,0.9,94,4.7,302,0.5
2020/02/13,1008.7,1010.7,1005.9,78,54,1.2,90,6.5,318,1.5
2020/02/14,1008.4,1011.3,1006.0,86,61,1.1,84,7.2,303,0.0
2020/02/15,1007.6,1011.1,1004.8,81,56,1.3,92,6.0,282,3.5
2020/02/16,1013.3,1018.6,1005.5,87,64,2.9,53,14.1,59,41.5
2020/02/17,1019.5,1022.0,1016.3,57,47,3.1,48,13.8,6,0.0
2020/02/18,1018.6,1021.0,1016.1,54,43,2.7,51,13.4,70,0.0
2020/02/19,1016.9,1018.2,1015.2,73,51,1.3,3,8.1,23,0.0
2020/02/20,1017.5,1019.1,1015.9,80,64,1.9,101,11.6,35,0.0
2020/02/21,1019.1,1020.6,1017.6,87,79,0.9,14,7.0,8,0.0
2020/02/22,1018.5,1020.2,1015.6,81,70,2.1,44,12.9,64,0.0
2020/02/23,1016.3,1019.2,1013.7,69,55,2.0,72,10.5,50,0.0
2020/02/24,1013.1,1015.1,1011.1,82,61,1.2,101,6.3,268,0.0
2020/02/25,1011.0,1013.4,1009.0,71,44,1.0,133,5.1,288,0.0
2020/02/26,1011.4,1013.4,1009.7,77,53,1.4,39,7.2,23,0.0
2020/02/27,1012.9,1015.4,1010.9,80,72,2.3,38,11.5,40,0.0
2020/02/28,1010.5,1012.0,1008.8,84,73,0.9,313,6.8,8,0.0
2020/02/29,1007.5,1009.4,1005.3,74,56,1.0,113,5.1,276,0.0
2020/03/01,1007.8,1011.3,1005.4,86,76,1.2,52,10.4,36,0.0
2020/03/02,1011.9,1014.5,1009.2,73,63,2.7,53,13.1,75,0.0
2020/03/03,1011.8,1014.4,1009.3,76,58,1.4,36,7.4,20,0.0
2020/03/04,1012.0,1015.4,1009.2,85,79,2.1,57,11.8,47,1.0
2020/03/05,1012.8,1015.1,1010.1,80,67,2.6,64,13.4,96,7.5
2020/03/06,1009.8,1011.9,1007.3,79,68,0.7,328,3.5,338,0.0
2020/03/07,1007.1,1009.5,1004.6,80,59,0.9,127,6.4,275,0.0
2020/03/09,1004.5,1007.0,1002.4,82,66,1.1,27,6.7,321,0.0
2020/03/10,1000.8,1004.4,998.6,87,75,1.8,195,11.8,257,1.0
2020/03/10,1007.2,1012.6,1000.9,82,58,2.5,20,12.8,237,57.5
2020/03/11,1011.3,1013.3,1009.6,62,50,2.3,20,8.9,31,0.0
2020/03/12,1009.0,1009.8,1006.9,84,78,0.8,29,4.6,301,1.0
2020/03/13,1009.2,1011.2,1007.3,93,85,0.9,152,7.0,32,13.0
2020/03/14,1011.4,1013.4,1009.1,73,55,2.5,66,11.9,71,3.0
2020/03/15,1012.1,1014.2,1009.4,52,31,2.2,28,11.4,15,0.0
2020/03/16,1012.3,1014.3,1010.3,48,22,1.6,76,6.0,261,0.0
2020/03/17,1011.8,1013.0,1010.3,69,57,1.3,300,6.0,335,0.0
2020/03/18,1008.8,1010.9,1006.3,80,64,0.8,300,4.8,323,1.0
2020/03/19,1007.7,1009.7,1005.4,90,80,1.1,154,5.5,256,5.0
2020/03/20,1008.2,1009.6,1006.4,80,60,1.2,5,5.9,3,0.0
2020/03/21,1007.8,1010.4,1004.3,78,50,1.1,238,10.1,297,0.0
2020/03/22,1005.9,1009.0,1002.5,75,61,2.3,263,11.1,261,0.0
2020/03/23,1007.9,1010.7,1006.2,81,72,2.0,30,12.0,95,0.0
2020/03/24,1008.1,1009.3,1006.7,77,60,1.5,31,8.5,345,0.0
2020/03/25,1007.1,1008.7,1005.5,83,68,0.7,308,5.3,303,0.0
2020/03/26,1006.9,1008.6,1004.2,74,48,0.7,83,5.7,304,0.0
2020/03/27,1006.6,1008.2,1005.1,81,65,1.6,78,10.4,261,0.0
2020/03/28,1008.6,1012.3,1004.4,88,77,2.0,46,11.4,29,20.0
2020/03/29,1008.5,1012.0,1004.3,74,60,1.7,58,9.9,68,0.0
2020/03/30,1006.8,1007.9,1005.2,86,80,1.2,4,6.1,33,1.5
2020/03/31,1006.0,1008.3,1003.3,85,72,1.1,49,8.5,321,4.5
2020/04/01,1009.9,1012.2,1006.4,82,68,2.1,49,11.3,36,12.5
2020/04/02,1011.1,1013.7,1008.6,85,73,1.4,12,11.1,124,21.0
2020/04/03,1010.9,1013.0,1008.6,86,73,1.6,39,9.0,330,0.0
2020/04/04,1012.1,1014.6,1009.0,79,67,2.1,48,9.2,76,0.0
2020/04/05,1012.4,1013.7,1010.9,72,58,2.2,55,10.5,19,3.0
2020/04/06,1009.7,1012.7,1007.4,78,64,1.4,53,7.8,96,8.5
2020/04/07,1008.9,1010.2,1005.9,81,66,1.7,58,9.1,59,1.5
2020/04/08,1008.8,1010.4,1007.2,72,66,1.6,41,7.7,49,0.0
2020/04/09,1010.2,1011.8,1008.3,69,50,2.0,71,9.1,40,0.0
2020/04/10,1010.1,1012.2,1007.7,64,46,1.6,39,7.8,319,0.0
2020/04/11,1007.7,1009.7,1005.7,88,73,1.1,5,6.4,251,19.5
2020/04/12,1010.2,1012.5,1006.7,72,49,2.0,58,8.5,62,1.5
2020/04/13,1011.7,1013.1,1009.5,47,29,2.2,78,10.3,95,0.0
2020/04/15,1009.5,1011.7,1007.5,49,33,1.6,265,6.0,251,0.0
2020/04/15,1008.0,1009.9,1006.4,67,42,1.9,83,10.0,277,0.0
2020/04/16,1007.8,1009.0,1006.7,63,41,1.2,70,6.4,267,0.0
2020/04/17,1008.1,1010.3,1006.8,73,57,1.4,91,8.1,239,0.0
2020/04/18,1007.5,1009.8,1005.6,73,59,1.0,101,5.2,256,0.0
2020/04/20,1004.4,1006.2,1002.2,84,77,1.8,49,13.3,268,0.0
2020/04/20,1005.8,1008.2,1003.9,73,58,1.2,1,7.8,349,0.0
2020/04/21,1006.6,1009.1,1005.2,86,72,1.6,37,7.5,41,0.0
2020/04/22,1008.8,1010.7,1006.1,80,67,2.1,39,10.6,48,7.0
2020/04/23,1010.1,1011.8,1008.2,82,67,2.1,61,11.0,24,7.0
2020/04/24,1010.5,1012.1,1008.6,79,71,2.0,59,9.7,30,1.0
2020/04/25,1009.3,1010.8,1007.7,80,65,0.6,1,3.7,80,0.0
2020/04/26,1009.4,1011.3,1007.7,79,58,1.1,89,6.2,90,0.5
2020/04/27,1008.5,1009.8,1007.2,69,59,1.3,81,5.1,108,0.0
2020/04/28,1008.8,1010.8,1005.5,59,45,2.1,55,10.8,38,0.0
2020/04/29,1008.8,1010.7,1007.6,66,56,1.3,116,6.0,304,0.0
2020/04/30,1008.1,1010.1,1006.0,71,45,0.9,14,5.6,349,0.0
2020/05/01,1005.5,1007.7,1003.6,71,42,0.6,45,5.8,241,0.0
2020/05/02,1002.5,1004.5,1000.7,70,45,1.1,255,7.3,272,0.0
2020/05/03,1001.0,1002.7,999.2,79,63,2.6,253,14.0,261,0.0
2020/05/04,1002.8,1004.2,1001.4,78,63,1.9,266,6.9,262,0.0
2020/05/06,1000.5,1003.3,997.7,73,53,3.0,241,14.4,240,0.0
2020/05/06,1001.2,1003.4,998.4,72,51,3.1,6,14.2,260,0.0
2020/05/07,1002.8,1004.2,1001.2,83,71,1.2,296,8.7,355,19.0
2020/05/08,1001.9,1003.4,1000.1,77,64,2.4,253,12.2,258,0.0
2020/05/09,1001.2,1002.4,998.9,73,58,2.8,247,13.1,267,0.0
2020/05/10,1002.3,1004.3,1000.4,77,54,1.3,185,8.5,293,0.0
2020/05/11,1003.1,1004.7,1001.5,83,70,1.3,32,6.7,12,0.0
2020/05/12,1003.8,1005.2,1001.9,85,77,1.4,48,7.4,76,4.5
2020/05/13,1005.1,1007.1,1003.6,62,41,1.5,71,8.1,35,0.0
2020/05/14,1004.3,1006.0,1002.5,74,56,1.3,264,7.5,273,0.0
2020/05/16,1002.1,1003.3,1000.7,72,58,1.3,7,7.3,271,0.0
2020/05/16,1001.5,1003.3,999.9,77,62,1.5,86,10.4,207,12.0
2020/05/18,998.1,1000.6,995.6,71,51,1.1,12,7.0,300,0.0
2020/05/18,996.7,999.3,994.1,82,62,2.8,234,15.8,234,37.5
2020/05/19,999.7,1001.8,996.7,87,62,1.7,45,12.7,258,15.5
2020/05/20,1001.6,1003.2,1000.6,83,66,1.0,80,4.4,107,2.5
2020/05/22,999.3,1001.3,997.5,87,70,0.8,78,6.7,197,29.5
2020/05/22,996.7,998.4,995.1,95,92,1.0,1,8.7,4,118.5
2020/05/23,999.1,1001.1,996.6,89,80,1.2,23,6.6,60,11.5
2020/05/24,1001.7,1003.1,1000.4,77,56,1.5,51,7.7,354,0.0
2020/05/25,1002.8,1004.0,1002.0,77,59,1.0,6,5.8,296,0.0
2020/05/26,1000.8,1003.0,999.4,79,67,2.7,252,13.0,228,3.5
2020/05/27,1002.2,1004.0,1000.3,86,77,1.2,59,6.6,50,32.5
2020/05/28,1004.1,1005.8,1002.5,94,82,0.8,4,6.1,7,90.0
2020/05/29,1004.2,1005.2,1003.0,84,70,0.9,155,4.9,263,0.5
2020/05/30,1003.4,1004.6,1001.7,75,60,3.3,250,14.4,273,0.5
2020/05/31,1003.7,1005.2,1001.9,79,58,2.9,265,13.8,261,0.0
2020/06/01,1003.9,1005.3,1001.2,78,63,2.7,256,14.7,261,0.0
2020/06/02,1002.7,1005.4,1000.8,80,69,2.6,238,10.3,267,3.5
2020/06/03,1001.1,1002.9,998.5,69,56,3.8,178,14.3,245,0.0
2020/06/04,1000.6,1002.1,999.0,66,53,4.1,244,14.4,256,0.0
2020/06/05,1000.3,1002.0,998.3,70,53,3.7,242,14.9,271,0.0
2020/06/07,999.3,1000.7,997.8,68,61,3.6,245,15.8,237,0.0
2020/06/07,1000.3,1001.5,999.0,79,55,2.2,242,11.6,268,22.5
2020/06/08,1001.3,1002.8,999.3,84,72,1.4,97,11.8,250,10.0
2020/06/09,1002.1,1003.0,1000.7,74,57,1.7,86,12.7,242,1.0
2020/06/10,1002.0,1003.4,1000.5,73,55,1.9,239,11.4,262,0.0
2020/06/11,1000.8,1002.3,999.1,78,65,1.6,258,8.4,259,0.0
2020/06/12,999.7,1001.3,997.8,75,62,1.2,192,6.2,293,0.0
2020/06/13,1000.9,1004.1,998.3,76,59,1.1,312,6.5,302,0.0
2020/06/14,1004.6,1006.9,1002.1,75,60,1.8,254,9.4,260,3.0
2020/06/15,1004.7,1006.4,1002.9,75,62,3.1,194,13.6,245,1.5
2020/06/17,1001.8,1003.6,1000.1,70,57,3.0,240,12.4,233,0.0
2020/06/17,1000.4,1001.7,999.0,67,55,3.9,241,15.1,253,0.0
2020/06/18,1000.4,1002.6,998.7,65,56,4.2,238,13.3,241,0.0
2020/06/19,1001.0,1002.3,1000.0,66,55,3.8,247,14.6,274,0.0
2020/06/20,1000.5,1002.1,998.7,70,57,3.1,255,13.3,243,0.0
2020/06/21,998.1,999.8,995.4,66,52,3.7,232,17.7,248,0.0
2020/06/22,998.3,999.5,997.0,64,55,4.2,240,15.5,252,0.0
2020/06/23,998.9,999.8,997.9,65,51,3.6,243,14.6,245,0.0
2020/06/24,998.6,999.9,996.7,70,54,3.7,254,14.8,253,0.0
2020/06/25,999.4,1001.4,997.8,65,54,3.9,227,15.8,252,0.0
2020/06/26,1001.5,1002.9,1000.4,65,53,2.7,230,11.9,254,0.0
2020/06/27,1001.6,1002.8,1000.1,70,57,3.0,256,14.4,243,0.0
2020/06/28,1000.5,1001.8,999.3,70,49,2.6,261,12.1,263,0.0
2020/06/29,998.4,1000.3,996.8,69,57,4.1,250,16.4,259,0.0
2020/06/30,997.5,999.0,996.0,72,66,4.2,255,15.5,242,0.0
2020/07/01,998.5,1000.6,996.6,72,61,2.8,237,12.9,255,0.5
2020/07/02,1000.5,1002.9,998.6,75,56,1.8,89,13.8,272,0.5
2020/07/03,1002.3,1003.9,1001.3,73,52,2.6,270,11.5,252,0.0
2020/07/04,1002.1,1003.7,1000.3,73,56,2.0,169,9.9,264,0.0
2020/07/05,999.9,1001.4,998.4,68,52,2.8,247,11.8,259,0.0
2020/07/06,999.9,1001.8,998.0,68,54,3.8,237,15.3,267,0.0
2020/07/07,1001.7,1002.9,1000.6,65,58,4.2,238,13.8,239,0.0
2020/07/09,999.0,1001.7,997.2,69,56,4.1,240,16.4,260,0.0
2020/07/09,996.2,997.4,995.2,63,50,5.3,248,16.8,254,0.0
2020/07/10,999.1,1001.3,996.5,63,42,3.7,239,16.1,265,0.0
2020/07/11,1001.3,1002.4,999.9,69,55,2.4,179,12.0,267,0.0
2020/07/12,1001.0,1002.4,998.7,67,50,2.0,162,8.8,264,0.0
2020/07/13,1000.1,1001.2,998.6,66,43,1.9,193,8.0,271,0.0
2020/07/14,998.8,1000.4,996.8,70,40,1.3,188,6.1,268,0.0
2020/07/15,998.2,999.9,996.0,73,59,2.8,226,12.9,242,0.0
2020/07/16,999.0,1000.4,998.1,59,46,4.1,235,14.2,225,0.0
2020/07/17,1000.5,1002.0,999.0,64,52,4.1,236,14.4,255,0.0
2020/07/18,1000.6,1001.8,999.2,67,54,3.6,219,13.9,265,0.0
2020/07/19,1000.9,1002.7,999.4,70,51,2.6,211,12.3,268,0.0
2020/07/20,1003.1,1004.8,1001.3,70,54,2.2,184,9.9,271,0.0
2020/07/21,1004.3,1005.4,1003.1,65,51,1.6,83,7.7,261,0.0
2020/07/22,1003.1,1004.6,1001.5,69,55,1.2,207,7.3,308,0.0
2020/07/23,1002.1,1003.6,1000.8,72,61,2.0,83,8.2,271,0.0
2020/07/24,1000.8,1002.6,998.7,67,56,2.5,202,10.7,239,0.0
2020/07/25,1000.4,1001.4,998.6,75,64,2.0,221,11.8,262,0.0
2020/07/26,999.9,1001.2,998.1,69,57,2.2,83,11.9,276,0.0
2020/07/27,1000.2,1001.6,998.8,71,55,2.0,85,10.1,268,0.0
2020/07/28,1001.6,1002.6,1000.2,79,64,1.0,84,7.6,89,1.5
2020/07/29,1000.7,1002.2,998.0,79,62,1.2,178,6.1,248,3.5
2020/07/30,999.8,1001.8,998.2,72,59,1.2,10,5.5,259,0.0
2020/07/31,999.9,1001.6,998.2,70,44,1.1,51,6.9,322,0.0
2020/08/01,1001.0,1003.2,999.2,74,57,1.5,66,7.3,299,0.0
2020/08/03,1000.1,1003.1,997.8,72,58,1.5,3,8.4,328,3.0
2020/08/03,996.8,999.0,995.4,84,66,2.5,244,10.4,224,34.0
2020/08/04,999.6,1003.6,995.8,71,54,2.6,230,11.2,240,1.0
2020/08/05,1003.8,1005.8,1001.9,79,53,1.3,121,6.6,83,2.0
2020/08/06,1003.4,1005.4,1001.2,70,47,1.5,75,8.7,353,0.0
2020/08/07,1001.5,1003.3,999.4,74,61,1.2,82,5.8,244,0.0
2020/08/08,998.7,1000.6,996.8,76,58,1.3,18,6.7,273,0.0
2020/08/09,996.8,998.0,995.5,71,54,1.6,240,7.7,268,0.0
2020/08/10,998.6,999.8,997.1,78,57,1.4,186,7.2,112,11.5
2020/08/11,1002.6,1006.2,998.5,85,67,1.1,92,5.4,243,40.0
2020/08/12,1006.5,1008.2,1005.0,83,58,1.2,83,7.2,312,1.5
2020/08/13,1005.3,1007.8,1003.8,71,54,1.2,96,5.6,306,0.0
2020/08/14,1002.9,1004.2,1000.9,74,56,1.2,85,6.8,161,8.0
2020/08/15,1002.4,1004.3,1000.6,82,58,1.2,98,6.5,158,13.0
2020/08/16,1002.5,1004.0,1000.9,81,64,1.2,90,8.0,307,2.5
2020/08/17,1000.9,1002.5,999.8,76,62,1.1,107,5.5,182,0.0
2020/08/18,1000.5,1002.3,998.7,74,53,1.6,44,7.6,236,0.0
2020/08/19,1000.9,1002.3,999.4,70,53,1.6,100,7.1,294,0.0
2020/08/20,1001.5,1003.0,999.5,71,54,1.3,3,6.4,262,0.0
2020/08/21,999.9,1003.1,997.0,65,46,1.6,80,6.8,239,0.0
2020/08/22,998.8,999.9,997.0,75,55,1.3,40,9.5,26,1.0
2020/08/23,999.1,1000.5,997.8,78,54,2.3,257,8.5,253,9.5
2020/08/25,996.7,999.0,994.6,73,60,3.3,247,10.0,261,0.0
2020/08/26,994.9,996.5,992.9,70,44,4.2,236,12.9,251,0.0
2020/08/26,994.4,995.8,992.6,62,51,4.3,240,16.5,253,0.0
,995.2,--,--,66,--,2.5,216,--,--,0.0
2020/08/28,996.4,998.3,995.1,70,50,2.3,259,13.1,256,0.0
2020/08/29,997.7,998.9,996.7,78,55,1.1,14,6.9,352,0.5
2020/08/30,997.5,999.5,995.4,70,58,1.7,89,9.7,25,0.0
2020/08/31,997.2,999.2,995.4,75,54,1.9,23,9.6,332,6.5
2020/09/01,996.3,997.6,994.8,77,55,1.7,69,7.1,225,6.5
2020/09/02,997.8,999.7,996.3,69,50,2.9,236,11.1,248,0.0
2020/09/03,1001.7,1003.8,999.1,80,64,1.4,82,8.8,320,3.5
2020/09/04,1002.1,1004.1,999.8,72,56,1.8,7,9.6,346,0.0
2020/09/05,1000.0,1001.9,998.1,65,41,1.8,47,8.6,23,0.0
2020/09/06,998.6,999.8,997.4,53,29,2.1,82,7.0,321,0.0
2020/09/07,1001.4,1004.4,999.0,50,34,1.0,323,6.2,323,0.0
2020/09/08,1005.0,1006.4,1003.8,58,33,1.0,93,6.2,298,0.0
2020/09/10,1003.0,1005.5,1001.1,68,48,1.3,15,6.0,272,0.0
2020/09/10,1000.4,1002.1,998.2,73,57,0.8,59,4.3,297,0.0
2020/09/11,1001.4,1003.5,1000.0,75,55,1.8,257,9.2,243,0.0
2020/09/12,1004.2,1005.6,1002.4,77,59,1.4,35,6.7,38,0.5
,1004.7,--,--,79,--,1.9,10,--,--,0.0
2020/09/15,1003.6,1004.9,1001.4,79,61,1.5,43,8.7,356,0.0
2020/09/15,1002.9,1004.1,1001.3,79,64,1.2,168,6.6,322,0.0
2020/09/16,1002.2,1003.3,1000.6,75,57,1.2,83,6.0,316,0.0
2020/09/17,1001.7,1003.4,1000.3,72,47,0.8,149,4.9,352,0.0
2020/09/18,1004.8,1006.3,1003.2,73,51,1.5,16,9.0,25,0.0
2020/09/19,1005.9,1007.6,1004.8,79,67,1.8,230,7.2,325,0.0
2020/09/20,1004.9,1006.3,1003.1,82,67,1.9,50,11.2,17,12.0
2020/09/21,1004.2,1005.5,1001.9,70,57,2.2,50,10.1,46,0.0
2020/09/22,1003.3,1004.9,1001.2,62,48,2.1,51,9.3,39,0.0
2020/09/23,1003.3,1004.3,1001.9,65,48,1.8,54,8.3,28,0.0
2020/09/24,1003.8,1005.2,1002.5,80,72,1.7,32,7.7,54,0.0
2020/09/25,1003.3,1004.5,1001.3,74,62,2.3,48,9.2,78,0.0
2020/09/26,1003.2,1005.2,1001.2,71,60,2.3,56,11.1,55,0.0
2020/09/27,1005.0,1006.6,1003.4,90,81,1.5,53,9.0,42,25.0
2020/09/28,1004.0,1006.0,1002.5,89,79,1.4,39,5.2,68,3.0
2020/09/29,1001.6,1003.8,999.5,73,58,1.6,53,6.3,52,0.0
2020/09/30,1002.6,1004.3,1000.1,79,69,2.8,56,9.6,93,2.5
2020/10/01,1002.5,1004.5,1000.6,66,50,2.1,56,12.3,69,0.0
2020/10/02,1003.4,1004.9,1001.2,71,52,1.7,87,8.5,13,0.0
2020/10/03,1003.3,1004.7,1001.0,70,48,1.1,298,5.5,321,0.0
2020/10/05,1002.2,1003.9,1000.1,69,50,1.4,85,7.3,106,0.0
2020/10/05,1004.9,1007.7,1002.0,79,70,3.1,57,14.7,62,0.0
2020/10/06,1007.0,1009.0,1004.6,68,56,3.5,51,15.8,47,0.0
2020/10/07,1007.5,1009.7,1005.0,65,54,3.2,44,13.8,49,0.0
2020/10/08,1007.8,1009.5,1005.5,68,56,3.1,60,12.1,77,0.0
2020/10/09,1007.5,1009.9,1005.3,71,57,3.0,61,13.2,64,0.0
2020/10/10,1005.1,1007.3,1003.1,77,68,2.5,54,11.8,29,0.0
2020/10/11,1002.1,1004.2,999.6,77,63,2.2,51,11.3,58,0.0
2020/10/12,1002.7,1004.2,1000.0,86,74,1.6,37,9.0,72,0.0
2020/10/13,1005.2,1007.4,1003.5,81,73,2.2,33,10.7,72,0.0
2020/10/14,1006.6,1008.4,1004.0,71,64,2.6,63,13.9,45,0.0
2020/10/15,1005.9,1007.7,1002.7,70,61,3.1,68,15.2,94,0.0
2020/10/16,1006.3,1008.4,1004.2,74,58,2.5,36,13.4,63,0.0
2020/10/17,1008.3,1010.5,1006.1,77,66,3.0,40,12.8,63,0.0
2020/10/18,1008.3,1010.4,1005.9,79,70,2.8,37,13.5,33,0.0
2020/10/19,1007.7,1009.8,1005.2,74,62,3.5,57,15.7,56,0.0
2020/10/20,1005.1,1008.2,1001.1,74,64,3.4,48,16.0,42,0.0
2020/10/21,1000.6,1003.8,997.4,80,64,2.5,47,15.4,61,0.0
2020/10/22,1004.6,1007.3,1000.2,89,80,2.5,40,12.4,36,2.0
2020/10/23,1006.7,1008.9,1004.8,76,61,3.5,57,13.6,77,2.5
2020/10/24,1007.1,1009.9,1004.4,60,53,3.7,61,16.6,20,0.0
2020/10/25,1007.1,1009.0,1005.0,64,53,1.9,56,7.9,34,0.0
2020/10/26,1005.2,1007.8,1002.4,63,45,1.9,61,9.7,61,0.0
2020/10/27,1005.1,1007.3,1002.3,61,46,2.1,52,9.2,71,0.0
2020/10/28,1007.9,1009.7,1006.2,66,57,2.5,57,11.2,75,0.0
2020/10/29,1010.2,1012.0,1007.9,73,66,2.5,34,13.4,34,0.0
2020/10/30,1011.2,1014.1,1008.7,62,51,3.2,44,15.1,40,0.0
2020/10/31,1009.0,1011.6,1006.0,57,42,2.8,42,13.5,60,0.0
2020/11/01,1006.5,1008.6,1004.1,66,48,1.8,94,6.8,104,0.0
2020/11/02,1006.5,1009.5,1003.5,69,48,2.5,56,13.7,42,0.0
2020/11/03,1010.1,1012.1,1007.4,71,52,3.4,62,13.6,33,0.0
2020/11/04,1009.8,1011.7,1006.8,62,48,3.9,60,16.3,55,0.0
2020/11/05,1008.7,1011.3,1005.8,66,54,2.7,52,13.5,76,0.0
2020/11/06,1002.7,1007.7,1000.1,73,52,1.3,232,6.9,17,0.0
2020/11/07,1007.3,1011.2,1002.6,87,75,1.7,31,12.7,50,0.5
2020/11/08,1011.2,1013.3,1009.4,81,69,3.3,39,15.7,32,0.0
2020/11/09,1010.7,1012.4,1008.0,66,58,4.2,56,17.0,47,0.0
2020/11/10,1011.9,1014.0,1008.7,71,63,3.6,53,18.4,71,4.0
2020/11/11,1012.2,1014.4,1009.6,62,53,4.3,54,18.8,70,0.0
2020/11/12,1009.5,1012.1,1005.7,71,61,3.5,52,15.3,79,0.0
2020/11/13,1009.9,1011.7,1007.6,82,69,2.9,52,12.6,71,4.5
2020/11/14,1009.9,1012.4,1006.9,70,63,3.3,60,15.2,68,0.5
2020/11/15,1010.2,1012.0,1008.4,63,48,1.2,59,9.0,44,0.0
2020/11/16,1008.8,1011.2,1005.9,70,50,1.6,81,8.7,90,0.0
2020/11/17,1007.5,1009.2,1006.3,71,62,1.4,101,5.7,291,0.0
2020/11/18,1005.9,1007.9,1004.3,78,62,1.0,48,5.9,316,0.0
2020/11/19,1005.0,1007.2,1002.9,70,51,0.9,19,6.4,320,0.0
2020/11/20,1006.5,1007.8,1004.7,77,56,1.3,40,7.9,32,0.0
2020/11/21,1007.3,1009.3,1005.9,76,64,2.2,73,7.9,110,0.0
2020/11/22,1010.7,1013.4,1007.8,86,74,1.6,37,11.6,33,0.0
2020/11/23,1011.7,1014.0,1008.4,76,61,3.0,53,14.2,54,0.0
2020/11/24,1011.5,1013.5,1008.3,71,60,2.5,53,12.1,59,0.0
2020/11/25,1010.0,1011.8,1007.1,67,46,1.6,52,7.1,22,0.0
2020/11/26,1010.4,1012.9,1007.9,64,41,1.4,17,9.4,47,0.0
2020/11/27,1012.9,1015.5,1010.7,76,61,2.6,43,13.3,47,0.0
2020/11/28,1013.5,1016.2,1010.7,78,73,2.9,42,15.5,23,0.0
2020/11/29,1013.4,1015.4,1010.8,74,61,2.9,59,15.7,51,0.0
2020/11/30,1013.6,1016.2,1010.4,72,59,4.1,56,16.9,51,0.0
2020/12/01,1012.9,1016.1,1009.9,80,70,3.3,43,14.6,29,0.0
2020/12/02,1011.8,1014.1,1009.0,75,69,3.3,55,15.2,30,0.0
2020/12/03,1013.6,1015.5,1010.4,79,68,3.8,55,15.2,63,0.0
,1012.0,--,--,82,--,3.4,38,--,--,1.0
2020/12/05,1011.9,1014.6,1009.3,76,65,3.4,50,14.7,41,0.0
2020/12/06,1010.4,1012.5,1007.3,76,65,2.9,57,14.1,25,0.0
2020/12/07,1011.5,1014.1,1008.6,87,77,2.6,38,13.3,18,0.0
2020/12/08,1011.8,1013.6,1010.0,86,80,2.6,42,12.7,49,2.5
2020/12/09,1009.2,1011.9,1006.1,86,75,2.1,56,11.5,50,13.0
2020/12/10,1008.7,1010.7,1005.9,90,82,1.8,31,10.0,40,1.5
2020/12/11,1008.2,1010.0,1006.1,89,83,1.6,36,8.7,38,3.5
2020/12/12,1008.3,1010.7,1006.1,79,71,1.8,48,9.5,46,0.0
2020/12/13,1008.3,1010.2,1006.8,80,62,1.4,53,8.2,345,0.0
2020/12/14,1011.9,1015.0,1008.1,84,76,2.3,39,12.9,87,0.0
2020/12/15,1014.4,1017.1,1012.0,85,78,2.6,42,12.5,86,0.0
2020/12/16,1014.6,1017.2,1012.5,80,73,2.7,37,12.3,41,0.0
2020/12/17,1012.8,1015.7,1010.0,75,60,2.1,50,11.5,50,0.5
2020/12/18,1013.2,1014.8,1011.2,90,84,1.3,30,9.5,40,1.5
2020/12/19,1015.9,1018.3,1013.7,85,76,2.8,39,15.5,32,0.5
2020/12/20,1015.1,1017.6,1012.6,77,66,3.3,35,14.6,34,0.0
2020/12/21,1013.3,1015.4,1010.8,76,67,2.9,57,14.9,27,1.0
2020/12/22,1010.5,1013.6,1007.0,75,60,2.1,47,11.8,68,0.0
2020/12/23,1008.9,1011.4,1007.5,94,78,1.0,4,5.8,9,16.0
2020/12/24,1009.1,1011.4,1007.1,85,72,2.1,51,10.0,39,6.5
2020/12/25,1011.1,1012.8,1008.5,73,60,2.4,51,14.1,88,0.0
2020/12/26,1011.0,1013.6,1008.5,79,62,1.0,91,5.7,296,0.0
2020/12/27,1009.1,1010.5,1007.0,80,64,1.6,88,7.0,161,1.0
2020/12/28,1006.6,1009.6,1004.0,70,59,2.1,53,11.5,99,0.5
2020/12/29,1006.8,1009.3,1005.2,86,75,1.1,41,5.8,1,0.0
2020/12/30,1017.1,1020.4,1009.0,73,57,3.7,48,15.4,47,0.5
2020/12/31,1019.8,1022.3,1017.0,59,50,3.2,49,12.8,99,0.0
2021/01/01,1016.8,1019.1,1013.7,63,53,2.2,40,10.0,66,0.0
2021/01/02,1014.9,1017.6,1011.9,69,58,2.5,47,12.3,59,0.0
2021/01/03,1014.7,1016.1,1012.1,75,52,1.7,43,10.1,48,0.0
2021/01/04,1013.4,1015.8,1010.8,92,84,1.7,16,9.8,29,0.5
2021/01/05,1012.9,1015.0,1010.3,86,79,2.2,51,12.3,27,0.0
2021/01/06,1011.6,1013.7,1008.6,82,67,2.4,38,11.8,79,2.0
2021/01/07,1014.4,1018.0,1011.3,84,73,3.0,38,13.7,32,4.0
2021/01/08,1018.1,1019.5,1016.5,75,60,2.9,59,13.4,28,1.0
2021/01/09,1017.4,1019.3,1014.8,58,50,3.0,60,11.5,47,0.0
2021/01/10,1014.8,1017.6,1011.8,58,49,2.9,65,13.2,58,0.0
2021/01/11,1016.5,1018.6,1013.9,86,72,2.0,38,8.7,43,8.5
2021/01/12,1015.3,1018.3,1012.8,67,48,2.1,55,9.4,54,1.5
2021/01/13,1011.8,1013.6,1008.5,62,36,1.4,83,5.4,3,0.0
2021/01/14,1009.9,1011.8,1008.2,60,30,1.1,90,4.8,316,0.0
2021/01/15,1008.7,1010.6,1005.8,70,47,1.1,84,5.6,355,0.0
2021/01/16,1009.7,1014.8,1006.4,67,48,2.8,64,16.2,28,0.0
2021/01/17,1016.8,1019.2,1014.0,70,62,3.3,64,13.8,23,0.0
,1014.7,--,--,63,--,2.5,47,--,--,0.0
2021/01/19,1011.8,1013.2,1010.0,59,40,1.5,86,5.9,91,0.0
2021/01/20,1010.0,1011.9,1007.8,73,55,1.0,98,4.7,274,0.0
2021/01/21,1007.7,1009.8,1005.6,77,60,0.9,97,6.1,4,0.0
2021/01/22,1003.8,1005.7,1001.8,82,58,1.2,36,7.3,338,0.5
2021/01/23,1006.6,1010.5,1003.5,89,75,1.7,36,7.2,56,0.0
2021/01/24,1010.5,1012.0,1008.4,72,61,2.3,47,11.5,40,0.0
2021/01/25,1011.0,1013.5,1008.8,78,68,1.7,37,7.2,51,0.0
2021/01/26,1009.7,1011.0,1007.9,83,61,1.7,38,9.9,33,0.0
2021/01/27,1010.4,1012.2,1008.0,81,70,1.8,40,10.8,29,0.0
,1014.3,--,--,77,--,2.2,58,--,--,0.0
2021/01/29,1014.8,1017.1,1012.2,54,44,3.4,63,15.2,38,0.0
2021/01/30,1014.6,1016.5,1012.4,62,43,1.4,297,6.5,289,0.0
2021/01/31,1014.5,1016.7,1012.5,70,51,0.9,274,5.2,268,0.0
2021/02/01,1012.1,1014.2,1010.4,70,37,1.1,89,5.3,258,0.0
2021/02/02,1013.6,1015.7,1011.3,71,61,2.3,51,14.0,32,0.0
2021/02/03,1013.8,1015.5,1011.6,58,42,1.7,82,10.8,71,0.0
2021/02/04,1013.4,1015.5,1011.1,64,44,1.4,35,8.7,17,0.0
2021/02/05,1011.7,1013.5,1010.2,75,54,1.2,9,5.7,280,0.0
2021/02/06,1010.6,1012.5,1009.2,77,53,1.0,5,9.0,305,0.0
2021/02/07,1010.5,1012.5,1008.6,82,63,1.1,77,5.2,260,0.0
2021/02/08,1011.8,1014.7,1009.4,74,61,2.7,59,15.1,10,0.0
2021/02/09,1011.1,1014.2,1008.2,68,58,3.1,54,13.2,53,0.0
2021/02/10,1006.1,1009.6,1003.0,80,56,1.1,258,7.7,245,9.5
2021/02/11,1004.1,1006.9,1001.9,95,81,1.3,2,8.8,42,38.5
2021/02/12,1006.7,1008.8,1004.5,88,76,2.1,352,10.5,10,3.0
2021/02/13,1008.6,1010.5,1006.6,84,73,1.8,32,10.0,28,0.0
2021/02/14,1007.2,1009.2,1005.8,87,70,1.0,32,6.9,34,0.0
2021/02/15,1007.7,1009.2,1005.5,69,52,2.0,33,10.7,353,0.0
2021/02/16,1008.6,1011.2,1006.7,73,53,1.6,4,5.7,270,0.0
2021/02/17,1014.1,1016.9,1011.1,68,52,3.1,56,12.1,53,0.0
2021/02/18,1018.1,1020.8,1015.0,48,36,3.7,65,14.3,61,0.0
2021/02/19,1015.4,1018.1,1013.1,53,37,2.0,58,9.5,20,0.0
2021/02/20,1012.8,1014.8,1011.2,72,49,1.1,94,6.0,304,0.0
2021/02/21,1010.7,1012.9,1009.1,62,39,1.2,92,6.6,270,0.0
2021/02/22,1009.1,1010.5,1007.3,60,36,1.2,93,6.1,267,0.0
2021/02/24,1007.7,1009.8,1005.0,76,48,1.9,30,13.3,33,0.0
2021/02/24,1006.1,1008.6,1003.5,82,70,1.4,14,7.1,325,0.0
2021/02/25,1003.6,1005.1,1001.7,89,69,1.3,210,7.7,270,0.0
2021/02/26,1003.5,1006.5,1001.5,87,61,1.5,6,7.8,34,0.0
2021/02/27,1008.4,1010.4,1005.8,90,84,1.8,47,7.7,34,0.0
2021/02/28,1009.4,1011.5,1007.2,84,74,1.5,23,7.7,29,0.0
2021/03/01,1008.8,1011.8,1006.6,77,57,1.0,272,7.4,256,0.0
2021/03/02,1013.0,1015.7,1008.4,83,75,2.6,40,13.7,31,7.5
2021/03/03,1012.8,1014.3,1011.1,76,68,1.3,50,10.2,65,0.0
2021/03/04,1012.0,1013.6,1010.0,90,62,1.1,321,6.1,300,0.5
2021/03/06,1009.5,1012.1,1007.5,82,61,1.2,283,6.8,95,0.5
2021/03/06,1010.8,1014.4,1008.3,94,86,1.5,2,9.7,318,32.0
2021/03/07,1012.7,1014.8,1010.4,94,89,1.9,27,11.1,33,1.5
2021/03/08,1013.3,1014.7,1011.0,86,79,1.9,32,9.8,40,0.0
2021/03/09,1013.2,1015.0,1011.2,84,73,2.0,33,9.7,20,0.0
2021/03/10,1013.0,1015.1,1010.1,74,60,2.2,31,11.4,102,0.0
2021/03/11,1012.5,1014.3,1010.7,82,70,1.0,317,5.9,325,0.0
2021/03/12,1012.0,1013.6,1009.2,79,65,2.1,34,10.7,122,0.0
2021/03/13,1011.7,1013.6,1009.6,66,54,2.3,50,11.7,359,0.0
2021/03/14,1009.2,1011.7,1006.9,67,56,2.0,35,9.0,344,0.0
2021/03/15,1007.5,1009.0,1006.5,76,58,1.1,289,6.9,269,0.0
2021/03/16,1006.7,1008.3,1004.9,64,43,1.0,97,4.7,9,0.0
2021/03/17,1007.2,1008.4,1005.6,87,74,1.6,38,7.0,6,0.0
2021/03/18,1006.9,1008.8,1004.8,89,72,1.3,30,6.1,320,0.0
2021/03/19,1005.6,1007.6,1003.5,85,70,0.7,71,4.7,304,0.0
2021/03/20,1004.6,1006.3,1003.0,85,68,1.1,15,5.9,321,0.0
2021/03/21,1010.9,1015.4,1005.2,81,68,2.7,36,13.2,47,0.0
2021/03/22,1016.0,1018.5,1013.6,80,65,2.9,60,13.1,31,8.5
2021/03/23,1012.2,1015.2,1009.6,77,64,1.3,54,9.9,26,2.0
2021/03/24,1010.2,1012.8,1008.6,89,65,1.1,3,5.4,310,44.5
2021/03/25,1010.6,1013.7,1009.0,75,62,2.1,32,10.6,42,0.0
2021/03/26,1008.2,1010.8,1006.4,82,62,0.8,23,5.1,310,0.0
2021/03/27,1004.6,1007.5,1001.7,78,53,1.4,38,7.9,242,0.0
2021/03/28,1001.7,1003.0,1000.5,78,55,1.7,278,10.2,273,0.0
2021/03/29,1001.1,1003.5,998.4,87,69,0.9,26,5.5,303,0.0
2021/03/30,999.5,1002.2,998.0,81,64,2.1,262,11.4,262,0.0
2021/03/31,1000.6,1002.0,999.6,85,69,0.9,57,8.2,321,0.0
2021/04/01,1000.9,1002.7,998.9,84,73,1.6,147,8.0,238,0.0
2021/04/02,1003.1,1004.7,1001.4,82,69,1.2,275,6.9,253,0.0
2021/04/03,1004.9,1006.8,1003.2,83,63,1.5,35,6.8,29,0.0
2021/04/04,1008.1,1011.3,1005.4,78,57,2.9,30,11.8,60,0.0
2021/04/05,1011.4,1013.9,1008.9,58,46,2.6,59,11.3,33,0.0
2021/04/06,1010.7,1013.1,1008.3,65,54,2.4,36,10.2,34,0.0
2021/04/07,1008.8,1012.0,1006.3,63,43,2.0,358,9.1,354,0.0
2021/04/08,1007.9,1011.0,1004.8,83,71,1.6,38,11.2,20,0.5
2021/04/09,1010.9,1012.7,1008.0,80,75,2.2,51,10.6,81,0.0
2021/04/10,1012.3,1013.8,1010.7,83,77,2.1,34,9.3,27,0.0
2021/04/11,1011.0,1012.9,1009.7,82,63,1.3,28,5.8,270,0.0
2021/04/12,1008.8,1011.0,1006.9,79,62,1.6,239,6.9,260,0.0
2021/04/13,1007.5,1008.6,1006.3,79,55,1.5,51,6.7,48,0.5
2021/04/14,1008.0,1009.8,1006.8,83,77,2.0,34,9.9,38,0.0
2021/04/15,1006.7,1008.2,1004.6,86,78,1.5,5,8.6,344,0.0
2021/04/16,1007.0,1008.5,1004.8,82,67,1.8,35,8.1,324,0.0
2021/04/17,1008.7,1010.9,1006.3,64,34,2.7,62,12.8,75,0.5
2021/04/18,1007.4,1009.4,1004.5,56,37,3.3,63,12.3,35,0.5
2021/04/19,1005.3,1007.2,1003.2,58,44,1.8,51,8.9,60,0.0
2021/04/20,1004.4,1005.8,1002.5,56,41,2.1,90,7.3,52,0.0
2021/04/21,1003.1,1005.3,1000.5,60,42,1.9,58,7.4,353,0.0
2021/04/22,1000.3,1002.1,998.0,77,55,1.4,273,6.6,311,0.0
2021/04/23,1001.1,1002.8,999.2,84,66,1.9,62,10.3,33,1.0
2021/04/24,1003.4,1005.8,1001.2,79,67,2.0,39,9.9,351,0.0
2021/04/25,1005.2,1007.0,1002.1,70,64,1.4,53,6.6,100,0.0
2021/04/26,1005.7,1007.9,1003.5,59,43,1.9,55,7.5,63,0.0
2021/04/27,1008.2,1010.6,1006.5,81,67,1.5,259,7.5,265,0.0
2021/04/29,1008.2,1010.1,1006.6,92,81,0.8,29,3.7,81,29.5
2021/04/29,1005.9,1008.3,1004.2,87,75,1.4,81,7.9,326,27.0
2021/04/30,1004.6,1006.3,1003.1,76,57,1.6,93,6.9,263,0.5
2021/05/01,1004.9,1006.3,1003.1,71,55,1.7,272,8.5,254,0.0
2021/05/02,1007.2,1009.1,1005.8,78,58,1.3,31,8.3,357,0.0
2021/05/03,1006.5,1008.3,1005.2,80,59,1.2,96,6.5,269,0.0
2021/05/04,1004.4,1006.2,1002.4,78,57,1.4,15,8.5,264,0.0
2021/05/05,1007.3,1009.6,1004.1,82,69,1.9,45,10.8,48,7.0
2021/05/06,1008.1,1009.7,1006.5,78,65,1.0,312,6.7,358,0.0
2021/05/07,1005.4,1007.4,1003.1,78,62,1.9,260,10.9,278,0.0
2021/05/08,1003.1,1004.4,1001.6,85,75,1.9,273,10.3,250,0.0
2021/05/09,1002.5,1004.4,1000.4,79,69,1.4,282,6.6,248,0.0
2021/05/10,1002.0,1003.8,999.9,78,67,1.9,267,10.7,245,0.0
2021/05/11,1000.9,1002.7,999.3,78,68,2.7,196,13.8,240,0.0
2021/05/12,1001.3,1003.6,999.2,68,51,2.5,256,14.3,251,0.0
2021/05/13,1002.3,1004.0,1000.8,73,57,1.9,254,9.8,262,0.0
2021/05/14,1003.0,1004.8,1001.8,77,64,1.9,81,9.8,248,0.0
2021/05/15,1002.3,1004.3,1000.3,78,64,1.9,261,10.4,280,0.0
2021/05/16,1001.6,1003.0,1000.1,74,56,2.8,180,16.5,264,0.0
,1002.8,--,--,66,--,2.5,256,--,--,0.0
2021/05/18,1003.1,1004.6,1001.3,82,70,2.0,256,11.1,248,0.0
2021/05/19,1001.8,1003.6,999.9,80,70,1.6,284,8.5,260,0.0
2021/05/20,1001.3,1002.7,999.9,70,58,2.6,84,14.9,249,0.0
2021/05/21,1001.1,1002.3,999.1,72,53,2.8,252,15.4,264,0.0
2021/05/22,1000.8,1002.7,999.2,77,57,2.6,264,12.7,270,0.0
2021/05/23,1001.6,1002.8,1000.4,76,57,1.5,188,8.6,253,0.0
2021/05/24,1003.0,1005.5,1001.4,75,60,2.5,50,12.1,249,0.0
2021/05/25,1003.7,1005.8,1001.9,75,57,1.7,52,8.0,7,0.0
2021/05/26,1001.9,1004.0,999.6,73,59,2.8,252,13.2,263,0.0
2021/05/27,1001.0,1003.0,999.8,66,48,4.4,247,15.3,265,0.0
2021/05/28,1000.8,1003.3,998.5,72,49,4.1,256,16.8,239,0.0
2021/05/29,999.5,1001.1,997.2,88,68,2.4,272,11.7,228,6.5
2021/05/30,997.7,999.9,996.0,88,59,1.7,219,11.4,241,47.5
2021/05/31,999.0,1000.6,997.3,94,86,1.2,87,6.0,338,87.0
2021/06/01,1000.5,1001.7,999.5,86,68,1.0,53,8.5,250,5.5
2021/06/02,1000.8,1002.3,999.0,80,59,2.0,94,9.2,264,0.0
2021/06/03,999.2,1001.4,997.1,76,61,2.2,255,10.7,257,0.0
2021/06/05,997.0,998.2,995.6,80,63,2.2,81,10.8,254,0.0
2021/06/05,996.8,998.5,995.6,91,79,1.2,300,7.8,268,32.5
2021/06/06,999.2,1002.2,996.5,94,87,1.1,85,4.8,98,74.5
2021/06/07,1002.5,1004.6,1000.9,82,57,1.4,90,5.9,126,1.0
2021/06/08,1003.2,1004.6,1001.6,77,55,1.2,85,6.9,159,0.0
2021/06/09,1001.7,1003.5,999.4,78,60,1.5,86,8.8,319,0.0
2021/06/10,1000.1,1001.5,998.0,71,50,1.3,2,6.7,10,0.0
2021/06/11,1000.9,1003.4,999.3,69,50,1.3,1,8.2,6,0.0
2021/06/12,1003.4,1005.4,1001.8,77,60,1.5,151,7.2,266,1.5
2021/06/13,1002.6,1004.9,1000.3,76,62,2.1,240,8.5,266,0.0
2021/06/14,998.9,1001.6,996.7,70,54,3.5,243,12.4,241,0.0
2021/06/15,996.6,997.8,995.3,72,60,4.6,244,15.0,259,0.0
2021/06/16,998.0,1000.0,995.5,65,49,5.4,231,16.9,220,0.0
2021/06/17,999.1,1000.4,998.0,69,55,5.3,240,18.3,247,0.0
2021/06/18,997.9,999.8,995.6,66,54,5.6,241,15.4,261,0.0
2021/06/20,995.7,997.4,993.5,65,55,6.0,243,16.6,242,0.0
2021/06/20,994.5,995.8,992.4,66,57,5.4,239,15.4,235,0.0
2021/06/21,995.4,998.0,993.9,75,65,4.1,238,15.4,257,0.5
2021/06/22,997.5,999.7,994.8,85,66,2.2,239,12.7,247,25.0
2021/06/23,999.9,1001.7,998.0,87,73,1.5,81,7.2,46,21.5
2021/06/24,1000.2,1001.3,999.2,87,68,1.2,139,6.0,144,10.0
2021/06/25,1000.0,1001.1,998.4,88,67,0.8,79,5.3,266,21.5
2021/06/26,999.9,1001.3,998.6,75,61,3.3,233,13.6,251,0.0
2021/06/27,998.3,1000.4,996.1,65,53,5.0,236,15.0,237,0.0
2021/06/28,997.1,999.0,995.8,70,55,4.9,238,15.6,242,3.5
2021/06/29,998.0,999.3,996.7,71,60,5.3,233,16.3,257,0.0
2021/06/30,998.6,999.8,997.4,72,63,5.3,244,17.3,262,0.0
2021/07/01,999.2,1000.9,997.9,69,55,4.6,245,16.7,258,0.0
2021/07/02,1000.3,1001.6,999.1,74,65,3.5,238,12.7,249,0.0
2021/07/03,1000.4,1001.8,999.0,75,61,2.1,242,9.4,232,0.0
2021/07/04,1001.7,1003.3,1000.4,74,58,1.5,278,7.6,223,0.0
2021/07/05,1000.6,1002.1,998.6,70,50,1.2,304,5.7,249,0.0
2021/07/06,999.2,1004.1,995.2,80,62,2.4,255,14.2,256,0.0
2021/07/07,1004.5,1006.2,1003.0,74,61,1.9,259,10.2,271,0.0
2021/07/08,1004.7,1006.4,1003.0,74,57,2.1,178,8.4,266,0.0
2021/07/09,1003.4,1004.5,1002.1,74,52,2.0,266,9.4,248,0.0
2021/07/10,1004.2,1005.8,1003.0,74,61,2.0,276,8.4,245,0.0
2021/07/11,1005.1,1006.4,1003.9,74,57,1.8,287,7.3,249,0.0
2021/07/12,1004.2,1005.8,1002.5,81,66,1.6,190,7.3,269,0.0
2021/07/13,1002.6,1003.8,1001.2,80,56,1.6,267,7.5,197,1.0
2021/07/14,1002.0,1003.7,1000.2,73,56,1.4,91,7.4,324,0.0
2021/07/15,1001.6,1003.1,999.6,76,58,1.7,174,6.2,307,0.0
2021/07/16,1001.5,1002.8,1000.0,78,59,1.3,182,6.2,263,1.0
2021/07/18,998.4,1000.2,996.0,75,58,1.5,299,6.9,327,0.0
2021/07/18,997.2,998.3,995.6,71,55,1.2,76,6.2,312,0.0
2021/07/19,996.7,998.1,994.2,69,50,1.5,91,7.1,178,0.0
2021/07/20,996.7,998.5,994.4,65,46,2.2,50,10.4,49,0.0
2021/07/21,995.3,997.3,993.4,75,55,2.4,54,12.9,38,44.5
2021/07/22,990.2,993.6,988.1,90,78,2.0,22,11.8,342,48.0
2021/07/24,987.5,989.2,985.8,85,73,2.4,2,14.2,343,20.0
2021/07/24,988.2,989.5,986.8,83,64,2.8,320,10.5,329,24.0
2021/07/25,988.7,990.4,986.8,71,47,5.1,231,14.8,248,0.0
2021/07/26,989.0,990.3,987.6,74,56,5.0,239,15.5,228,0.0
2021/07/27,988.8,990.2,986.9,73,56,2.7,233,10.0,258,0.0
2021/07/28,990.4,992.8,988.3,70,52,1.9,76,10.7,247,0.0
2021/07/29,993.5,995.6,991.6,77,61,2.8,191,12.5,253,0.5
2021/07/30,994.6,995.7,993.4,74,57,1.6,174,12.2,261,0.0
2021/07/31,993.7,995.4,991.2,74,63,2.2,246,17.4,253,2.0
2021/08/01,991.0,993.0,989.1,79,65,1.1,176,7.5,227,0.0
2021/08/02,991.4,992.7,990.4,89,77,0.8,49,6.3,178,18.0
2021/08/03,991.7,993.3,990.1,86,74,2.1,216,11.0,261,4.5
2021/08/04,992.8,993.9,991.5,85,59,1.4,62,9.4,207,53.5
2021/08/05,992.0,993.0,991.0,89,76,1.2,85,6.1,235,5.5
2021/08/06,990.7,992.8,988.2,93,84,1.6,61,7.0,102,59.5
2021/08/07,991.7,997.4,987.1,96,89,3.0,115,13.6,214,151.0
2021/08/09,997.6,1000.2,995.5,83,68,2.2,248,11.1,235,0.0
2021/08/09,999.4,1000.9,997.4,72,53,2.1,145,12.9,249,0.0
2021/08/10,1000.7,1002.2,999.3,81,62,1.7,123,9.1,245,9.0
2021/08/11,1002.4,1003.8,1000.8,81,65,1.7,144,9.2,273,1.0
2021/08/12,1002.0,1003.8,999.7,77,64,2.5,155,11.9,245,0.0
2021/08/13,999.6,1001.3,998.2,74,61,2.7,209,12.8,267,0.0
2021/08/14,1000.2,1002.6,998.4,74,58,2.6,233,14.4,264,0.0
2021/08/15,1004.0,1006.5,1001.8,72,56,2.0,197,10.6,257,0.0
2021/08/16,1005.4,1006.8,1003.8,75,54,2.2,251,8.6,279,0.0
2021/08/17,1003.4,1005.2,1001.2,73,60,2.2,181,9.9,240,0.0
2021/08/18,1001.8,1003.4,1000.3,80,68,1.5,36,6.8,259,0.0
2021/08/19,1002.1,1003.2,1000.4,78,59,1.4,283,9.3,190,5.5
2021/08/20,1002.8,1004.4,1001.1,76,59,1.5,121,7.2,239,0.0
2021/08/21,1001.9,1003.1,999.7,76,56,1.6,268,7.8,246,0.0
2021/08/22,1000.7,1002.4,998.8,75,57,1.6,261,7.4,260,0.0
2021/08/23,1000.4,1001.3,999.4,73,54,2.4,249,9.7,249,0.0
2021/08/24,1001.3,1002.9,999.9,75,64,2.0,152,10.6,258,0.0
2021/08/25,1003.0,1005.4,1001.5,76,61,1.6,174,7.9,261,0.5
2021/08/26,1004.9,1006.1,1003.2,74,57,1.3,11,6.4,297,0.0
2021/08/27,1004.8,1005.6,1003.4,75,56,1.1,158,6.6,274,0.0
2021/08/28,1004.0,1005.1,1002.3,77,61,1.1,90,6.4,282,0.0
2021/08/29,1003.8,1004.9,1002.5,76,62,1.4,76,6.9,320,0.0
2021/08/30,1004.0,1005.6,1002.5,80,70,1.3,37,6.3,259,0.0
2021/08/31,1003.6,1004.6,1001.8,77,55,1.3,103,7.3,247,0.0
2021/09/01,1003.1,1004.5,1001.4,77,60,1.2,107,6.2,304,0.0
2021/09/03,1002.0,1003.9,999.7,76,57,1.2,167,6.4,269,0.0
2021/09/03,1000.9,1002.4,998.7,77,59,1.3,189,6.5,261,0.0
2021/09/04,1002.2,1003.6,1001.2,81,59,1.4,111,7.5,359,2.0
2021/09/05,1002.3,1004.0,1001.0,78,60,1.1,79,5.4,9,0.0
2021/09/06,1003.9,1005.1,1002.9,74,53,1.4,85,6.7,262,0.0
2021/09/07,1003.3,1005.0,1001.2,76,60,1.1,199,7.5,308,0.0
2021/09/08,1001.9,1003.1,1000.3,78,60,1.5,166,6.4,323,0.0
2021/09/09,1001.8,1003.1,1000.6,70,56,1.4,85,6.1,352,0.0
2021/09/10,1000.1,1002.2,998.0,74,54,1.1,206,5.8,295,0.0
2021/09/11,992.6,998.1,988.6,71,61,2.0,87,11.7,54,0.0
2021/09/12,990.5,996.2,986.5,80,64,2.4,179,12.5,298,28.0
2021/09/13,998.7,1002.6,995.1,70,60,4.0,256,14.2,247,0.0
2021/09/14,1003.5,1005.0,1002.0,75,63,3.1,253,10.4,277,0.0
2021/09/16,1003.5,1005.0,1001.7,77,57,1.3,282,6.4,261,0.0
2021/09/16,1002.1,1003.6,1000.1,75,60,1.5,74,6.2,325,0.0
2021/09/17,1002.9,1004.4,1001.9,77,56,1.5,91,6.9,300,0.5
2021/09/18,1004.5,1005.8,1003.3,77,62,1.4,88,6.1,100,0.0
2021/09/19,1004.4,1005.5,1003.0,76,53,1.5,281,5.5,261,0.0
2021/09/20,1003.6,1005.4,1001.0,73,46,1.5,175,6.5,269,0.0
2021/09/21,1002.7,1004.3,1000.6,72,54,1.6,259,6.8,228,0.0
2021/09/22,1004.7,1006.6,1003.1,69,45,1.3,36,6.1,333,0.0
2021/09/23,1006.6,1008.0,1005.0,74,59,1.3,12,6.1,292,0.0
2021/09/24,1006.2,1008.1,1003.5,67,47,2.0,60,9.7,49,0.0
2021/09/25,1005.0,1006.7,1003.1,66,54,2.2,53,9.8,69,0.0
2021/09/26,1004.3,1005.6,1002.8,69,49,1.9,56,9.8,351,0.0
2021/09/27,1002.8,1004.1,1001.1,72,62,1.7,37,9.2,3,0.0
2021/09/28,1001.4,1002.8,999.7,67,50,1.9,86,10.1,9,0.0
2021/09/29,1000.3,1001.8,998.8,69,50,1.6,89,7.0,344,0.0
2021/09/30,1001.0,1002.7,999.2,70,57,1.2,36,7.0,301,0.0
2021/10/01,1002.4,1004.3,1000.9,74,58,1.6,29,6.4,270,0.0
2021/10/02,1004.3,1006.2,1002.8,72,53,1.8,92,8.3,10,0.0
2021/10/03,1004.9,1006.7,1003.5,61,45,1.5,6,6.1,261,0.0
2021/10/04,1005.2,1006.7,1004.1,65,54,1.6,81,6.5,261,0.0
2021/10/06,1002.9,1005.3,1001.3,52,34,2.3,86,8.9,89,0.0
2021/10/06,1000.6,1003.3,997.6,59,42,1.6,3,7.7,266,0.0
2021/10/07,1000.4,1002.4,998.9,66,50,1.4,87,6.3,274,0.0
2021/10/08,1001.0,1002.6,999.4,70,51,1.3,89,5.4,269,0.0
2021/10/09,1001.3,1002.5,999.4,62,46,2.2,85,12.0,108,0.0
2021/10/11,999.7,1002.2,995.7,61,41,2.9,63,14.8,53,0.5
2021/10/11,995.7,1000.8,990.7,85,74,3.7,59,18.5,55,12.0
2021/10/12,992.8,996.4,987.6,72,45,3.5,59,16.1,65,2.5
2021/10/13,1000.5,1002.9,996.0,84,73,1.0,179,5.7,146,1.0
2021/10/14,1002.5,1004.3,1000.9,85,69,1.0,83,4.2,338,0.5
2021/10/15,1002.1,1003.6,1000.2,66,42,1.2,86,4.5,32,0.0
2021/10/16,1006.6,1013.3,1003.0,69,47,2.5,42,15.3,53,11.0
2021/10/17,1012.3,1014.8,1009.7,71,59,3.9,59,16.1,12,0.0
2021/10/18,1010.6,1012.4,1008.3,68,55,2.6,52,11.9,26,0.0
2021/10/19,1010.8,1012.8,1008.4,71,58,1.6,37,13.2,47,0.0
2021/10/20,1008.9,1011.1,1006.9,78,61,1.5,53,7.4,5,0.0
2021/10/21,1008.7,1011.1,1006.3,88,82,1.6,1,9.7,16,3.0
2021/10/22,1011.4,1013.5,1008.7,87,75,2.6,56,14.1,48,12.0
2021/10/23,1011.0,1012.6,1008.8,74,64,2.7,67,14.8,56,0.0
2021/10/24,1010.8,1012.8,1009.0,88,78,1.8,37,11.4,52,14.5
2021/10/25,1008.9,1011.0,1006.9,78,60,2.6,59,13.0,49,0.0
2021/10/26,1008.0,1009.7,1006.1,68,59,1.8,56,7.2,73,0.0
,1009.5,--,--,69,--,2.2,52,--,--,0.0
2021/10/28,1011.0,1012.9,1009.1,61,49,2.4,46,9.7,45,0.0
2021/10/29,1011.5,1013.5,1010.2,67,54,2.1,55,9.6,65,0.0
2021/10/30,1012.2,1014.4,1010.6,72,64,1.8,52,8.2,28,0.0
2021/11/01,1011.5,1012.9,1009.3,72,62,2.1,58,11.3,36,0.0
2021/11/01,1011.4,1012.7,1009.9,69,61,2.2,57,10.7,54,0.0
2021/11/02,1010.8,1013.3,1008.3,71,66,2.0,60,9.4,47,0.0
2021/11/03,1008.8,1010.4,1006.6,73,62,1.6,37,8.2,67,0.0
2021/11/04,1007.7,1009.4,1006.3,79,62,1.5,89,5.0,127,0.0
2021/11/05,1005.2,1007.6,1003.2,82,60,0.9,298,6.0,306,0.0
2021/11/06,1003.6,1005.2,1002.3,79,65,1.3,61,6.6,266,0.0
2021/11/07,1005.0,1006.5,1003.2,75,54,1.5,59,8.3,336,0.0
2021/11/08,1009.4,1013.5,1005.0,81,65,2.4,56,13.9,82,11.5
2021/11/09,1011.9,1014.6,1009.8,61,52,2.6,50,12.0,28,0.0
2021/11/10,1011.3,1013.5,1009.6,61,48,1.9,91,6.8,32,0.0
2021/11/11,1010.4,1012.6,1008.0,58,39,2.0,7,9.0,351,0.0
2021/11/12,1011.2,1014.9,1009.5,70,61,1.8,58,10.3,42,2.5
2021/11/13,1011.3,1012.7,1008.8,84,69,1.8,31,10.4,116,5.0
2021/11/14,1010.9,1013.2,1007.9,71,59,2.6,59,12.6,53,0.0
2021/11/15,1009.1,1011.7,1007.0,65,54,1.8,37,9.5,76,0.0
2021/11/16,1009.4,1011.4,1007.8,72,54,1.4,83,8.2,26,0.0
2021/11/17,1008.2,1010.1,1006.3,76,58,0.9,25,4.7,355,0.0
2021/11/18,1007.0,1010.2,1004.8,92,86,1.4,57,10.3,350,2.0
2021/11/19,1004.6,1006.5,1002.8,83,67,1.8,54,9.9,3,0.5
2021/11/20,1005.4,1007.2,1003.3,75,60,1.8,49,10.0,47,0.0
2021/11/21,1006.2,1007.6,1004.7,82,61,1.1,299,4.6,294,0.0
2021/11/22,1010.1,1013.9,1005.6,85,76,2.3,34,12.9,14,0.0
2021/11/23,1013.6,1015.4,1011.2,78,69,2.6,60,11.3,58,0.0
2021/11/24,1012.3,1014.8,1009.8,70,61,2.0,50,8.6,66,0.0
2021/11/25,1010.6,1012.6,1008.7,82,74,1.6,35,9.6,63,0.0
2021/11/26,1011.5,1015.2,1009.2,81,70,2.8,50,14.7,33,1.0
2021/11/27,1011.4,1013.7,1008.4,74,63,3.4,59,15.7,47,2.0
2021/11/28,1010.6,1012.6,1009.0,73,58,1.4,87,6.2,89,0.0
2021/11/29,1007.3,1009.3,1004.7,74,48,1.0,80,5.5,49,0.0
2021/11/30,1010.1,1014.6,1007.1,78,60,2.2,54,12.6,66,0.0
2021/12/01,1014.2,1016.8,1010.6,57,51,3.4,48,15.0,75,0.0
2021/12/02,1013.4,1015.1,1011.1,67,57,1.9,61,14.0,69,0.0
2021/12/03,1014.4,1016.1,1011.6,55,41,2.5,61,11.0,21,0.0
2021/12/04,1013.9,1016.6,1011.0,52,40,2.9,53,13.2,62,0.0
2021/12/05,1013.0,1015.1,1011.0,74,55,1.9,83,9.8,43,0.0
2021/12/06,1011.3,1012.9,1008.7,81,59,2.5,28,14.5,30,1.0
2021/12/07,1013.3,1015.4,1010.3,69,56,3.8,57,15.7,31,0.0
2021/12/08,1014.1,1016.4,1011.7,60,42,2.3,58,12.9,58,0.0
2021/12/09,1013.5,1015.1,1012.0,74,58,1.0,26,9.0,7,0.0
2021/12/10,1011.7,1013.1,1009.2,67,52,2.0,59,12.9,61,0.0
2021/12/11,1013.4,1015.0,1011.6,85,75,1.3,54,8.6,41,0.0
2021/12/12,1014.4,1016.1,1011.7,84,76,2.3,42,11.0,31,0.0
2021/12/13,1013.5,1016.6,1009.5,78,67,2.7,62,14.0,82,0.0
2021/12/14,1010.4,1012.7,1008.3,73,45,1.3,12,8.5,318,0.0
2021/12/15,1009.3,1011.6,1006.5,80,48,0.8,4,4.8,321,0.0
2021/12/16,1009.3,1010.8,1007.1,83,60,1.3,91,6.2,87,0.0
2021/12/17,1013.5,1017.6,1010.2,75,57,3.0,59,16.9,65,0.0
2021/12/18,1016.2,1018.1,1013.7,64,55,3.2,57,14.8,31,0.0
2021/12/19,1014.6,1016.9,1011.7,58,45,2.1,45,12.9,82,0.0
2021/12/20,1012.1,1013.6,1010.5,75,62,0.7,289,2.9,230,0.0
2021/12/22,1008.1,1010.6,1005.0,94,83,1.1,12,8.3,43,50.0
2021/12/22,1009.1,1010.6,1007.5,90,76,1.9,59,10.6,44,11.0
2021/12/23,1008.8,1010.7,1007.4,90,83,1.3,32,8.6,69,1.0
2021/12/24,1009.9,1012.8,1007.6,91,65,1.4,8,11.0,62,2.5
2021/12/25,1015.3,1019.0,1011.0,81,64,3.1,41,16.1,23,0.0
2021/12/26,1019.2,1021.4,1016.9,82,74,3.0,48,13.8,25,0.0
2021/12/27,1019.5,1021.6,1018.1,85,81,2.3,45,12.0,8,1.5
2021/12/28,1016.7,1019.3,1014.5,82,65,1.5,36,7.0,19,0.0
2021/12/29,1016.2,1018.1,1014.6,83,73,1.3,53,7.3,9,0.0
2021/12/30,1018.1,1019.9,1015.6,69,57,2.4,54,11.5,61,0.0
2021/12/31,1017.8,1019.4,1015.1,68,57,2.3,55,12.0,46,0.0
2022/01/01,1017.3,1019.9,1015.2,82,67,1.3,7,7.9,357,0.0
2022/01/02,1015.6,1017.7,1013.3,77,64,2.0,34,10.5,25,0.0
2022/01/03,1014.3,1016.4,1011.9,76,63,1.6,37,7.9,46,0.0
2022/01/04,1012.3,1014.5,1009.7,79,63,1.4,56,9.1,29,0.0
2022/01/05,1010.8,1012.4,1009.2,89,79,1.0,19,5.5,142,0.0
2022/01/06,1013.3,1016.0,1010.9,83,69,2.5,36,13.7,38,4.0
2022/01/07,1015.0,1017.2,1012.7,77,64,2.4,61,11.7,39,1.0
2022/01/08,1012.7,1014.9,1010.0,74,61,2.2,59,11.4,55,0.5
2022/01/09,1010.5,1011.9,1008.1,76,66,1.8,60,9.2,21,0.0
2022/01/10,1009.5,1011.0,1006.7,82,68,1.7,16,8.0,32,0.0
2022/01/11,1013.3,1016.0,1009.7,77,59,2.9,52,11.8,48,2.0
2022/01/12,1013.5,1015.3,1011.4,75,60,2.0,55,13.2,52,0.0
2022/01/13,1015.2,1017.1,1013.6,72,59,1.9,23,10.8,30,0.0
2022/01/14,1013.8,1016.3,1009.9,61,49,1.7,56,8.6,63,0.0
2022/01/15,1013.8,1016.3,1011.8,80,57,1.6,56,8.8,4,0.0
2022/01/16,1013.6,1015.4,1010.8,82,69,1.8,29,9.0,41,0.0
2022/01/17,1013.6,1015.2,1012.1,90,85,2.1,34,11.9,46,2.0
2022/01/18,1012.0,1014.8,1009.3,82,69,2.2,47,10.8,16,0.0
2022/01/19,1010.6,1012.6,1008.1,79,64,2.5,31,10.1,34,0.0
2022/01/20,1009.5,1011.8,1007.5,72,62,2.8,61,12.2,54,0.5
2022/01/21,1010.5,1013.4,1008.6,92,81,1.7,9,8.5,76,29.0
2022/01/22,1007.0,1010.9,1003.9,91,69,1.5,26,8.6,36,23.0
2022/01/23,1005.1,1006.8,1003.6,97,92,1.1,2,5.7,296,1.0
2022/01/24,1008.0,1010.1,1006.1,90,81,1.7,51,7.5,36,1.0
2022/01/25,1009.3,1011.7,1007.3,82,63,1.9,30,9.0,341,0.0
2022/01/26,1010.0,1011.7,1008.2,88,71,1.2,323,6.1,300,0.0
2022/01/27,1010.1,1011.6,1008.1,89,70,1.8,50,9.6,343,0.0
2022/01/28,1009.3,1011.5,1006.7,88,82,2.4,36,11.3,76,0.5
2022/01/29,1006.9,1009.2,1004.1,90,83,2.3,38,10.3,46,6.0
2022/01/30,1011.1,1015.1,1005.9,87,73,2.2,29,11.3,69,2.5
2022/01/31,1011.9,1013.9,1008.3,65,50,2.3,52,11.2,55,0.0
2022/02/01,1012.0,1014.0,1010.9,88,73,1.2,65,8.8,25,15.5
2022/02/02,1012.2,1014.0,1010.5,94,90,1.8,35,8.9,42,1.0
2022/02/03,1010.8,1012.3,1009.1,95,92,1.8,58,9.5,29,19.0
2022/02/04,1013.7,1015.9,1010.8,90,83,2.2,54,11.0,20,0.5
2022/02/05,1016.1,1017.8,1014.4,79,72,2.4,41,11.6,34,0.0
2022/02/06,1015.2,1018.6,1012.4,75,61,2.2,57,11.6,35,0.0
2022/02/07,1010.4,1013.9,1005.5,86,65,1.5,40,11.2,358,12.5
2022/02/08,1012.7,1015.4,1011.1,84,76,2.3,42,10.8,26,0.5
2022/02/09,1011.9,1014.6,1010.1,90,82,1.2,23,6.8,334,11.0
2022/02/10,1011.3,1014.3,1009.0,92,84,1.5,4,8.2,35,0.0
2022/02/11,1010.0,1012.2,1008.3,90,69,0.7,1,6.3,324,0.0
2022/02/12,1009.1,1011.6,1007.7,92,86,1.5,39,8.3,43,0.0
2022/02/13,1007.3,1010.5,1005.2,89,80,1.7,29,10.2,68,12.0
2022/02/14,1010.5,1013.6,1008.7,85,66,2.0,53,9.4,20,27.5
2022/02/15,1010.0,1011.6,1008.4,72,63,1.8,30,10.0,345,0.0
2022/02/16,1009.1,1011.5,1006.2,78,66,2.2,59,12.3,68,0.0
2022/02/17,1008.2,1010.8,1004.5,86,79,2.1,32,10.4,31,0.0
2022/02/18,1009.1,1010.8,1006.9,92,78,1.7,35,9.5,24,3.5
2022/02/19,1010.5,1014.5,1007.6,94,90,2.4,37,15.0,38,19.0
2022/02/20,1015.1,1018.4,1012.3,88,82,3.4,46,15.2,34,18.5
2022/02/21,1013.9,1015.6,1011.7,87,79,2.3,63,12.1,18,14.0
2022/02/22,1013.2,1015.3,1011.0,90,84,2.6,56,14.1,17,16.5
2022/02/23,1016.3,1019.2,1012.6,90,83,2.8,50,14.8,22,31.0
2022/02/24,1017.6,1019.7,1015.4,76,63,2.8,52,12.4,31,0.0
2022/02/25,1015.9,1018.4,1013.4,82,72,1.7,32,9.1,42,0.0
2022/02/26,1014.0,1016.7,1012.0,88,77,1.1,3,6.2,357,0.0
2022/02/27,1012.3,1015.0,1009.9,70,49,1.7,95,10.3,21,0.0
2022/02/28,1011.1,1014.2,1009.0,73,44,0.8,62,4.3,273,0.0
2022/03/01,1009.8,1012.0,1007.9,74,56,1.1,29,6.6,257,0.0
2022/03/02,1010.4,1012.9,1008.3,79,63,1.8,52,8.8,33,0.0
2022/03/03,1009.0,1011.8,1006.8,79,50,1.0,18,6.0,275,0.0
2022/03/04,1007.0,1009.8,1005.2,83,66,1.1,238,4.9,294,0.0
2022/03/05,1006.7,1008.5,1004.9,74,61,1.8,60,9.5,342,0.0
2022/03/06,1007.8,1009.8,1004.9,67,55,1.9,50,8.1,114,0.0
2022/03/07,1010.4,1014.1,1006.2,90,75,1.9,360,8.6,11,22.0
2022/03/09,1009.8,1012.3,1007.6,58,38,2.3,60,12.5,77,0.0
2022/03/09,1009.7,1012.3,1007.4,75,47,1.3,82,7.0,342,0.0
2022/03/10,1008.8,1011.2,1007.2,79,39,1.2,268,7.1,290,0.0
2022/03/11,1007.3,1010.0,1006.0,70,45,1.2,26,5.4,307,0.0
2022/03/12,1006.1,1007.8,1004.7,80,61,1.0,249,5.0,273,0.0
2022/03/13,1005.9,1008.2,1003.8,70,41,1.3,178,7.5,272,0.0
2022/03/14,1004.8,1005.0,1003.2,65,46,1.0,3,4.0,262,0.0
2022/03/15,1003.6,1005.0,1002.3,81,54,1.6,101,10.2,342,0.0
2022/03/16,1003.8,1005.5,1002.4,87,70,1.2,278,5.8,268,0.0
2022/03/17,1001.7,1004.3,999.5,82,50,1.3,264,6.5,148,11.5
2022/03/18,1001.5,1003.9,999.1,79,62,1.9,50,8.2,30,0.0
2022/03/19,1003.3,1005.0,1001.8,76,51,1.4,58,7.4,42,0.0
2022/03/20,1006.0,1007.5,1004.3,83,65,1.1,295,6.0,310,0.0
2022/03/21,1006.3,1008.9,1004.0,92,80,1.2,356,5.5,323,7.0
2022/03/22,1007.5,1009.7,1005.2,92,87,2.0,34,8.7,39,12.5
2022/03/23,1008.3,1010.4,1005.1,92,88,2.0,40,9.3,29,31.0
2022/03/24,1007.8,1009.5,1006.2,87,79,1.1,35,7.0,85,1.0
2022/03/25,1003.6,1006.3,1001.4,90,74,1.0,249,6.1,240,0.5
2022/03/26,1003.1,1007.6,1000.5,79,59,3.8,229,14.9,359,29.0
2022/03/27,1007.6,1009.7,1003.8,90,76,2.2,41,8.5,96,51.0
2022/03/28,1010.8,1013.1,1007.9,92,81,2.0,35,11.0,33,73.0
2022/03/29,1009.2,1012.7,1006.6,90,79,1.4,34,7.8,360,4.0
2022/03/30,1008.9,1011.8,1006.1,88,67,1.6,82,8.0,2,0.0
2022/03/31,1010.4,1014.6,1007.3,91,80,2.0,35,13.0,14,0.0
2022/04/01,1014.3,1017.0,1011.8,75,69,3.3,43,15.5,3,0.0
2022/04/02,1014.8,1016.7,1012.7,90,76,2.8,34,12.8,41,32.5
2022/04/03,1014.5,1016.5,1012.2,74,65,2.9,53,14.1,27,2.5
2022/04/04,1013.4,1015.0,1011.7,66,55,2.4,54,11.4,49,0.0
2022/04/05,1011.7,1014.7,1008.9,81,64,1.1,352,7.9,321,0.0
2022/04/06,1009.1,1011.5,1006.7,74,55,1.7,3,9.0,356,0.0
2022/04/07,1008.2,1010.3,1006.1,68,54,2.4,39,11.8,68,0.0
2022/04/08,1005.8,1007.7,1003.5,57,43,2.4,52,8.9,116,0.0
2022/04/09,1005.1,1006.7,1003.2,62,48,1.5,90,5.9,348,0.0
2022/04/10,1004.5,1006.3,1002.9,70,39,1.0,286,5.0,270,0.0
2022/04/11,1003.2,1005.4,1001.6,75,56,0.9,250,5.0,314,0.0
2022/04/12,1001.5,1003.4,999.8,77,54,1.0,247,4.9,298,0.0
2022/04/13,999.4,1001.1,997.5,74,50,1.4,254,6.6,274,0.0
2022/04/14,1001.7,1005.5,998.5,80,66,2.0,61,9.2,69,36.5
2022/04/15,1006.2,1009.1,1004.0,82,75,3.0,30,12.1,17,0.0
2022/04/16,1006.9,1009.7,1004.9,65,56,2.7,58,12.3,86,0.0
2022/04/17,1009.0,1010.6,1007.4,76,64,1.7,43,7.7,58,3.5
2022/04/18,1009.3,1011.7,1007.8,80,75,1.6,27,7.0,2,0.0
2022/04/19,1010.4,1011.7,1009.0,87,76,1.9,56,8.3,54,12.5
2022/04/20,1007.3,1010.2,1005.4,85,69,1.4,83,6.1,93,6.0
2022/04/21,1006.1,1008.0,1004.1,82,63,0.9,98,4.2,133,0.0
2022/04/22,1005.2,1007.1,1003.3,75,54,0.9,302,5.0,334,0.0
2022/04/23,1003.1,1005.0,1001.2,84,54,1.3,243,8.5,264,2.0
2022/04/24,1002.4,1003.6,1000.4,82,67,1.1,269,8.7,262,0.0
2022/04/25,1001.8,1003.3,1000.2,84,74,1.7,261,10.7,259,0.0
2022/04/26,1000.5,1002.4,998.5,83,61,3.2,174,15.0,229,0.0
2022/04/27,1003.1,1005.3,1001.1,81,64,1.5,46,8.6,262,0.0
2022/04/28,1004.3,1005.5,1002.9,82,67,1.2,6,5.9,290,0.0
2022/04/29,1004.4,1007.5,1001.4,82,73,2.2,61,10.1,252,0.0
2022/04/30,1006.5,1008.6,1004.6,82,72,2.0,41,8.3,45,0.0
2022/05/01,1007.2,1009.2,1005.0,85,77,2.2,51,10.4,48,10.0
2022/05/02,1007.7,1009.4,1006.2,89,82,2.4,58,9.1,71,21.0
2022/05/03,1006.8,1008.3,1005.3,73,64,2.4,56,10.3,21,0.0
2022/05/04,1005.0,1007.0,1003.3,74,59,1.6,94,5.6,44,0.0
2022/05/05,1004.1,1005.6,1002.9,89,85,1.4,44,8.1,40,0.0
2022/05/06,1004.5,1006.0,1002.9,83,68,1.6,36,8.5,33,0.0
2022/05/07,1005.7,1007.4,1004.2,79,64,1.7,27,8.3,33,0.0
2022/05/08,1005.8,1007.1,1004.2,85,74,1.8,32,9.2,10,0.0
2022/05/09,1005.2,1006.9,1003.4,87,75,1.3,30,6.9,14,0.0
2022/05/10,1003.0,1004.7,1001.3,80,59,0.9,331,5.3,292,0.0
2022/05/11,1002.3,1004.1,1000.6,89,61,1.2,5,5.5,255,24.5
2022/05/12,1000.8,1002.5,999.3,88,60,1.1,25,5.3,288,5.0
2022/05/13,998.9,1001.9,996.8,81,51,2.7,57,14.0,214,5.5
2022/05/14,1003.2,1005.5,1000.6,94,90,1.6,34,6.6,30,53.0
2022/05/15,1004.9,1006.9,1003.1,93,84,2.0,47,10.3,38,23.5
2022/05/16,1005.1,1006.6,1003.6,94,92,2.1,64,10.4,42,55.5
2022/05/17,1006.2,1008.1,1004.3,76,57,2.0,50,10.3,81,3.0
2022/05/18,1005.8,1007.8,1004.0,76,62,1.8,36,11.5,38,0.0
2022/05/19,1003.3,1005.1,1000.8,80,62,1.6,36,8.5,34,0.0
2022/05/20,1000.9,1003.0,999.0,86,71,1.6,36,7.2,3,0.0
2022/05/21,1000.9,1002.4,998.9,83,75,1.7,36,8.2,41,0.5
2022/05/22,1000.8,1002.1,999.3,86,77,1.2,34,5.4,34,0.0
2022/05/23,1001.8,1003.7,999.7,91,83,1.1,41,6.0,20,0.0
2022/05/24,1003.6,1005.6,1002.4,93,86,1.6,62,6.0,59,71.0
2022/05/25,1001.4,1004.0,999.4,96,89,1.0,6,4.0,4,69.5
2022/05/26,998.1,1000.7,996.7,96,83,1.2,6,9.1,288,73.5
2022/05/27,998.5,1000.7,996.6,96,84,0.8,4,5.1,268,57.5
2022/05/28,999.1,1000.7,997.8,85,71,2.9,261,13.4,245,3.5
2022/05/29,998.8,999.8,997.7,79,65,2.6,252,13.0,250,0.0
2022/05/30,998.9,1001.2,997.0,80,67,2.7,262,14.6,259,0.0
2022/05/31,1000.9,1002.3,999.2,89,75,1.2,127,8.3,293,15.0
2022/06/01,999.5,1001.4,997.0,82,69,3.1,249,13.7,267,0.0
2022/06/02,998.5,1000.3,997.0,76,62,3.1,236,12.8,263,0.0
2022/06/03,999.2,1000.7,998.1,76,63,3.2,256,12.5,268,0.0
2022/06/04,999.3,1000.8,997.6,74,62,3.4,235,13.8,252,0.0
2022/06/05,996.1,998.8,993.9,65,52,5.9,238,17.2,254,0.0
2022/06/06,995.8,998.9,993.2,77,59,4.6,239,18.8,235,39.0
2022/06/07,999.2,1001.3,996.8,96,89,1.2,21,5.4,164,67.5
2022/06/08,1000.9,1002.4,1000.0,96,92,1.5,75,5.7,357,83.0
2022/06/09,1000.8,1002.0,999.3,91,72,0.9,95,4.3,270,14.5
2022/06/10,998.7,1000.4,997.1,83,59,2.3,246,11.3,235,2.5
2022/06/11,1000.4,1002.9,998.0,78,59,2.7,238,12.8,246,9.5
2022/06/12,1001.0,1002.4,999.9,92,86,1.6,88,9.4,224,20.5
2022/06/13,998.1,1000.1,997.2,77,59,3.7,242,16.7,243,0.0
2022/06/14,999.5,1002.6,997.4,72,51,4.7,240,16.2,248,0.0
2022/06/15,1002.1,1003.8,999.5,89,70,1.4,58,10.6,274,10.0
2022/06/16,1002.4,1005.1,1001.2,87,73,1.4,26,16.9,241,7.0
2022/06/17,1000.9,1001.9,1000.0,82,69,2.6,266,12.3,249,0.5
2022/06/18,1000.3,1001.4,999.0,77,60,2.6,249,13.2,263,0.0
2022/06/19,1000.0,1000.8,998.7,75,60,2.4,253,13.2,255,0.0
2022/06/20,998.2,999.7,996.7,74,57,3.0,189,14.9,262,0.0
2022/06/21,999.6,1001.8,996.9,75,65,1.8,269,9.2,274,0.0
2022/06/22,1002.8,1004.5,1000.5,73,60,2.1,222,10.6,262,0.0
2022/06/23,1003.1,1004.6,1001.2,77,65,1.9,148,9.8,265,0.0
2022/06/24,1001.4,1002.7,1000.2,79,64,2.2,152,10.9,263,0.0
2022/06/25,1001.3,1003.4,999.1,80,61,1.9,139,9.8,174,12.0
2022/06/26,1003.1,1004.4,1001.4,75,59,1.6,83,8.5,272,0.0
2022/06/27,1001.6,1003.4,999.8,72,53,1.4,6,6.5,276,0.0
2022/06/28,998.6,1000.2,996.7,77,62,1.2,82,6.4,301,0.0
2022/06/29,997.5,999.9,995.8,84,66,1.6,25,11.6,179,65.5
2022/06/30,997.0,998.9,995.2,80,62,1.4,270,6.1,254,0.5
