date,Huwei_StnPres,Huwei_StnPresMax,Huwei_StnPresMin,Huwei_RH,Huwei_RHMin,Huwei_WS,Huwei_WD,Huwei_WSGust,Huwei_WDGust,Huwei_Precp
2018/01/01,1014.4,1016.6,1011.4,71,47,1.4,2,7.8,335,0.0
2018/01/02,1013.8,1015.6,1011.4,82,55,1.0,328,6.9,315,0.0
2018/01/03,1013.7,1016.2,1011.0,84,48,0.7,129,5.6,331,0.0
2018/01/04,1012.5,1014.9,1010.6,94,72,1.0,334,6.9,327,4.0
2018/01/05,1010.8,1012.9,1008.9,87,73,1.5,345,7.0,338,1.0
2018/01/06,1010.5,1012.1,1008.7,94,76,0.7,339,4.4,30,20.0
2018/01/07,1009.6,1011.4,1008.0,93,76,1.0,1,8.8,19,10.5
2018/01/08,1009.4,1013.6,1007.1,96,68,1.2,356,11.1,332,16.5
2018/01/09,1015.7,1018.7,1012.8,94,70,2.1,4,10.8,20,27.0
2018/01/10,1018.6,1020.9,1016.2,56,42,1.9,1,8.5,333,0.5
2018/01/11,1019.6,1021.7,1017.0,54,33,1.9,348,8.5,350,0.0
2018/01/12,1020.7,1022.6,1018.0,52,33,1.9,341,8.9,341,0.0
2018/01/13,1020.0,1022.6,1017.2,60,36,1.1,37,6.3,337,0.0
2018/01/14,1016.8,1019.7,1013.9,73,32,1.1,335,6.8,360,0.0
2018/01/15,1013.2,1015.8,1010.5,83,45,1.2,9,6.2,334,0.0
2018/01/16,1009.6,1012.0,1007.2,76,43,1.1,348,4.7,321,0.0
2018/01/17,1009.1,1010.5,1007.7,73,49,1.4,333,5.9,322,0.0
2018/01/18,1011.0,1013.3,1009.1,87,65,1.4,10,5.7,341,0.0
2018/01/19,1012.1,1013.9,1010.5,89,70,1.5,335,6.0,323,1.0
2018/01/20,1011.1,1013.0,1009.2,88,69,1.3,354,5.3,337,0.0
2018/01/21,1009.7,1011.7,1007.7,88,64,1.1,334,5.0,326,0.0
2018/01/22,1008.4,1010.2,1005.1,81,58,1.8,338,7.7,346,0.5
2018/01/23,1009.8,1011.2,1007.6,71,53,1.5,332,8.1,326,0.0
2018/01/24,1010.0,1011.7,1007.5,75,51,1.5,343,7.0,338,0.0
2018/01/25,1010.5,1012.3,1008.5,77,56,1.6,335,7.1,326,0.0
2018/01/26,1011.3,1013.3,1009.0,76,59,2.3,354,9.7,352,0.0
2018/01/27,1011.4,1013.7,1009.9,78,63,1.1,338,5.8,347,0.0
2018/01/28,1009.4,1010.9,1007.6,89,68,1.9,10,7.7,346,3.0
2018/01/29,1012.0,1014.8,1009.0,82,67,2.3,8,10.3,10,1.5
2018/01/30,1014.0,1016.2,1011.9,85,65,1.4,9,7.2,12,2.5
2018/01/31,1013.4,1014.9,1010.9,86,63,2.0,332,10.9,7,0.0
2018/02/01,1014.8,1017.2,1012.3,82,63,2.2,16,9.1,10,2.0
2018/02/02,1016.9,1019.0,1015.6,75,63,2.2,5,10.4,342,0.0
2018/02/03,1018.1,1019.8,1016.3,72,65,2.3,358,9.2,2,0.0
2018/02/04,1018.6,1020.2,1016.9,70,64,2.0,8,8.5,21,0.0
2018/02/05,1019.3,1021.4,1017.0,66,60,2.4,10,9.9,24,0.0
2018/02/06,1016.4,1019.5,1013.7,57,43,1.8,18,6.6,335,0.0
2018/02/07,1014.5,1016.5,1012.5,79,63,0.9,345,4.2,8,3.5
2018/02/08,1012.5,1015.6,1010.4,88,68,1.1,12,5.6,342,2.5
2018/02/09,1011.2,1013.0,1008.8,91,63,1.3,1,7.2,329,2.5
2018/02/10,1012.0,1014.3,1009.6,93,66,1.8,3,7.9,342,0.5
2018/02/12,1016.3,1019.8,1013.9,77,57,2.5,350,9.5,339,1.0
2018/02/12,1019.5,1021.6,1017.3,58,44,1.7,341,7.7,331,0.0
2018/02/13,1018.3,1020.4,1015.5,64,42,1.2,331,5.9,334,0.0
2018/02/14,1014.6,1017.6,1011.6,72,32,0.9,3,6.2,298,0.0
2018/02/15,1011.4,1013.9,1008.4,56,26,1.2,2,7.6,290,0.0
2018/02/16,1009.8,1011.3,1008.1,66,48,1.4,342,5.6,329,0.0
2018/02/17,1011.6,1014.0,1009.6,74,51,1.7,320,6.7,314,0.0
2018/02/18,1013.0,1015.5,1010.3,71,36,1.3,145,6.5,314,0.0
2018/02/19,1011.4,1014.4,1008.5,66,31,1.1,352,7.1,296,0.0
2018/02/20,1010.0,1012.5,1007.9,80,57,1.5,328,7.0,333,0.0
2018/02/21,1009.7,1011.3,1007.3,72,55,2.0,342,7.8,335,0.0
2018/02/22,1012.4,1015.2,1010.6,85,65,1.8,9,8.9,7,18.5
2018/02/23,1013.9,1015.6,1011.9,80,57,1.4,348,6.9,22,0.0
2018/02/24,1014.3,1017.5,1012.1,76,45,1.3,328,5.8,331,0.0
2018/02/25,1012.9,1014.4,1011.2,82,57,2.2,340,8.7,318,0.0
2018/02/26,1013.3,1015.0,1011.3,72,52,1.9,329,8.8,341,0.0
2018/02/27,1012.6,1015.5,1010.6,83,59,1.1,336,5.9,344,0.0
2018/02/28,1009.1,1011.0,1008.1,85,57,1.0,7,6.4,325,0.0
2018/03/01,1007.7,1009.5,1005.8,79,40,1.3,331,6.6,323,0.0
2018/03/02,1007.6,1010.0,1005.5,80,49,1.2,328,6.6,327,0.0
2018/03/03,1006.8,1008.7,1004.7,77,50,0.7,331,5.1,254,0.0
2018/03/04,1007.7,1009.1,1006.3,80,61,0.9,40,6.4,335,0.0
2018/03/05,1008.3,1010.5,1006.7,75,49,1.4,138,9.8,337,0.0
2018/03/06,1012.3,1014.2,1010.0,72,58,1.9,350,6.9,10,0.0
2018/03/07,1011.6,1013.8,1008.7,73,50,1.5,338,8.6,13,0.0
2018/03/08,1012.7,1016.1,1011.3,80,53,2.7,1,11.1,16,3.0
2018/03/09,1015.2,1016.8,1013.7,62,50,1.8,15,8.2,13,0.0
2018/03/10,1016.1,1017.8,1014.3,64,40,1.1,4,7.6,338,0.0
2018/03/11,1016.2,1018.1,1015.0,69,38,1.0,333,6.7,315,0.0
2018/03/12,1014.2,1016.2,1012.0,76,40,0.8,1,5.9,329,0.0
2018/03/13,1012.5,1014.4,1010.7,65,19,0.6,13,6.9,324,0.0
2018/03/14,1010.8,1012.6,1009.3,63,42,0.5,61,4.6,338,0.0
2018/03/15,1009.4,1011.1,1007.3,76,47,1.0,133,8.4,343,19.0
2018/03/16,1009.9,1012.5,1007.1,79,58,1.6,352,8.8,343,0.0
2018/03/17,1012.6,1014.2,1010.8,77,61,1.5,6,8.3,351,0.0
2018/03/18,1011.4,1013.1,1009.7,81,55,0.9,327,7.4,339,0.0
2018/03/19,1007.6,1010.5,1004.3,75,50,0.9,19,7.0,216,0.0
2018/03/20,1007.0,1010.2,1004.9,83,68,1.5,345,8.0,330,6.5
2018/03/21,1010.6,1012.4,1009.0,65,51,2.4,6,10.6,5,0.0
2018/03/22,1011.1,1012.6,1009.4,58,38,1.2,350,7.3,300,0.0
2018/03/23,1013.4,1014.9,1012.0,53,24,1.1,342,8.5,3,0.0
2018/03/24,1014.7,1017.0,1012.4,56,28,0.8,329,7.5,331,0.0
2018/03/25,1014.5,1016.5,1012.8,64,25,1.0,330,7.3,339,0.0
2018/03/26,1012.9,1015.2,1010.7,72,41,1.1,5,8.5,343,0.0
2018/03/27,1010.8,1012.7,1008.8,76,55,1.4,6,10.1,350,0.0
2018/03/28,1009.3,1010.9,1007.3,77,51,1.3,337,7.2,342,0.0
2018/03/29,1009.1,1010.7,1007.7,78,55,1.0,325,6.8,344,0.0
,1009.0,--,--,69,--,1.0,325,--,--,0.5
2018/03/31,1008.4,1010.5,1006.3,73,51,1.3,25,9.5,338,0.0
2018/04/01,1008.3,1010.3,1006.6,73,42,1.0,327,6.4,270,0.0
2018/04/02,1008.8,1010.1,1007.1,70,51,0.9,147,6.9,331,0.0
2018/04/03,1009.5,1011.1,1008.1,70,49,0.8,331,6.1,350,0.0
2018/04/04,1008.5,1010.3,1006.6,70,47,1.0,341,6.9,339,0.0
2018/04/05,1007.5,1009.0,1005.9,68,47,0.9,353,6.8,337,0.0
2018/04/06,1009.4,1014.3,1006.2,68,54,2.2,4,11.7,20,0.0
2018/04/07,1016.0,1017.7,1013.8,52,44,1.9,6,10.3,11,0.0
2018/04/08,1015.0,1016.8,1013.7,53,38,1.0,344,7.1,262,0.0
2018/04/09,1013.5,1015.5,1011.4,62,34,0.8,131,6.9,352,0.0
2018/04/10,1010.6,1012.8,1008.4,59,34,0.9,317,6.0,336,0.0
2018/04/11,1007.8,1010.0,1005.4,70,55,0.7,132,6.3,310,0.0
2018/04/12,1007.2,1008.8,1005.5,72,52,1.1,111,7.9,271,0.0
2018/04/13,1008.1,1009.7,1006.0,76,57,0.9,133,7.5,297,0.0
2018/04/14,1006.8,1008.7,1004.8,75,55,1.3,273,8.5,270,0.0
2018/04/15,1007.6,1010.9,1005.6,78,58,2.1,352,8.6,353,10.5
2018/04/16,1010.0,1012.3,1008.1,74,56,1.4,1,6.5,330,1.0
2018/04/17,1011.6,1013.6,1009.6,80,63,1.6,348,6.7,327,9.5
2018/04/18,1010.4,1012.3,1008.7,72,54,0.9,339,5.8,320,0.0
2018/04/19,1009.7,1011.3,1008.7,71,51,0.7,298,5.7,323,0.0
2018/04/20,1009.7,1010.9,1008.1,70,37,0.6,279,5.4,257,0.0
2018/04/21,1008.9,1010.3,1007.3,73,54,0.9,4,6.5,307,0.0
2018/04/22,1007.0,1008.9,1005.2,70,48,0.8,17,6.8,336,0.0
2018/04/23,1004.7,1006.2,1002.2,69,44,0.8,81,8.3,272,0.0
2018/04/24,1004.8,1006.3,1003.4,79,64,1.2,350,6.1,315,0.0
2018/04/25,1006.7,1008.5,1005.3,70,56,1.4,338,5.5,351,0.0
2018/04/26,1008.3,1010.4,1006.2,68,52,1.0,323,6.6,292,0.0
2018/04/27,1010.2,1011.7,1008.4,72,52,1.1,139,7.8,335,0.0
2018/04/28,1009.9,1011.7,1007.6,76,60,0.7,253,4.6,338,0.0
2018/04/29,1008.7,1010.4,1006.5,74,44,0.8,176,6.1,295,0.0
2018/04/30,1008.9,1010.7,1007.4,75,59,0.9,339,5.8,318,0.0
2018/05/01,1008.3,1010.5,1006.8,75,55,1.0,126,7.3,256,0.0
2018/05/02,1007.9,1009.9,1006.3,72,51,1.1,263,6.3,263,0.0
2018/05/03,1009.6,1011.5,1008.4,71,52,1.9,350,9.0,351,0.0
2018/05/04,1011.0,1012.8,1009.7,69,49,0.9,3,5.5,270,0.0
2018/05/05,1011.4,1013.1,1009.5,68,52,1.0,150,6.3,347,0.0
2018/05/06,1007.6,1010.9,1005.2,70,49,1.5,254,10.5,273,0.0
2018/05/07,1004.6,1006.7,1002.6,71,48,1.7,238,8.1,251,0.0
2018/05/08,1004.8,1007.4,1002.3,77,53,1.4,215,8.9,304,21.0
2018/05/09,1009.1,1011.6,1005.9,86,80,1.3,6,5.0,16,18.0
2018/05/10,1010.2,1012.0,1008.4,71,56,1.4,16,7.8,338,0.0
2018/05/11,1009.0,1011.1,1007.1,73,56,1.0,196,5.9,359,0.0
2018/05/12,1007.3,1009.1,1005.2,75,56,0.6,281,5.8,270,0.0
2018/05/13,1006.7,1008.0,1005.2,72,54,1.0,158,5.9,309,0.0
2018/05/14,1006.3,1008.2,1004.3,71,53,0.8,267,6.3,300,0.0
2018/05/15,1005.8,1007.3,1004.6,74,53,1.1,275,7.0,302,0.0
2018/05/16,1004.7,1006.3,1003.3,77,59,1.6,203,8.4,266,0.0
2018/05/17,1004.1,1005.7,1002.7,76,56,1.5,198,7.2,261,0.0
2018/05/18,1003.5,1005.1,1002.2,72,54,1.2,183,7.8,249,0.0
2018/05/19,1003.9,1005.4,1002.3,71,54,0.9,127,7.0,285,0.0
2018/05/20,1004.7,1006.3,1002.3,73,55,1.0,22,7.8,306,0.0
2018/05/21,1005.6,1007.4,1003.6,73,54,1.0,345,5.8,332,0.0
2018/05/22,1005.9,1008.0,1003.9,69,50,0.9,334,6.7,356,0.0
2018/05/23,1005.6,1007.3,1003.9,72,50,1.3,323,8.3,320,0.0
2018/05/24,1005.4,1007.3,1004.0,69,48,1.2,309,6.8,275,0.0
2018/05/25,1004.0,1006.4,1001.8,69,54,1.3,262,8.2,267,0.0
2018/05/26,1004.1,1006.0,1002.8,72,50,1.6,201,8.4,265,0.0
2018/05/27,1004.7,1006.2,1002.4,71,53,1.3,239,8.5,273,0.0
2018/05/28,1004.6,1006.1,1003.0,71,48,1.4,261,7.0,278,0.0
2018/05/29,1005.8,1007.8,1003.9,70,53,1.1,280,6.9,297,0.0
2018/05/30,1006.0,1007.7,1004.2,70,52,0.9,108,7.9,282,0.0
2018/05/31,1005.6,1007.0,1004.0,70,51,1.2,281,7.4,291,0.0
2018/06/01,1005.4,1007.2,1003.8,74,56,1.8,338,7.9,340,0.0
2018/06/02,1005.5,1006.8,1003.7,71,51,1.5,332,6.9,340,0.0
2018/06/03,1004.1,1006.0,1001.7,71,51,1.2,325,7.6,346,0.0
2018/06/04,1004.2,1005.7,1002.3,71,52,1.0,320,7.3,306,0.0
2018/06/05,1004.7,1006.5,1002.8,69,47,1.1,140,7.0,278,0.0
2018/06/06,1003.9,1005.3,1002.0,70,45,1.3,348,7.9,339,0.0
2018/06/07,1002.4,1003.6,1000.4,79,60,1.0,353,7.8,338,0.5
2018/06/08,998.7,1001.7,996.7,76,50,1.2,142,8.2,291,0.0
2018/06/09,995.9,997.3,993.4,74,53,1.1,191,6.0,303,0.0
2018/06/10,995.5,996.6,993.6,77,56,1.0,42,7.6,342,5.5
2018/06/11,996.5,999.3,994.3,82,64,1.1,5,6.8,24,24.0
2018/06/12,998.4,1000.1,996.9,67,51,0.7,318,6.5,296,0.0
2018/06/13,995.0,995.0,992.6,66,45,1.2,343,7.4,324,0.0
2018/06/14,991.9,993.8,990.0,81,59,1.2,3,7.6,193,19.5
2018/06/15,993.4,998.2,990.4,78,58,2.4,2,11.0,337,0.0
2018/06/16,998.9,1001.0,997.1,74,52,1.2,337,6.7,344,6.0
2018/06/17,999.7,1000.6,998.3,82,63,1.5,21,10.6,206,0.5
2018/06/18,999.6,1001.0,998.3,84,74,1.9,201,10.1,204,16.5
2018/06/19,1001.9,1004.3,999.2,93,76,1.7,175,8.8,202,89.5
2018/06/20,1002.8,1004.4,1001.3,91,78,1.8,163,7.6,168,50.0
2018/06/21,1003.2,1004.3,1002.2,83,65,1.5,143,8.0,253,16.5
2018/06/22,1003.7,1005.1,1002.1,82,65,1.4,213,10.6,237,5.0
2018/06/23,1004.3,1005.5,1003.1,79,60,1.5,258,9.5,244,0.0
2018/06/24,1005.6,1007.4,1004.6,80,65,0.8,266,4.9,274,0.0
2018/06/25,1006.6,1007.9,1004.8,78,52,0.9,136,7.4,310,0.0
2018/06/26,1006.8,1007.6,1005.8,70,53,0.9,7,7.3,331,0.0
2018/06/27,1005.5,1006.9,1003.5,73,53,1.0,297,6.6,180,1.5
2018/06/28,1002.8,1005.1,1001.0,76,57,1.1,266,7.8,267,0.0
2018/06/29,1000.0,1001.6,998.0,72,52,1.2,186,7.1,279,0.0
2018/06/30,1000.3,1001.9,998.8,75,48,0.9,159,8.5,132,15.5
2018/07/01,1000.3,1001.5,998.6,84,59,1.0,126,6.3,279,8.5
2018/07/02,1000.1,1001.6,998.8,93,81,1.4,183,6.8,186,217.5
2018/07/03,999.8,1001.0,998.5,83,64,1.6,193,7.9,246,17.0
2018/07/04,999.5,1000.9,998.2,85,70,1.1,172,7.9,202,10.5
2018/07/05,999.4,1001.1,998.3,77,60,1.5,178,6.8,218,0.5
2018/07/06,999.6,1001.1,998.3,75,57,1.4,209,7.8,262,0.0
2018/07/07,1000.5,1002.5,998.5,78,53,1.2,218,10.5,297,56.0
2018/07/08,1001.8,1003.6,1000.8,75,53,0.8,9,6.5,296,0.0
2018/07/09,1002.1,1003.8,1000.2,73,53,1.5,339,7.4,342,0.5
2018/07/10,998.7,1001.6,995.6,77,57,1.8,352,10.0,349,1.0
2018/07/11,996.7,1001.4,993.1,77,64,2.1,202,10.1,214,3.0
2018/07/12,1001.6,1003.2,1000.6,79,61,0.7,55,5.1,328,0.5
2018/07/13,1002.1,1003.1,1000.8,79,54,1.0,1,8.1,338,0.0
2018/07/14,1001.5,1002.5,999.7,74,52,0.8,140,6.5,313,0.0
2018/07/15,1001.1,1002.2,1000.0,78,56,0.8,340,5.3,329,0.0
2018/07/16,998.9,1000.7,997.2,76,56,0.7,212,7.0,306,0.0
2018/07/17,997.8,999.0,996.3,70,45,0.8,287,7.0,354,0.0
2018/07/18,999.4,1001.2,997.9,71,44,1.4,174,7.9,337,1.0
2018/07/19,1000.9,1002.2,999.2,71,53,1.1,192,7.9,306,0.5
2018/07/20,999.0,1001.1,996.7,76,56,1.4,189,7.7,4,0.0
2018/07/21,996.2,998.7,993.9,74,53,1.3,1,7.7,346,0.0
2018/07/22,997.0,999.5,995.3,84,64,1.0,164,8.3,303,13.0
2018/07/23,999.6,1002.1,997.6,77,59,1.3,248,7.9,250,0.0
2018/07/24,1002.1,1003.4,1000.5,79,56,0.9,136,6.8,295,0.5
2018/07/25,1002.6,1003.7,1000.9,78,55,0.7,9,6.6,303,0.5
2018/07/26,1002.4,1004.0,1000.5,75,54,0.7,8,5.6,313,0.0
2018/07/27,1002.5,1004.8,1000.6,73,56,1.1,4,7.6,321,0.0
2018/07/28,1002.2,1004.2,1000.0,71,52,1.3,328,7.0,336,0.0
2018/07/29,1001.1,1003.3,999.0,69,46,1.1,259,6.2,311,0.0
2018/07/30,1001.0,1002.2,999.3,70,43,1.1,253,7.2,282,0.0
2018/07/31,1000.7,1002.4,998.6,72,51,1.1,239,6.2,268,0.0
2018/08/01,1000.0,1001.7,997.6,73,51,1.3,177,7.0,261,0.0
2018/08/02,999.5,1001.5,997.5,78,56,1.3,188,7.7,265,3.5
2018/08/03,999.8,1001.3,998.1,79,58,1.3,196,9.2,212,2.5
2018/08/04,1001.1,1002.9,999.0,72,58,0.8,125,6.7,195,0.0
2018/08/05,1001.8,1003.0,999.9,71,50,1.1,136,7.0,325,0.0
2018/08/06,1001.0,1002.8,998.4,72,56,1.3,207,8.1,340,0.0
2018/08/07,1000.1,1001.5,997.9,75,56,1.0,181,6.7,308,2.5
2018/08/08,1000.3,1001.9,998.4,73,49,1.2,177,6.3,335,0.0
2018/08/09,1000.9,1002.0,998.9,70,51,1.0,307,5.7,306,0.0
2018/08/10,999.5,1001.6,997.1,68,53,1.1,33,6.4,338,0.0
2018/08/11,996.4,999.2,993.9,68,40,1.0,334,6.7,345,0.0
2018/08/12,993.0,994.9,990.2,72,56,1.1,174,6.0,349,0.0
2018/08/13,994.6,996.5,993.1,76,52,1.2,193,8.2,275,0.5
2018/08/14,995.7,997.5,993.5,82,51,1.0,169,8.2,244,45.0
2018/08/15,997.7,998.9,996.1,81,65,1.2,176,8.6,211,0.5
2018/08/16,997.2,998.8,995.2,76,54,1.3,198,7.0,212,0.0
2018/08/17,996.3,998.3,994.4,73,56,1.5,199,7.9,223,0.0
2018/08/18,998.3,999.8,997.2,85,61,0.7,128,7.3,250,7.5
2018/08/19,999.7,1001.4,998.4,85,57,0.8,25,8.9,235,16.5
2018/08/20,998.8,1000.4,997.0,85,58,0.9,129,10.1,122,58.5
2018/08/21,996.4,998.2,994.0,83,53,0.7,130,6.5,311,51.5
2018/08/22,994.5,996.1,992.9,87,64,0.9,25,6.6,253,17.0
2018/08/23,991.2,993.2,989.4,91,77,2.0,171,14.6,169,134.0
2018/08/24,994.2,996.3,990.6,97,89,2.4,170,11.9,219,166.0
2018/08/25,994.3,995.8,992.5,87,66,1.5,215,9.1,232,9.5
2018/08/26,995.9,998.3,994.2,84,67,1.2,205,8.1,234,3.5
2018/08/27,999.6,1001.8,997.1,83,68,2.0,197,11.7,211,6.0
2018/08/28,1002.3,1003.5,1000.7,89,78,2.0,176,9.9,157,16.5
2018/08/30,1003.0,1005.0,1001.7,87,78,1.7,192,11.4,226,4.0
2018/08/31,1005.7,1008.3,1003.4,81,64,1.2,150,9.3,221,0.5
2018/08/31,1007.8,1008.9,1006.7,81,64,0.3,127,3.0,264,1.5
2018/09/01,1006.1,1008.2,1003.9,78,58,0.5,248,5.3,288,0.0
2018/09/02,1003.4,1005.9,1001.1,77,54,0.7,293,7.7,301,0.0
2018/09/03,1001.9,1003.3,1000.2,75,51,1.2,133,6.6,272,0.0
2018/09/04,1000.8,1002.0,998.3,76,58,1.2,226,7.2,189,0.0
2018/09/05,1001.2,1002.7,999.3,80,63,0.7,123,5.7,311,0.0
2018/09/06,1001.6,1002.9,999.9,81,59,0.7,136,6.4,328,2.0
2018/09/07,1002.2,1004.3,1000.0,80,58,1.0,125,8.1,133,20.5
2018/09/08,1003.5,1004.9,1002.2,82,64,0.8,344,7.8,312,0.0
2018/09/09,1004.3,1006.2,1002.4,78,65,2.0,6,10.5,342,0.0
2018/09/10,1003.6,1005.6,1001.7,75,60,1.7,2,6.7,357,0.0
2018/09/11,1003.6,1005.7,1001.4,83,65,0.9,336,5.7,339,0.5
2018/09/12,1004.7,1006.0,1002.9,83,69,1.1,338,6.4,340,0.0
2018/09/13,1004.4,1005.8,1003.2,81,64,0.8,145,5.7,307,0.0
2018/09/14,1002.1,1004.7,999.6,79,60,0.9,9,6.3,299,0.0
2018/09/15,996.1,999.7,993.7,87,74,0.4,21,4.0,206,0.5
2018/09/17,1002.0,1007.0,996.0,79,62,0.7,42,5.5,20,0.0
2018/09/17,1008.0,1011.3,1006.2,78,59,0.8,7,6.8,338,0.0
2018/09/18,1009.2,1011.2,1007.0,81,60,1.6,21,8.3,328,0.0
2018/09/19,1007.3,1008.9,1005.6,80,54,1.0,320,6.1,291,0.0
2018/09/20,1006.2,1007.4,1004.6,76,52,1.0,6,5.2,318,0.0
2018/09/21,1007.4,1009.6,1005.4,71,48,0.8,127,5.7,309,0.0
2018/09/22,1009.2,1010.4,1007.8,71,50,1.2,27,7.9,328,0.0
2018/09/23,1008.1,1010.1,1005.5,75,56,1.0,19,6.6,332,0.0
2018/09/24,1003.8,1007.1,1001.6,73,57,1.8,347,10.7,356,0.0
2018/09/25,1001.7,1003.2,999.3,70,52,1.4,346,8.7,350,0.0
2018/09/26,1001.8,1003.3,1000.0,72,59,2.5,354,11.3,27,0.0
2018/09/27,1001.9,1003.5,999.9,72,55,2.4,6,10.6,22,0.0
2018/09/28,1001.4,1002.9,999.4,74,63,2.8,9,12.7,10,0.0
2018/09/29,1000.8,1003.2,998.7,60,46,2.7,7,12.8,331,0.0
2018/09/30,1004.5,1007.2,1002.1,62,48,1.3,346,6.8,330,0.0
2018/10/01,1007.5,1009.2,1006.0,63,46,0.9,350,7.0,2,0.0
2018/10/02,1008.7,1010.5,1006.9,65,47,1.5,348,7.9,342,0.0
2018/10/03,1007.8,1010.0,1005.5,62,35,1.8,346,9.4,346,0.0
2018/10/04,1005.3,1007.9,1003.5,69,55,2.9,2,13.4,34,0.0
2018/10/05,1004.8,1007.6,1003.1,65,50,1.8,5,8.5,3,0.0
2018/10/06,1008.0,1009.5,1006.7,71,54,0.8,328,6.7,337,0.0
2018/10/07,1008.7,1010.6,1006.7,75,57,1.4,339,7.3,338,0.0
2018/10/08,1008.3,1010.1,1006.2,76,52,1.2,337,7.1,336,0.0
2018/10/09,1007.8,1009.1,1005.5,78,60,1.1,339,6.1,351,0.0
2018/10/10,1008.3,1010.2,1006.2,76,54,1.2,339,6.5,340,0.0
2018/10/11,1010.4,1012.1,1008.6,74,61,1.9,353,8.5,13,0.0
2018/10/12,1012.1,1013.6,1010.8,80,69,1.2,345,5.6,31,0.0
2018/10/13,1011.4,1013.1,1009.4,77,53,1.2,322,5.3,341,0.0
2018/10/14,1009.7,1011.4,1008.4,75,49,1.0,346,6.7,333,0.0
2018/10/15,1008.8,1010.5,1006.8,80,57,1.3,1,6.8,327,0.0
2018/10/16,1007.6,1009.3,1005.5,81,63,1.5,342,7.6,329,0.0
2018/10/17,1007.0,1008.5,1005.2,80,65,1.6,348,8.1,337,0.0
2018/10/18,1008.7,1010.4,1006.9,74,59,1.2,349,6.7,338,0.0
2018/10/19,1011.8,1013.8,1009.7,75,59,1.1,351,8.0,337,1.5
2018/10/20,1013.2,1015.6,1011.0,74,58,1.2,341,7.3,351,0.0
2018/10/21,1012.0,1014.1,1010.0,74,53,0.9,13,6.3,329,0.0
2018/10/22,1010.7,1012.7,1008.3,77,50,1.0,16,6.2,337,0.0
2018/10/23,1011.2,1012.8,1009.6,78,58,1.5,338,7.6,311,0.0
2018/10/24,1011.3,1012.8,1009.6,78,59,1.1,345,6.1,358,0.0
2018/10/25,1011.4,1013.4,1009.9,78,51,0.9,350,6.5,311,0.0
2018/10/26,1010.9,1012.8,1008.7,78,51,1.0,326,6.6,341,0.0
2018/10/27,1011.3,1012.8,1009.9,65,44,1.9,342,10.4,357,0.0
2018/10/28,1010.2,1012.8,1007.9,54,35,1.6,353,8.2,350,0.0
2018/10/29,1007.7,1009.4,1005.4,59,37,1.1,22,8.4,337,0.0
2018/10/30,1006.8,1008.0,1005.1,65,43,0.7,339,5.6,1,0.0
2018/10/31,1007.8,1009.1,1006.2,79,59,1.4,346,8.4,350,0.5
2018/11/01,1008.0,1009.2,1006.9,82,71,1.8,349,7.2,339,1.0
2018/11/02,1008.9,1011.1,1005.8,86,69,0.9,202,5.0,191,0.5
2018/11/03,1010.8,1012.1,1009.1,84,59,1.4,342,6.3,337,0.0
2018/11/04,1011.0,1012.9,1008.9,82,56,1.0,332,6.4,341,0.0
2018/11/05,1011.3,1013.1,1009.6,82,58,1.1,335,6.4,351,0.0
2018/11/06,1012.2,1013.9,1010.6,83,58,0.7,138,4.3,318,0.0
2018/11/07,1012.4,1014.7,1010.8,86,65,1.0,331,4.9,322,0.0
2018/11/08,1011.6,1013.4,1009.9,79,54,0.9,134,5.1,341,0.0
2018/11/09,1011.9,1013.7,1010.3,81,55,1.0,6,6.5,4,0.0
2018/11/10,1012.8,1014.7,1010.7,81,60,0.7,25,5.6,260,0.0
2018/11/11,1011.9,1014.1,1009.7,84,63,1.0,7,6.5,329,0.0
2018/11/12,1009.5,1012.2,1007.4,81,63,0.9,350,7.0,337,0.0
2018/11/13,1008.6,1010.1,1006.2,77,54,1.6,344,8.1,347,0.0
2018/11/14,1010.4,1012.4,1008.2,75,53,1.4,356,7.4,351,0.0
2018/11/15,1011.4,1013.4,1009.4,76,53,1.1,341,6.5,305,0.0
2018/11/16,1010.9,1012.7,1009.0,79,58,1.2,2,7.6,348,0.0
2018/11/17,1011.1,1012.9,1009.7,81,64,1.2,20,6.8,327,0.0
2018/11/18,1011.3,1013.0,1009.0,80,60,1.0,1,5.4,351,0.0
2018/11/19,1011.9,1013.6,1010.0,77,47,1.9,4,8.3,342,0.0
2018/11/20,1012.2,1014.0,1010.0,77,57,0.8,9,4.7,285,0.0
2018/11/21,1011.4,1013.1,1009.1,77,53,1.1,125,7.1,5,0.0
2018/11/22,1013.1,1014.7,1010.8,72,56,2.1,2,9.2,349,0.0
2018/11/23,1013.8,1016.0,1011.8,74,54,1.1,337,6.8,341,0.0
2018/11/24,1013.6,1014.9,1011.5,75,47,0.8,33,5.5,332,0.0
2018/11/25,1012.8,1015.3,1010.5,78,53,1.0,329,8.1,350,5.5
2018/11/26,1013.7,1015.4,1012.4,85,68,1.1,18,5.5,357,2.5
2018/11/27,1013.2,1014.8,1011.8,78,59,1.1,344,5.7,13,0.0
2018/11/28,1013.9,1016.1,1011.9,86,71,1.3,334,6.4,331,12.0
2018/11/29,1015.3,1017.3,1014.2,73,54,1.1,3,5.5,348,0.0
2018/11/30,1015.0,1016.9,1012.9,77,57,0.5,264,5.5,305,0.0
2018/12/01,1013.5,1015.6,1011.1,82,51,0.9,48,6.1,334,0.0
2018/12/02,1011.9,1013.3,1009.9,79,54,0.6,3,5.8,305,0.0
2018/12/03,1012.1,1014.3,1010.1,76,36,0.7,341,5.1,333,0.0
2018/12/04,1011.8,1014.2,1009.9,68,48,0.9,76,6.1,302,0.0
2018/12/05,1010.6,1012.6,1008.4,77,55,1.6,344,6.8,331,0.0
2018/12/06,1010.5,1011.9,1008.3,78,53,1.4,349,7.2,332,0.0
2018/12/07,1012.9,1015.3,1010.9,74,55,2.3,9,8.5,336,0.0
2018/12/08,1014.4,1015.7,1012.4,74,58,2.3,355,7.9,358,0.0
2018/12/09,1014.0,1016.0,1011.4,77,61,1.9,20,7.9,335,0.0
2018/12/10,1012.3,1014.4,1009.7,85,74,1.6,3,8.5,334,0.0
2018/12/11,1012.5,1014.2,1010.4,83,70,1.8,351,8.9,331,0.0
2018/12/12,1016.4,1018.2,1014.0,72,62,2.1,10,8.1,21,0.0
2018/12/13,1017.9,1019.2,1016.3,73,57,1.9,27,8.6,322,0.0
2018/12/14,1018.0,1019.8,1015.9,76,59,1.5,357,8.0,339,0.0
2018/12/15,1016.8,1018.8,1014.6,77,58,1.1,2,6.6,325,0.0
2018/12/16,1015.3,1017.5,1012.5,75,53,1.6,2,9.3,342,0.0
2018/12/17,1015.5,1017.7,1013.8,59,40,2.0,349,10.1,355,0.0
2018/12/18,1016.1,1018.1,1013.8,58,39,0.8,354,5.6,300,0.0
2018/12/19,1015.3,1017.5,1013.3,74,36,0.8,150,6.0,265,0.0
2018/12/20,1012.4,1015.2,1009.1,63,28,0.4,5,4.9,278,0.0
2018/12/21,1012.0,1013.9,1010.1,77,53,1.1,346,8.0,331,0.0
2018/12/22,1012.1,1013.7,1010.2,83,58,1.5,338,6.0,349,0.0
2018/12/23,1011.3,1012.7,1009.1,85,70,1.8,352,7.3,333,0.0
2018/12/24,1010.9,1013.6,1008.9,77,61,1.9,3,8.2,18,0.0
2018/12/25,1009.0,1010.5,1007.3,81,62,1.8,1,8.5,336,0.0
2018/12/26,1008.1,1009.8,1006.1,83,66,2.3,356,9.2,338,0.0
2018/12/27,1010.3,1013.0,1007.7,73,59,2.8,354,9.9,345,0.0
2018/12/28,1014.3,1017.0,1012.0,66,50,2.6,1,9.2,345,0.0
2018/12/29,1018.4,1020.5,1016.2,66,49,2.3,354,9.2,326,0.0
2018/12/31,1018.1,1020.0,1015.8,69,50,1.0,344,6.4,337,0.0
2018/12/31,1019.2,1020.9,1016.9,78,64,2.1,2,7.6,344,0.0
2019/01/01,1018.5,1020.8,1016.0,79,60,1.4,350,8.3,334,0.0
2019/01/02,1018.3,1020.1,1016.1,80,70,1.4,343,4.5,6,0.0
2019/01/03,1018.4,1020.8,1016.6,86,72,1.4,359,6.4,327,1.0
2019/01/04,1017.6,1019.6,1015.6,86,63,0.8,4,5.9,305,0.0
2019/01/05,1015.6,1017.3,1013.6,82,53,1.1,6,5.9,342,0.0
2019/01/06,1015.6,1017.5,1013.7,81,65,2.0,351,7.8,354,0.0
2019/01/07,1015.4,1017.1,1013.8,81,61,1.5,11,7.2,340,0.0
2019/01/08,1015.4,1017.3,1012.4,82,64,2.0,360,8.7,339,0.0
2019/01/09,1016.3,1018.4,1014.2,80,62,1.8,4,7.3,331,0.0
2019/01/10,1015.2,1016.9,1013.2,85,65,1.3,337,5.6,303,0.0
2019/01/11,1013.8,1015.6,1011.5,83,60,1.0,20,6.3,303,0.0
2019/01/12,1013.2,1014.6,1011.8,82,61,1.6,350,6.8,343,0.0
2019/01/13,1013.4,1015.4,1011.3,78,61,2.1,353,8.4,326,0.0
2019/01/14,1012.7,1014.6,1010.5,76,58,1.6,6,7.7,335,0.0
2019/01/15,1013.2,1014.7,1011.3,83,64,2.0,6,8.3,343,0.0
2019/01/16,1013.8,1015.3,1012.0,90,82,2.2,17,7.2,15,4.5
2019/01/17,1015.6,1017.2,1013.2,83,68,2.5,5,8.8,17,2.5
2019/01/18,1016.1,1018.2,1013.8,76,56,1.1,329,6.1,5,0.0
2019/01/19,1015.2,1016.9,1013.3,79,57,1.3,338,5.8,339,0.0
2019/01/20,1014.0,1015.6,1012.4,81,64,1.5,351,6.6,326,0.0
2019/01/21,1015.0,1016.8,1013.4,79,66,2.4,1,9.6,350,0.0
2019/01/22,1015.5,1017.1,1014.2,72,56,2.1,4,9.4,339,0.0
2019/01/23,1014.6,1016.4,1013.0,70,48,1.3,351,6.8,353,0.0
2019/01/24,1014.8,1016.3,1013.0,73,45,1.2,22,6.9,342,0.0
2019/01/25,1015.7,1017.1,1013.9,79,47,1.3,333,7.7,343,0.0
2019/01/26,1017.1,1018.6,1015.3,66,49,2.4,349,10.8,353,0.0
2019/01/27,1018.0,1020.7,1016.2,64,48,1.7,5,6.9,331,0.0
2019/01/28,1016.5,1018.6,1014.7,74,41,1.1,4,6.5,341,0.0
2019/01/29,1016.6,1018.2,1014.6,80,44,1.2,351,6.9,336,0.0
2019/01/30,1016.1,1019.0,1013.8,77,44,1.0,340,6.0,23,0.0
2019/01/31,1014.1,1016.5,1012.2,63,37,1.3,9,8.2,344,0.0
2019/02/01,1016.4,1018.9,1014.8,70,59,2.1,360,8.3,15,0.0
2019/02/02,1014.2,1016.5,1011.7,76,55,1.1,6,6.0,312,0.0
2019/02/03,1012.9,1014.1,1011.2,79,41,0.9,40,8.8,282,1.5
2019/02/04,1013.5,1015.6,1011.7,81,61,1.5,332,7.3,3,0.5
2019/02/05,1012.3,1014.4,1009.5,79,57,1.2,341,6.6,347,0.0
2019/02/06,1010.1,1012.7,1008.2,77,54,1.2,330,6.1,340,0.0
2019/02/07,1010.7,1013.4,1007.8,68,26,0.9,10,9.0,318,0.0
2019/02/08,1012.0,1013.7,1009.4,73,53,2.3,12,8.6,322,0.0
2019/02/09,1014.1,1016.4,1011.9,74,58,2.0,345,8.1,335,0.0
2019/02/10,1017.0,1019.0,1015.1,75,55,1.8,349,7.4,336,0.0
2019/02/11,1018.7,1019.8,1017.3,74,55,2.2,9,9.4,339,0.0
2019/02/12,1018.4,1019.9,1016.3,77,58,1.7,23,7.9,354,0.0
2019/02/13,1016.7,1018.7,1014.3,77,58,1.7,346,7.5,11,0.0
2019/02/14,1016.1,1017.9,1014.1,75,54,1.8,3,8.5,347,0.0
2019/02/15,1015.2,1017.2,1013.0,77,52,1.1,331,6.1,349,0.0
2019/02/16,1013.9,1016.1,1012.1,79,56,1.6,2,9.2,341,0.0
2019/02/17,1013.6,1015.3,1011.2,75,56,1.8,343,7.8,335,0.0
2019/02/18,1011.5,1013.9,1008.4,79,61,1.2,345,6.2,324,0.0
2019/02/19,1013.5,1015.8,1011.6,83,59,0.8,334,10.2,327,6.5
2019/02/20,1015.2,1017.1,1013.6,85,58,1.2,329,7.1,343,0.0
2019/02/21,1013.6,1016.0,1011.4,86,68,1.2,340,7.1,326,0.0
2019/02/22,1012.3,1014.1,1010.4,82,68,2.0,5,8.9,325,0.0
2019/02/23,1011.8,1013.5,1009.3,71,58,1.9,6,8.5,15,0.0
2019/02/24,1011.2,1012.9,1009.9,88,77,1.5,2,8.5,335,8.0
2019/02/25,1011.8,1014.0,1009.6,78,60,1.9,13,8.4,26,0.0
2019/02/26,1012.6,1014.7,1010.6,77,58,1.6,342,6.3,309,0.0
2019/02/27,1011.2,1013.6,1008.1,76,57,1.4,336,6.0,342,0.0
2019/02/28,1010.6,1012.3,1008.6,79,63,2.0,1,8.1,352,0.0
2019/03/01,1011.8,1013.3,1010.5,79,60,1.6,349,8.4,318,0.0
2019/03/02,1008.7,1011.6,1006.7,80,64,1.0,147,5.0,335,0.0
2019/03/03,1006.5,1009.2,1004.1,82,58,1.4,3,9.7,329,11.0
2019/03/04,1009.9,1011.5,1007.9,76,55,1.6,334,6.6,54,0.0
2019/03/05,1008.9,1011.0,1006.1,79,60,1.6,19,8.9,26,6.0
2019/03/06,1009.6,1011.9,1007.1,82,46,1.7,347,10.6,346,11.5
2019/03/07,1011.8,1013.6,1010.1,94,86,2.0,4,6.6,20,36.0
2019/03/08,1012.0,1014.9,1009.9,91,77,1.6,25,7.4,336,21.0
2019/03/09,1007.5,1010.8,1004.2,94,84,1.2,125,8.6,330,14.0
2019/03/10,1008.1,1010.2,1006.1,87,62,1.5,110,9.2,340,20.5
2019/03/11,1009.0,1010.9,1007.1,82,71,0.7,353,4.3,311,0.0
2019/03/12,1011.0,1013.1,1009.3,70,49,1.0,6,7.5,343,0.0
2019/03/13,1013.5,1015.2,1012.1,70,49,0.7,76,5.9,291,0.0
2019/03/14,1014.2,1016.5,1011.9,76,55,1.5,349,7.5,341,0.0
2019/03/15,1014.8,1016.9,1013.0,66,43,2.0,5,9.4,337,0.0
2019/03/16,1013.9,1015.5,1012.2,65,49,0.6,238,6.6,262,0.0
2019/03/17,1014.2,1016.1,1012.0,76,50,1.2,344,7.0,358,0.0
2019/03/18,1012.1,1011.7,1009.7,85,57,0.8,33,6.4,322,0.0
2019/03/19,1010.3,1012.7,1008.1,77,52,1.3,334,6.5,2,0.0
2019/03/20,1008.8,1011.6,1006.1,79,58,0.9,253,7.8,227,0.0
2019/03/22,1007.4,1009.0,1005.0,78,47,1.3,142,7.4,216,0.0
2019/03/22,1009.0,1011.3,1007.2,80,61,1.6,351,7.9,349,0.0
2019/03/23,1012.7,1014.5,1010.5,79,71,1.8,6,7.3,352,1.0
2019/03/24,1013.1,1015.0,1011.7,89,74,0.7,345,4.5,331,10.0
2019/03/25,1012.0,1013.8,1010.1,91,82,1.0,1,4.7,346,0.0
2019/03/26,1013.9,1015.7,1012.1,80,53,1.1,341,5.9,327,0.0
2019/03/27,1012.6,1015.4,1009.8,75,48,0.9,11,7.0,330,0.0
2019/03/29,1007.7,1010.5,1004.6,78,58,1.2,251,6.7,263,0.0
2019/03/29,1006.2,1010.3,1004.4,79,57,1.5,275,11.6,336,3.5
2019/03/30,1008.9,1010.9,1006.7,78,56,1.5,331,7.0,303,1.0
2019/03/31,1012.1,1015.0,1010.3,73,55,1.7,345,8.2,337,0.0
2019/04/01,1014.7,1016.4,1013.5,82,73,1.4,3,5.5,339,0.5
2019/04/02,1013.2,1015.5,1010.9,81,58,1.0,351,6.5,358,0.0
2019/04/03,1012.7,1015.0,1010.5,82,64,1.9,7,10.6,347,0.0
2019/04/04,1011.2,1012.8,1008.8,84,69,1.3,20,6.5,10,0.0
2019/04/06,1008.7,1011.0,1006.5,83,61,1.3,14,5.8,347,0.0
2019/04/06,1008.5,1010.2,1006.5,77,53,0.9,14,6.0,290,0.0
2019/04/07,1008.1,1009.5,1006.7,75,54,1.0,135,6.0,281,0.0
2019/04/08,1008.1,1009.5,1006.6,73,52,0.9,290,5.0,270,0.0
2019/04/09,1006.9,1008.8,1004.7,76,53,1.4,258,8.7,272,0.0
2019/04/10,1006.8,1008.4,1004.4,77,54,1.4,179,6.3,260,0.0
2019/04/11,1006.7,1009.7,1004.7,77,51,1.7,337,8.5,335,0.0
2019/04/12,1009.6,1012.6,1007.7,74,57,1.8,351,7.5,359,0.0
2019/04/13,1010.1,1012.0,1008.1,81,57,1.5,9,8.9,347,0.0
2019/04/14,1009.1,1010.5,1007.5,77,57,1.9,338,7.1,1,0.0
2019/04/15,1009.1,1010.8,1007.4,75,61,1.4,5,5.1,342,5.5
2019/04/16,1008.1,1010.0,1006.3,92,86,0.8,30,4.7,342,2.5
2019/04/17,1007.0,1008.8,1005.0,76,56,1.4,1,5.8,343,0.0
2019/04/18,1006.8,1008.8,1005.3,73,58,0.8,21,5.5,345,0.0
2019/04/19,1005.4,1007.4,1003.2,87,59,1.3,24,15.3,296,52.5
2019/04/20,1004.4,1006.1,1002.3,80,52,0.7,16,3.4,30,0.5
2019/04/21,1005.0,1006.7,1003.5,86,60,1.0,216,5.2,201,2.5
2019/04/22,1005.4,1008.4,1003.3,80,57,1.2,138,6.3,287,0.0
2019/04/23,1005.9,1007.7,1003.0,76,55,1.3,132,6.2,289,0.0
2019/04/24,1005.5,1007.8,1004.0,76,62,1.2,271,6.7,225,0.0
2019/04/25,1005.2,1006.5,1003.6,73,50,1.6,202,9.3,279,0.0
2019/04/26,1006.8,1010.5,1004.4,72,51,1.2,25,6.9,102,2.0
2019/04/27,1008.2,1010.0,1005.9,81,63,1.5,345,6.7,2,0.0
2019/04/28,1008.5,1010.6,1006.9,81,62,1.2,347,6.6,345,0.0
2019/04/29,1006.6,1008.8,1004.1,75,50,0.9,306,5.6,329,0.0
2019/05/01,1003.6,1005.7,1001.2,74,54,1.7,269,9.3,278,0.0
2019/05/01,1004.2,1006.0,1002.2,85,70,1.4,353,7.1,6,61.0
2019/05/02,1007.0,1008.9,1004.2,88,69,1.0,345,6.3,340,3.5
2019/05/03,1008.5,1010.3,1006.8,82,61,0.9,4,4.6,4,10.5
2019/05/04,1008.2,1009.4,1006.6,76,55,1.2,164,7.2,231,0.0
2019/05/05,1006.1,1008.6,1003.2,80,57,0.9,18,4.6,315,2.0
2019/05/06,1004.4,1005.9,1002.9,95,89,1.2,24,5.4,11,18.5
2019/05/07,1004.9,1006.3,1003.1,88,77,1.3,11,6.0,359,5.5
2019/05/08,1004.8,1006.4,1002.8,88,72,1.0,344,5.8,339,1.0
2019/05/09,1003.6,1005.0,1001.6,89,72,1.1,340,4.8,351,5.0
2019/05/10,1004.7,1006.0,1003.2,85,66,1.2,346,6.0,341,2.0
2019/05/11,1006.2,1008.1,1003.9,81,63,1.2,349,6.9,331,0.0
2019/05/12,1006.2,1007.5,1004.7,82,60,1.0,321,6.3,303,0.0
2019/05/13,1005.8,1007.6,1004.0,73,54,0.9,284,5.8,310,0.0
2019/05/14,1005.2,1006.6,1003.4,72,55,0.9,284,6.2,303,0.0
2019/05/15,1005.2,1006.8,1003.7,77,56,0.8,214,6.8,223,0.0
2019/05/17,1003.6,1005.6,1001.6,82,65,1.1,209,6.5,289,1.5
2019/05/17,1002.1,1003.5,1000.6,80,67,1.7,201,8.1,215,1.5
2019/05/18,1001.9,1004.1,1000.2,89,78,1.5,169,9.9,252,25.5
2019/05/19,1003.8,1005.3,1002.5,85,68,1.3,204,7.1,225,8.5
2019/05/20,1003.5,1005.4,1001.6,90,72,1.5,4,8.4,278,44.5
2019/05/21,1004.9,1006.7,1003.7,82,69,1.0,39,4.4,334,0.0
2019/05/22,1005.4,1006.8,1004.0,77,60,1.1,345,6.0,308,1.0
2019/05/23,1006.8,1008.4,1005.4,85,70,0.9,17,5.3,341,1.5
2019/05/24,1007.2,1008.6,1005.6,77,62,0.8,145,6.4,345,0.0
2019/05/25,1006.3,1007.5,1004.5,76,59,1.1,10,6.5,316,0.0
2019/05/26,1005.2,1006.6,1003.1,74,48,0.7,297,4.9,313,0.0
2019/05/27,1004.9,1006.0,1003.4,82,66,0.7,182,5.8,172,1.5
2019/05/28,1005.2,1006.6,1003.6,87,66,1.1,211,5.8,301,5.5
2019/05/29,1005.4,1007.1,1004.0,80,61,1.3,349,6.4,345,0.0
2019/05/30,1005.6,1006.8,1003.6,76,56,1.1,3,6.0,359,0.0
2019/05/31,1004.6,1005.8,1002.7,74,52,0.9,2,6.4,314,0.0
,1003.6,--,--,79,--,1.5,259,--,--,2.0
2019/06/02,1003.6,1005.3,1001.5,73,53,1.6,200,10.2,214,17.0
2019/06/03,1004.0,1005.3,1003.0,71,46,1.2,247,6.9,224,0.0
2019/06/04,1005.2,1007.1,1003.4,85,70,0.9,93,11.9,227,33.0
2019/06/05,1006.2,1008.3,1004.9,75,52,0.9,141,6.8,304,0.0
2019/06/06,1006.8,1007.9,1005.2,75,55,1.3,136,8.7,268,0.0
2019/06/07,1006.3,1007.7,1004.8,73,54,1.2,185,7.8,222,0.0
2019/06/08,1004.4,1006.2,1002.6,76,59,1.3,134,6.4,288,0.0
2019/06/09,1002.4,1004.2,1000.7,72,52,1.5,199,7.3,211,0.0
2019/06/11,1000.6,1001.4,999.7,82,52,1.5,209,7.5,226,26.0
2019/06/11,1000.8,1003.1,998.7,92,79,1.2,194,7.0,195,65.0
2019/06/12,1001.9,1003.1,1000.7,98,91,0.8,156,5.2,178,156.5
2019/06/14,999.4,1001.8,997.3,87,63,1.1,202,7.2,222,4.5
2019/06/14,997.5,999.5,995.8,88,71,1.2,5,7.1,338,28.5
2019/06/15,1000.5,1002.5,998.7,71,50,1.4,343,5.7,6,0.0
2019/06/16,1003.0,1005.6,1000.9,79,51,1.1,138,7.2,285,0.5
2019/06/17,1005.4,1007.5,1004.1,82,57,0.8,26,6.0,334,12.5
2019/06/18,1005.4,1006.5,1004.2,75,51,0.9,126,11.5,199,2.5
2019/06/19,1004.3,1005.7,1002.2,72,51,1.1,209,7.1,264,0.0
2019/06/20,1003.0,1004.3,1001.8,77,56,1.4,181,7.0,252,0.0
2019/06/21,1002.2,1003.6,1001.0,74,52,1.3,187,8.1,278,0.0
2019/06/22,1001.0,1002.4,999.2,69,46,1.5,202,7.5,213,0.0
2019/06/23,1001.6,1003.8,999.3,80,61,1.5,214,8.1,273,11.5
2019/06/24,1003.8,1005.3,1001.3,90,71,0.6,136,6.2,160,21.0
2019/06/26,1003.5,1004.8,1002.1,77,53,1.0,210,9.4,242,0.0
2019/06/27,1000.4,1002.9,998.3,86,68,1.2,127,6.9,226,4.0
2019/06/27,998.7,999.9,996.9,82,66,1.2,206,6.9,199,0.5
2019/06/28,998.9,1000.0,997.1,76,54,1.4,205,7.6,256,0.0
2019/06/29,998.6,999.9,997.2,75,59,1.4,213,6.7,271,0.0
2019/06/30,999.0,1000.6,997.4,81,56,1.2,117,9.0,276,3.5
2019/07/01,998.2,1000.3,996.1,74,56,1.4,131,8.7,25,0.0
2019/07/02,999.0,1003.3,996.0,77,58,2.4,211,13.6,188,0.5
2019/07/03,1004.4,1006.7,1002.0,89,77,1.6,185,10.9,227,23.5
2019/07/04,1004.6,1006.0,1002.8,76,48,1.4,189,9.8,221,0.5
2019/07/05,1002.0,1004.2,999.7,77,60,1.5,214,9.7,239,11.0
2019/07/06,1000.2,1001.6,998.6,76,62,1.9,206,9.1,209,0.5
2019/07/07,1001.8,1003.9,1000.2,72,52,2.0,218,8.8,220,0.0
2019/07/08,1003.0,1004.0,1001.7,72,56,1.8,201,7.9,224,0.0
2019/07/09,1001.0,1002.7,999.0,79,68,1.5,189,9.3,205,8.0
2019/07/10,1001.5,1004.5,999.4,84,68,1.7,179,9.6,228,22.0
2019/07/11,1005.1,1007.1,1002.9,83,66,1.4,204,8.8,271,8.5
2019/07/12,1004.7,1006.8,1002.3,78,60,1.7,179,8.7,276,1.0
2019/07/14,1002.4,1004.6,1000.3,72,51,2.0,204,8.3,216,0.0
2019/07/14,1001.1,1002.3,999.7,73,56,1.4,192,7.1,270,0.0
2019/07/15,1001.0,1002.3,999.4,73,52,0.9,295,7.8,288,0.0
2019/07/16,999.9,1002.1,997.9,77,53,1.7,353,7.9,340,0.0
2019/07/17,993.2,998.0,989.3,75,56,0.9,6,5.1,315,0.0
2019/07/18,992.0,994.0,990.6,84,63,1.1,226,8.1,161,14.0
2019/07/19,996.0,1000.7,991.3,84,65,1.2,17,9.3,209,22.5
2019/07/20,1001.9,1004.4,999.9,82,69,1.7,175,8.6,219,5.5
2019/07/21,1003.1,1004.8,1001.7,76,58,1.3,181,8.7,173,0.0
2019/07/22,1002.7,1004.1,1001.2,79,59,1.1,133,8.2,269,5.0
2019/07/23,1002.7,1003.9,1001.2,79,56,0.9,126,8.3,271,0.0
2019/07/24,1003.5,1004.8,1002.1,76,52,0.8,177,6.9,259,0.0
2019/07/25,1004.2,1005.5,1002.5,76,53,1.0,265,6.3,271,0.0
2019/07/26,1002.4,1004.0,1000.3,73,53,1.0,162,6.5,277,0.0
2019/07/27,1002.2,1004.0,1000.2,77,55,1.1,130,6.5,270,2.0
2019/07/28,1003.7,1005.2,1001.5,81,56,1.1,127,7.0,276,30.5
2019/07/29,1003.6,1004.8,1001.4,74,54,1.2,133,6.6,358,0.0
2019/07/30,1002.5,1004.4,1000.2,77,56,1.2,342,6.0,307,0.0
2019/07/31,1001.9,1003.8,999.8,79,55,1.1,128,6.6,299,7.5
2019/08/01,1002.5,1003.4,1000.9,85,60,0.8,32,7.0,122,3.0
2019/08/03,1000.8,1002.8,999.1,82,62,1.0,23,7.3,353,0.5
2019/08/04,998.4,1000.1,996.5,80,59,1.1,133,6.1,12,0.5
2019/08/04,997.2,998.2,996.0,78,59,0.9,202,7.2,311,0.0
2019/08/05,997.3,998.8,995.6,77,56,1.2,126,6.5,359,0.0
2019/08/06,996.6,998.5,994.8,77,54,1.5,206,8.0,342,0.0
2019/08/08,993.6,995.9,990.6,78,58,1.5,347,8.4,342,0.0
2019/08/09,988.9,991.9,986.5,80,59,1.5,9,11.5,11,0.0
2019/08/09,987.7,989.9,985.3,83,60,2.1,185,10.3,350,9.5
2019/08/10,993.3,996.8,989.2,84,75,2.7,219,12.0,222,0.0
2019/08/11,996.9,998.0,995.8,86,74,1.8,202,8.6,213,19.5
2019/08/12,997.9,999.2,996.6,90,81,1.3,211,6.3,244,11.5
2019/08/13,998.2,1000.9,996.0,92,82,1.3,197,8.5,126,185.0
2019/08/14,998.1,999.6,995.6,78,56,1.5,205,9.3,218,1.0
2019/08/15,997.9,999.4,995.5,93,72,1.5,161,9.3,214,128.0
2019/08/16,999.6,1002.0,997.7,90,71,1.5,169,8.1,187,42.0
2019/08/17,1001.8,1003.4,999.9,87,72,1.5,186,7.6,228,30.0
2019/08/18,1001.8,1003.6,999.8,88,68,1.4,204,8.7,304,25.0
2019/08/19,1000.8,1002.0,999.7,88,72,1.1,215,7.6,242,1.5
2019/08/21,1000.6,1001.7,999.3,85,67,0.9,329,5.3,352,0.5
2019/08/21,1000.7,1002.5,999.2,89,68,0.5,331,4.5,221,4.5
2019/08/22,1001.6,1003.2,1000.3,80,54,0.9,318,6.2,2,0.5
2019/08/23,1000.0,1002.9,997.4,81,61,0.8,309,5.5,308,0.0
2019/08/25,990.6,997.4,981.4,83,45,1.2,22,10.0,67,1.5
2019/08/25,1001.2,1004.9,995.6,85,62,1.1,200,10.2,174,11.0
2019/08/26,1005.0,1007.4,1003.3,82,60,1.0,134,7.9,266,0.0
2019/08/28,1004.1,1006.0,1002.7,81,63,1.3,342,7.0,347,0.0
2019/08/29,1001.6,1003.3,999.2,80,49,0.9,310,5.8,307,0.0
2019/08/29,1002.8,1004.5,1001.1,82,60,1.0,315,6.3,348,0.5
2019/08/30,1004.2,1005.5,1002.3,85,61,1.0,47,9.1,174,7.0
2019/09/01,1002.7,1005.0,1001.0,81,55,0.8,142,5.2,300,0.0
2019/09/01,1003.4,1005.0,1002.1,81,55,0.8,142,7.2,131,1.5
2019/09/02,1003.9,1005.4,1001.8,78,50,0.9,31,6.2,310,0.5
2019/09/04,1001.5,1003.8,999.4,84,59,1.0,173,6.9,336,1.5
2019/09/04,1000.8,1002.5,999.7,90,68,0.8,93,6.1,304,85.5
2019/09/05,998.3,1000.1,996.6,86,61,0.9,18,6.5,30,0.0
2019/09/06,997.3,999.4,995.2,84,61,0.9,39,6.2,196,0.0
2019/09/07,999.6,1001.6,997.6,82,61,0.9,4,5.4,288,2.5
2019/09/08,1000.8,1002.2,998.7,80,52,1.1,124,6.9,29,154.0
2019/09/09,1001.9,1003.7,1000.1,74,53,0.9,340,6.5,341,0.0
2019/09/11,1004.8,1007.3,1003.1,82,56,1.1,15,6.3,345,0.0
2019/09/11,1006.1,1007.8,1004.3,77,45,1.0,138,6.4,349,0.0
2019/09/12,1003.8,1005.8,1001.8,80,59,0.8,308,5.3,357,0.0
2019/09/13,1002.5,1004.1,1000.8,79,58,0.8,348,6.6,340,0.0
2019/09/14,1002.3,1004.0,1000.6,78,53,1.5,346,8.0,335,0.0
2019/09/15,1002.2,1004.0,1000.3,78,57,1.4,207,8.8,14,0.0
2019/09/16,1001.6,1002.9,1000.3,78,52,1.2,1,6.5,348,0.0
2019/09/17,1002.6,1004.2,1001.3,72,57,1.4,34,6.3,347,0.0
2019/09/18,1003.3,1004.8,1001.2,67,47,1.9,353,10.3,13,0.0
2019/09/19,1003.2,1004.8,1000.9,64,48,1.9,7,10.5,23,0.0
2019/09/20,1000.2,1002.4,998.1,70,51,3.0,13,13.2,23,0.0
2019/09/21,1000.3,1004.2,997.4,65,52,2.5,3,9.6,39,0.0
2019/09/22,1006.4,1009.9,1002.7,70,50,1.5,340,7.0,339,0.0
2019/09/23,1010.6,1012.4,1008.5,68,45,1.6,349,7.6,344,0.0
,1011.5,--,--,71,--,1.3,347,--,--,0.0
2019/09/25,1011.2,1012.3,1009.7,70,51,1.4,351,7.3,6,0.0
2019/09/26,1011.1,1012.5,1009.4,75,50,1.0,340,6.6,344,0.0
2019/09/27,1009.9,1011.5,1008.4,81,55,1.0,345,5.8,351,0.0
2019/09/28,1008.2,1009.9,1006.2,82,59,1.2,342,7.1,341,0.0
2019/09/29,1005.2,1008.0,1002.4,81,55,1.2,349,6.8,353,0.0
2019/09/30,996.9,1002.7,993.6,84,65,1.6,13,12.7,19,0.0
2019/10/01,1004.1,1006.2,998.1,73,48,1.1,4,9.9,340,1.0
2019/10/02,1006.7,1008.3,1005.4,75,50,1.1,174,6.1,286,0.0
2019/10/03,1007.8,1009.7,1005.9,78,49,1.0,125,5.8,314,0.0
2019/10/04,1007.7,1009.3,1005.6,79,55,0.9,341,6.4,4,0.0
2019/10/05,1008.4,1010.1,1006.7,80,57,0.8,348,6.1,314,0.0
2019/10/06,1009.6,1011.0,1008.3,79,63,0.7,20,10.5,265,0.0
2019/10/07,1010.5,1012.1,1009.0,79,51,1.0,135,6.2,338,0.0
2019/10/08,1009.8,1011.5,1008.1,77,55,0.9,344,6.1,351,0.0
2019/10/09,1008.8,1010.6,1006.6,76,54,0.9,299,5.0,301,0.0
2019/10/10,1007.7,1009.8,1005.6,76,53,1.0,13,6.7,340,0.0
2019/10/11,1006.3,1008.2,1004.0,78,54,1.0,259,5.6,325,0.0
2019/10/12,1006.9,1008.6,1005.4,78,58,1.0,26,5.8,311,0.0
2019/10/13,1008.9,1010.3,1007.6,76,56,1.2,348,7.0,8,0.0
2019/10/14,1011.1,1012.9,1009.6,67,52,1.4,355,8.0,349,0.0
2019/10/15,1012.3,1014.0,1010.2,63,46,1.5,350,7.6,351,0.0
2019/10/16,1011.6,1013.3,1009.5,71,51,1.5,342,7.7,338,0.0
2019/10/17,1010.6,1012.2,1008.3,69,50,1.5,354,7.5,350,0.0
2019/10/18,1010.5,1012.0,1008.6,66,42,1.7,17,9.8,5,0.0
2019/10/19,1011.0,1012.9,1009.3,73,55,1.6,5,8.8,3,0.0
2019/10/20,1010.0,1012.0,1008.0,71,50,1.7,353,8.2,23,0.0
2019/10/21,1008.1,1010.0,1006.0,73,54,1.2,360,6.8,352,0.0
2019/10/22,1006.7,1008.4,1004.7,71,45,1.0,345,6.5,309,0.0
2019/10/23,1007.3,1009.3,1005.8,73,49,1.3,353,7.2,349,0.0
2019/10/24,1009.6,1011.5,1008.0,74,47,1.1,347,7.3,351,0.0
2019/10/25,1011.3,1012.9,1009.3,72,53,1.0,347,6.5,10,0.0
2019/10/26,1011.4,1013.1,1009.4,72,50,1.0,29,7.0,339,0.0
2019/10/27,1009.8,1011.8,1006.9,76,50,1.2,347,8.6,344,0.0
2019/10/28,1009.2,1010.6,1007.2,81,58,1.5,1,8.5,358,0.0
2019/10/29,1009.8,1011.4,1008.5,80,64,1.6,3,6.9,338,0.0
2019/10/30,1010.3,1011.5,1008.8,76,54,1.4,350,7.3,358,0.0
2019/10/31,1010.2,1011.4,1008.5,82,61,1.1,343,7.8,345,0.0
2019/11/01,1009.3,1011.4,1007.3,80,60,1.1,346,6.5,7,0.0
2019/11/02,1008.2,1009.7,1006.3,78,54,0.9,4,6.4,355,0.0
2019/11/03,1007.9,1010.1,1006.3,79,59,1.5,17,8.1,25,0.0
2019/11/04,1007.4,1009.2,1005.8,69,55,2.0,7,8.6,357,0.0
2019/11/06,1005.7,1007.3,1003.7,68,54,1.9,30,8.4,327,0.0
2019/11/06,1005.3,1006.8,1003.4,71,51,1.1,18,7.8,342,0.0
2019/11/07,1006.4,1008.3,1004.3,73,50,1.5,3,7.9,9,0.0
2019/11/08,1009.5,1011.4,1007.5,68,45,1.9,357,9.1,337,0.0
2019/11/09,1011.0,1013.3,1008.5,67,45,1.6,23,8.2,4,0.0
2019/11/10,1009.7,1011.7,1006.8,69,48,1.0,43,6.8,8,0.0
2019/11/11,1010.0,1011.8,1008.2,69,44,0.7,327,5.8,342,0.0
2019/11/12,1011.5,1013.2,1009.8,69,35,0.8,135,5.0,315,0.0
2019/11/13,1012.6,1015.0,1010.6,73,50,0.8,338,6.1,347,0.0
2019/11/14,1011.5,1013.3,1009.3,68,49,1.4,350,8.1,338,0.0
2019/11/15,1010.6,1012.2,1008.8,70,49,0.8,351,5.0,310,0.0
2019/11/16,1010.4,1012.1,1008.7,75,53,0.8,132,4.8,326,0.0
2019/11/17,1009.9,1011.4,1007.4,73,46,1.1,3,6.3,351,0.0
2019/11/18,1008.9,1010.6,1006.9,77,61,2.0,4,8.4,333,0.0
2019/11/19,1009.8,1011.7,1008.2,68,57,2.1,2,8.9,10,0.0
2019/11/20,1011.2,1013.3,1009.5,68,54,1.4,354,6.3,10,0.0
2019/11/21,1010.4,1012.1,1008.1,77,52,1.4,2,9.1,28,0.0
2019/11/22,1009.5,1010.7,1007.7,81,62,1.5,8,6.5,30,0.0
2019/11/23,1011.1,1013.5,1009.3,86,66,1.0,335,6.1,339,0.0
2019/11/24,1011.9,1013.7,1010.1,82,54,1.2,343,7.2,2,0.0
2019/11/25,1013.7,1015.5,1011.5,79,57,1.6,349,8.9,348,0.0
2019/11/26,1014.2,1015.8,1012.0,71,53,1.2,10,5.2,4,0.0
2019/11/27,1013.7,1015.7,1010.6,78,50,1.4,24,6.9,353,0.0
2019/11/28,1014.8,1016.3,1012.5,71,56,2.1,13,9.6,5,0.0
2019/11/29,1015.4,1017.0,1013.6,64,46,1.3,5,7.9,9,0.0
2019/11/30,1014.3,1016.0,1011.9,75,48,1.0,12,7.1,309,0.0
2019/12/02,1012.6,1014.5,1010.0,76,38,1.4,23,8.1,358,0.0
2019/12/02,1013.7,1015.3,1012.1,68,53,2.6,8,11.3,19,0.0
2019/12/03,1014.7,1016.4,1012.5,59,42,1.5,9,6.5,10,0.0
2019/12/04,1015.4,1016.7,1013.5,66,45,1.3,358,7.2,341,0.5
2019/12/05,1016.0,1017.6,1014.3,89,72,2.2,10,9.4,23,16.5
2019/12/06,1014.7,1016.2,1013.5,92,85,2.2,23,9.0,43,21.0
2019/12/07,1016.1,1018.2,1014.0,73,61,2.6,15,10.0,336,0.0
2019/12/08,1016.9,1018.6,1014.7,61,40,1.3,351,6.4,324,0.0
2019/12/09,1015.3,1017.4,1013.3,70,45,0.8,133,4.6,308,0.0
2019/12/10,1012.7,1014.6,1010.3,72,37,0.9,348,5.9,344,0.0
2019/12/11,1011.9,1014.0,1010.1,76,61,1.5,358,8.7,340,0.0
2019/12/12,1014.9,1017.6,1013.0,73,48,0.9,321,5.4,337,0.0
2019/12/13,1017.2,1019.4,1015.7,79,52,1.3,22,7.1,337,0.0
2019/12/14,1016.1,1018.9,1013.9,78,40,1.0,16,6.0,2,0.0
2019/12/15,1015.1,1017.2,1013.2,81,47,1.0,352,7.6,4,0.0
2019/12/16,1013.5,1016.0,1010.3,81,52,0.9,28,5.0,357,0.0
2019/12/17,1013.3,1015.8,1011.1,72,49,0.8,22,5.3,10,0.0
2019/12/18,1013.6,1015.3,1011.1,78,57,1.6,350,7.5,355,0.0
2019/12/19,1014.3,1015.6,1013.1,85,66,1.3,3,7.1,2,0.0
2019/12/20,1013.6,1015.2,1011.3,83,64,1.4,15,6.0,345,1.0
2019/12/21,1012.1,1014.6,1010.2,87,65,1.2,351,6.2,1,0.0
2019/12/22,1010.4,1012.0,1008.1,85,53,1.1,4,7.2,336,0.0
2019/12/23,1011.6,1013.4,1009.9,82,57,1.5,342,7.8,359,0.0
2019/12/24,1013.0,1015.0,1011.4,85,64,1.5,3,6.9,7,0.0
2019/12/25,1010.8,1013.2,1008.0,79,50,1.2,353,5.1,330,0.0
2019/12/26,1010.4,1012.1,1007.7,77,49,1.8,354,7.5,339,0.0
2019/12/27,1013.7,1015.9,1011.5,66,50,2.2,353,8.5,6,0.0
2019/12/28,1014.2,1016.2,1012.1,75,60,1.0,345,5.2,328,0.0
2019/12/29,1013.8,1015.6,1012.1,97,90,1.2,320,6.0,20,81.0
2019/12/30,1015.5,1017.5,1013.0,94,81,1.7,2,8.2,342,14.0
2019/12/31,1018.7,1020.9,1016.5,83,65,2.0,2,7.7,340,8.5
2020/01/01,1020.5,1022.9,1018.9,80,67,1.3,350,5.3,338,0.0
2020/01/02,1019.5,1021.8,1017.8,85,57,0.7,7,7.2,340,0.0
2020/01/03,1017.6,1019.9,1015.3,86,58,0.5,325,5.2,309,0.0
2020/01/04,1015.8,1017.9,1013.8,87,64,0.8,7,4.9,306,0.0
2020/01/05,1016.2,1018.1,1014.3,89,58,0.8,351,5.8,312,0.0
2020/01/06,1015.2,1017.7,1013.0,90,61,0.7,352,4.9,332,0.0
2020/01/07,1012.7,1015.7,1010.8,79,47,0.6,5,5.3,4,0.0
2020/01/08,1013.6,1014.4,1011.3,77,58,1.6,337,7.9,332,0.0
2020/01/09,1013.3,1015.9,1011.1,78,57,1.1,332,6.1,326,0.0
2020/01/10,1011.6,1013.7,1009.8,86,59,1.0,334,6.5,342,0.0
2020/01/11,1010.5,1012.3,1008.8,87,66,1.1,29,5.8,343,0.0
2020/01/12,1011.0,1013.2,1008.9,78,60,2.0,358,8.6,326,0.0
2020/01/13,1012.6,1015.4,1010.1,75,55,1.3,338,7.6,331,0.0
2020/01/14,1014.2,1016.9,1011.5,80,41,1.6,341,8.0,345,0.0
2020/01/15,1014.0,1016.2,1012.2,82,52,1.2,32,7.3,339,0.0
2020/01/16,1013.1,1014.8,1010.7,81,52,1.3,333,6.5,346,0.0
2020/01/17,1013.7,1015.4,1011.5,80,61,2.1,338,8.7,332,0.0
2020/01/18,1014.3,1016.0,1011.9,73,52,1.5,334,8.4,329,0.0
2020/01/19,1015.6,1017.6,1013.4,78,61,1.5,333,7.9,335,0.0
2020/01/20,1016.6,1018.3,1014.1,77,49,1.6,343,8.1,348,0.0
2020/01/21,1017.5,1020.2,1015.4,75,43,1.2,336,6.5,338,0.0
2020/01/22,1015.0,1017.1,1012.7,77,40,0.8,10,5.0,314,0.0
2020/01/23,1013.4,1015.0,1011.4,74,51,1.0,328,5.9,332,0.0
2020/01/24,1014.4,1016.0,1012.3,87,61,1.9,341,7.6,331,0.0
2020/01/26,1011.8,1014.6,1009.3,85,59,1.7,1,6.9,333,0.0
2020/01/27,1007.4,1010.0,1004.7,94,84,1.8,1,11.0,350,14.0
2020/01/27,1009.6,1012.8,1007.2,78,61,1.9,355,7.9,14,0.0
2020/01/28,1012.0,1014.8,1009.1,78,65,1.7,341,7.0,336,0.0
2020/01/29,1013.7,1015.3,1012.0,68,56,2.0,348,8.6,321,0.0
2020/01/30,1014.9,1017.0,1013.2,53,37,2.2,4,10.8,337,0.0
2020/01/31,1016.2,1018.3,1014.1,58,32,1.2,347,6.0,324,0.0
2020/02/01,1017.4,1019.1,1015.2,68,38,1.0,7,6.0,340,0.0
2020/02/02,1017.7,1020.5,1015.7,71,35,1.2,5,6.5,344,0.0
2020/02/03,1016.2,1018.0,1014.3,77,46,1.6,20,7.9,330,0.0
2020/02/04,1015.1,1016.7,1013.3,87,74,1.5,1,9.7,37,0.0
2020/02/05,1015.1,1016.5,1012.7,78,58,2.1,341,9.5,325,0.0
2020/02/07,1014.5,1016.3,1012.0,80,53,1.2,268,6.6,327,0.0
2020/02/07,1015.9,1017.8,1013.9,82,59,2.3,343,10.2,335,0.0
2020/02/08,1017.6,1019.8,1015.5,73,53,2.2,345,9.3,350,0.0
2020/02/09,1019.0,1021.3,1016.8,72,60,1.8,340,7.9,326,0.0
2020/02/10,1017.5,1019.2,1015.8,76,53,0.9,328,8.1,340,0.0
2020/02/11,1017.0,1019.3,1014.5,84,62,0.9,1,4.3,310,0.0
2020/02/13,1013.6,1016.1,1010.7,71,37,0.9,14,5.5,300,0.0
2020/02/13,1011.2,1013.4,1008.8,79,55,1.2,260,9.0,278,0.0
2020/02/14,1010.5,1012.7,1008.9,85,47,1.1,331,8.4,328,2.5
2020/02/15,1010.0,1012.5,1007.0,83,58,1.0,298,6.1,270,0.0
2020/02/16,1013.2,1017.4,1009.7,87,74,1.9,342,8.3,16,5.0
2020/02/17,1019.1,1021.5,1016.2,57,42,2.2,1,9.4,345,0.0
2020/02/18,1019.8,1022.0,1017.4,55,38,1.4,336,7.0,338,0.0
2020/02/19,1019.4,1020.6,1017.8,77,49,1.0,354,6.2,308,0.0
2020/02/20,1019.9,1021.5,1018.5,85,53,1.2,324,6.8,304,0.0
2020/02/21,1021.4,1023.4,1019.7,89,67,1.3,340,7.4,331,0.0
2020/02/22,1020.4,1022.4,1018.4,87,61,1.3,351,7.5,334,0.0
2020/02/23,1018.8,1021.3,1016.1,84,54,1.2,331,6.9,325,0.0
2020/02/24,1015.9,1018.3,1013.7,87,63,0.9,4,5.6,321,0.0
2020/02/25,1013.4,1015.7,1011.2,74,43,1.2,331,6.8,334,0.0
2020/02/26,1013.3,1014.9,1011.5,78,52,1.7,340,7.1,298,0.0
2020/02/27,1014.3,1016.3,1012.4,82,55,1.6,326,7.4,339,0.0
2020/02/28,1012.9,1014.8,1011.3,86,56,1.0,333,6.5,336,0.0
2020/02/29,1010.1,1012.2,1007.3,78,46,0.8,307,6.6,319,0.0
2020/03/01,1009.5,1011.4,1007.8,84,56,1.4,339,6.6,344,0.0
2020/03/02,1012.6,1015.1,1010.4,75,54,1.6,342,6.8,346,0.0
2020/03/03,1013.6,1016.2,1010.5,76,46,1.7,344,7.3,338,0.0
2020/03/04,1012.6,1014.7,1009.6,86,64,2.2,13,9.0,334,0.0
2020/03/05,1013.7,1015.3,1011.8,86,66,1.8,356,6.9,14,4.0
2020/03/06,1012.3,1014.7,1009.6,84,56,0.8,3,4.5,306,0.0
2020/03/08,1009.5,1012.5,1006.7,81,52,1.0,313,6.3,342,0.0
2020/03/08,1007.2,1009.3,1005.1,92,66,1.3,340,6.8,298,0.0
2020/03/10,1004.3,1007.0,1000.9,82,49,1.7,211,11.0,247,0.0
2020/03/10,1008.2,1012.5,1004.5,88,69,2.0,349,9.9,351,17.0
2020/03/11,1013.2,1014.9,1011.6,65,49,1.3,337,6.2,327,0.0
2020/03/12,1011.8,1014.2,1009.2,84,59,1.0,329,6.0,330,0.0
2020/03/13,1011.1,1013.2,1009.0,92,63,1.6,335,7.3,341,0.0
2020/03/14,1011.5,1014.1,1009.4,86,64,1.9,360,7.2,328,9.0
2020/03/15,1013.9,1015.8,1011.3,59,44,1.2,12,6.8,34,0.0
2020/03/16,1015.1,1017.0,1013.1,63,40,0.7,7,6.6,297,0.0
2020/03/17,1014.3,1016.0,1012.0,65,33,1.2,121,7.2,330,0.0
2020/03/18,1011.2,1013.5,1008.9,77,48,0.8,15,6.5,303,0.0
2020/03/19,1010.1,1011.9,1008.2,85,57,1.1,32,6.3,338,0.0
2020/03/20,1010.6,1011.9,1008.8,87,55,1.4,338,8.2,337,0.0
2020/03/21,1010.7,1013.1,1008.3,85,59,0.7,267,4.9,305,0.0
2020/03/22,1009.5,1011.8,1007.0,84,55,0.8,126,5.2,261,0.0
2020/03/23,1009.5,1011.0,1007.9,85,60,1.5,330,8.1,339,0.0
2020/03/24,1010.2,1011.7,1008.9,80,58,1.4,342,7.4,340,0.0
2020/03/25,1009.6,1011.4,1007.8,90,62,1.4,334,6.6,336,0.0
2020/03/26,1009.4,1011.0,1006.1,80,46,1.0,39,6.7,207,0.0
2020/03/27,1009.1,1011.3,1006.4,81,51,1.1,131,9.3,282,0.0
2020/03/28,1008.9,1010.9,1007.2,86,65,2.0,344,9.9,6,8.5
2020/03/29,1010.0,1012.3,1006.8,73,51,1.4,8,6.8,335,0.0
2020/03/30,1008.6,1010.0,1007.0,87,71,1.3,341,5.9,339,0.0
2020/03/31,1008.5,1010.5,1006.2,89,58,1.4,332,10.4,303,0.0
2020/04/01,1010.1,1012.7,1007.5,81,59,2.1,345,8.8,344,0.0
2020/04/02,1012.9,1015.7,1010.6,91,77,1.7,329,7.6,11,0.5
2020/04/03,1012.6,1014.2,1010.6,91,57,1.7,355,7.4,341,0.0
2020/04/04,1012.7,1014.5,1010.4,81,60,2.1,344,9.5,343,0.0
2020/04/05,1013.5,1014.9,1011.8,79,60,1.7,13,6.9,328,1.5
,1011.5,--,--,93,--,1.3,342,--,--,14.0
2020/04/07,1009.7,1011.3,1007.4,87,60,2.1,351,8.0,327,4.0
2020/04/08,1010.5,1012.5,1008.7,81,55,1.3,5,6.2,337,0.0
2020/04/09,1011.7,1013.2,1009.8,77,47,1.6,333,7.5,339,0.0
2020/04/10,1012.9,1014.7,1010.9,77,40,0.9,17,6.1,298,0.0
2020/04/11,1010.3,1013.1,1008.1,90,55,0.9,338,8.0,319,1.0
2020/04/12,1010.8,1014.1,1008.3,71,49,2.3,354,10.9,11,5.0
2020/04/13,1013.2,1015.0,1011.3,49,26,2.1,345,10.0,333,0.0
2020/04/14,1012.3,1014.3,1010.3,63,36,0.7,123,6.3,186,0.0
2020/04/15,1010.6,1012.6,1008.9,65,36,1.1,300,6.3,294,0.0
2020/04/16,1010.5,1012.2,1009.2,60,34,0.8,78,5.6,295,0.0
2020/04/17,1010.7,1012.6,1009.1,74,49,1.0,126,6.1,306,0.0
2020/04/18,1009.9,1011.8,1007.6,77,48,1.0,335,6.3,340,0.0
2020/04/19,1007.6,1009.2,1005.6,82,45,1.2,10,10.1,241,0.0
2020/04/20,1008.5,1010.7,1006.9,82,51,1.2,300,5.9,339,0.0
2020/04/21,1008.7,1010.6,1006.9,90,62,1.7,343,7.5,322,0.0
2020/04/22,1009.9,1012.4,1007.8,82,61,2.0,342,8.4,344,0.0
2020/04/23,1011.6,1012.5,1010.3,91,70,1.6,1,7.7,8,10.0
2020/04/24,1012.5,1014.1,1010.9,94,75,1.1,343,5.1,359,0.5
2020/04/25,1011.9,1013.5,1010.3,86,55,1.1,308,5.8,285,0.0
2020/04/26,1011.2,1013.2,1009.1,83,65,1.5,356,7.4,345,0.0
2020/04/27,1010.9,1012.3,1009.7,78,50,1.0,335,5.1,342,0.0
2020/04/28,1011.1,1012.9,1009.1,78,47,1.3,326,8.1,326,0.0
2020/04/29,1011.4,1013.1,1009.5,81,47,1.2,321,6.7,345,0.0
2020/04/30,1010.5,1012.5,1008.7,74,39,1.0,326,6.6,308,0.0
2020/05/01,1008.0,1010.4,1005.8,68,30,1.1,127,6.6,327,0.0
2020/05/02,1005.3,1007.4,1003.4,73,47,1.0,287,7.4,288,0.0
2020/05/03,1004.4,1006.3,1002.7,85,53,1.1,169,6.7,203,0.0
2020/05/04,1005.9,1007.2,1004.6,81,48,1.0,173,6.2,272,0.0
2020/05/05,1004.8,1006.5,1002.9,82,56,1.7,184,9.3,272,0.0
2020/05/06,1004.9,1006.6,1003.4,70,54,1.3,267,7.2,215,0.0
2020/05/07,1005.6,1006.8,1004.0,79,47,1.0,250,6.9,274,0.0
2020/05/08,1005.2,1006.7,1003.3,92,45,1.2,206,7.0,262,0.0
2020/05/09,1005.0,1006.4,1003.1,100,60,1.3,233,6.7,211,0.0
2020/05/10,1005.1,1006.9,1002.4,X,54,1.4,171,7.5,289,0.0
2020/05/11,1005.3,1007.1,1003.4,X,55,1.3,331,6.0,314,0.0
2020/05/12,1005.9,1007.3,1004.4,X,99,1.4,336,7.3,333,0.0
2020/05/13,1007.5,1009.0,1005.7,67,51,1.0,187,7.1,294,0.0
2020/05/14,1007.2,1009.0,1005.2,66,45,1.0,303,6.7,294,0.0
2020/05/16,1004.6,1006.2,1003.1,66,48,1.0,313,7.0,297,0.0
2020/05/16,1003.9,1005.0,1002.4,78,57,1.5,333,10.2,125,5.0
2020/05/18,1000.8,1003.0,997.8,69,53,1.5,340,7.8,339,0.0
2020/05/18,1000.6,1002.2,998.5,80,56,1.5,128,8.2,295,3.5
2020/05/19,1002.6,1004.1,1000.2,92,70,1.1,28,6.2,244,57.0
2020/05/20,1004.0,1005.4,1002.9,81,60,0.9,56,7.3,234,1.0
2020/05/22,1002.1,1004.2,1000.4,84,68,1.4,118,8.1,184,27.5
2020/05/22,999.6,1000.5,998.1,95,83,1.8,176,10.9,165,55.5
2020/05/23,1001.1,1003.2,998.8,90,73,0.8,331,4.1,340,7.5
2020/05/24,1004.1,1006.0,1002.5,78,56,0.9,337,7.5,307,0.0
2020/05/25,1005.7,1006.9,1004.2,74,52,1.0,99,7.0,312,0.0
2020/05/27,1004.8,1006.2,1003.2,83,65,1.7,169,10.7,216,85.0
2020/05/27,1004.8,1006.2,1002.9,92,65,0.8,29,7.4,205,33.0
2020/05/28,1006.6,1008.0,1004.5,84,66,1.1,99,7.1,289,107.5
2020/05/29,1007.0,1008.6,1005.2,87,62,1.3,131,6.8,298,21.5
2020/05/30,1007.6,1008.7,1006.2,81,64,1.5,130,7.6,191,1.0
2020/05/31,1007.5,1008.9,1004.8,74,54,1.2,190,6.3,262,0.0
2020/06/01,1007.0,1008.4,1004.7,73,51,1.2,167,7.1,272,0.0
2020/06/02,1006.0,1007.9,1004.0,73,50,1.0,195,8.2,309,0.0
2020/06/03,1005.2,1006.9,1002.9,70,48,1.3,169,7.2,282,0.0
2020/06/04,1004.9,1006.6,1003.5,69,47,1.4,127,7.5,263,0.0
2020/06/05,1004.3,1005.9,1002.2,68,50,1.6,173,8.3,217,0.0
2020/06/06,1003.7,1005.0,1002.3,74,51,1.6,203,11.6,204,11.5
2020/06/07,1003.7,1004.7,1002.7,76,52,1.3,129,7.9,242,2.0
2020/06/08,1004.5,1006.9,1002.2,86,67,0.9,24,9.9,222,52.0
2020/06/09,1005.6,1006.9,1004.1,78,56,0.8,26,5.5,284,0.0
2020/06/10,1005.4,1006.9,1003.7,72,51,1.0,259,6.2,285,0.0
2020/06/11,1003.9,1005.5,1001.6,75,58,0.9,127,4.9,302,0.0
2020/06/12,1002.1,1003.4,999.9,76,63,1.5,335,7.3,340,0.0
2020/06/13,1003.4,1007.0,1000.8,80,56,1.0,329,6.0,326,1.0
2020/06/14,1007.2,1009.9,1005.3,73,54,1.6,243,9.9,257,0.0
2020/06/15,1008.1,1009.8,1006.6,69,45,1.3,123,7.3,259,0.0
2020/06/16,1005.7,1007.6,1003.9,68,51,1.2,171,8.4,296,0.0
2020/06/17,1004.5,1005.7,1003.4,66,47,1.3,127,7.5,230,0.0
2020/06/18,1004.7,1006.3,1003.2,68,46,1.4,170,6.7,254,0.0
2020/06/19,1005.0,1006.2,1003.7,67,48,1.5,175,7.8,297,0.0
2020/06/20,1004.3,1005.9,1002.4,68,46,1.6,201,7.6,290,0.0
2020/06/21,1002.5,1004.3,1000.9,69,44,1.4,171,6.8,210,0.0
2020/06/22,1002.6,1003.9,1001.5,67,50,1.6,258,7.9,268,0.0
2020/06/23,1003.1,1004.0,1002.2,66,52,1.6,131,8.3,224,0.0
2020/06/24,1002.6,1003.9,1000.8,70,53,1.6,130,7.7,240,0.0
2020/06/25,1003.4,1005.2,1001.4,66,46,1.5,199,8.3,258,0.0
2020/06/26,1005.0,1006.5,1003.6,67,46,1.4,168,8.4,260,0.0
2020/06/27,1005.1,1006.6,1003.8,72,47,1.2,112,9.4,268,7.5
2020/06/28,1003.8,1005.7,1001.8,68,45,1.2,152,7.4,280,0.0
2020/06/29,1002.3,1004.1,1000.7,67,49,1.8,201,8.3,241,0.0
2020/06/30,1001.5,1003.2,1000.1,75,52,2.1,194,9.7,243,5.0
2020/07/01,1001.8,1003.8,1000.3,77,57,1.5,201,10.7,211,12.5
2020/07/02,1003.5,1006.1,1001.9,76,49,1.4,162,10.2,216,2.0
2020/07/03,1005.7,1007.8,1004.4,74,52,1.2,44,8.6,214,0.0
2020/07/05,1005.3,1006.9,1002.9,71,50,1.2,172,6.8,286,0.0
2020/07/05,1003.4,1005.2,1001.8,68,49,1.3,174,8.0,296,0.0
2020/07/06,1003.8,1005.8,1001.9,67,51,1.5,173,8.5,258,0.0
2020/07/07,1005.7,1006.0,1004.3,67,53,1.6,191,8.0,264,0.0
2020/07/08,1003.2,1005.3,1001.2,68,50,1.7,137,10.4,253,0.0
2020/07/09,1001.1,1002.3,1000.0,68,50,1.8,205,9.5,217,0.0
2020/07/10,1003.1,1004.5,1001.2,64,49,1.6,194,9.6,249,0.0
2020/07/11,1004.3,1005.6,1002.7,65,45,1.1,127,6.7,253,0.0
2020/07/12,1004.0,1005.6,1001.4,66,44,0.9,166,7.6,306,0.0
2020/07/13,1003.0,1004.4,1001.2,64,39,1.1,290,6.5,275,0.0
2020/07/14,1001.5,1003.0,999.0,63,43,1.0,195,6.3,311,0.0
2020/07/15,1002.0,1004.0,1000.3,71,60,1.5,191,10.2,250,0.0
2020/07/16,1003.6,1005.0,1002.4,78,57,1.3,168,6.1,252,16.0
2020/07/17,1004.7,1006.3,1002.7,71,49,1.3,167,8.7,268,2.0
2020/07/18,1004.5,1005.9,1003.1,68,43,1.4,124,7.0,266,0.0
2020/07/19,1004.4,1005.9,1002.7,65,47,1.4,170,8.7,261,0.0
2020/07/20,1006.0,1007.7,1003.5,68,45,1.2,127,8.4,162,3.5
2020/07/21,1006.8,1008.1,1004.9,71,50,1.4,115,6.8,343,0.0
2020/07/22,1005.7,1007.1,1003.9,74,53,1.2,3,7.6,339,0.0
2020/07/23,1005.1,1006.2,1003.2,73,49,1.2,129,7.5,315,0.0
2020/07/24,1004.0,1006.2,1001.6,68,48,1.2,119,6.7,275,0.0
2020/07/25,1003.3,1004.6,1001.6,71,49,1.1,143,6.9,265,0.0
2020/07/26,1003.0,1004.0,1000.8,70,52,1.3,127,7.8,219,3.5
2020/07/27,1003.0,1004.4,1001.2,69,49,1.3,126,7.8,270,0.0
2020/07/28,1004.2,1005.4,1002.1,81,51,1.2,54,8.1,161,59.5
2020/07/30,1003.6,1005.3,1001.4,74,56,1.1,170,6.6,334,0.0
2020/07/30,1002.6,1005.5,1000.4,75,60,0.8,26,5.6,34,0.0
2020/07/31,1002.7,1004.5,1001.5,69,52,1.0,292,4.9,304,0.0
2020/08/01,1003.9,1005.7,1002.0,77,53,0.7,25,7.9,130,10.0
2020/08/03,1002.9,1005.2,1000.6,75,52,1.6,19,8.6,345,0.0
2020/08/03,1000.7,1001.9,999.6,82,64,1.8,191,9.2,225,30.5
2020/08/04,1002.9,1006.1,1000.3,78,67,2.1,207,10.7,204,6.5
2020/08/05,1006.0,1008.3,1004.3,75,56,1.1,42,6.8,315,0.0
2020/08/07,1006.0,1008.0,1003.8,69,51,1.5,335,8.4,327,0.0
2020/08/07,1004.1,1006.4,1002.0,74,61,1.4,323,6.6,336,0.0
2020/08/09,1001.2,1003.6,998.9,76,59,1.2,336,7.2,349,0.0
2020/08/09,999.7,1001.0,998.1,72,53,1.0,291,7.2,300,0.0
2020/08/10,1001.2,1002.4,999.7,86,53,1.0,129,7.2,286,58.5
2020/08/11,1005.2,1008.6,1000.7,84,67,1.2,184,9.9,174,2.0
2020/08/12,1008.9,1011.0,1007.2,81,55,1.0,203,5.7,250,3.5
2020/08/13,1007.7,1010.1,1005.8,71,55,1.4,329,7.1,336,0.0
2020/08/14,1005.4,1007.0,1003.3,70,53,1.4,332,7.2,337,0.0
2020/08/15,1005.1,1006.8,1003.1,79,55,0.9,6,10.5,217,27.0
2020/08/17,1004.9,1006.1,1003.4,76,56,1.2,11,7.0,337,0.0
2020/08/18,1003.6,1005.1,1001.9,77,51,1.0,192,9.3,198,11.5
2020/08/18,1003.3,1005.4,1001.7,78,52,1.0,343,9.2,177,0.5
2020/08/19,1003.8,1005.3,1002.1,72,46,0.9,168,6.7,292,0.0
2020/08/20,1004.4,1006.2,1002.7,82,44,0.8,132,8.9,355,60.5
2020/08/22,1003.0,1005.8,1000.6,76,57,1.1,35,7.1,296,0.0
2020/08/22,1001.1,1002.6,999.7,77,58,1.5,326,9.1,341,17.0
2020/08/23,1002.3,1004.2,1000.7,77,50,0.9,164,8.0,322,11.5
2020/08/25,1000.3,1002.5,997.3,73,49,1.2,192,7.6,201,0.0
2020/08/25,999.3,1000.8,997.3,74,53,1.7,205,8.1,213,0.0
2020/08/26,999.2,1000.2,997.3,84,75,1.7,191,7.0,184,18.5
2020/08/27,998.9,1000.8,997.5,86,63,1.8,189,10.0,206,31.5
2020/08/28,999.5,1001.0,997.9,78,61,1.9,208,9.2,206,1.0
2020/08/29,1000.2,1001.4,998.5,78,55,0.9,18,5.9,292,0.0
2020/08/30,1000.3,1001.8,998.7,83,60,0.8,7,7.0,318,3.5
2020/08/31,999.2,1001.1,997.2,77,57,1.1,343,8.9,20,0.0
2020/09/01,999.0,1001.5,997.2,77,54,1.4,331,7.9,336,0.0
2020/09/02,1001.7,1003.7,999.9,76,62,1.4,168,8.3,249,0.0
2020/09/03,1004.3,1006.8,1002.2,80,59,1.0,93,9.8,130,3.0
2020/09/05,1004.4,1006.5,1002.0,75,60,1.2,33,7.2,347,0.0
2020/09/06,1001.6,1004.0,999.3,74,50,1.4,3,7.1,328,0.0
2020/09/06,1000.5,1002.3,999.0,60,30,1.6,340,8.2,345,0.0
2020/09/07,1004.3,1007.7,1001.9,64,31,0.9,50,6.4,277,0.0
2020/09/08,1007.6,1009.2,1006.4,69,43,0.9,8,7.0,316,0.0
2020/09/09,1005.6,1008.4,1003.5,72,50,0.9,24,6.6,301,0.0
2020/09/10,1003.1,1004.4,1000.5,73,52,0.9,124,7.1,341,0.0
2020/09/11,1004.4,1006.6,1003.0,74,54,1.1,128,6.0,257,0.0
2020/09/12,1006.8,1008.3,1005.1,83,60,0.8,298,8.3,212,49.0
2020/09/13,1007.0,1008.4,1005.1,81,57,1.0,337,5.7,305,0.0
2020/09/15,1005.9,1007.6,1003.4,79,56,1.2,314,7.0,329,0.0
2020/09/15,1005.4,1006.9,1003.1,78,54,1.0,2,6.9,336,0.0
2020/09/16,1004.7,1005.9,1003.2,76,58,1.1,309,6.0,304,0.0
2020/09/17,1004.3,1006.5,1002.5,75,55,0.8,138,5.5,346,0.0
2020/09/18,1007.3,1010.1,1005.2,75,53,1.4,19,7.0,331,5.0
2020/09/19,1008.5,1010.4,1006.6,78,56,1.1,1,6.3,328,0.5
2020/09/21,1006.6,1008.3,1004.4,78,60,1.7,122,9.2,342,0.0
2020/09/21,1005.5,1007.1,1003.5,72,53,1.5,342,8.6,338,0.0
2020/09/22,1005.1,1006.5,1003.1,71,52,1.3,337,6.9,331,0.0
2020/09/23,1005.5,1006.6,1004.1,71,54,1.0,323,6.3,337,0.0
2020/09/24,1005.3,1006.5,1003.8,75,52,1.5,336,9.0,331,0.0
2020/09/25,1004.5,1005.8,1002.8,71,58,1.5,340,6.1,18,0.0
2020/09/26,1004.5,1006.5,1002.4,70,56,1.0,332,7.0,342,0.0
2020/09/27,1006.1,1007.8,1004.6,75,61,1.2,337,6.0,330,0.0
2020/09/28,1005.9,1007.6,1004.1,79,67,1.2,332,5.3,341,0.0
2020/09/29,1003.5,1006.1,1001.4,72,52,1.5,340,7.2,335,0.0
2020/09/30,1002.9,1004.2,1001.5,70,53,1.1,336,7.2,11,0.0
2020/10/01,1004.2,1006.2,1002.5,69,55,1.1,333,6.3,325,0.0
2020/10/02,1005.8,1007.7,1003.7,73,53,1.2,329,7.1,335,0.0
2020/10/04,1006.0,1007.4,1003.6,76,55,0.9,327,6.4,290,0.0
2020/10/05,1004.6,1006.8,1002.2,73,41,0.9,308,5.4,306,0.0
2020/10/05,1005.5,1007.5,1003.7,74,56,1.5,330,6.9,342,0.0
2020/10/06,1007.3,1008.7,1005.3,67,52,1.9,347,8.8,330,0.0
2020/10/07,1007.9,1010.0,1005.6,66,51,1.9,338,9.0,337,0.0
2020/10/08,1008.1,1009.8,1006.0,65,50,1.3,346,7.7,339,0.0
2020/10/09,1007.9,1009.7,1005.5,68,48,1.6,349,8.7,356,0.0
2020/10/10,1006.2,1008.0,1004.0,74,54,1.5,1,8.3,346,0.0
2020/10/11,1004.6,1006.2,1002.2,79,56,1.3,19,7.1,341,0.0
2020/10/12,1004.8,1006.4,1002.8,81,59,1.4,331,7.3,343,0.0
2020/10/13,1007.1,1008.9,1005.4,80,60,1.0,325,6.1,332,0.0
2020/10/14,1008.6,1010.2,1006.4,80,61,1.2,336,7.1,332,0.0
2020/10/15,1008.1,1009.5,1005.9,75,51,0.9,329,6.0,342,0.0
2020/10/16,1008.2,1010.2,1006.1,78,54,1.2,314,5.4,300,0.0
2020/10/17,1008.9,1010.7,1007.1,74,54,1.5,342,6.7,346,0.0
2020/10/18,1009.5,1011.2,1007.5,75,60,1.7,2,7.7,345,0.0
2020/10/19,1008.8,1010.4,1006.2,74,57,1.6,3,9.0,346,0.0
2020/10/20,1006.9,1009.4,1004.9,77,57,1.5,339,7.8,340,0.0
2020/10/22,1003.0,1005.8,1000.8,82,63,1.0,344,4.8,340,0.0
2020/10/22,1003.4,1006.4,1000.9,81,69,2.5,7,11.0,3,0.5
2020/10/23,1006.0,1007.4,1003.8,77,70,1.8,7,9.3,16,0.0
2020/10/24,1008.5,1010.3,1006.4,68,57,1.2,337,5.8,59,0.0
2020/10/25,1009.1,1011.1,1007.1,73,60,1.0,323,6.0,332,0.0
2020/10/26,1007.5,1009.7,1005.0,75,55,1.2,324,6.7,334,0.0
2020/10/27,1007.4,1009.5,1005.2,75,57,0.8,345,5.9,327,0.0
2020/10/28,1009.8,1011.3,1008.4,78,53,1.0,333,6.5,334,0.0
2020/10/29,1011.4,1013.4,1009.1,77,61,1.7,339,8.7,334,0.0
2020/10/30,1011.5,1012.9,1009.5,67,52,1.7,359,9.7,338,0.0
2020/10/31,1010.7,1013.0,1008.5,65,49,1.2,335,6.6,332,0.0
2020/11/01,1009.1,1011.2,1007.4,74,48,0.8,313,5.9,300,0.0
2020/11/02,1008.0,1009.5,1005.6,76,50,1.3,343,7.7,10,0.0
2020/11/03,1009.6,1011.2,1007.3,66,47,1.9,343,8.6,17,0.0
2020/11/04,1010.8,1012.3,1008.6,63,49,1.3,336,7.1,324,0.0
2020/11/05,1010.7,1012.9,1008.8,69,50,1.2,339,7.3,333,0.0
2020/11/07,1006.7,1010.2,1003.6,87,74,1.1,335,6.8,331,0.0
2020/11/07,1009.5,1011.6,1006.2,92,74,1.4,1,6.6,15,1.0
2020/11/08,1011.1,1013.4,1009.7,80,66,1.9,354,8.5,328,0.0
2020/11/09,1011.3,1012.6,1009.4,76,65,1.1,351,5.2,331,1.0
2020/11/10,1013.0,1014.4,1011.1,81,74,1.1,338,4.6,336,3.0
2020/11/11,1013.3,1015.0,1011.7,71,52,1.4,343,7.4,342,0.0
2020/11/12,1011.3,1013.5,1009.4,74,52,1.2,329,5.0,17,0.0
2020/11/13,1010.6,1011.8,1009.0,83,75,1.6,4,8.3,14,0.0
2020/11/14,1011.6,1014.0,1009.1,87,76,0.5,328,3.4,327,2.0
2020/11/15,1013.0,1014.6,1011.7,81,60,0.8,7,4.7,343,0.0
2020/11/16,1011.5,1013.5,1009.6,84,61,0.9,325,5.7,333,0.0
2020/11/17,1010.1,1011.6,1008.7,78,53,0.9,285,5.5,304,0.0
2020/11/18,1008.5,1010.1,1006.6,79,55,0.8,118,5.8,292,0.0
2020/11/19,1007.6,1009.4,1005.5,74,53,0.9,2,6.3,334,0.0
2020/11/20,1008.5,1009.9,1007.0,76,54,1.3,333,7.7,327,0.0
2020/11/21,1009.7,1011.5,1008.0,80,54,1.0,328,6.4,298,0.0
2020/11/22,1012.3,1013.7,1010.8,82,63,1.2,346,8.0,326,0.0
2020/11/23,1013.4,1015.1,1011.5,76,59,1.2,340,5.1,348,0.0
2020/11/24,1013.5,1015.3,1011.1,75,60,1.3,28,6.9,329,0.0
2020/11/25,1012.8,1014.5,1010.5,79,56,0.9,340,8.2,343,0.0
2020/11/26,1013.0,1015.0,1011.0,83,53,0.9,159,5.7,326,0.0
2020/11/27,1014.1,1016.1,1011.8,78,62,1.3,5,7.5,330,0.0
2020/11/28,1014.5,1016.5,1012.1,74,57,1.9,11,7.7,331,0.0
2020/11/29,1014.7,1016.4,1012.8,74,56,1.7,344,7.9,331,0.0
2020/11/30,1014.8,1016.5,1012.4,72,58,1.0,338,6.4,349,0.0
2020/12/01,1013.6,1015.9,1011.2,74,53,1.3,345,8.8,338,0.0
2020/12/02,1012.1,1014.4,1009.4,71,52,1.9,346,8.1,333,0.0
2020/12/03,1012.0,1013.4,1010.2,68,50,2.5,5,11.1,338,0.0
2020/12/04,1012.0,1014.0,1010.2,73,64,1.6,351,7.7,327,0.0
2020/12/05,1012.8,1014.8,1010.4,73,55,1.8,356,8.0,349,0.0
2020/12/06,1012.2,1013.5,1010.1,79,60,1.4,7,6.4,334,0.0
2020/12/07,1012.7,1014.6,1010.4,82,65,1.8,348,8.7,344,0.0
2020/12/08,1012.5,1014.5,1010.9,82,72,1.8,12,7.5,13,1.0
2020/12/09,1011.1,1013.3,1009.3,92,84,1.2,345,6.7,20,6.5
2020/12/10,1010.5,1012.2,1008.0,88,76,1.6,334,6.4,321,0.0
2020/12/11,1009.7,1011.6,1007.7,87,72,1.4,2,5.6,335,0.0
2020/12/12,1009.3,1011.1,1007.2,79,64,1.6,9,6.9,331,0.0
2020/12/13,1009.9,1012.2,1007.8,80,56,1.4,333,7.7,339,0.0
2020/12/14,1012.7,1014.9,1010.4,81,61,1.8,343,8.2,336,0.0
2020/12/15,1015.2,1017.3,1012.9,76,60,1.8,336,7.7,337,0.0
2020/12/16,1015.7,1017.8,1014.0,76,60,1.7,340,6.8,14,0.0
2020/12/17,1014.7,1016.6,1012.3,75,56,1.4,335,7.5,326,0.0
2020/12/18,1014.7,1016.1,1012.0,83,67,1.8,3,9.6,334,0.0
2020/12/19,1015.6,1017.4,1013.2,78,63,2.5,360,10.4,331,0.0
2020/12/20,1016.1,1018.3,1014.1,74,63,1.9,349,9.6,13,0.0
2020/12/21,1014.9,1016.7,1013.7,86,75,1.0,6,4.6,326,3.0
2020/12/22,1012.9,1015.2,1010.6,81,55,1.2,341,7.2,326,0.0
2020/12/23,1011.1,1013.7,1009.4,92,81,1.6,358,8.6,13,1.5
2020/12/24,1009.9,1011.8,1007.6,86,76,2.0,11,9.0,15,5.0
2020/12/25,1012.7,1014.5,1010.7,75,61,1.5,19,6.9,338,0.0
2020/12/26,1013.2,1016.0,1010.5,76,43,1.4,335,7.0,329,0.0
2020/12/27,1010.9,1012.7,1008.3,84,55,1.3,1,6.2,36,3.0
2020/12/28,1008.7,1010.3,1006.3,77,52,1.4,325,7.1,335,0.0
2020/12/29,1008.6,1010.3,1006.5,85,65,1.4,335,5.8,339,0.0
2020/12/30,1014.8,1018.3,1009.3,67,53,3.2,359,13.7,4,0.0
2020/12/31,1019.4,1021.1,1017.8,59,51,2.1,7,8.9,8,0.0
2021/01/01,1018.4,1020.6,1015.6,65,47,1.3,2,6.7,342,0.0
2021/01/02,1016.5,1018.3,1013.5,73,50,1.3,325,6.6,27,0.0
2021/01/03,1016.6,1018.2,1014.0,78,52,1.4,350,8.2,324,0.0
2021/01/04,1015.2,1015.2,1012.7,85,72,1.6,6,7.8,1,0.0
2021/01/05,1013.7,1015.2,1011.1,81,62,1.8,3,8.9,23,0.0
2021/01/06,1012.9,1014.9,1010.4,80,72,1.3,10,4.7,33,0.0
2021/01/07,1014.1,1016.6,1011.7,81,67,2.2,23,11.7,11,2.0
2021/01/08,1017.6,1018.9,1016.0,69,59,2.6,27,10.1,35,0.0
2021/01/09,1017.5,1019.4,1014.8,57,43,1.8,7,8.4,8,0.0
2021/01/10,1016.6,1018.6,1013.9,62,47,1.0,1,6.7,3,0.0
2021/01/11,1017.4,1019.3,1015.4,78,68,2.0,22,10.1,35,0.5
2021/01/12,1016.3,1019.1,1013.8,67,48,2.2,15,10.2,48,0.0
2021/01/13,1013.9,1015.5,1011.4,66,34,1.1,15,6.8,318,0.0
2021/01/14,1012.5,1014.4,1010.1,68,34,0.7,359,6.1,326,0.0
2021/01/15,1011.1,1013.0,1007.6,74,43,0.9,53,6.4,359,0.0
2021/01/16,1011.4,1014.6,1009.2,77,45,1.2,5,7.5,6,0.0
2021/01/17,1016.0,1018.3,1013.8,69,52,2.6,7,12.4,6,0.0
2021/01/18,1016.2,1018.1,1013.4,70,52,1.2,356,8.7,358,0.0
2021/01/19,1014.5,1015.7,1013.1,73,50,0.8,357,5.8,13,0.0
2021/01/20,1013.1,1014.8,1011.4,83,57,1.0,346,6.0,6,0.0
2021/01/21,1010.0,1012.8,1007.2,84,51,1.2,3,5.8,359,0.0
2021/01/22,1006.5,1008.6,1004.6,90,71,0.8,3,5.0,360,0.0
2021/01/23,1008.2,1011.0,1005.3,88,61,1.4,2,8.2,356,0.0
2021/01/24,1011.9,1013.5,1010.2,83,63,1.1,2,8.6,40,0.0
2021/01/25,1012.7,1014.9,1010.3,78,58,1.6,8,7.6,359,0.0
2021/01/26,1011.8,1013.7,1009.7,87,60,1.0,2,5.7,343,0.0
2021/01/27,1012.2,1014.2,1009.7,83,61,1.4,9,6.6,339,0.0
2021/01/28,1014.9,1016.4,1013.4,78,61,1.9,5,9.9,26,0.0
2021/01/29,1015.9,1017.5,1014.1,65,45,1.1,5,7.0,3,0.0
2021/01/30,1017.4,1019.2,1015.4,77,51,0.9,41,6.0,10,0.0
2021/01/31,1017.3,1019.6,1015.4,81,47,0.7,316,5.1,318,0.0
2021/02/01,1014.8,1017.0,1012.9,73,24,0.8,4,6.2,319,0.0
2021/02/02,1014.6,1016.5,1012.2,70,47,1.4,6,8.9,7,0.0
2021/02/03,1016.4,1018.3,1014.4,77,55,0.9,2,7.0,11,0.0
2021/02/04,1016.4,1018.7,1014.4,82,57,0.8,351,7.0,3,0.0
2021/02/05,1014.5,1016.6,1012.6,83,54,0.6,324,4.8,311,0.0
2021/02/06,1013.0,1015.3,1010.8,74,39,0.8,4,6.6,293,0.0
2021/02/07,1013.1,1015.4,1011.0,85,61,1.3,354,6.6,5,0.0
2021/02/08,1013.6,1015.3,1011.8,82,52,1.2,7,8.6,2,0.0
2021/02/09,1013.1,1015.1,1010.9,75,53,1.1,2,8.1,14,0.0
2021/02/10,1009.0,1012.4,1006.4,86,59,0.9,1,7.0,317,5.0
2021/02/11,1006.6,1008.2,1004.6,94,86,1.9,19,8.5,10,26.0
2021/02/12,1009.0,1011.0,1006.8,88,75,1.3,15,6.5,19,0.0
2021/02/13,1010.2,1012.0,1008.3,85,65,1.5,8,7.2,19,0.0
2021/02/14,1009.7,1011.8,1007.8,87,63,0.8,3,6.3,324,0.0
2021/02/15,1009.9,1011.1,1008.6,82,55,1.2,1,7.5,6,0.0
2021/02/16,1011.0,1012.5,1009.0,79,45,1.0,5,6.4,312,0.0
2021/02/17,1013.9,1016.7,1012.2,70,49,2.3,8,9.7,10,0.0
2021/02/18,1018.0,1019.9,1016.1,55,41,2.0,3,9.1,339,0.0
2021/02/19,1017.6,1019.8,1015.7,63,46,0.8,1,6.4,274,0.0
2021/02/20,1015.4,1017.4,1013.4,69,37,0.6,356,6.2,319,0.0
2021/02/21,1013.4,1016.0,1011.6,62,24,0.6,6,5.6,312,0.0
2021/02/22,1011.5,1013.5,1009.3,60,29,0.7,356,5.8,11,0.0
2021/02/23,1009.7,1012.2,1007.1,77,56,1.6,5,7.5,2,0.0
2021/02/24,1008.8,1011.0,1006.7,84,70,1.4,4,7.4,4,0.0
2021/02/25,1006.3,1008.5,1004.5,81,59,1.1,5,5.5,316,0.0
2021/02/26,1005.3,1007.7,1003.4,82,58,1.2,359,6.3,4,0.0
2021/02/27,1009.2,1011.3,1006.8,82,64,1.7,14,7.8,7,0.0
2021/02/28,1011.0,1013.1,1009.1,80,58,1.1,6,6.7,359,0.0
2021/03/01,1011.6,1013.8,1009.8,76,55,0.9,340,5.4,329,0.0
2021/03/02,1013.0,1015.9,1010.7,77,58,2.1,6,9.0,21,0.0
2021/03/03,1015.1,1016.7,1013.6,78,62,1.4,360,6.4,5,0.0
2021/03/04,1014.2,1016.0,1012.4,81,51,1.3,9,7.4,325,0.0
2021/03/06,1011.9,1014.6,1010.2,81,58,1.0,4,6.6,321,0.0
2021/03/06,1012.3,1014.5,1010.4,82,62,1.7,2,7.0,7,0.0
2021/03/07,1013.6,1015.8,1011.6,85,72,2.1,13,7.9,6,0.0
2021/03/08,1014.6,1016.4,1012.0,82,64,1.8,2,7.9,360,0.0
2021/03/09,1014.8,1016.7,1012.5,84,64,1.5,10,7.7,7,0.0
2021/03/10,1015.0,1016.6,1012.6,82,63,1.5,1,7.9,20,0.0
2021/03/11,1015.0,1017.0,1012.9,82,63,1.0,311,6.6,339,0.0
2021/03/12,1013.8,1015.7,1011.2,79,57,1.5,356,8.3,16,0.0
2021/03/13,1013.1,1015.0,1011.2,77,58,1.6,1,9.1,4,0.0
2021/03/14,1011.5,1013.4,1009.3,76,53,1.6,5,8.8,14,0.0
2021/03/15,1010.3,1012.3,1008.9,76,58,0.9,11,5.8,7,0.0
2021/03/16,1008.8,1010.4,1007.0,69,49,1.2,2,6.4,9,0.0
2021/03/17,1008.9,1010.4,1007.1,76,59,1.6,2,6.3,356,0.0
,1008.6,--,--,81,--,1.8,355,--,--,0.0
,1007.5,--,--,74,--,1.3,356,--,--,0.0
2021/03/20,1006.7,1008.3,1004.7,76,54,1.4,3,7.8,4,0.0
2021/03/21,1010.6,1015.3,1007.3,78,62,2.3,10,10.0,15,0.0
2021/03/22,1016.4,1017.9,1015.6,78,71,1.7,9,6.5,9,0.0
2021/03/23,1014.7,1017.5,1012.2,77,61,0.9,358,5.1,10,0.0
2021/03/24,1012.1,1015.2,1009.7,90,76,1.2,5,6.6,29,9.5
2021/03/25,1011.6,1014.3,1009.9,72,54,1.6,4,6.7,6,0.0
2021/03/26,1010.7,1013.2,1008.7,80,59,1.1,8,6.6,356,0.0
2021/03/28,1007.4,1010.1,1004.4,75,54,0.8,3,5.3,317,0.0
2021/03/28,1004.7,1006.4,1002.9,74,56,0.9,133,7.3,317,0.0
2021/03/29,1003.7,1005.7,1000.9,78,57,0.9,16,5.4,308,0.0
2021/03/30,1002.9,1004.8,1001.3,79,61,0.9,180,5.6,310,0.0
2021/03/31,1003.3,1005.0,1002.0,80,57,1.0,8,7.2,332,0.0
2021/04/01,1004.0,1006.2,1002.1,81,65,0.7,186,4.5,321,0.0
2021/04/02,1005.7,1007.8,1004.2,78,51,0.8,306,5.8,302,0.0
2021/04/03,1007.1,1008.5,1005.4,81,61,1.5,359,6.5,16,0.0
2021/04/05,1008.6,1010.5,1007.0,76,64,1.7,7,7.6,356,0.0
2021/04/05,1011.8,1013.9,1010.1,58,46,1.8,1,6.2,7,0.0
2021/04/06,1012.1,1014.0,1009.8,65,45,1.6,1,7.7,8,0.0
2021/04/07,1010.8,1013.4,1008.8,73,59,1.1,6,4.9,10,0.0
2021/04/08,1009.3,1011.4,1007.1,78,62,1.8,8,9.3,13,0.0
2021/04/09,1011.5,1013.2,1009.4,76,59,1.9,9,8.2,37,1.0
2021/04/10,1013.5,1014.7,1011.4,78,58,1.4,3,8.2,5,0.0
2021/04/11,1013.8,1015.8,1012.2,80,63,1.2,1,6.2,331,0.0
2021/04/12,1011.6,1014.2,1009.5,77,52,0.9,304,6.7,10,0.0
2021/04/13,1009.6,1011.2,1007.8,78,55,1.2,2,6.4,354,0.0
2021/04/14,1009.1,1010.8,1007.1,77,61,2.0,10,8.5,352,0.0
2021/04/15,1008.4,1010.2,1005.8,77,61,1.5,4,7.4,3,0.0
2021/04/16,1008.7,1010.2,1007.0,77,56,1.3,7,6.6,329,0.0
2021/04/17,1009.5,1011.5,1007.4,72,54,1.7,10,9.6,359,0.0
2021/04/18,1008.6,1010.0,1005.9,65,57,1.2,1,7.2,11,0.0
2021/04/20,1007.7,1009.2,1005.6,66,50,1.1,8,7.9,14,0.0
2021/04/20,1007.0,1008.8,1005.3,72,54,0.8,327,6.3,8,0.0
2021/04/21,1006.0,1008.0,1003.9,76,55,1.1,5,7.7,3,0.0
2021/04/22,1003.3,1005.1,1001.0,85,70,1.1,342,6.9,12,0.0
2021/04/23,1002.6,1004.1,1000.1,81,66,2.0,5,9.9,351,0.0
2021/04/24,1005.3,1007.2,1003.3,79,59,1.5,360,9.8,11,0.0
2021/04/25,1007.3,1009.5,1004.9,87,75,0.6,1,3.8,199,4.5
2021/04/26,1008.8,1011.3,1007.1,76,57,1.0,57,7.9,272,0.0
2021/04/27,1010.9,1012.5,1009.6,83,62,1.3,1,5.7,337,0.5
2021/04/28,1010.4,1012.3,1008.8,81,61,1.3,2,5.9,358,0.0
2021/04/29,1008.1,1009.6,1006.8,90,79,0.7,1,5.2,1,30.5
2021/04/30,1007.6,1009.0,1006.1,76,57,0.7,294,5.5,314,0.0
2021/05/01,1008.0,1009.6,1006.5,71,48,0.9,136,6.1,304,0.0
2021/05/02,1009.7,1011.6,1008.1,77,53,1.1,2,7.3,2,0.0
2021/05/03,1009.2,1011.2,1007.4,85,63,0.9,356,5.6,7,0.0
2021/05/04,1007.2,1008.9,1004.3,76,52,0.9,141,7.6,291,0.0
2021/05/05,1008.8,1011.1,1006.9,78,60,1.5,5,7.8,323,0.0
2021/05/06,1010.4,1012.0,1008.8,76,62,1.1,4,6.5,320,0.0
2021/05/07,1008.4,1010.8,1005.8,74,54,0.8,172,6.4,293,0.0
2021/05/08,1005.7,1007.4,1004.0,78,56,1.4,304,9.3,290,0.0
2021/05/09,1005.3,1007.7,1002.9,76,56,1.0,310,6.5,286,0.0
2021/05/10,1005.0,1007.1,1003.0,75,59,1.0,280,5.7,288,0.0
2021/05/11,1004.9,1006.7,1003.3,75,54,1.3,187,7.5,297,0.0
2021/05/12,1004.9,1006.6,1002.8,71,51,1.1,196,8.1,310,0.0
2021/05/13,1005.2,1007.1,1003.7,72,55,1.0,218,5.9,297,0.0
2021/05/14,1005.8,1007.1,1004.5,74,55,1.1,151,7.7,319,0.0
2021/05/15,1005.2,1007.1,1003.2,73,54,1.5,223,9.3,276,0.0
2021/05/16,1005.3,1006.9,1003.5,72,50,1.7,277,9.5,280,0.0
2021/05/17,1005.9,1007.6,1004.5,74,49,1.3,284,7.4,313,0.0
2021/05/18,1005.9,1007.7,1003.5,74,55,1.2,278,7.2,288,0.0
2021/05/19,1004.5,1006.5,1002.5,74,48,1.4,224,9.8,296,0.0
2021/05/20,1004.9,1006.3,1003.2,69,48,1.5,211,8.8,284,0.0
2021/05/21,1004.5,1006.3,1002.5,71,51,1.6,260,8.5,275,0.0
2021/05/22,1003.8,1005.6,1002.0,72,52,1.0,306,6.4,284,0.0
2021/05/23,1004.4,1006.0,1003.1,72,49,1.1,145,7.2,318,0.0
2021/05/24,1005.7,1007.5,1003.8,74,52,1.4,196,8.4,306,3.0
2021/05/25,1006.1,1007.5,1004.0,76,55,1.4,337,7.2,1,0.0
2021/05/26,1005.4,1007.0,1003.5,75,54,1.2,284,8.1,293,0.0
2021/05/27,1005.3,1006.7,1003.7,72,50,1.4,175,8.2,297,0.0
2021/05/28,1005.0,1006.8,1003.3,72,48,1.7,178,9.4,279,0.0
2021/05/30,1003.1,1004.6,1001.8,77,61,1.5,203,8.5,278,0.0
2021/05/30,1001.2,1002.8,999.7,94,79,1.4,185,8.6,223,90.5
2021/05/31,1001.2,1003.5,999.9,93,77,0.9,53,11.8,140,16.0
2021/06/01,1003.1,1004.2,1001.9,88,70,0.9,210,7.8,200,17.0
2021/06/02,1003.8,1005.3,1001.8,80,60,1.2,281,7.4,280,0.0
2021/06/04,1002.4,1004.7,1000.0,79,61,1.3,278,7.4,265,0.0
2021/06/04,999.7,1001.5,997.0,81,57,1.9,226,8.6,241,21.0
2021/06/05,999.8,1001.2,998.3,94,74,1.6,219,11.5,267,112.0
2021/06/06,1001.2,1004.6,998.9,92,72,1.9,220,10.0,222,55.0
2021/06/07,1005.1,1007.2,1003.1,82,61,0.9,14,10.7,239,0.0
2021/06/08,1005.8,1007.0,1003.4,84,57,1.4,132,13.6,172,30.0
2021/06/10,1004.1,1006.1,1001.9,78,58,1.3,356,7.5,18,0.0
2021/06/10,1002.7,1004.7,1000.2,76,56,1.3,138,8.1,357,0.0
2021/06/11,1003.5,1006.3,1002.1,75,55,1.2,358,7.4,358,0.0
2021/06/12,1006.2,1008.4,1004.5,82,56,1.0,212,10.7,196,71.0
2021/06/14,1005.6,1007.6,1002.6,78,58,1.0,8,6.7,307,0.0
2021/06/14,1002.8,1005.3,1001.0,76,56,1.0,283,6.3,323,0.0
2021/06/15,1000.9,1002.0,999.8,77,60,1.5,181,8.6,262,0.0
2021/06/16,1003.1,1004.8,1000.2,87,74,1.3,187,7.8,289,56.5
2021/06/17,1004.1,1005.6,1003.0,77,62,1.6,226,7.6,290,2.0
2021/06/18,1002.9,1004.5,1000.8,75,58,1.6,214,8.3,274,0.0
2021/06/20,1000.8,1002.7,999.2,81,69,1.6,187,10.4,226,31.0
2021/06/20,999.2,1000.8,997.6,89,76,1.3,176,5.9,201,41.5
,999.6,--,--,94,--,1.5,176,--,--,115.0
2021/06/22,1001.2,1002.6,998.7,95,83,1.6,171,8.6,183,44.0
2021/06/23,1002.3,1004.1,1000.5,87,74,1.2,123,9.6,227,0.0
2021/06/24,1002.6,1004.2,1001.2,84,64,1.3,162,8.3,235,2.5
2021/06/25,1002.5,1004.2,1000.8,81,64,1.5,212,8.5,242,2.5
2021/06/26,1004.1,1005.7,1002.5,82,62,1.5,195,8.0,232,1.5
2021/06/27,1003.1,1005.1,1000.9,81,65,1.5,187,8.8,220,1.0
2021/06/28,1002.1,1003.2,1000.9,88,71,1.7,181,8.8,265,57.0
2021/06/29,1002.9,1004.1,1002.1,85,70,1.5,182,11.0,204,4.5
2021/06/30,1003.5,1004.8,1002.1,81,62,1.5,185,8.7,293,0.5
2021/07/01,1003.6,1005.1,1001.8,76,58,1.5,205,8.6,279,0.0
2021/07/02,1004.0,1005.1,1002.6,76,62,1.4,180,8.0,275,0.0
2021/07/03,1003.5,1005.1,1001.8,77,55,1.2,281,6.4,275,0.0
2021/07/04,1004.1,1005.7,1003.0,77,58,1.3,328,8.1,323,0.0
2021/07/05,1003.0,1004.6,1001.3,72,52,1.6,23,8.6,358,0.0
2021/07/07,1002.5,1007.0,998.9,78,62,1.4,261,9.8,232,0.0
2021/07/07,1007.1,1009.2,1005.4,82,58,1.3,142,8.3,277,5.5
2021/07/08,1007.6,1009.0,1006.0,78,53,1.2,153,7.6,340,0.0
2021/07/09,1006.3,1007.7,1004.7,75,54,1.1,59,8.3,312,0.0
2021/07/10,1006.8,1008.8,1005.5,77,58,1.2,310,7.7,311,0.0
,1007.6,--,--,81,--,1.4,343,--,--,2.0
2021/07/12,1006.7,1008.5,1004.5,81,58,1.1,141,6.7,4,0.0
2021/07/13,1005.1,1006.4,1003.4,81,60,1.3,140,7.5,313,1.0
2021/07/14,1004.6,1005.9,1002.6,72,53,1.5,122,7.8,314,0.0
2021/07/15,1004.7,1006.2,1002.7,86,60,1.0,3,7.3,166,41.5
2021/07/16,1004.2,1005.5,1002.6,83,53,1.1,137,8.0,143,6.0
2021/07/18,1001.2,1003.5,998.7,80,53,0.9,177,7.3,186,0.0
2021/07/19,999.9,1001.4,998.2,80,55,0.8,148,6.4,316,2.5
2021/07/19,999.8,1001.2,997.9,82,57,1.0,20,9.2,133,17.5
2021/07/20,999.7,1000.8,998.1,83,60,1.3,320,8.2,318,0.0
2021/07/22,996.5,999.2,993.9,76,55,1.8,14,10.1,32,0.0
2021/07/23,991.6,995.2,989.3,87,75,2.9,24,11.2,5,10.0
2021/07/23,989.8,991.2,987.9,88,73,3.0,4,13.4,1,10.5
2021/07/25,992.1,993.8,990.4,77,57,1.8,235,11.1,349,0.0
2021/07/25,994.0,995.7,992.4,82,67,1.6,216,8.3,239,7.5
2021/07/27,993.7,995.7,992.0,84,67,1.7,201,7.8,238,6.5
2021/07/27,992.3,993.9,989.9,77,53,1.2,225,6.4,241,0.0
2021/07/28,993.8,996.1,992.0,76,61,1.6,224,9.3,232,0.0
2021/07/29,996.9,999.1,995.0,79,64,1.7,222,9.7,233,0.0
2021/07/30,998.2,999.7,996.5,79,66,2.0,188,8.9,219,0.5
2021/07/31,997.5,999.9,995.2,92,76,1.6,212,9.3,235,63.0
2021/08/02,994.7,996.7,992.9,97,88,1.5,185,7.1,215,122.5
2021/08/02,994.2,995.5,992.6,94,83,1.3,182,8.8,314,136.5
2021/08/03,994.7,996.3,993.3,88,66,1.4,217,7.1,183,2.0
2021/08/04,995.1,996.6,992.9,81,66,1.2,222,11.8,213,0.0
2021/08/05,994.5,995.6,993.2,89,74,1.7,185,10.2,188,13.5
2021/08/07,992.9,994.9,991.2,94,76,2.5,187,11.9,227,170.5
2021/08/07,995.8,1000.2,990.7,97,87,1.6,54,13.0,225,47.0
2021/08/08,1001.2,1003.2,999.0,89,77,1.6,219,8.6,242,0.0
2021/08/09,1003.3,1004.7,1001.4,93,75,1.2,148,7.5,189,18.5
2021/08/10,1003.5,1005.2,1002.2,87,63,1.0,161,10.0,195,13.0
2021/08/11,1005.4,1007.0,1003.6,81,63,1.2,276,7.1,298,0.0
2021/08/12,1005.7,1007.6,1003.2,79,59,1.2,213,6.7,282,0.0
2021/08/14,1003.1,1004.9,1001.5,77,63,1.4,205,9.3,231,0.0
2021/08/14,1003.7,1006.6,1001.9,81,69,1.8,209,8.3,274,0.0
2021/08/15,1007.0,1009.5,1005.3,75,52,1.3,275,6.8,279,0.5
2021/08/16,1008.6,1009.8,1006.9,76,58,1.1,156,6.4,314,0.0
2021/08/17,1006.4,1008.9,1003.8,78,59,1.2,135,6.7,286,0.0
2021/08/18,1004.5,1006.2,1002.2,80,58,0.8,133,5.7,131,0.0
2021/08/19,1004.7,1006.0,1002.5,81,54,1.0,133,8.0,323,0.0
2021/08/20,1005.5,1007.1,1003.6,74,49,0.9,193,6.7,295,0.0
2021/08/21,1004.6,1005.9,1002.5,75,56,1.0,284,6.6,313,0.0
2021/08/22,1003.5,1005.0,1001.6,74,56,1.1,144,7.0,302,0.0
2021/08/23,1003.8,1005.1,1002.6,76,56,1.3,279,6.5,272,0.0
2021/08/24,1004.5,1006.3,1002.8,79,57,1.3,142,7.8,284,0.0
2021/08/25,1005.9,1008.4,1003.6,80,58,1.0,138,7.4,289,1.0
2021/08/26,1007.5,1008.9,1005.5,77,49,1.3,20,7.3,335,0.0
2021/08/27,1007.5,1008.4,1005.8,76,58,1.0,64,6.7,315,0.0
2021/08/28,1006.7,1007.8,1004.9,77,50,1.0,44,6.7,327,0.0
2021/08/29,1006.6,1007.8,1005.0,78,52,0.9,331,5.2,4,0.0
2021/08/30,1006.8,1008.8,1005.4,85,73,0.7,13,4.1,208,0.0
2021/08/31,1006.5,1007.9,1005.4,81,62,1.3,143,7.0,309,0.0
2021/09/01,1005.9,1007.1,1003.7,83,62,1.0,189,6.4,326,2.0
2021/09/03,1004.9,1006.9,1002.2,81,63,1.0,344,7.1,171,0.0
2021/09/03,1003.6,1005.5,1001.4,78,56,1.0,142,6.7,2,0.0
2021/09/04,1004.7,1006.3,1003.0,80,54,1.1,350,7.3,316,4.0
2021/09/05,1005.3,1008.1,1003.1,83,65,1.1,15,6.2,215,2.5
2021/09/06,1006.6,1008.2,1005.2,76,54,1.0,2,7.6,3,0.0
2021/09/08,1006.0,1007.6,1003.9,75,54,1.2,10,7.2,322,0.0
2021/09/08,1004.7,1006.3,1003.0,79,59,1.1,355,7.0,334,0.0
2021/09/09,1004.5,1005.7,1003.0,79,58,0.9,41,5.2,292,0.0
2021/09/10,1002.9,1005.1,1000.4,79,59,0.9,1,6.6,8,0.0
2021/09/11,995.6,1000.5,991.8,82,61,1.0,17,5.3,324,0.0
2021/09/12,993.8,1000.5,989.1,87,65,1.6,184,10.8,354,2.0
2021/09/13,1003.0,1006.7,999.5,84,68,1.4,230,8.4,193,14.0
2021/09/14,1006.9,1008.5,1005.0,79,60,1.2,140,6.7,311,0.0
2021/09/15,1006.3,1008.2,1003.7,77,50,1.0,282,6.0,294,0.0
2021/09/16,1004.7,1006.4,1001.9,78,54,0.9,145,6.5,270,5.0
2021/09/17,1005.6,1007.2,1003.9,80,58,0.9,2,5.3,325,0.0
2021/09/18,1007.2,1008.5,1005.9,80,56,1.2,199,6.5,12,0.0
2021/09/19,1007.2,1008.4,1005.8,79,55,0.9,35,5.0,319,0.0
2021/09/20,1006.4,1008.3,1003.7,75,52,0.7,336,5.7,345,0.0
2021/09/22,1005.4,1007.2,1003.1,76,59,1.0,329,6.5,306,0.0
2021/09/22,1007.1,1009.5,1005.4,73,58,1.2,360,6.3,356,0.0
2021/09/23,1009.4,1010.9,1007.9,75,53,1.0,341,6.2,13,0.0
2021/09/24,1009.0,1010.9,1006.8,76,53,1.1,15,6.8,306,0.0
2021/09/25,1007.3,1008.9,1005.7,74,54,1.0,351,6.9,312,0.0
2021/09/26,1006.2,1007.8,1004.6,76,57,1.1,5,6.5,11,0.0
2021/09/27,1005.1,1006.5,1003.6,79,57,1.1,357,6.4,2,0.0
2021/09/28,1003.6,1005.3,1001.7,76,49,0.8,3,5.6,6,0.0
2021/09/29,1002.6,1003.8,1000.4,74,48,0.9,9,6.0,6,0.0
2021/09/30,1003.5,1005.6,1001.5,77,56,0.9,1,5.2,17,0.0
2021/10/01,1005.1,1007.0,1002.9,78,57,0.9,1,5.7,359,0.0
2021/10/02,1006.8,1008.5,1004.8,78,56,1.0,4,6.6,360,0.0
2021/10/03,1007.7,1008.9,1006.2,77,51,0.9,139,6.3,20,0.0
2021/10/04,1007.7,1009.4,1006.3,74,44,0.8,3,5.3,19,0.0
2021/10/05,1005.6,1007.8,1003.9,70,50,0.8,149,5.7,273,0.0
2021/10/07,1003.5,1006.0,1001.3,72,52,0.9,13,5.5,352,0.0
2021/10/07,1003.2,1004.6,1001.6,77,57,0.8,156,4.3,13,0.0
2021/10/08,1003.7,1005.4,1001.9,77,52,0.8,2,4.9,3,0.0
2021/10/09,1004.0,1005.5,1002.1,80,51,0.8,23,5.4,314,0.0
2021/10/11,1002.0,1004.5,999.8,76,57,0.7,13,6.0,317,0.0
2021/10/11,993.4,1000.0,989.9,72,55,2.1,32,9.8,40,0.0
2021/10/12,994.6,999.6,990.1,86,70,0.8,188,6.5,275,3.0
2021/10/13,1003.1,1005.7,999.5,91,73,0.6,40,4.8,94,4.5
2021/10/14,1005.3,1007.2,1003.5,94,83,0.4,146,3.1,181,3.0
2021/10/15,1005.0,1006.4,1003.3,85,56,0.7,37,5.8,314,0.0
2021/10/16,1007.8,1010.7,1005.8,79,54,1.3,8,7.7,13,0.0
2021/10/17,1011.0,1012.6,1009.1,69,56,2.1,28,9.5,19,0.0
2021/10/18,1011.9,1013.7,1009.8,72,56,1.3,358,6.6,9,0.0
2021/10/19,1012.5,1014.2,1010.2,76,55,1.2,7,7.0,7,0.0
2021/10/20,1011.2,1012.8,1009.3,78,58,0.9,7,5.8,325,0.0
2021/10/21,1009.5,1011.0,1008.1,80,66,1.9,9,9.0,32,0.0
2021/10/22,1011.8,1013.3,1009.9,80,72,1.6,8,7.3,19,0.0
2021/10/23,1012.3,1013.7,1010.7,77,58,0.9,359,4.7,316,0.0
2021/10/24,1011.8,1013.6,1009.6,82,69,1.4,6,7.3,343,0.0
2021/10/25,1010.0,1012.0,1008.0,78,60,1.7,4,8.3,357,0.0
2021/10/26,1010.0,1011.8,1007.9,78,54,0.9,1,5.5,13,0.0
2021/10/27,1011.3,1012.9,1009.5,76,55,1.3,1,8.3,344,0.0
2021/10/28,1012.3,1013.9,1010.7,73,52,1.3,1,8.4,357,0.0
2021/10/29,1012.8,1013.9,1010.8,72,54,1.0,5,8.1,40,0.0
2021/10/30,1013.5,1014.9,1012.0,73,56,1.2,1,6.9,358,0.0
2021/10/31,1013.3,1014.6,1011.2,78,55,1.3,5,8.1,3,0.0
2021/11/01,1013.1,1014.8,1011.0,78,57,1.1,11,7.5,6,0.0
2021/11/02,1012.5,1014.8,1010.4,77,59,1.2,1,6.6,352,0.0
2021/11/03,1011.1,1012.8,1008.9,78,61,0.8,350,5.3,13,0.0
2021/11/04,1010.3,1011.9,1008.9,80,56,0.8,339,5.9,301,0.0
2021/11/05,1007.9,1010.5,1005.5,80,52,0.7,278,6.1,322,0.0
2021/11/06,1005.7,1006.6,1004.0,78,53,1.2,4,7.5,7,0.0
2021/11/07,1007.2,1008.8,1005.6,80,50,1.0,1,5.9,5,0.0
2021/11/08,1009.7,1012.3,1007.6,79,61,1.9,4,8.3,31,0.0
2021/11/09,1012.6,1014.9,1010.8,64,53,1.5,4,7.5,342,0.0
2021/11/10,1012.8,1014.4,1010.9,59,35,1.3,10,8.0,31,0.0
2021/11/11,1012.2,1014.6,1009.3,62,41,1.1,9,7.7,3,0.0
2021/11/12,1012.9,1015.5,1011.4,71,44,1.2,360,6.6,341,0.5
2021/11/13,1012.8,1015.4,1010.6,83,65,1.3,11,7.3,32,3.5
2021/11/14,1012.0,1014.2,1009.4,76,55,1.3,4,6.6,5,0.0
2021/11/15,1011.2,1013.4,1009.2,76,53,0.7,18,4.5,322,0.0
2021/11/16,1011.7,1013.1,1009.9,80,50,1.1,5,7.5,340,0.0
2021/11/17,1011.0,1012.9,1009.1,82,54,0.9,357,5.7,317,0.0
2021/11/18,1008.4,1011.4,1005.2,82,61,1.9,11,8.9,20,0.0
2021/11/19,1006.4,1008.2,1003.9,83,65,1.5,1,8.6,15,0.0
2021/11/20,1007.6,1009.6,1005.8,81,58,0.9,5,6.0,3,0.0
2021/11/21,1008.8,1009.9,1007.1,83,58,1.0,355,5.5,359,0.0
2021/11/22,1010.1,1012.8,1007.9,81,63,1.9,8,9.3,34,0.0
2021/11/23,1014.2,1016.0,1011.9,73,63,1.8,21,7.1,339,0.0
2021/11/24,1013.9,1016.0,1011.7,73,53,1.2,13,7.3,346,0.0
2021/11/25,1012.3,1014.0,1010.7,81,69,1.1,2,4.8,3,0.0
2021/11/26,1012.5,1014.0,1010.8,86,78,1.5,16,7.4,35,1.0
2021/11/27,1013.0,1014.2,1011.6,75,57,1.2,14,5.2,34,0.0
2021/11/28,1013.1,1015.5,1011.6,84,68,0.7,355,4.2,1,0.0
2021/11/29,1010.3,1012.1,1008.2,84,56,0.7,4,4.9,313,0.0
2021/11/30,1010.8,1012.5,1008.3,78,53,2.4,30,9.9,9,0.0
2021/12/01,1013.6,1015.4,1011.5,59,44,2.5,4,10.4,39,0.0
2021/12/03,1014.4,1016.3,1011.6,68,51,1.6,8,9.2,2,0.0
2021/12/03,1014.8,1016.9,1012.2,61,39,1.7,2,8.1,358,0.0
2021/12/04,1015.5,1017.1,1013.4,60,36,1.3,56,6.7,14,0.0
2021/12/05,1014.8,1016.6,1012.6,70,37,1.3,10,7.6,339,0.0
2021/12/06,1013.0,1014.4,1011.0,82,60,1.2,5,7.7,4,0.0
2021/12/07,1014.3,1016.1,1012.7,75,51,1.3,1,7.0,356,0.0
2021/12/08,1016.2,1018.0,1014.3,73,50,0.9,4,6.7,19,0.0
2021/12/09,1015.9,1017.7,1014.3,80,54,0.9,1,8.5,358,0.0
2021/12/10,1014.4,1015.9,1012.4,77,53,0.8,156,6.3,248,0.0
2021/12/11,1015.4,1017.2,1013.3,84,58,1.3,9,7.9,7,0.0
2021/12/12,1014.9,1016.7,1012.5,81,55,1.5,20,9.7,358,0.0
2021/12/13,1014.3,1016.4,1012.1,78,59,1.6,4,8.6,11,0.0
2021/12/14,1013.0,1015.2,1010.3,82,55,1.0,1,7.7,8,0.0
2021/12/15,1012.1,1014.2,1009.1,87,58,0.9,330,6.9,314,0.0
2021/12/16,1011.7,1012.9,1009.3,83,56,1.0,9,5.9,13,0.0
2021/12/17,1012.7,1015.5,1010.5,76,61,2.4,13,11.5,9,0.0
2021/12/18,1016.3,1018.1,1014.4,66,55,2.0,28,8.4,8,0.0
2021/12/19,1016.1,1018.1,1013.9,65,49,1.1,14,6.0,13,0.0
2021/12/20,1014.5,1016.3,1012.3,78,59,1.1,5,6.1,12,0.5
2021/12/22,1009.7,1012.4,1007.0,95,84,1.0,14,10.0,21,21.0
2021/12/22,1009.6,1011.0,1008.2,90,81,1.7,17,7.5,42,0.0
2021/12/23,1010.7,1012.4,1009.1,87,71,1.2,5,7.8,7,0.0
2021/12/24,1011.4,1012.9,1009.8,89,75,1.5,354,6.5,2,0.5
2021/12/25,1014.8,1017.7,1011.6,81,74,1.7,8,7.0,6,2.5
2021/12/26,1018.8,1020.9,1016.7,77,63,1.9,11,7.6,13,0.0
2021/12/27,1020.6,1022.6,1018.5,84,77,1.7,3,6.6,343,0.5
2021/12/28,1018.6,1021.2,1016.0,83,60,1.5,2,7.2,344,0.0
2021/12/29,1018.1,1019.5,1016.3,86,58,1.1,8,8.3,13,0.0
2021/12/30,1018.5,1020.2,1016.5,76,56,1.7,6,7.8,10,0.0
2021/12/31,1019.6,1021.0,1017.3,74,55,1.5,39,9.3,6,0.0
2022/01/01,1018.9,1021.1,1016.5,75,38,1.7,37,7.8,44,0.0
2022/01/02,1016.9,1018.6,1014.4,79,51,1.5,17,7.1,6,0.0
2022/01/03,1015.7,1017.5,1013.5,79,49,1.5,13,6.8,360,0.0
2022/01/04,1014.6,1016.8,1012.1,84,56,1.1,356,5.9,13,0.0
2022/01/05,1012.7,1014.3,1010.4,89,71,1.1,41,7.0,351,0.0
2022/01/07,1013.6,1016.5,1011.5,83,57,2.0,21,8.8,8,0.5
2022/01/07,1015.7,1018.0,1013.4,85,67,1.8,3,6.7,58,3.5
2022/01/08,1013.9,1016.2,1011.4,78,59,1.5,5,6.7,5,0.0
2022/01/09,1012.1,1013.6,1009.9,81,60,1.4,4,8.3,38,0.0
2022/01/10,1011.4,1013.0,1008.7,84,60,1.3,1,6.8,11,0.0
2022/01/11,1013.3,1015.4,1011.0,74,57,2.3,17,10.1,29,0.0
2022/01/12,1015.6,1017.6,1013.9,75,62,0.7,13,4.0,54,0.0
2022/01/13,1015.9,1018.2,1013.1,73,54,1.7,4,9.8,23,0.0
2022/01/14,1015.7,1017.7,1012.7,70,48,1.2,13,6.5,3,0.0
2022/01/15,1015.7,1017.8,1013.4,77,55,1.2,2,8.2,16,0.0
2022/01/16,1015.4,1017.2,1012.7,82,56,1.5,5,7.8,8,0.0
2022/01/17,1014.7,1016.2,1012.6,85,68,1.8,12,8.4,5,0.5
2022/01/18,1013.8,1015.5,1011.7,87,72,1.5,22,7.1,351,1.0
2022/01/19,1012.2,1014.0,1009.9,82,64,1.6,10,7.0,2,0.0
2022/01/20,1011.6,1013.5,1009.6,80,52,1.1,12,6.4,12,0.0
2022/01/21,1012.4,1015.4,1010.9,89,70,1.7,8,8.2,8,1.5
2022/01/22,1009.7,1012.2,1006.7,93,74,1.5,5,9.6,9,9.0
2022/01/23,1007.8,1009.0,1006.4,95,74,0.7,1,5.7,312,0.0
2022/01/24,1009.2,1010.8,1008.1,93,85,1.7,2,7.8,43,0.5
2022/01/25,1011.2,1013.3,1009.0,86,65,1.4,2,7.9,6,0.0
2022/01/26,1012.1,1013.9,1010.0,87,62,1.5,11,7.6,15,0.0
2022/01/27,1011.9,1013.4,1009.5,86,58,1.6,4,8.5,23,0.0
2022/01/28,1010.9,1012.5,1008.5,89,78,1.5,3,6.0,6,2.5
2022/01/29,1007.9,1011.0,1005.3,93,85,1.8,10,6.5,5,7.5
2022/01/30,1011.3,1014.7,1007.4,84,69,2.4,24,11.2,34,0.0
2022/01/31,1013.9,1015.3,1011.9,76,58,1.1,1,8.4,345,0.0
2022/02/01,1013.9,1015.1,1012.2,87,77,1.2,14,7.1,27,0.5
2022/02/02,1013.7,1015.0,1012.2,91,78,1.7,14,7.7,358,0.0
2022/02/03,1012.4,1013.5,1011.1,93,81,1.5,24,7.2,360,5.0
2022/02/04,1014.1,1016.4,1012.6,84,70,2.2,5,9.5,6,0.0
2022/02/05,1017.3,1018.9,1015.7,77,63,1.8,11,7.2,8,0.0
2022/02/06,1016.9,1019.4,1014.3,80,60,1.7,26,7.8,4,0.0
2022/02/08,1012.8,1015.7,1008.5,83,55,1.3,32,8.4,344,0.5
2022/02/08,1013.2,1015.0,1011.4,83,66,2.1,5,7.2,6,1.0
2022/02/09,1013.8,1016.6,1011.0,82,59,1.4,7,7.9,8,0.0
2022/02/10,1012.7,1015.3,1009.8,86,65,1.7,359,7.5,2,0.0
2022/02/11,1012.4,1014.5,1010.9,90,75,1.6,350,6.9,3,0.0
2022/02/12,1010.6,1013.1,1008.8,89,72,1.8,9,8.3,28,0.0
2022/02/13,1008.8,1011.0,1006.5,88,67,1.6,5,8.0,5,2.0
2022/02/14,1011.1,1013.2,1009.5,87,74,2.2,19,10.7,30,1.5
2022/02/15,1012.1,1013.1,1010.5,81,60,1.4,13,8.4,28,0.5
2022/02/16,1010.8,1013.1,1008.1,79,59,1.6,12,8.3,360,0.0
2022/02/17,1010.0,1011.3,1008.0,84,68,1.7,9,7.5,352,0.0
2022/02/18,1010.4,1012.3,1008.6,87,67,2.0,13,8.8,16,3.5
2022/02/19,1010.8,1012.6,1008.9,90,77,2.4,6,9.2,29,7.0
2022/02/20,1014.3,1017.2,1011.6,93,86,2.7,22,12.8,36,39.0
2022/02/21,1015.9,1017.2,1014.3,94,88,1.1,8,5.8,51,4.5
2022/02/22,1014.8,1016.6,1012.8,95,90,1.2,12,5.7,358,9.5
2022/02/23,1016.2,1018.3,1014.1,92,84,2.2,8,9.6,34,28.0
2022/02/24,1018.2,1019.7,1016.6,77,66,1.6,16,6.5,52,0.0
2022/02/25,1017.9,1020.3,1015.8,82,60,1.4,4,7.7,3,0.0
2022/02/26,1016.1,1018.8,1013.8,86,67,1.4,3,7.0,4,0.0
2022/02/27,1014.3,1016.9,1011.7,74,40,1.1,1,6.4,3,0.0
2022/02/28,1013.7,1016.9,1011.4,72,42,0.9,14,5.3,344,0.0
2022/03/01,1012.2,1014.6,1009.9,71,48,0.9,1,5.8,9,0.0
2022/03/02,1012.2,1014.4,1010.1,79,61,1.7,6,7.9,4,0.0
2022/03/03,1011.7,1014.4,1009.2,78,44,1.1,5,6.5,313,0.0
2022/03/04,1009.6,1012.3,1007.1,74,45,0.8,1,6.3,359,0.0
2022/03/05,1008.8,1010.6,1007.2,80,56,1.2,3,6.6,5,0.0
2022/03/06,1010.2,1012.3,1007.8,78,60,1.5,355,6.7,6,0.0
2022/03/07,1011.4,1013.7,1008.4,86,63,2.6,19,10.6,55,8.5
2022/03/08,1011.5,1013.2,1009.2,67,39,1.3,4,8.6,5,0.0
2022/03/09,1012.4,1014.5,1010.1,70,42,1.3,3,8.4,1,0.0
2022/03/10,1011.6,1014.2,1009.5,73,38,1.0,144,6.6,5,0.0
2022/03/11,1009.4,1011.6,1007.0,63,38,1.2,6,6.6,28,0.0
2022/03/12,1008.8,1010.3,1007.4,75,55,0.8,6,5.9,313,0.0
2022/03/13,1008.3,1010.7,1005.4,67,31,1.0,3,6.5,2,0.0
2022/03/14,1007.5,1010.2,1005.5,69,42,0.9,15,5.2,71,0.0
2022/03/15,1006.2,1007.6,1004.4,77,52,1.3,6,7.6,2,0.0
2022/03/16,1007.1,1008.5,1005.2,83,52,0.8,306,5.9,9,0.0
2022/03/17,1004.9,1007.5,1002.4,79,54,1.1,1,5.4,357,1.5
2022/03/18,1003.6,1005.1,1002.4,77,53,1.3,2,8.1,2,0.0
2022/03/19,1005.9,1008.6,1004.1,74,51,1.2,359,6.2,35,0.0
2022/03/20,1008.8,1010.5,1006.8,80,59,1.2,347,6.5,313,0.0
2022/03/21,1009.2,1011.4,1006.7,85,63,1.1,352,6.0,316,0.5
2022/03/22,1008.8,1010.3,1007.2,83,70,1.5,5,8.7,3,0.0
2022/03/23,1009.5,1011.3,1007.5,95,84,1.8,1,6.7,30,39.5
2022/03/24,1010.5,1012.9,1009.2,95,91,0.8,14,4.7,331,5.5
2022/03/25,1007.1,1009.4,1004.4,79,59,1.3,233,7.9,329,0.0
2022/03/26,1007.3,1009.1,1005.8,80,60,1.5,225,7.6,234,2.0
2022/03/27,1009.0,1010.8,1007.2,88,77,1.6,7,6.3,347,8.0
2022/03/28,1012.3,1015.0,1009.8,97,88,1.7,2,6.3,38,40.0
2022/03/29,1011.8,1014.1,1009.3,89,73,1.7,8,7.2,305,0.0
2022/03/30,1011.4,1013.7,1008.9,88,68,1.3,7,6.8,357,0.0
2022/03/31,1011.7,1014.2,1009.3,87,67,1.8,2,8.2,7,0.0
2022/04/01,1014.2,1016.3,1012.7,73,62,2.5,18,9.0,40,0.0
2022/04/02,1015.6,1017.3,1014.2,90,70,2.2,21,8.3,39,11.0
2022/04/03,1015.4,1017.0,1014.1,87,68,1.5,1,5.7,13,10.0
2022/04/04,1015.9,1017.1,1014.6,76,54,1.4,7,8.4,1,0.5
2022/04/05,1014.5,1017.1,1011.3,78,32,1.2,1,7.3,12,0.0
2022/04/06,1012.1,1014.1,1010.1,82,55,1.2,41,6.5,350,0.0
2022/04/07,1010.5,1012.2,1008.5,80,62,1.4,1,8.3,4,0.0
2022/04/08,1008.9,1010.4,1007.3,75,52,0.8,338,5.7,356,0.0
2022/04/09,1008.1,1009.4,1006.1,75,54,0.7,3,6.4,299,0.0
2022/04/10,1007.4,1009.0,1005.3,69,36,1.1,348,7.0,355,0.0
2022/04/11,1006.2,1008.3,1004.2,67,44,0.9,340,7.1,15,0.0
2022/04/12,1004.4,1006.3,1002.3,70,50,0.9,352,7.4,12,0.0
2022/04/13,1002.6,1004.1,1000.4,76,53,0.7,31,6.8,322,0.0
2022/04/14,1003.2,1005.2,1001.3,75,55,1.7,359,7.7,346,0.0
2022/04/15,1006.4,1008.8,1004.7,73,59,1.8,10,8.1,351,0.0
2022/04/16,1008.1,1010.4,1006.5,67,55,1.5,18,6.2,358,0.0
2022/04/17,1010.8,1012.4,1009.2,76,58,1.5,5,7.1,31,0.5
2022/04/18,1011.3,1013.0,1009.6,76,58,1.5,16,7.6,11,0.0
2022/04/19,1011.8,1013.1,1010.4,84,67,1.5,16,5.7,358,0.5
2022/04/20,1010.1,1012.6,1008.2,81,65,1.3,19,6.1,1,0.0
2022/04/21,1008.9,1010.7,1007.0,77,56,1.0,34,5.4,5,0.0
2022/04/22,1008.1,1010.1,1005.9,72,52,0.7,3,5.4,3,0.0
2022/04/23,1006.7,1009.7,1004.8,87,61,0.9,221,7.4,130,33.0
2022/04/24,1005.6,1007.2,1003.2,78,56,0.8,14,6.0,318,0.0
2022/04/25,1005.1,1006.5,1003.2,81,61,1.1,187,8.7,270,0.0
2022/04/26,1004.4,1006.5,1002.4,80,58,1.3,268,8.6,268,0.0
2022/04/27,1006.0,1008.0,1004.3,76,48,1.1,171,6.6,321,0.0
2022/04/28,1007.3,1008.1,1005.8,82,60,1.0,331,6.4,329,0.0
2022/04/29,1006.8,1008.9,1004.2,80,60,1.4,151,7.9,7,0.0
2022/04/30,1008.1,1009.6,1006.1,77,62,1.7,1,7.9,2,0.0
2022/05/01,1007.7,1009.7,1006.1,78,64,2.0,7,8.8,25,0.0
2022/05/02,1008.8,1010.6,1007.7,96,88,1.6,3,8.1,36,24.5
2022/05/03,1009.6,1010.8,1008.5,89,71,0.6,30,4.6,240,3.5
2022/05/04,1007.8,1009.6,1006.3,85,61,1.2,349,5.2,4,0.0
2022/05/05,1006.4,1007.7,1004.8,86,71,1.4,358,8.1,6,0.0
2022/05/06,1006.8,1008.1,1005.4,82,61,1.0,358,6.7,7,0.0
2022/05/07,1007.7,1009.3,1006.1,82,55,1.3,356,6.8,358,0.0
2022/05/08,1008.1,1009.5,1006.7,83,65,1.2,7,7.2,4,0.0
2022/05/09,1007.8,1009.3,1006.1,87,65,1.3,1,6.9,40,0.0
2022/05/10,1005.9,1007.6,1003.8,83,61,1.0,30,6.3,9,0.0
2022/05/11,1005.0,1007.0,1003.5,85,51,1.0,51,5.2,43,17.0
2022/05/12,1004.1,1005.1,1003.3,92,68,0.7,1,6.1,276,9.0
2022/05/13,1003.0,1004.4,1002.0,87,64,1.0,38,8.2,203,2.5
2022/05/14,1005.0,1007.3,1002.5,96,86,0.7,355,4.4,179,24.0
2022/05/15,1006.2,1007.7,1004.5,97,88,1.4,7,5.6,26,22.0
2022/05/16,1006.7,1008.4,1005.4,99,99,1.6,12,5.9,19,72.0
2022/05/17,1008.1,1009.7,1006.5,91,78,1.0,10,4.1,13,11.5
2022/05/18,1008.4,1010.1,1006.8,84,55,1.1,344,5.8,11,0.0
2022/05/19,1006.2,1008.1,1003.5,87,62,0.9,316,5.7,329,0.0
2022/05/20,1002.9,1005.6,1000.7,86,62,1.6,2,7.2,346,0.0
2022/05/21,1003.1,1004.6,1001.7,84,62,1.0,313,6.4,357,0.0
2022/05/22,1003.3,1004.8,1001.8,84,58,1.2,354,6.3,238,0.0
2022/05/23,1004.1,1006.2,1002.8,84,64,1.3,5,6.8,39,0.0
2022/05/24,1005.9,1007.7,1004.9,92,75,0.9,11,5.5,263,18.0
2022/05/25,1004.2,1005.9,1002.6,96,80,0.9,22,7.0,280,5.5
2022/05/26,1001.4,1003.7,999.3,92,70,1.4,220,9.1,202,27.0
2022/05/27,1001.7,1004.4,999.5,97,79,1.4,210,9.0,215,63.5
2022/05/28,1003.1,1004.9,1001.9,83,61,1.3,260,7.8,267,0.5
2022/05/29,1003.0,1004.1,1001.6,79,57,1.2,280,8.6,269,0.0
2022/05/30,1002.9,1004.5,1001.3,79,59,1.1,34,8.6,236,0.0
2022/05/31,1004.0,1005.3,1002.1,82,58,0.9,233,9.2,239,4.0
2022/06/01,1003.7,1005.2,1001.8,81,61,1.1,265,8.2,290,0.0
2022/06/02,1002.8,1004.4,1001.4,81,59,1.2,276,7.6,304,0.0
2022/06/03,1003.3,1004.7,1001.8,76,54,1.3,182,7.1,267,0.0
2022/06/04,1003.7,1005.1,1002.5,82,58,1.3,178,8.5,285,1.5
2022/06/05,1001.9,1003.4,1000.2,76,57,1.7,215,10.1,219,0.0
2022/06/06,1000.8,1002.3,999.6,81,58,1.6,215,8.9,275,6.5
2022/06/07,1002.3,1004.5,1000.3,96,84,0.8,50,6.4,178,28.0
2022/06/08,1003.9,1005.2,1002.6,99,96,0.7,34,8.2,178,43.5
2022/06/09,1003.8,1005.0,1002.1,90,69,0.9,139,6.3,222,0.0
2022/06/10,1002.9,1004.8,1001.4,83,64,1.4,222,9.3,218,0.5
2022/06/11,1004.1,1006.4,1002.4,81,54,1.4,228,8.2,278,7.5
2022/06/12,1004.7,1006.1,1003.0,81,56,1.2,190,7.9,281,9.0
2022/06/13,1003.1,1004.7,1001.9,76,52,1.4,211,9.3,227,0.0
2022/06/14,1004.1,1006.6,1002.7,74,52,1.4,213,8.7,227,0.0
2022/06/15,1005.6,1007.7,1004.4,78,49,1.1,235,7.9,285,0.0
2022/06/16,1005.8,1007.4,1004.0,78,56,1.1,295,7.1,278,0.0
2022/06/17,1004.8,1005.5,1003.8,76,57,1.1,193,7.8,291,0.0
2022/06/18,1004.2,1005.5,1003.1,74,50,1.2,147,7.8,268,0.0
2022/06/19,1003.8,1004.6,1002.1,72,49,1.2,187,8.6,272,0.0
2022/06/20,1002.3,1003.5,1000.5,72,47,1.3,138,8.7,264,0.0
2022/06/21,1003.1,1005.4,1000.9,70,45,1.1,203,8.1,312,0.0
2022/06/22,1006.2,1008.2,1004.2,75,51,1.3,141,8.0,144,0.0
2022/06/23,1006.6,1008.2,1003.5,79,48,1.1,142,10.4,162,6.5
2022/06/24,1004.8,1006.3,1002.5,85,56,1.1,48,9.3,137,78.5
2022/06/25,1004.3,1006.2,1002.5,89,61,0.7,151,7.4,231,10.5
2022/06/26,1006.0,1007.7,1004.2,77,56,1.2,146,7.3,101,0.0
2022/06/27,1004.5,1006.4,1002.4,76,55,1.2,7,6.9,322,0.0
2022/06/28,1001.4,1003.7,999.4,81,57,1.1,4,7.4,6,2.5
2022/06/29,1000.5,1001.6,998.8,89,63,1.0,70,12.6,211,5.5
2022/06/30,1000.1,1001.7,998.0,77,54,1.0,335,6.4,12,0.0
