date,Jian_StnPres,Jian_StnPresMax,Jian_StnPresMin,Jian_RH,Jian_RHMin,Jian_WS,Jian_WD,Jian_WSGust,Jian_WDGust,Jian_Precp
2018/01/01,1020.7,1022.9,1018.6,76,61,3.8,27,10.4,26,0.0
2018/01/02,1020.2,1022.6,1017.9,89,74,3.2,37,8.0,12,0.5
2018/01/03,1019.1,1020.8,1016.9,84,65,3.9,120,7.9,219,0.0
2018/01/04,1015.8,1019.1,1013.1,88,67,3.7,204,8.2,233,0.5
2018/01/05,1014.9,1018.1,1012.2,90,76,5.8,26,16.6,29,0.5
2018/01/06,1016.5,1018.9,1014.3,96,86,2.7,202,5.7,214,22.0
2018/01/07,1016.1,1018.2,1014.2,99,94,3.6,222,11.6,25,29.5
2018/01/08,1012.7,1017.2,1009.8,94,80,4.8,25,17.9,39,6.0
2018/01/09,1020.1,1023.3,1016.5,87,72,5.7,18,16.4,41,15.0
2018/01/10,1023.7,1025.5,1021.6,76,51,3.9,217,9.2,55,2.0
2018/01/11,1024.9,1026.5,1022.7,66,48,5.3,8,16.4,15,0.0
2018/01/12,1026.6,1028.6,1024.5,52,39,6.8,21,18.1,18,0.0
2018/01/13,1026.3,1029.0,1024.0,64,46,4.6,226,12.5,14,0.0
2018/01/14,1021.6,1025.5,1018.4,75,43,4.6,70,8.2,235,0.0
2018/01/15,1017.4,1020.3,1015.0,75,37,4.7,222,10.1,201,0.0
2018/01/16,1013.0,1016.1,1010.6,79,49,4.3,74,9.0,233,0.0
2018/01/17,1014.0,1015.8,1010.9,96,87,3.8,227,8.0,243,0.5
2018/01/18,1015.6,1017.6,1014.2,93,69,4.0,41,8.2,34,0.0
2018/01/19,1016.4,1018.4,1014.7,92,78,4.0,35,13.0,27,2.0
2018/01/20,1015.7,1017.9,1013.6,96,79,3.6,41,7.9,75,0.0
2018/01/21,1013.6,1016.4,1011.3,96,87,3.3,36,7.3,44,0.0
2018/01/22,1012.6,1016.4,1009.9,91,71,4.9,33,14.3,27,0.0
2018/01/23,1014.9,1016.5,1012.4,83,62,4.2,53,9.6,25,0.5
2018/01/24,1016.2,1018.1,1014.4,80,65,5.1,25,12.4,21,0.0
2018/01/25,1015.9,1018.0,1013.9,83,71,4.2,21,10.6,40,0.0
2018/01/26,1017.7,1020.3,1014.6,84,69,7.9,43,18.5,34,0.0
2018/01/27,1017.7,1020.8,1014.9,86,74,3.3,224,9.6,44,1.0
2018/01/28,1012.5,1015.6,1010.2,85,65,6.2,27,18.8,40,1.0
2018/01/29,1017.8,1021.2,1014.1,75,63,7.4,30,18.8,10,1.5
2018/01/30,1019.4,1022.2,1017.1,87,65,3.9,226,9.5,60,2.0
2018/01/31,1016.0,1019.0,1012.6,82,65,5.9,35,19.5,22,0.0
2018/02/01,1019.4,1021.6,1016.5,81,66,6.0,22,19.6,39,0.5
2018/02/02,1020.7,1022.6,1018.4,79,61,7.4,38,19.0,44,0.0
2018/02/03,1022.7,1024.4,1020.9,73,60,4.9,288,15.6,69,0.5
2018/02/04,1023.0,1024.5,1020.6,75,58,4.5,241,13.5,45,0.0
2018/02/05,1023.3,1025.1,1021.2,91,76,3.7,225,7.0,215,3.5
2018/02/06,1022.8,1024.8,1020.8,77,59,4.6,230,12.5,23,0.0
2018/02/07,1020.0,1022.3,1017.8,87,68,4.2,231,8.9,357,9.5
2018/02/08,1019.0,1021.1,1017.0,94,74,3.7,230,7.9,4,6.0
2018/02/09,1015.9,1018.3,1013.3,86,65,3.9,219,7.3,234,0.0
2018/02/10,1015.3,1018.8,1012.7,87,65,5.8,58,14.3,38,0.0
2018/02/11,1021.3,1025.3,1018.1,72,62,7.2,29,17.2,24,0.0
2018/02/12,1025.6,1027.9,1023.5,75,61,5.0,26,13.6,49,2.0
2018/02/13,1024.4,1027.3,1021.2,78,54,3.8,122,7.0,115,2.0
2018/02/14,1019.0,1022.6,1015.6,77,46,4.6,221,11.7,136,0.0
2018/02/15,1015.7,1018.5,1013.2,81,53,4.7,125,9.6,123,0.0
2018/02/16,1013.0,1014.8,1010.7,89,57,5.2,210,11.0,30,0.0
2018/02/17,1017.9,1020.0,1014.7,88,77,7.0,34,18.2,37,2.5
2018/02/18,1017.0,1019.2,1014.9,82,56,4.4,113,8.0,124,0.0
2018/02/19,1015.2,1017.5,1013.0,84,56,4.5,109,9.0,218,0.0
2018/02/20,1013.4,1015.6,1011.7,89,70,4.2,34,9.0,69,0.0
2018/02/21,1013.8,1016.3,1011.2,85,77,6.1,24,16.6,39,0.0
2018/02/22,1016.7,1019.1,1014.5,88,69,4.1,3,11.0,19,10.5
2018/02/23,1019.6,1021.4,1017.8,90,69,4.0,39,10.9,69,13.5
2018/02/24,1018.0,1020.0,1015.8,87,53,4.4,210,8.4,129,0.0
2018/02/25,1016.5,1019.5,1014.5,92,74,6.1,37,15.1,47,0.5
2018/02/26,1019.5,1021.1,1017.9,85,69,5.3,37,12.7,50,0.0
2018/02/27,1016.5,1020.0,1014.5,81,58,4.5,219,8.6,112,0.0
2018/02/28,1011.3,1014.8,1008.3,89,59,4.6,208,10.6,144,1.0
2018/03/01,1012.7,1014.8,1011.1,94,70,4.3,218,8.5,114,8.5
2018/03/02,1010.8,1013.9,1008.7,90,73,3.8,61,7.9,52,0.5
2018/03/03,1009.3,1011.3,1007.5,92,70,4.8,27,8.8,55,0.0
2018/03/04,1010.5,1012.0,1008.7,90,67,4.6,139,13.0,132,0.0
2018/03/05,1011.3,1017.4,1008.8,89,64,6.4,33,20.5,36,0.0
2018/03/06,1018.3,1020.1,1016.5,77,70,6.4,25,14.3,18,0.0
2018/03/07,1015.3,1018.9,1012.2,82,63,3.6,243,7.9,64,0.0
2018/03/08,1015.6,1019.9,1012.0,79,66,8.3,37,17.8,40,0.5
2018/03/09,1020.9,1022.9,1018.8,68,49,5.7,39,17.1,27,0.5
2018/03/10,1021.7,1023.2,1020.2,68,49,5.0,218,10.6,77,0.0
2018/03/11,1021.4,1023.7,1019.9,66,46,4.7,211,8.6,118,0.0
2018/03/12,1018.4,1020.7,1016.3,69,46,5.1,221,9.1,119,0.0
2018/03/13,1016.4,1018.3,1014.4,71,52,5.1,126,12.1,123,0.0
2018/03/14,1015.5,1016.9,1014.1,82,59,4.5,104,12.2,157,0.0
2018/03/15,1013.3,1015.8,1011.1,92,74,3.9,213,9.3,141,12.0
2018/03/16,1014.1,1018.2,1011.0,86,67,5.3,23,14.8,21,2.0
2018/03/17,1017.5,1019.0,1016.1,83,65,4.4,31,9.9,22,0.0
2018/03/18,1014.7,1017.5,1012.2,82,58,5.1,143,13.1,148,0.0
2018/03/19,1010.5,1013.5,1007.9,85,65,4.9,69,13.4,144,0.0
2018/03/20,1008.4,1011.6,1005.1,88,73,6.5,43,16.4,52,0.0
2018/03/21,1013.1,1016.3,1010.9,87,61,4.7,7,14.8,17,2.5
2018/03/22,1016.3,1017.6,1014.8,70,54,4.6,218,11.2,31,0.0
2018/03/23,1018.8,1020.8,1017.0,76,54,4.8,217,9.1,69,0.0
2018/03/24,1020.0,1021.7,1018.1,74,55,4.4,220,8.9,116,0.0
2018/03/25,1019.8,1021.8,1018.0,74,53,4.3,224,8.6,135,0.0
2018/03/26,1016.9,1019.4,1014.6,74,59,4.5,118,9.3,123,0.0
2018/03/27,1014.6,1016.1,1012.9,82,55,4.8,5,9.6,117,12.0
2018/03/28,1013.6,1015.0,1011.9,84,61,4.6,219,8.5,113,0.0
2018/03/29,1013.7,1015.1,1012.4,84,65,4.6,225,7.7,214,0.0
2018/03/30,1014.7,1016.2,1013.3,80,54,4.6,211,13.5,54,7.0
2018/03/31,1014.4,1016.5,1012.2,75,49,5.0,53,10.1,94,0.5
2018/04/01,1013.4,1014.8,1011.8,75,56,4.4,103,8.4,104,0.0
2018/04/02,1012.9,1014.2,1011.3,76,57,5.1,124,10.7,125,0.0
2018/04/03,1013.5,1015.3,1012.2,81,67,4.6,142,9.8,123,0.0
2018/04/04,1012.3,1013.9,1010.7,81,65,4.9,137,12.0,136,0.0
2018/04/05,1011.0,1013.1,1009.2,83,62,5.1,152,13.1,136,0.0
2018/04/06,1013.8,1020.8,1008.8,83,59,8.5,30,22.7,41,1.5
2018/04/07,1021.8,1023.8,1019.6,69,53,5.4,230,20.3,43,0.0
2018/04/08,1020.6,1022.7,1018.6,70,54,4.4,222,8.3,66,0.0
2018/04/09,1017.9,1020.1,1016.0,72,53,5.5,225,11.6,131,0.0
2018/04/10,1014.5,1017.0,1012.4,75,58,5.3,126,12.5,143,0.0
2018/04/11,1011.3,1012.7,1009.6,84,58,5.3,214,11.6,41,0.0
2018/04/12,1010.7,1012.9,1008.7,89,68,4.6,223,7.9,49,0.5
2018/04/13,1011.5,1013.5,1009.3,88,63,6.0,131,12.5,145,2.0
2018/04/14,1009.1,1011.7,1006.4,89,71,6.1,148,16.0,161,0.0
2018/04/15,1012.9,1017.0,1007.8,82,72,8.5,26,19.2,20,2.5
2018/04/16,1015.5,1017.0,1013.7,87,69,4.1,20,8.6,14,0.0
2018/04/17,1015.9,1017.5,1014.1,94,74,4.5,217,11.3,27,1.5
2018/04/18,1014.9,1016.6,1013.0,83,64,4.4,225,8.0,14,0.0
2018/04/19,1014.2,1015.4,1012.8,87,62,4.7,77,9.7,69,0.5
2018/04/20,1014.6,1015.9,1013.4,90,73,3.7,213,6.6,216,0.5
2018/04/21,1012.8,1014.4,1011.2,87,69,4.8,131,9.7,119,0.0
2018/04/22,1010.7,1013.1,1008.1,88,67,5.9,130,13.5,131,0.0
2018/04/23,1008.1,1010.6,1005.0,87,57,5.9,177,16.4,157,7.0
2018/04/24,1007.5,1011.4,1005.2,90,69,6.9,26,16.5,53,0.0
2018/04/25,1012.1,1013.7,1010.4,82,73,5.9,32,14.4,25,0.0
2018/04/26,1013.0,1014.6,1011.5,84,67,4.0,218,6.6,60,0.0
2018/04/27,1014.4,1016.9,1012.7,88,70,4.8,115,9.4,120,0.5
2018/04/28,1014.8,1016.3,1012.9,95,81,3.8,1,6.9,202,2.0
2018/04/29,1012.1,1014.2,1009.7,88,73,5.5,141,12.1,154,0.0
2018/04/30,1011.8,1013.2,1010.6,87,74,5.1,137,13.2,136,0.0
2018/05/01,1011.1,1012.6,1009.5,86,67,5.4,191,12.9,117,0.0
2018/05/02,1010.1,1011.6,1008.3,87,65,5.4,127,14.0,132,0.0
2018/05/03,1015.1,1017.8,1010.5,82,71,6.7,36,18.0,18,0.0
2018/05/04,1017.3,1018.6,1015.8,87,66,3.9,9,7.8,18,2.0
2018/05/05,1015.6,1017.6,1014.0,87,71,5.5,138,12.3,141,0.0
2018/05/06,1010.4,1014.6,1007.6,88,62,6.1,150,15.2,156,1.5
2018/05/07,1005.9,1008.4,1003.7,94,84,4.3,46,7.3,42,1.0
2018/05/08,1006.8,1012.2,1003.2,90,71,5.9,28,13.6,43,6.5
2018/05/09,1014.6,1017.3,1011.3,88,68,4.1,3,11.6,25,3.5
2018/05/10,1015.9,1017.9,1014.6,77,54,4.9,22,10.8,18,0.0
2018/05/11,1013.0,1015.3,1011.1,82,63,4.4,213,7.7,218,0.0
2018/05/12,1010.3,1011.8,1008.9,84,69,5.5,134,12.3,126,0.0
2018/05/13,1009.2,1011.1,1008.1,84,69,5.4,131,12.6,147,0.0
2018/05/14,1009.1,1011.1,1007.4,88,69,5.2,106,11.8,120,1.0
2018/05/15,1008.5,1009.8,1007.1,86,66,5.9,143,15.4,135,0.0
2018/05/16,1007.5,1008.7,1005.9,89,72,6.2,146,16.1,152,3.5
2018/05/17,1006.5,1007.6,1005.3,89,72,6.0,141,14.9,144,2.5
2018/05/18,1005.8,1007.3,1004.4,86,70,5.7,140,13.8,146,0.0
2018/05/19,1006.6,1008.2,1005.1,82,62,5.7,136,14.0,133,0.0
2018/05/20,1007.3,1009.3,1005.6,82,65,5.3,137,13.0,150,0.0
2018/05/21,1008.5,1010.2,1006.7,84,65,4.9,43,8.8,115,0.0
2018/05/22,1008.5,1009.9,1006.8,86,64,4.9,56,10.4,119,0.0
2018/05/23,1008.7,1010.7,1006.5,86,63,6.2,40,12.8,37,0.0
2018/05/24,1008.9,1010.8,1007.6,90,74,4.5,45,8.2,71,1.0
2018/05/25,1006.0,1008.5,1003.6,87,69,6.2,143,16.2,146,0.0
2018/05/26,1005.2,1007.4,1003.3,84,70,5.2,59,9.8,69,0.0
2018/05/27,1006.9,1008.2,1005.0,85,53,5.4,97,9.3,102,0.0
2018/05/28,1007.5,1009.5,1005.8,81,62,5.3,101,10.3,127,0.0
2018/05/29,1008.6,1010.4,1006.9,79,63,5.9,128,13.5,136,0.0
2018/05/30,1008.7,1010.3,1006.4,80,65,6.4,143,16.0,162,0.0
2018/05/31,1008.0,1009.6,1006.3,80,61,6.0,133,15.2,146,0.0
2018/06/01,1009.8,1012.2,1007.6,90,80,6.7,22,14.1,17,0.5
2018/06/02,1009.9,1011.5,1008.5,88,70,4.6,62,8.9,54,1.0
2018/06/03,1007.5,1009.1,1006.2,87,69,5.3,219,10.0,50,0.0
2018/06/04,1007.8,1009.6,1006.2,90,73,5.3,42,9.4,50,14.5
2018/06/05,1007.9,1009.0,1006.6,87,69,5.7,112,9.5,123,0.5
2018/06/06,1007.4,1009.2,1005.4,88,70,5.0,100,9.3,114,24.0
2018/06/07,1006.6,1008.5,1004.6,86,66,4.5,78,9.2,110,16.5
2018/06/08,1002.6,1006.0,1000.5,83,68,6.5,37,12.3,41,0.0
2018/06/09,998.3,1000.6,996.4,84,62,6.0,218,12.6,46,1.0
2018/06/10,998.6,999.9,997.3,95,77,4.7,11,9.4,323,37.0
2018/06/11,999.0,1002.7,996.8,92,78,6.0,212,15.0,40,3.0
2018/06/12,1003.0,1004.4,1001.7,75,54,5.0,57,9.4,235,0.0
2018/06/13,1000.2,1002.3,997.3,84,60,5.7,10,10.6,62,0.5
2018/06/14,996.2,997.7,994.9,93,65,5.4,29,11.2,141,5.5
2018/06/15,996.4,1000.9,994.3,92,70,4.2,51,11.9,54,16.5
2018/06/16,1003.1,1005.3,1000.4,90,65,5.0,12,10.8,220,11.5
2018/06/17,1003.7,1005.0,1002.3,93,71,4.9,177,8.6,130,2.5
2018/06/18,1002.7,1004.0,1001.3,93,76,5.5,148,16.3,162,2.5
2018/06/19,1002.1,1004.1,1000.8,93,76,4.5,223,7.9,218,0.0
2018/06/20,1003.2,1004.6,1001.6,89,72,4.4,133,9.7,152,0.0
2018/06/21,1004.5,1007.0,1002.5,88,67,5.1,8,9.7,66,0.0
2018/06/22,1005.9,1007.3,1004.0,90,67,5.3,32,14.2,150,0.0
2018/06/23,1006.4,1008.6,1004.7,93,70,5.8,183,16.6,140,17.0
2018/06/24,1008.2,1010.2,1006.5,93,72,5.4,196,12.6,147,0.0
2018/06/25,1009.5,1011.4,1007.9,87,70,6.1,135,13.4,140,0.0
2018/06/26,1010.2,1011.4,1008.9,88,74,5.5,208,11.9,138,0.0
2018/06/27,1008.4,1010.2,1006.7,83,63,6.2,136,13.6,123,0.0
2018/06/28,1005.1,1008.1,1003.4,86,65,6.0,120,15.3,157,0.0
2018/06/29,1002.6,1004.4,1000.6,87,74,5.0,105,9.0,101,0.0
2018/06/30,1003.0,1004.2,1001.5,86,65,5.5,59,10.2,59,0.0
2018/07/01,1001.5,1003.6,1000.4,85,68,5.2,124,11.6,139,0.5
2018/07/02,1000.3,1001.4,998.8,90,63,5.4,183,9.7,249,0.5
2018/07/03,999.4,1000.3,998.6,84,65,5.1,107,10.1,218,0.0
2018/07/04,999.0,1000.4,997.9,80,60,5.1,206,8.7,39,0.0
2018/07/05,999.5,1001.3,997.2,82,68,4.5,189,8.1,206,0.0
2018/07/06,1001.1,1002.9,999.7,81,64,5.1,70,9.3,121,0.0
2018/07/07,1003.3,1005.8,1001.7,84,69,5.7,213,15.9,142,0.0
2018/07/08,1005.6,1007.7,1003.7,82,64,6.3,137,13.7,144,0.0
2018/07/09,1006.5,1008.4,1004.8,83,69,5.7,115,10.7,102,0.0
2018/07/10,998.3,1006.6,991.2,72,44,6.4,4,17.2,134,0.0
2018/07/11,998.6,1006.1,990.3,87,73,6.7,33,18.4,166,2.5
2018/07/12,1006.5,1008.6,1004.6,92,73,5.3,139,12.7,144,14.5
2018/07/13,1007.3,1008.7,1005.8,86,66,6.0,133,12.9,127,1.0
2018/07/14,1006.8,1007.9,1005.3,85,70,5.8,139,11.4,117,0.5
2018/07/15,1006.5,1007.9,1005.5,84,61,5.4,107,9.6,132,0.0
2018/07/16,1005.4,1006.9,1004.3,90,67,4.6,8,10.1,33,16.5
2018/07/17,1005.1,1006.1,1003.5,90,79,5.0,115,9.1,118,19.0
2018/07/18,1004.9,1006.6,1003.7,90,77,5.7,58,9.6,95,1.5
2018/07/19,1005.1,1006.0,1004.0,88,71,5.8,57,10.4,47,0.0
2018/07/20,1002.4,1004.5,1001.0,85,72,6.3,206,11.6,65,0.0
2018/07/21,998.8,1001.2,997.4,89,65,6.1,141,13.8,145,5.5
2018/07/22,999.5,1001.1,998.3,92,69,5.1,204,8.5,237,0.0
2018/07/23,1001.7,1004.5,998.8,85,59,5.5,205,9.1,111,0.5
2018/07/24,1004.6,1006.0,1002.6,84,64,5.9,10,11.3,39,0.0
2018/07/25,1005.8,1007.1,1004.4,87,71,5.6,116,10.0,121,0.0
2018/07/26,1005.3,1006.8,1003.4,83,68,5.9,201,11.3,145,0.0
2018/07/27,1005.3,1006.8,1003.9,81,60,5.6,121,10.1,123,0.0
2018/07/28,1004.9,1006.3,1003.2,77,56,5.8,119,9.5,118,0.0
2018/07/29,1003.5,1005.1,1001.7,74,53,6.1,115,11.1,136,0.0
2018/07/30,1002.9,1004.1,1001.1,75,58,6.2,115,11.5,117,0.0
2018/07/31,1002.5,1003.6,1000.5,72,41,6.4,207,13.9,134,0.0
2018/08/01,1001.7,1002.8,1000.1,75,57,6.0,125,10.4,132,0.0
2018/08/02,1000.8,1002.0,998.9,79,63,6.0,103,11.5,128,0.0
2018/08/03,1001.6,1003.9,1000.0,82,58,6.3,124,10.7,350,0.5
2018/08/04,1003.7,1005.3,1002.0,79,55,5.7,212,10.0,107,0.0
2018/08/05,1004.7,1005.3,1003.4,81,81,4.5,112,3.1,134,0.0
2018/08/06,1003.9,1005.5,1002.4,81,69,2.6,72,7.0,129,0.0
2018/08/07,1003.3,1004.4,1002.1,77,62,2.5,89,6.7,88,0.0
2018/08/08,1003.2,1004.9,1001.8,77,54,2.6,48,7.1,94,0.0
2018/08/09,1003.2,1004.4,1001.5,81,67,2.5,228,7.0,74,0.0
2018/08/10,1001.8,1003.2,1000.3,78,63,2.5,71,6.9,103,0.0
2018/08/11,998.0,1000.9,995.6,73,56,3.0,121,9.8,125,0.0
2018/08/12,994.2,996.0,992.5,74,55,2.5,8,6.5,104,0.0
2018/08/13,996.9,998.5,995.0,79,60,3.4,224,10.6,34,0.0
2018/08/14,997.6,998.7,996.3,92,71,2.5,206,9.1,25,88.0
2018/08/15,998.9,1000.1,997.3,91,67,2.4,221,7.3,356,0.0
2018/08/16,998.5,999.9,997.6,91,71,2.4,217,9.0,229,0.5
2018/08/17,997.7,999.8,996.2,86,65,2.4,229,6.2,279,0.0
2018/08/18,1000.5,1001.8,998.5,92,65,2.7,215,7.4,299,71.5
2018/08/19,1002.1,1003.4,1000.4,91,74,2.7,139,11.0,146,0.0
2018/08/20,1001.4,1003.2,999.9,89,77,2.4,217,8.4,122,0.0
2018/08/21,998.8,1000.3,997.1,86,68,2.4,119,6.9,137,0.0
2018/08/22,997.1,998.8,995.1,88,69,2.6,136,12.6,135,0.0
2018/08/23,994.4,997.0,991.8,92,81,2.4,219,7.8,46,1.0
2018/08/24,995.3,997.0,993.6,91,81,2.6,221,7.4,32,10.5
2018/08/25,997.2,999.7,995.4,92,74,2.6,127,8.7,138,9.5
2018/08/26,999.3,1002.2,996.9,97,84,1.9,20,10.1,160,54.0
2018/08/27,1003.5,1006.8,1001.2,97,82,1.8,208,14.7,172,50.5
2018/08/28,1005.8,1007.1,1004.4,93,74,2.2,159,14.6,150,54.0
2018/08/29,1006.9,1009.4,1005.4,97,83,1.7,214,8.7,240,2.5
2018/08/30,1009.0,1011.6,1007.6,93,71,2.5,222,10.1,144,33.5
2018/08/31,1010.6,1011.8,1009.6,95,78,2.2,224,6.2,252,4.5
2018/09/01,1008.8,1011.0,1007.2,91,72,2.6,114,6.9,122,0.0
2018/09/02,1005.6,1008.0,1003.8,86,68,2.7,205,8.0,142,0.0
2018/09/03,1003.3,1005.3,1001.6,86,65,2.9,137,8.4,135,0.0
2018/09/04,1002.2,1004.2,1000.7,86,66,2.3,211,6.0,108,0.0
2018/09/05,1003.9,1005.9,1002.5,89,68,2.6,221,6.6,56,0.0
2018/09/06,1004.2,1005.7,1002.3,89,74,2.4,123,8.1,127,0.0
2018/09/07,1004.5,1006.3,1002.8,89,74,3.0,137,10.2,117,0.0
2018/09/08,1006.0,1007.7,1004.0,87,68,2.7,129,9.9,138,0.0
2018/09/09,1007.7,1010.4,1005.6,92,69,4.8,22,15.9,17,19.0
2018/09/10,1009.2,1010.8,1007.6,97,80,2.1,225,12.0,10,25.0
2018/09/11,1008.0,1009.4,1006.2,90,76,2.7,219,10.0,132,0.0
2018/09/12,1008.2,1009.4,1006.9,89,74,2.6,131,8.5,137,0.0
2018/09/13,1008.7,1010.0,1007.6,87,71,2.5,216,6.3,122,0.0
2018/09/14,1008.4,1009.9,1006.6,82,63,3.1,48,11.2,43,0.0
2018/09/15,1006.9,1009.0,1004.7,93,75,2.8,3,15.7,17,46.5
2018/09/16,1009.0,1012.2,1005.7,97,87,2.0,219,12.6,138,35.5
2018/09/17,1012.0,1014.7,1009.6,89,76,3.1,212,11.2,143,0.5
2018/09/18,1013.0,1014.5,1011.2,90,71,2.1,208,5.3,124,0.0
2018/09/19,1011.3,1013.3,1009.6,89,64,2.5,228,6.6,120,0.0
2018/09/20,1009.3,1011.4,1007.6,87,62,2.9,220,9.3,120,0.0
2018/09/21,1010.1,1012.9,1008.3,87,61,2.8,122,9.2,129,0.0
2018/09/22,1012.0,1013.6,1010.7,90,76,2.3,115,6.5,136,0.5
2018/09/23,1010.9,1012.9,1008.8,94,77,2.5,117,7.5,11,17.0
2018/09/24,1007.5,1010.5,1005.0,91,72,4.0,223,18.0,22,2.5
2018/09/25,1005.7,1007.9,1003.0,79,60,3.8,5,16.3,27,11.0
2018/09/26,1003.8,1005.5,1001.6,82,57,3.5,38,17.0,27,0.0
2018/09/27,1003.6,1006.2,1001.3,80,57,3.6,32,18.2,45,0.0
2018/09/28,1002.0,1005.0,998.8,81,55,3.6,29,16.2,41,0.0
2018/09/29,1002.4,1005.8,1000.0,94,79,2.4,130,10.5,135,63.5
2018/09/30,1008.9,1012.7,1005.5,81,61,3.2,1,9.9,35,3.5
2018/10/01,1013.1,1015.1,1011.5,71,35,2.7,221,7.1,48,0.0
2018/10/02,1013.8,1015.3,1012.1,72,51,4.6,41,12.7,30,0.0
2018/10/03,1011.7,1014.0,1009.7,70,43,5.0,30,16.9,27,0.0
2018/10/04,1005.8,1009.9,1002.9,79,53,3.0,144,11.2,141,0.0
2018/10/05,1006.9,1010.7,1003.6,87,65,2.4,123,6.8,122,0.0
2018/10/06,1011.7,1013.9,1009.2,84,67,3.9,25,12.2,22,0.0
2018/10/07,1012.2,1013.7,1010.7,88,74,3.2,52,11.0,38,0.0
2018/10/08,1011.6,1013.0,1009.9,91,70,2.9,16,7.8,352,21.0
2018/10/09,1011.7,1013.1,1010.4,99,99,1.9,16,7.6,349,44.0
2018/10/10,1013.1,1014.7,1011.3,99,95,2.4,225,13.1,14,18.5
2018/10/11,1015.2,1018.1,1012.4,93,78,4.5,39,17.1,41,0.5
2018/10/12,1017.8,1018.9,1016.6,97,83,2.1,27,11.1,17,14.0
2018/10/13,1016.8,1018.8,1015.3,96,84,2.0,25,8.1,28,1.0
2018/10/14,1013.5,1015.8,1011.5,95,82,2.6,30,7.8,36,0.0
2018/10/15,1012.1,1014.0,1010.4,95,77,2.4,238,8.5,36,0.0
2018/10/16,1010.2,1012.2,1008.4,97,83,3.3,33,12.1,37,0.5
2018/10/17,1010.2,1012.1,1008.6,94,80,3.2,247,10.8,39,0.0
2018/10/18,1014.3,1018.0,1011.1,88,71,3.5,30,11.8,24,1.5
2018/10/19,1018.0,1019.9,1016.2,92,71,2.3,22,10.1,20,6.0
2018/10/20,1018.0,1020.2,1015.9,88,73,2.8,34,10.7,25,0.5
2018/10/21,1016.0,1018.2,1014.0,90,74,2.4,223,8.1,41,0.0
2018/10/22,1014.0,1015.8,1012.0,95,75,2.2,206,8.7,142,0.0
2018/10/23,1014.5,1016.1,1012.9,95,80,2.1,52,8.9,35,0.5
2018/10/24,1015.2,1016.8,1013.7,90,69,2.1,225,8.0,29,0.0
2018/10/25,1014.9,1016.7,1013.4,92,75,2.1,231,5.5,56,0.0
2018/10/26,1013.5,1015.1,1011.9,92,75,2.6,244,12.8,36,7.5
2018/10/27,1016.1,1018.2,1013.4,69,55,7.2,33,17.8,20,0.0
2018/10/28,1014.9,1017.8,1012.9,70,40,3.2,37,11.6,42,0.0
2018/10/29,1013.7,1015.4,1011.3,73,40,4.3,35,13.3,45,0.0
2018/10/30,1015.0,1016.4,1013.5,78,49,3.2,45,10.9,45,0.5
2018/10/31,1015.5,1017.5,1013.7,96,82,2.6,18,15.1,24,26.0
2018/11/01,1017.8,1019.3,1016.3,98,82,3.6,11,13.1,13,8.5
2018/11/02,1016.4,1018.7,1014.5,99,99,1.7,230,5.2,239,19.0
2018/11/03,1013.5,1014.9,1012.2,98,81,2.5,224,8.5,36,0.5
2018/11/04,1014.4,1016.2,1012.6,99,92,2.6,238,8.8,38,0.0
2018/11/05,1015.3,1016.9,1013.7,95,69,2.4,17,7.0,12,0.0
2018/11/06,1016.3,1018.1,1014.6,99,99,2.0,22,5.6,38,0.0
2018/11/07,1015.8,1017.7,1014.1,99,86,2.4,105,8.0,132,17.0
2018/11/08,1014.8,1016.1,1012.8,99,99,1.9,72,8.4,135,5.5
2018/11/09,1016.0,1017.7,1014.5,99,90,3.0,18,9.8,19,28.0
2018/11/10,1017.4,1020.7,1015.3,94,55,1.9,227,6.9,95,82.0
2018/11/11,1015.3,1017.7,1013.2,94,63,2.9,214,8.0,133,0.0
2018/11/12,1012.7,1014.8,1009.7,95,75,2.1,225,5.9,234,0.0
2018/11/13,1013.2,1014.7,1011.4,97,80,3.7,20,12.3,16,0.0
2018/11/14,1015.9,1017.5,1014.1,98,90,2.8,21,10.1,35,0.0
2018/11/15,1015.8,1017.5,1013.4,97,80,1.8,228,5.6,113,0.0
2018/11/16,1014.8,1016.6,1012.8,98,84,2.0,131,6.4,141,0.0
2018/11/17,1015.1,1016.7,1013.2,99,99,2.4,60,8.0,35,0.0
2018/11/18,1013.8,1015.8,1012.1,99,91,2.1,122,6.3,124,0.0
2018/11/19,1015.8,1018.8,1012.6,99,96,4.2,15,14.9,41,1.0
2018/11/20,1017.6,1019.8,1015.7,99,95,1.6,17,4.8,17,6.0
2018/11/21,1014.7,1017.0,1012.1,98,81,2.5,140,8.8,131,0.0
2018/11/22,1017.9,1020.6,1014.9,97,84,5.6,39,16.5,48,0.0
2018/11/23,1018.7,1020.2,1016.7,98,88,2.5,29,9.1,16,0.0
2018/11/24,1018.7,1020.5,1016.5,99,87,2.2,218,6.5,39,11.0
2018/11/25,1017.2,1020.0,1014.9,88,43,2.3,107,6.5,238,3.5
2018/11/26,1017.3,1019.3,1015.9,99,97,2.7,223,7.5,246,1.5
2018/11/27,1017.5,1019.0,1015.8,98,94,2.2,236,8.2,50,0.0
2018/11/28,1018.1,1020.5,1016.5,99,99,1.5,225,5.4,16,0.5
2018/11/29,1020.9,1022.8,1018.8,95,73,1.9,231,5.2,1,0.0
2018/11/30,1020.1,1022.8,1018.1,89,55,2.0,87,5.6,241,0.0
2018/12/01,1017.3,1019.4,1015.2,90,57,2.6,38,5.8,243,0.0
2018/12/02,1015.7,1017.5,1013.6,92,54,2.6,215,7.1,223,0.0
2018/12/03,1015.5,1017.4,1013.6,94,60,3.0,215,8.1,135,0.0
2018/12/04,1015.1,1016.6,1013.2,96,68,2.7,215,7.0,16,0.0
2018/12/05,1016.1,1018.4,1015.0,99,99,2.5,26,8.9,23,0.0
2018/12/06,1014.1,1015.7,1011.8,99,90,3.4,113,10.6,50,8.5
2018/12/07,1018.5,1020.9,1015.3,99,98,5.3,37,13.8,37,0.0
2018/12/08,1020.6,1022.4,1019.2,99,92,5.0,24,13.0,24,1.0
2018/12/09,1019.5,1022.2,1017.5,99,96,3.4,228,11.9,46,4.0
2018/12/10,1016.5,1017.9,1014.8,99,99,2.6,15,9.9,25,1.5
2018/12/11,1015.7,1019.2,1013.3,99,99,5.3,39,17.5,36,0.0
2018/12/12,1022.1,1024.2,1018.7,97,84,6.8,32,15.6,43,0.0
2018/12/13,1023.2,1024.8,1021.4,99,98,2.2,232,8.6,39,1.0
2018/12/14,1024.1,1025.8,1022.7,99,99,3.6,21,10.3,22,0.5
2018/12/15,1022.5,1025.3,1020.1,99,99,2.3,302,8.2,30,3.0
2018/12/16,1018.4,1020.6,1016.2,99,99,2.6,226,9.8,35,9.0
2018/12/17,1020.6,1023.6,1017.0,97,82,3.4,37,13.2,45,1.5
2018/12/18,1022.7,1024.8,1020.1,86,51,2.1,226,5.4,246,0.0
2018/12/19,1020.0,1022.9,1016.9,89,56,3.1,212,8.3,129,0.0
2018/12/20,1016.0,1018.4,1013.8,90,62,3.1,220,6.8,207,0.0
2018/12/21,1016.0,1017.7,1014.6,97,70,2.8,61,7.1,101,0.0
2018/12/22,1015.8,1017.5,1013.9,98,76,1.9,225,5.8,221,0.0
2018/12/23,1016.7,1019.0,1014.9,99,99,2.7,24,12.8,25,13.5
2018/12/24,1017.7,1020.0,1016.1,99,96,4.3,32,13.1,23,0.5
2018/12/25,1013.8,1016.7,1011.4,99,99,1.6,215,5.2,217,3.5
2018/12/26,1010.5,1012.9,1008.1,99,99,3.2,25,10.8,30,0.5
2018/12/27,1015.0,1018.6,1012.3,99,97,4.8,30,15.6,26,0.0
2018/12/28,1021.7,1024.8,1017.5,99,82,8.9,44,16.3,24,0.0
2018/12/29,1025.8,1027.8,1023.1,94,79,7.6,42,16.8,41,0.0
2018/12/30,1025.4,1028.1,1023.4,98,86,2.6,8,8.9,60,0.0
2018/12/31,1024.8,1026.3,1022.3,99,99,3.5,24,12.2,44,0.0
2019/01/01,1025.5,1027.8,1023.7,99,99,5.6,26,12.7,19,0.5
2019/01/02,1024.6,1027.3,1022.2,99,99,2.0,8,9.1,16,10.0
2019/01/03,1023.9,1025.8,1022.5,99,99,2.9,25,10.4,16,4.0
2019/01/04,1021.0,1023.8,1018.0,99,99,2.7,226,11.7,167,0.0
2019/01/05,1018.4,1019.8,1016.7,X,99,3.0,7,9.6,33,4.5
2019/01/06,1020.2,1022.2,1017.8,X,99,3.2,32,15.0,40,4.5
2019/01/07,1019.7,1021.9,1018.0,X,99,1.9,57,5.6,50,0.0
2019/01/08,1019.5,1022.0,1017.6,X,99,3.9,36,14.3,42,0.5
2019/01/09,1022.2,1024.8,1020.4,X,99,4.0,28,14.3,9,0.0
2019/01/10,1018.4,1020.5,1016.3,X,99,2.2,227,6.0,56,0.0
2019/01/11,1016.2,1018.5,1013.5,X,99,2.2,114,5.9,117,0.0
2019/01/12,1016.9,1019.1,1015.0,X,99,3.6,220,10.9,26,8.0
2019/01/13,1018.3,1019.7,1016.6,X,99,2.7,10,8.4,19,0.0
2019/01/14,1018.3,1020.9,1016.3,X,99,2.2,4,9.4,1,1.5
2019/01/15,1016.8,1018.6,1014.4,X,89,2.4,229,12.8,13,0.0
2019/01/16,1018.4,1020.4,1016.7,X,99,5.3,27,14.8,13,0.0
2019/01/17,1020.0,1023.3,1017.3,X,95,6.9,33,15.5,38,0.0
2019/01/18,1022.3,1025.3,1019.9,X,55,2.6,211,11.3,18,0.0
2019/01/19,1019.0,1021.3,1017.0,X,65,2.2,220,6.0,219,0.0
2019/01/20,1018.1,1020.1,1016.6,X,99,4.1,21,16.3,44,3.0
2019/01/21,1019.8,1021.9,1018.1,X,99,2.2,1,13.3,18,1.0
2019/01/22,1019.0,1020.9,1017.5,X,99,3.4,231,13.4,20,0.0
2019/01/23,1019.3,1021.2,1017.8,X,82,2.2,232,6.9,45,0.0
2019/01/24,1019.2,1020.9,1017.9,X,96,2.9,45,9.8,53,0.0
2019/01/25,1019.1,1020.9,1016.8,X,99,3.1,37,10.5,41,8.5
2019/01/26,1022.6,1024.7,1020.1,X,70,6.3,27,16.5,20,0.0
2019/01/27,1023.4,1026.4,1021.2,X,96,2.0,227,7.8,1,0.0
2019/01/28,1020.2,1021.9,1018.1,X,90,2.0,228,6.1,234,11.0
2019/01/29,1021.3,1023.4,1019.8,X,99,1.7,221,7.8,45,24.0
2019/01/30,1019.5,1022.1,1017.3,X,84,2.9,210,10.2,149,0.0
2019/01/31,1017.4,1021.5,1014.7,X,58,4.0,22,16.4,11,0.5
2019/02/01,1022.5,1024.6,1021.1,X,99,2.9,20,14.4,14,0.0
2019/02/02,1018.9,1022.2,1016.5,X,99,2.7,143,9.0,143,0.0
2019/02/03,1016.2,1018.5,1013.9,X,87,3.2,145,11.1,160,19.5
2019/02/04,1017.3,1020.1,1015.2,X,99,3.2,14,10.8,6,11.5
2019/02/05,1014.3,1016.9,1011.9,X,99,2.0,239,6.3,68,0.0
2019/02/06,1013.4,1015.7,1011.1,X,99,3.1,124,10.9,131,0.0
2019/02/07,1013.2,1015.2,1011.6,X,88,3.0,27,10.9,36,0.0
2019/02/08,1015.5,1017.8,1014.1,X,99,2.5,25,12.1,43,0.0
2019/02/09,1017.9,1020.6,1015.5,X,99,3.3,26,10.6,26,0.0
2019/02/10,1021.1,1022.7,1019.3,X,99,1.7,242,10.0,19,0.0
2019/02/11,1023.6,1025.8,1021.1,X,99,3.0,40,11.7,44,0.0
2019/02/12,1022.3,1024.8,1020.1,X,99,2.3,224,6.1,46,0.0
2019/02/13,1020.6,1021.9,1019.0,X,99,3.2,40,10.2,39,1.0
2019/02/14,1019.6,1021.3,1018.0,X,99,2.8,28,9.5,24,0.0
2019/02/15,1017.9,1020.0,1015.1,X,99,2.3,63,7.6,118,0.0
2019/02/16,1017.5,1019.4,1015.7,X,99,3.2,26,10.4,34,0.0
2019/02/17,1018.4,1020.6,1016.7,X,99,1.7,5,8.2,22,1.0
2019/02/18,1014.3,1017.9,1011.8,X,99,2.5,213,10.4,131,0.5
2019/02/19,1015.8,1019.2,1014.9,X,99,3.1,16,8.0,66,0.0
2019/02/20,1017.8,1020.0,1016.0,X,99,2.1,124,6.5,118,0.0
2019/02/21,1016.1,1018.7,1014.0,X,99,1.6,271,7.0,24,1.5
2019/02/22,1015.1,1018.5,1013.0,X,99,3.9,41,12.5,49,0.5
2019/02/23,1017.5,1019.4,1015.3,X,99,2.8,7,10.9,15,0.0
2019/02/24,1015.1,1017.9,1012.9,X,99,1.5,226,5.2,16,4.5
2019/02/25,1015.6,1017.6,1013.7,X,99,1.5,2,5.5,56,4.5
2019/02/26,1016.8,1016.7,1015.7,90,80,2.5,43,5.4,201,0.0
2019/02/27,1013.7,1016.5,1011.2,83,59,2.7,134,8.6,122,0.0
2019/02/28,1014.2,1017.1,1011.8,91,81,2.7,16,8.7,21,X
2019/03/01,1015.6,1017.8,1013.7,87,68,1.6,8,5.8,49,X
2019/03/02,1011.1,1014.4,1008.6,86,67,2.9,132,9.6,124,X
2019/03/03,1008.3,1011.2,1005.9,84,56,2.9,213,12.3,43,X
2019/03/04,1014.8,1018.1,1010.8,83,70,2.5,34,10.2,31,X
2019/03/05,1013.1,1017.4,1009.3,85,65,2.1,217,11.2,166,X
2019/03/06,1012.0,1016.8,1008.3,87,69,3.2,220,12.6,20,X
2019/03/07,1018.0,1020.3,1015.4,89,77,2.2,1,8.9,23,X
2019/03/08,1017.4,1020.0,1015.3,89,68,1.9,216,4.5,204,0.0
2019/03/09,1010.5,1015.5,1007.0,94,79,2.3,219,6.1,238,13.5
2019/03/10,1010.2,1014.4,1007.0,91,77,2.7,203,9.8,21,13.0
2019/03/11,1013.7,1015.6,1011.8,85,70,1.9,236,5.4,224,0.5
2019/03/12,1016.2,1018.3,1014.2,70,46,2.2,225,6.1,230,0.0
,1019.8,--,--,86,--,2.8,131,--,--,6.0
2019/03/14,1018.2,1021.9,1015.4,80,57,2.4,147,8.0,180,0.0
2019/03/15,1019.4,1022.3,1017.9,75,44,3.5,29,12.2,40,1.0
2019/03/16,1020.6,1022.8,1018.5,64,40,3.2,218,9.3,244,0.0
2019/03/17,1017.8,1020.0,1015.8,76,48,2.7,65,7.3,36,0.0
2019/03/18,1014.0,1016.7,1011.9,81,52,2.5,225,8.0,124,0.0
2019/03/19,1015.0,1016.7,1012.5,92,80,1.9,9,8.1,19,0.0
2019/03/20,1011.6,1015.7,1008.3,85,63,3.0,214,11.4,116,0.0
2019/03/21,1009.1,1010.9,1006.5,84,66,2.6,213,9.9,144,0.0
2019/03/23,1012.4,1015.6,1009.4,80,67,4.1,29,11.7,44,0.0
2019/03/23,1018.0,1021.1,1014.7,74,65,6.5,26,15.0,12,0.5
2019/03/24,1018.4,1020.9,1016.2,78,64,1.8,213,11.9,24,0.0
2019/03/25,1014.2,1017.1,1012.1,80,61,2.4,18,8.3,17,0.0
2019/03/26,1018.9,1020.5,1016.8,89,76,1.6,3,5.2,22,2.0
2019/03/27,1015.6,1019.2,1012.5,85,66,2.7,136,9.2,137,0.0
2019/03/28,1009.1,1012.5,1005.7,83,57,2.9,149,10.8,130,0.0
2019/03/29,1007.7,1010.5,1005.6,84,63,2.7,78,6.4,38,6.5
2019/03/30,1013.0,1015.9,1010.3,81,66,2.5,28,13.9,20,3.0
2019/03/31,1018.5,1021.4,1015.6,79,66,4.6,19,11.4,24,1.0
2019/04/01,1020.8,1022.4,1019.4,81,70,2.8,3,10.6,12,0.5
2019/04/02,1017.8,1021.0,1015.0,84,68,1.7,222,5.3,95,0.0
2019/04/03,1015.4,1017.1,1013.6,85,61,3.1,228,9.7,74,2.0
2019/04/04,1013.4,1016.7,1010.9,86,68,2.4,128,8.6,130,0.0
2019/04/05,1011.3,1013.9,1009.7,91,77,2.7,2,9.2,24,1.5
2019/04/06,1011.4,1013.3,1009.4,85,71,2.1,139,8.3,129,0.0
2019/04/07,1010.3,1011.8,1008.7,82,63,2.6,45,7.5,64,0.0
2019/04/08,1011.2,1012.5,1010.1,83,55,2.4,73,6.0,76,0.0
2019/04/09,1008.9,1011.9,1006.0,81,58,3.3,151,14.2,164,0.0
2019/04/10,1008.6,1012.1,1006.7,85,65,3.5,32,11.6,24,3.5
2019/04/11,1009.4,1012.5,1006.0,85,73,2.8,30,14.3,13,1.0
2019/04/12,1014.9,1017.3,1011.6,80,69,4.0,31,13.9,51,0.0
2019/04/13,1014.0,1016.8,1011.8,82,62,2.4,226,8.7,131,0.5
2019/04/14,1012.6,1014.2,1010.9,83,71,3.5,206,12.2,24,0.0
2019/04/15,1015.1,1016.6,1012.9,76,62,3.9,29,13.6,23,4.5
2019/04/16,1010.2,1014.7,1007.5,88,69,2.2,216,6.1,216,0.0
2019/04/17,1010.7,1013.1,1007.9,88,75,2.0,209,6.7,61,5.0
2019/04/18,1010.7,1012.4,1009.3,83,62,2.6,210,5.6,121,0.0
2019/04/19,1008.5,1011.2,1005.8,89,72,1.9,218,5.9,53,9.5
2019/04/20,1007.3,1008.7,1005.8,87,75,1.8,236,4.8,48,1.0
2019/04/21,1007.2,1008.5,1005.7,87,77,1.8,214,5.6,21,1.0
2019/04/22,1007.8,1009.8,1006.0,85,69,2.2,73,5.8,81,0.0
2019/04/23,1007.9,1009.4,1006.4,81,63,2.5,212,7.9,144,0.0
2019/04/24,1007.2,1008.8,1005.2,84,71,2.9,121,9.5,150,0.0
2019/04/25,1006.3,1009.6,1004.1,80,62,3.3,238,8.6,40,0.0
2019/04/26,1010.2,1013.5,1007.3,78,67,2.5,42,9.1,60,0.0
2019/04/27,1012.9,1014.9,1010.7,92,78,2.7,5,9.9,13,33.0
2019/04/28,1011.7,1013.3,1010.1,84,66,2.1,210,6.8,115,0.0
2019/04/29,1009.3,1011.7,1007.2,85,67,2.8,143,10.2,134,0.0
2019/04/30,1005.0,1008.3,1002.0,81,60,2.8,212,10.5,146,0.0
2019/05/01,1006.9,1012.3,1003.3,85,72,3.4,35,13.2,34,17.5
2019/05/02,1013.0,1014.9,1010.7,85,59,2.1,236,9.0,36,21.5
2019/05/03,1014.4,1016.3,1012.1,82,58,2.5,219,9.1,39,4.0
2019/05/04,1013.8,1015.7,1012.0,83,67,2.3,34,7.0,11,0.0
2019/05/05,1011.0,1013.1,1008.1,78,57,1.9,226,5.3,225,1.0
2019/05/06,1010.2,1011.2,1008.9,93,82,1.9,226,5.5,232,15.5
2019/05/07,1010.7,1012.7,1008.4,84,70,3.9,25,13.8,26,2.5
2019/05/08,1008.4,1011.5,1005.8,83,68,1.8,223,5.3,236,0.0
2019/05/09,1007.4,1009.1,1005.7,90,80,2.4,27,10.6,19,3.0
2019/05/10,1009.1,1010.8,1007.6,91,82,2.1,21,7.3,12,7.5
2019/05/11,1010.1,1011.5,1008.8,87,69,2.9,28,9.2,18,0.0
2019/05/12,1009.9,1011.4,1008.5,87,73,2.3,79,6.4,58,0.0
2019/05/13,1008.4,1010.0,1006.8,85,69,2.4,58,7.5,54,0.0
2019/05/14,1007.6,1009.7,1006.0,85,61,2.8,9,7.5,43,0.0
2019/05/15,1008.0,1009.8,1006.8,89,72,1.7,229,6.3,49,26.0
2019/05/16,1004.9,1006.9,1003.0,89,68,1.9,112,5.0,113,1.5
2019/05/17,1003.5,1005.6,1001.5,93,81,1.7,10,6.3,57,2.5
2019/05/18,1004.0,1006.1,1001.6,96,89,2.6,231,7.8,237,26.0
2019/05/19,1005.4,1006.6,1003.9,86,67,1.9,92,5.3,222,0.0
2019/05/20,1006.1,1009.8,1003.1,87,70,4.3,34,14.2,33,11.0
2019/05/21,1010.1,1011.7,1008.6,71,49,3.1,33,10.5,40,1.5
2019/05/22,1009.2,1010.5,1007.8,75,51,1.9,37,5.7,118,1.0
2019/05/23,1010.9,1012.8,1008.7,93,86,1.4,220,4.9,45,22.5
2019/05/24,1012.3,1013.8,1011.0,93,74,1.1,2,4.1,240,22.5
2019/05/25,1011.9,1012.9,1010.9,93,81,2.1,228,6.0,154,3.5
2019/05/26,1010.0,1011.4,1008.6,86,63,2.7,151,10.2,147,0.0
2019/05/27,1008.0,1009.7,1006.3,89,69,2.4,231,8.7,143,3.0
2019/05/28,1008.1,1010.6,1006.5,89,73,3.7,26,10.9,24,0.5
2019/05/29,1010.1,1012.1,1008.4,80,67,2.7,15,9.8,39,0.0
2019/05/30,1009.3,1011.2,1007.5,89,70,1.9,223,5.6,58,0.5
2019/05/31,1007.4,1008.9,1005.8,91,72,2.5,125,8.9,128,18.0
2019/06/01,1006.2,1008.0,1004.2,92,78,1.3,113,5.5,127,1.5
2019/06/02,1004.4,1006.1,1003.2,90,74,1.7,48,5.4,16,0.5
2019/06/03,1005.8,1007.8,1004.2,90,80,1.7,52,4.7,13,0.0
2019/06/04,1007.4,1009.4,1005.4,91,72,2.1,220,6.0,49,5.0
2019/06/05,1009.3,1011.1,1007.9,85,62,2.8,224,8.5,134,0.0
2019/06/06,1009.6,1010.8,1008.3,85,67,3.4,210,14.5,134,0.0
2019/06/07,1008.5,1009.9,1006.4,85,67,2.9,19,12.1,153,0.0
2019/06/08,1006.2,1008.2,1004.5,85,66,1.9,225,5.7,227,0.0
2019/06/09,1002.5,1004.6,1001.2,82,62,2.2,55,6.8,45,0.0
2019/06/10,1001.7,1003.8,999.8,85,67,1.6,75,5.1,42,0.0
2019/06/11,1003.0,1006.2,999.9,93,83,1.9,16,9.1,3,21.5
2019/06/12,1005.7,1007.2,1004.2,97,94,0.5,22,3.7,352,53.5
2019/06/13,1001.8,1005.6,999.1,92,82,1.5,113,5.0,118,0.0
2019/06/14,999.7,1003.8,996.6,94,81,2.2,205,8.1,48,10.5
2019/06/15,1005.7,1008.1,1003.0,82,63,1.7,49,7.2,22,1.0
2019/06/16,1007.7,1009.8,1006.3,81,67,2.4,223,7.0,118,0.0
2019/06/17,1008.8,1010.8,1007.4,87,67,2.4,231,8.1,135,6.5
2019/06/18,1008.1,1009.8,1006.7,91,82,1.7,94,5.5,110,0.0
2019/06/19,1005.7,1007.5,1003.8,84,65,2.1,18,7.4,136,0.0
2019/06/20,1004.3,1005.3,1002.9,83,66,2.3,92,5.9,124,0.0
2019/06/21,1002.7,1004.2,1001.6,86,68,2.5,36,8.3,144,0.0
2019/06/22,1002.0,1003.5,1000.8,82,65,1.9,16,5.0,239,0.0
2019/06/23,1003.1,1006.6,1000.6,88,69,1.9,7,6.6,19,2.5
2019/06/24,1007.0,1009.5,1004.6,93,88,1.3,10,5.5,35,14.5
2019/06/25,1007.1,1008.9,1005.1,91,72,2.0,123,6.8,123,8.0
2019/06/26,1002.9,1005.1,1000.6,87,75,2.3,51,6.5,37,0.0
2019/06/27,1001.2,1002.8,999.9,85,66,1.8,116,6.2,142,0.0
2019/06/28,1001.8,1003.3,999.9,84,68,2.7,98,10.3,148,0.0
2019/06/29,1001.3,1003.1,999.9,86,70,2.9,142,10.7,151,0.0
2019/06/30,1002.3,1006.2,1000.3,86,71,3.3,150,13.9,142,16.5
2019/07/01,1002.6,1004.1,1000.9,87,68,2.7,258,6.8,136,3.5
2019/07/02,1002.2,1005.4,998.9,88,73,3.1,151,12.5,169,10.5
2019/07/03,1005.8,1007.4,1004.1,82,66,2.2,5,8.3,167,0.0
2019/07/04,1006.2,1007.6,1004.3,85,70,1.0,95,5.3,216,0.0
2019/07/05,1001.9,1005.4,999.6,83,65,1.8,231,6.1,239,0.0
2019/07/06,1000.6,1002.6,999.5,81,58,2.3,236,5.8,101,0.0
2019/07/07,1002.6,1005.6,1000.0,82,69,2.3,61,6.9,53,0.0
2019/07/08,1004.2,1005.7,1002.6,87,71,2.4,193,9.1,136,0.0
2019/07/09,1001.9,1004.0,1000.3,84,64,1.9,216,5.8,53,0.0
2019/07/10,1002.0,1005.5,999.5,78,60,2.5,212,6.0,59,0.0
2019/07/11,1007.3,1009.4,1004.9,84,61,1.8,199,8.3,127,3.0
2019/07/12,1006.7,1008.7,1004.8,86,67,2.2,53,6.2,46,0.0
2019/07/13,1002.6,1005.7,999.9,83,66,2.7,16,8.2,25,0.0
2019/07/14,1002.5,1004.7,1000.7,80,61,2.6,26,7.7,48,0.0
2019/07/15,1004.0,1005.4,1002.4,83,60,2.7,34,8.1,61,0.0
2019/07/16,1004.4,1005.7,1003.0,81,62,2.6,223,7.6,53,0.0
2019/07/17,999.6,1003.8,995.9,77,61,4.2,17,12.3,7,0.0
2019/07/18,993.5,995.9,992.0,81,67,3.0,22,14.0,61,4.0
2019/07/19,997.3,1001.6,994.1,87,76,1.8,60,4.1,208,2.0
2019/07/20,1003.1,1005.2,1001.1,88,74,1.4,219,5.4,141,1.5
2019/07/21,1005.2,1007.9,1003.6,86,69,1.7,127,15.4,155,8.0
2019/07/22,1005.5,1007.4,1003.6,81,53,3.0,143,13.2,135,0.5
2019/07/23,1005.4,1006.8,1003.5,84,66,2.7,152,11.7,148,20.5
2019/07/24,1005.8,1007.6,1004.5,85,69,2.6,136,10.4,140,0.5
2019/07/25,1006.4,1008.0,1004.6,85,73,2.3,199,8.9,137,0.0
2019/07/26,1004.9,1006.2,1003.1,85,74,2.3,114,6.9,109,1.0
2019/07/27,1005.1,1007.5,1003.4,83,72,2.0,92,6.7,103,1.5
2019/07/28,1007.2,1009.3,1005.0,85,71,2.6,125,8.4,129,2.0
2019/07/29,1007.5,1009.0,1005.8,81,63,3.7,142,13.5,137,0.0
2019/07/30,1006.6,1008.6,1004.8,81,59,3.3,146,11.7,153,0.0
2019/07/31,1006.0,1007.9,1004.4,80,62,2.9,130,8.7,160,0.0
2019/08/01,1006.0,1007.0,1004.8,82,66,2.7,130,10.0,127,0.0
2019/08/02,1004.2,1005.8,1002.9,78,61,2.4,45,7.5,62,1.0
2019/08/03,1001.7,1003.8,1000.2,80,66,2.8,225,7.9,66,0.0
2019/08/04,1000.9,1002.0,999.7,82,56,2.6,69,6.5,113,9.5
2019/08/05,1001.2,1002.5,999.8,90,74,2.8,75,8.5,74,18.0
2019/08/06,1000.7,1002.0,999.5,85,67,2.7,53,8.2,28,0.5
2019/08/07,996.8,1000.4,994.1,78,54,3.9,34,13.8,13,5.0
2019/08/08,990.1,994.5,987.4,84,54,3.1,215,17.9,20,8.0
2019/08/09,985.3,987.8,983.8,90,72,1.5,224,7.1,208,4.5
2019/08/10,990.5,995.6,986.5,85,66,2.6,230,9.1,116,0.0
2019/08/11,996.4,999.0,994.4,82,65,2.1,213,7.1,136,1.5
2019/08/12,999.2,1000.9,997.0,85,68,1.4,229,4.8,232,0.0
2019/08/13,999.5,1001.5,997.9,86,69,2.3,102,6.2,78,0.0
2019/08/14,999.5,1001.0,997.7,82,64,1.9,115,6.1,139,0.0
2019/08/15,998.7,999.8,997.4,86,69,1.5,223,5.5,117,0.0
2019/08/16,1000.2,1002.4,998.3,83,63,1.9,142,7.8,143,0.0
2019/08/17,1002.9,1004.4,1001.4,86,62,2.7,123,9.2,116,5.5
2019/08/18,1003.7,1005.5,1002.1,89,73,2.0,222,7.9,40,8.5
2019/08/19,1003.9,1005.4,1002.6,87,66,2.3,49,6.0,216,3.5
2019/08/20,1003.7,1004.5,1002.6,84,64,2.1,219,5.9,135,0.0
2019/08/21,1003.7,1005.7,1002.3,86,70,1.8,115,5.9,138,0.0
2019/08/22,1005.3,1007.2,1004.0,86,65,1.9,112,8.4,138,0.0
2019/08/23,1005.2,1006.9,1003.4,85,63,3.1,224,9.9,39,10.5
2019/08/24,1002.4,1004.8,998.5,92,67,3.3,15,18.8,105,107.5
2019/08/25,1005.8,1009.2,1002.1,95,86,0.8,111,14.5,160,49.0
2019/08/26,1008.5,1011.3,1006.8,89,71,2.5,134,10.0,129,0.0
2019/08/27,1008.4,1009.8,1006.7,87,71,2.2,125,8.1,119,0.0
2019/08/28,1006.9,1009.0,1005.2,83,59,2.8,138,8.2,122,0.0
2019/08/29,1005.6,1007.7,1003.9,86,70,3.0,145,11.4,146,0.0
2019/08/30,1007.1,1009.6,1005.5,87,69,2.8,220,8.7,215,2.5
2019/08/31,1007.7,1009.4,1006.2,87,71,2.7,214,7.8,137,0.0
2019/09/01,1008.5,1010.3,1007.0,84,64,2.4,211,8.5,113,0.0
2019/09/02,1008.5,1010.4,1006.5,87,70,2.6,135,8.8,140,1.5
2019/09/03,1006.1,1008.0,1004.1,85,67,2.3,222,10.3,58,0.5
2019/09/04,1002.7,1004.2,1000.7,82,61,2.1,237,11.4,45,0.0
2019/09/05,999.4,1001.7,997.7,86,63,2.6,210,9.4,152,1.5
2019/09/06,999.4,1002.1,997.2,84,64,2.2,98,6.1,236,0.0
2019/09/07,1002.2,1004.4,999.7,83,62,2.4,228,10.2,39,0.5
2019/09/08,1004.0,1006.3,1002.3,83,68,2.3,127,6.6,123,0.0
2019/09/09,1005.5,1007.8,1003.6,85,66,1.9,124,6.9,133,0.0
2019/09/10,1008.5,1011.6,1005.8,83,68,1.8,119,6.4,115,0.0
2019/09/11,1010.3,1011.3,1008.9,83,62,2.1,226,6.5,46,0.0
2019/09/12,1008.7,1010.4,1007.3,79,61,2.5,47,8.7,38,0.0
2019/09/13,1006.3,1007.6,1004.4,80,59,2.9,51,6.6,35,0.0
2019/09/14,1005.8,1007.4,1004.7,79,59,2.3,235,8.9,35,0.0
2019/09/15,1005.1,1006.5,1003.6,78,60,2.4,242,9.8,46,0.0
2019/09/16,1004.5,1006.0,1003.1,78,59,5.1,36,17.0,32,0.0
2019/09/17,1006.3,1008.7,1004.5,76,55,4.1,31,14.6,45,0.0
2019/09/18,1006.9,1008.5,1005.1,69,40,5.6,22,18.7,27,0.0
2019/09/19,1005.8,1008.1,1003.5,67,47,3.7,38,16.0,25,0.0
2019/09/20,1000.7,1004.1,998.2,73,53,2.7,216,9.5,151,0.0
2019/09/21,1000.1,1005.2,996.9,91,75,1.3,29,8.7,25,48.5
2019/09/22,1009.2,1014.0,1004.3,95,83,1.2,226,7.3,68,6.5
2019/09/23,1014.7,1016.9,1012.3,89,65,2.5,226,8.8,28,19.0
2019/09/24,1016.2,1017.9,1014.8,82,67,2.5,228,8.9,40,0.0
2019/09/25,1016.1,1017.5,1014.6,79,64,1.4,210,6.5,46,0.0
2019/09/26,1015.4,1016.7,1013.6,82,50,2.6,50,9.8,339,24.5
2019/09/27,1014.2,1016.4,1012.4,92,76,1.1,25,6.9,237,7.5
2019/09/28,1012.1,1013.7,1010.1,87,72,2.5,15,8.8,63,1.0
2019/09/29,1010.2,1012.4,1008.4,86,68,3.0,28,12.1,16,14.0
2019/09/30,1000.0,1008.8,992.5,82,53,5.5,8,22.9,12,38.0
2019/10/01,1003.6,1008.8,995.2,86,68,1.6,232,8.2,144,0.0
2019/10/02,1009.5,1011.8,1007.3,85,58,2.0,123,6.9,120,0.0
2019/10/03,1011.1,1012.4,1010.1,87,66,1.8,223,5.7,39,0.0
2019/10/04,1011.1,1012.4,1009.6,82,61,1.9,217,6.3,104,0.0
2019/10/05,1012.9,1015.3,1010.9,81,56,1.9,65,5.7,80,0.0
2019/10/06,1015.6,1017.7,1014.0,90,73,0.8,221,6.9,17,12.0
2019/10/07,1015.2,1016.9,1013.2,80,53,2.1,222,5.8,223,0.0
2019/10/08,1015.0,1017.0,1013.3,81,68,3.4,54,10.1,25,0.5
2019/10/09,1013.9,1016.0,1011.8,88,67,1.9,225,9.1,39,3.0
2019/10/10,1011.6,1013.7,1009.9,86,67,1.7,44,9.0,50,0.0
2019/10/11,1009.9,1011.4,1008.4,85,67,2.0,232,6.0,45,0.0
2019/10/12,1010.7,1012.5,1009.2,84,63,3.1,30,8.6,45,0.0
2019/10/13,1013.6,1016.1,1010.9,79,61,3.0,43,10.2,21,0.0
2019/10/14,1016.7,1019.3,1014.9,66,49,5.3,23,15.4,13,0.0
2019/10/15,1018.5,1020.0,1016.8,69,54,6.3,31,17.3,28,0.0
2019/10/16,1016.7,1018.7,1014.5,73,53,3.0,7,11.4,24,0.0
2019/10/17,1014.9,1016.6,1013.3,74,60,3.1,43,11.8,41,0.0
2019/10/18,1015.1,1016.9,1013.3,79,56,2.0,3,9.5,19,0.0
2019/10/19,1014.9,1016.9,1013.2,80,66,4.9,33,14.9,21,0.0
2019/10/20,1013.8,1015.6,1012.3,77,49,2.9,34,9.5,39,0.0
2019/10/21,1012.3,1013.8,1010.2,86,62,2.4,215,7.9,57,1.5
2019/10/22,1011.1,1012.7,1009.4,78,51,2.3,228,6.5,46,0.0
2019/10/23,1011.3,1013.6,1009.6,82,54,2.2,225,6.6,66,1.0
2019/10/24,1014.3,1016.4,1012.0,86,66,2.0,223,7.1,47,0.0
2019/10/25,1016.5,1018.2,1014.4,81,60,1.7,40,6.0,51,0.0
2019/10/26,1016.3,1017.9,1014.6,81,66,2.7,28,8.4,9,0.0
2019/10/27,1014.0,1016.2,1011.2,79,64,1.9,58,5.8,50,0.0
2019/10/28,1012.0,1013.7,1010.3,84,65,2.4,120,8.9,118,0.0
2019/10/29,1013.7,1016.0,1011.8,87,75,2.5,18,12.5,23,1.0
2019/10/30,1016.1,1017.6,1014.8,87,72,3.0,26,9.5,41,5.5
2019/10/31,1015.6,1017.0,1013.6,95,80,2.1,54,8.9,65,82.0
2019/11/01,1015.2,1016.8,1013.7,91,77,2.5,4,8.3,28,79.5
2019/11/02,1013.4,1015.2,1011.6,85,69,1.2,55,6.1,48,0.0
2019/11/03,1012.3,1013.8,1010.7,82,71,3.5,28,12.7,14,0.0
2019/11/04,1012.9,1014.6,1011.4,72,54,5.1,28,14.6,37,0.0
2019/11/05,1012.5,1013.9,1011.1,75,62,4.8,11,15.2,32,0.0
2019/11/06,1010.8,1012.6,1008.7,84,61,1.7,223,9.4,36,1.5
2019/11/07,1011.4,1014.2,1009.3,80,61,4.5,12,12.7,24,0.0
2019/11/08,1015.3,1017.4,1012.9,66,46,4.6,29,14.1,25,0.0
2019/11/09,1016.9,1018.8,1015.2,70,54,3.4,35,13.6,38,0.0
2019/11/10,1014.1,1016.5,1010.9,75,48,1.5,56,7.1,79,0.0
2019/11/11,1014.4,1016.6,1012.3,76,53,2.6,41,7.8,60,0.0
2019/11/12,1016.3,1018.1,1014.3,76,51,1.6,230,6.0,204,0.0
2019/11/13,1017.0,1019.3,1014.6,73,44,2.4,215,6.5,14,0.0
2019/11/14,1017.9,1019.4,1016.5,68,56,3.7,34,16.0,36,0.0
2019/11/15,1016.0,1017.9,1014.3,75,58,1.6,46,7.5,40,0.0
2019/11/16,1015.0,1016.6,1013.3,75,55,2.4,221,7.8,256,0.0
2019/11/17,1013.4,1015.0,1011.5,78,40,2.1,227,7.9,235,1.0
2019/11/18,1014.0,1017.1,1011.4,83,68,4.8,21,15.8,23,0.5
2019/11/19,1017.3,1020.1,1014.7,69,60,7.7,27,19.3,26,0.0
2019/11/20,1018.8,1021.1,1017.5,71,65,5.4,29,13.4,39,0.0
2019/11/21,1015.1,1018.9,1012.5,82,69,1.9,30,8.7,19,3.5
2019/11/22,1011.8,1013.8,1010.1,91,67,2.7,47,9.6,62,0.0
2019/11/23,1013.7,1015.5,1012.2,89,68,2.1,65,6.2,57,2.0
2019/11/24,1016.2,1018.8,1013.6,93,75,0.9,13,8.1,35,7.5
2019/11/25,1020.1,1022.4,1017.9,78,63,4.9,20,13.3,12,0.0
2019/11/26,1020.9,1023.4,1019.1,78,67,4.1,29,11.9,21,0.0
2019/11/27,1019.0,1020.9,1017.0,89,74,2.1,5,8.7,23,0.5
2019/11/28,1020.0,1022.3,1018.2,75,62,7.5,37,18.2,40,0.0
2019/11/29,1021.1,1023.0,1020.1,71,46,2.3,232,12.9,18,0.0
2019/11/30,1019.0,1021.1,1017.4,85,66,2.5,229,6.9,136,0.5
2019/12/01,1016.1,1018.3,1014.0,88,68,2.4,224,7.6,123,0.5
2019/12/02,1018.4,1021.7,1015.4,73,53,7.2,33,19.3,47,0.0
2019/12/03,975.0,1023.5,1020.0,57,44,1.7,16,12.0,56,0.0
2019/12/04,1022.7,1024.5,1020.2,76,52,2.7,211,12.4,42,2.0
2019/12/05,1022.3,1024.2,1020.0,92,77,1.7,8,9.8,23,5.5
2019/12/06,1020.2,1022.1,1017.6,87,71,3.9,23,19.9,31,9.0
2019/12/07,1020.6,1023.3,1018.4,67,49,5.9,39,19.1,45,0.5
2019/12/08,1022.2,1023.6,1020.6,65,41,3.1,37,13.2,24,0.0
2019/12/09,1019.8,1022.5,1017.3,68,40,2.3,209,7.1,233,0.0
2019/12/10,1014.7,1018.4,1011.8,74,46,2.6,58,8.1,219,0.0
2019/12/11,1015.7,1019.8,1012.9,77,58,3.6,35,12.1,41,0.0
2019/12/12,1020.6,1022.5,1019.0,63,48,4.0,17,12.1,26,0.0
2019/12/13,1020.8,1022.7,1019.3,80,57,2.1,228,7.5,57,0.0
2019/12/14,1020.6,1022.6,1018.9,86,66,1.8,222,7.2,64,0.5
2019/12/15,1019.9,1022.2,1017.9,87,57,1.1,76,6.8,75,0.5
2019/12/16,1017.2,1019.6,1014.6,82,53,2.1,227,6.9,129,0.0
2019/12/17,1016.3,1018.3,1014.7,85,65,1.7,225,6.3,225,0.0
2019/12/18,1017.1,1019.2,1015.5,91,78,2.4,33,9.2,37,1.0
2019/12/19,1017.2,1019.4,1015.1,87,75,3.3,28,12.9,12,0.0
2019/12/20,1018.4,1020.9,1016.7,89,73,2.1,28,11.1,21,10.5
2019/12/21,1014.6,1017.4,1012.0,91,67,1.5,225,8.2,146,0.0
2019/12/22,1013.0,1014.9,1010.4,95,85,1.9,222,9.4,38,4.5
2019/12/23,1015.4,1017.0,1013.7,89,69,1.3,X,5.3,25,8.0
2019/12/24,1015.9,1017.7,1013.8,88,64,1.7,X,6.4,24,17.0
2019/12/25,1014.9,1017.6,1012.9,89,75,0.7,X,4.9,24,1.0
2019/12/26,967.7,1017.5,1012.1,76,62,3.6,26,18.6,26,0.0
2019/12/27,1020.0,1022.0,1016.9,75,64,5.7,31,18.2,33,0.0
2019/12/28,1020.4,1022.9,1019.0,88,68,1.9,227,6.0,52,0.0
2019/12/29,1018.6,1020.1,1017.1,98,92,2.2,224,6.5,234,39.0
2019/12/30,1019.2,1021.7,1017.2,97,75,1.6,215,7.2,226,14.0
2019/12/31,1025.1,1027.5,1021.5,82,64,5.0,26,15.6,21,13.5
2020/01/01,1025.6,1027.7,1024.0,89,69,2.6,17,9.2,22,2.5
2020/01/02,1023.8,1026.2,1022.2,86,64,1.6,5,4.7,74,2.0
2020/01/03,1021.6,1023.7,1019.7,82,59,2.2,234,6.2,222,0.0
2020/01/04,1019.9,1022.0,1017.6,83,60,2.3,221,5.8,129,0.0
2020/01/05,1020.8,1023.0,1018.5,86,60,2.2,218,6.4,137,0.0
2020/01/06,1018.9,1021.2,1016.6,89,63,2.8,217,10.0,131,0.0
2020/01/07,1015.6,1017.5,1013.0,82,52,2.5,222,8.6,133,0.0
2020/01/08,1019.0,1020.8,1016.1,81,66,3.5,2,13.1,50,0.0
2020/01/09,1018.2,1020.9,1016.1,89,73,1.7,23,6.1,26,0.5
2020/01/10,1015.1,1017.9,1013.0,89,72,2.0,121,6.4,114,0.0
2020/01/11,1012.6,1014.2,1010.1,88,61,2.8,220,8.8,129,5.0
2020/01/12,1014.7,1017.5,1012.0,87,74,4.5,42,15.2,39,10.5
2020/01/13,1016.4,1018.2,1014.8,85,64,1.6,228,5.7,26,0.0
2020/01/14,1017.5,1020.2,1015.5,82,66,3.9,224,10.5,20,0.0
2020/01/15,1018.0,1020.4,1015.6,83,65,2.3,233,10.2,17,0.0
2020/01/16,1015.3,1017.4,1012.9,87,62,2.7,218,7.8,1,8.5
2020/01/17,1016.3,1018.6,1014.6,87,72,3.7,32,14.4,39,11.5
2020/01/18,1018.6,1020.5,1017.1,95,81,2.1,214,5.6,51,0.0
2020/01/19,1018.5,1020.1,1016.7,89,70,2.2,5,7.1,19,0.5
2020/01/20,1020.7,1023.1,1018.2,83,72,1.8,218,7.1,52,0.5
2020/01/21,1022.6,1024.8,1021.4,81,68,1.8,233,5.6,59,0.0
2020/01/22,1019.0,1022.2,1016.8,87,64,2.5,112,7.4,133,0.0
2020/01/23,1017.0,1018.7,1014.9,84,65,2.1,230,8.5,148,0.0
2020/01/24,1017.7,1019.8,1016.0,85,66,2.2,218,7.6,117,0.0
2020/01/25,1015.5,1018.3,1013.3,80,55,1.9,40,6.1,227,0.0
2020/01/26,1008.6,1014.5,1005.6,95,81,2.0,200,7.1,25,5.0
2020/01/27,1010.8,1015.0,1006.4,93,75,2.0,242,8.2,55,1.0
2020/01/29,1014.7,1016.9,1013.0,87,68,2.7,29,11.5,19,1.0
2020/01/29,1016.6,1018.1,1014.9,85,69,2.2,27,9.6,45,0.0
2020/01/30,1017.5,1019.6,1015.8,69,56,2.7,17,12.8,42,0.0
2020/01/31,1020.7,1022.5,1018.7,60,38,2.2,9,8.9,347,0.0
2020/02/01,1022.2,1023.8,1020.5,73,52,2.1,223,7.2,346,0.0
2020/02/02,1021.4,1023.6,1019.5,79,54,2.3,227,6.3,236,0.0
2020/02/03,1019.5,1021.5,1017.3,85,59,2.4,230,8.7,138,0.0
2020/02/04,1017.7,1019.2,1015.8,89,61,2.0,228,7.6,57,0.5
2020/02/05,1019.9,1022.8,1017.3,85,67,3.8,36,14.4,45,1.5
2020/02/06,1019.0,1022.6,1016.2,85,65,2.1,221,6.7,58,0.0
2020/02/07,1017.9,1020.5,1015.9,85,70,4.3,31,13.2,56,0.0
2020/02/08,1022.1,1024.7,1020.2,77,64,3.6,40,12.3,20,0.0
2020/02/09,1023.8,1025.6,1022.3,89,64,2.4,226,10.4,22,5.5
2020/02/10,1023.0,1025.0,1021.3,83,60,2.2,221,5.8,225,0.0
2020/02/11,1021.3,1023.2,1019.9,85,60,2.3,217,6.0,240,0.0
2020/02/12,1017.2,1020.7,1014.5,83,50,3.2,147,12.5,160,0.0
2020/02/13,1014.0,1016.4,1011.1,87,68,1.8,221,5.4,141,0.0
2020/02/14,1013.2,1015.0,1011.0,86,67,1.9,235,5.9,48,0.0
2020/02/15,1013.5,1015.9,1011.1,87,74,2.7,19,9.9,21,0.0
2020/02/16,1016.7,1021.9,1011.2,85,72,5.8,28,17.4,14,0.0
2020/02/17,1024.3,1028.2,1020.9,76,48,2.8,19,11.8,27,0.0
2020/02/18,1026.3,1028.8,1024.2,66,44,1.9,226,10.0,38,0.0
2020/02/19,1023.4,1025.3,1021.1,75,53,2.1,223,6.3,111,0.0
2020/02/20,1024.2,1026.1,1021.9,83,56,2.6,219,6.1,360,0.5
2020/02/21,1024.9,1027.7,1022.9,81,58,2.4,132,5.6,195,0.0
2020/02/22,1024.6,1026.2,1023.2,87,63,3.1,26,9.5,106,0.5
2020/02/23,1024.4,1027.2,1022.3,92,78,2.2,12,9.1,15,1.5
2020/02/24,1020.2,1023.0,1017.9,90,66,1.9,144,6.7,154,2.0
2020/02/25,1016.7,1019.0,1014.8,87,65,2.4,98,8.1,119,0.0
2020/02/26,1016.8,1018.7,1014.8,83,60,2.4,18,8.2,36,0.0
2020/02/27,1019.2,1021.4,1017.2,81,69,4.0,29,13.0,21,0.0
2020/02/28,1016.1,1018.8,1013.7,90,66,2.7,226,9.8,132,4.5
2020/02/29,1013.1,1015.3,1010.8,90,72,1.6,217,7.6,138,0.5
2020/03/01,1011.9,1015.1,1010.3,88,66,3.6,223,14.5,43,0.5
2020/03/02,1018.1,1020.1,1014.8,77,67,5.1,25,16.2,31,0.0
2020/03/03,1018.0,1020.2,1015.6,88,67,1.4,23,5.1,70,0.0
2020/03/04,1016.8,1019.2,1014.4,84,64,4.1,33,14.4,27,0.0
2020/03/05,1019.2,1021.8,1017.4,84,71,3.2,36,12.4,30,3.5
2020/03/06,1016.4,1019.8,1013.6,89,65,2.4,215,6.9,159,0.0
2020/03/07,1012.3,1015.0,1009.6,87,65,2.3,216,5.6,126,1.5
2020/03/08,1010.4,1013.1,1008.2,92,85,1.9,195,8.1,133,1.0
2020/03/09,1005.3,1009.0,1001.0,87,66,2.8,26,10.1,350,0.0
2020/03/10,1011.3,1018.2,1004.9,90,71,4.9,24,14.0,26,5.0
2020/03/11,1019.0,1021.0,1017.3,82,62,1.9,232,5.5,26,0.0
2020/03/12,1015.0,1019.3,1012.3,87,67,1.9,227,6.4,209,0.0
2020/03/13,1013.0,1014.9,1011.4,92,81,2.3,3,9.2,9,9.5
2020/03/14,1015.8,1018.6,1013.1,83,66,5.4,35,15.2,23,6.5
2020/03/15,1019.0,1021.1,1017.4,74,48,2.1,235,6.5,217,0.0
2020/03/16,1020.8,1022.9,1019.5,70,37,2.2,224,5.4,58,0.0
2020/03/17,1018.0,1020.7,1015.3,77,51,2.9,221,9.1,137,0.0
2020/03/18,1014.2,1016.9,1011.9,87,63,2.4,225,8.6,132,0.0
2020/03/19,1012.3,1014.8,1010.3,90,72,2.5,53,6.8,60,3.0
2020/03/20,1014.8,1016.7,1013.1,94,82,1.4,229,8.7,17,7.5
2020/03/21,1013.4,1016.6,1011.2,88,64,2.6,232,8.5,153,0.0
2020/03/22,1010.9,1012.9,1008.8,87,65,2.2,232,8.1,127,0.0
2020/03/23,1013.7,1016.3,1012.0,91,78,2.9,26,10.1,22,2.5
2020/03/24,1014.3,1016.1,1012.5,86,68,1.9,65,5.3,44,0.0
2020/03/25,1012.8,1014.8,1011.0,88,67,2.6,126,7.6,132,0.0
2020/03/26,1012.9,1015.0,1010.9,92,72,2.5,117,12.6,136,1.0
2020/03/27,1012.4,1014.2,1010.1,94,67,3.0,132,12.7,125,28.0
2020/03/28,1012.0,1016.0,1009.4,90,76,4.2,45,13.7,52,9.0
2020/03/29,1014.6,1017.4,1011.8,88,72,1.7,220,6.7,132,0.5
2020/03/30,1011.4,1013.3,1009.1,86,67,3.0,34,8.6,129,0.0
2020/03/31,1011.1,1013.4,1009.1,94,82,1.4,4,7.2,40,0.0
2020/04/01,1014.0,1018.8,1009.0,90,76,3.8,44,12.6,36,0.0
2020/04/02,1017.5,1019.8,1014.9,90,76,1.8,242,5.8,8,0.0
2020/04/03,1016.0,1017.9,1013.2,92,72,2.4,142,9.3,21,2.0
2020/04/04,1016.8,1019.4,1015.0,87,69,3.8,29,11.8,40,0.5
2020/04/05,1018.6,1020.2,1017.1,80,63,2.6,25,10.5,21,0.0
2020/04/06,1015.8,1019.1,1013.4,91,69,1.6,225,4.4,223,5.5
2020/04/07,1013.0,1015.2,1010.8,91,76,3.1,223,11.1,43,5.0
2020/04/08,1014.0,1015.9,1012.6,85,66,3.1,222,9.7,42,0.0
2020/04/09,1015.6,1018.8,1012.9,83,52,3.0,221,12.0,42,0.0
2020/04/10,1017.9,1019.6,1016.6,84,60,2.7,234,7.6,45,0.0
2020/04/11,1012.7,1017.1,1010.0,85,67,2.3,215,7.5,140,0.0
2020/04/12,1012.2,1016.2,1008.3,89,73,3.9,42,15.6,23,7.0
2020/04/13,1016.3,1019.7,1013.9,64,36,3.5,27,10.0,25,0.0
2020/04/14,1016.6,1019.0,1014.2,70,39,2.0,227,6.1,130,0.0
2020/04/15,1013.3,1015.1,1011.3,81,59,2.6,228,9.6,123,0.0
2020/04/16,1014.7,1016.4,1013.0,82,62,2.4,228,7.0,171,0.0
2020/04/17,1013.9,1015.6,1012.2,82,54,3.2,142,10.7,152,0.0
2020/04/18,1013.0,1014.6,1011.1,89,64,2.8,132,8.7,130,0.0
2020/04/19,1009.3,1011.9,1006.3,92,66,2.9,147,14.2,154,0.0
2020/04/20,1011.8,1013.7,1008.9,89,57,3.0,22,11.0,23,0.0
2020/04/21,1011.1,1013.2,1009.0,90,69,2.9,229,10.1,18,0.0
2020/04/22,1014.7,1017.5,1011.7,84,75,4.7,26,13.2,12,0.0
2020/04/23,1016.8,1019.2,1015.0,91,81,3.2,9,10.9,18,4.0
2020/04/24,1018.4,1020.0,1016.8,98,93,2.5,1,8.5,11,10.5
2020/04/25,1015.8,1018.6,1013.7,88,71,2.0,60,5.7,226,0.0
2020/04/26,1014.5,1016.7,1012.8,88,70,3.1,224,11.5,22,0.0
2020/04/27,1016.3,1018.3,1014.3,86,60,2.1,32,8.3,63,0.5
2020/04/28,1017.9,1019.4,1016.6,94,82,2.6,228,6.8,218,2.0
2020/04/29,1016.6,1017.8,1015.5,87,66,2.4,225,6.2,110,0.0
2020/04/30,1014.7,1016.6,1012.9,91,68,2.4,127,8.3,118,8.0
2020/05/01,1011.4,1013.6,1009.4,92,73,2.2,229,7.1,131,11.5
2020/05/02,1007.7,1010.4,1005.5,92,80,2.4,83,9.4,139,0.0
2020/05/03,1006.1,1007.6,1004.5,90,71,2.7,227,10.2,136,0.0
2020/05/04,1008.2,1009.9,1005.9,89,72,2.5,76,7.2,127,0.0
2020/05/05,1006.4,1008.7,1003.7,87,64,2.8,136,10.0,130,0.0
2020/05/06,1006.7,1010.2,1002.5,94,84,2.4,21,9.7,44,1.0
2020/05/07,1009.0,1010.3,1007.7,96,84,1.3,221,5.1,235,2.0
2020/05/08,1008.5,1010.1,1006.9,96,84,1.9,221,9.3,125,2.5
2020/05/09,1007.2,1008.3,1005.7,94,84,1.9,149,9.4,136,46.0
2020/05/10,1007.5,1009.7,1005.6,90,76,1.8,48,5.1,47,0.5
2020/05/11,1008.2,1009.6,1007.0,93,81,2.5,42,9.9,20,0.5
2020/05/12,1009.0,1012.7,1006.7,93,81,3.1,27,11.4,34,16.5
2020/05/13,1012.9,1014.3,1011.3,85,63,2.4,38,7.5,43,0.0
2020/05/14,1011.1,1013.3,1009.1,87,71,2.5,114,8.3,112,0.0
2020/05/15,1008.1,1009.7,1006.0,90,72,2.9,204,12.3,131,0.5
2020/05/16,1007.4,1009.3,1005.0,91,70,3.1,244,13.7,142,7.0
2020/05/17,1004.8,1006.7,1002.5,91,72,3.0,195,15.7,162,1.0
2020/05/18,1001.9,1004.2,1000.4,90,69,2.1,215,6.2,209,0.0
2020/05/19,1005.2,1008.3,1002.8,96,85,2.3,26,12.8,19,4.0
2020/05/20,1007.6,1008.8,1006.4,96,81,1.5,14,5.3,62,2.0
2020/05/21,1005.2,1006.7,1003.5,96,83,1.4,224,5.7,220,8.5
2020/05/22,1001.6,1004.0,1000.3,97,89,1.4,214,4.6,13,9.5
2020/05/23,1003.6,1006.7,1000.7,98,92,1.9,29,7.8,40,11.0
2020/05/24,1007.7,1009.6,1005.6,96,83,1.7,229,6.7,42,7.0
2020/05/25,1008.8,1010.4,1007.4,94,74,1.7,40,5.5,113,0.0
2020/05/26,1006.4,1008.9,1004.0,94,83,2.0,9,7.8,134,4.0
2020/05/27,1007.8,1010.6,1005.6,98,85,2.4,12,6.9,36,19.5
2020/05/28,1009.6,1011.6,1008.2,98,91,2.0,28,7.9,49,8.0
2020/05/29,1009.9,1011.1,1008.6,95,77,1.9,78,6.2,122,13.0
2020/05/30,1008.8,1010.6,1006.9,88,76,2.6,220,7.8,12,0.0
2020/05/31,1009.2,1010.8,1007.3,88,74,2.3,118,6.7,123,0.0
2020/06/01,1009.5,1011.2,1007.5,92,76,2.3,24,10.8,144,18.5
2020/06/02,1008.1,1010.4,1006.4,90,74,2.6,27,9.7,133,0.5
2020/06/03,1006.3,1008.7,1004.3,87,70,2.7,112,9.8,136,0.0
2020/06/04,1005.8,1007.5,1004.6,84,57,2.6,228,7.6,141,0.0
2020/06/05,1005.7,1007.2,1003.9,83,62,2.7,140,8.5,133,0.0
2020/06/06,1004.6,1006.3,1002.6,83,65,3.0,15,9.2,140,0.0
2020/06/07,1005.6,1007.7,1004.2,90,67,2.8,220,9.2,63,30.5
2020/06/08,1006.8,1009.2,1005.6,93,77,2.3,108,9.6,41,0.5
2020/06/09,1008.1,1010.4,1006.7,93,76,1.7,211,5.0,132,0.0
2020/06/10,1008.1,1009.7,1006.2,88,74,2.5,240,10.1,170,0.0
2020/06/11,1006.9,1008.3,1004.9,89,66,2.9,207,12.0,138,3.0
2020/06/12,1006.3,1007.9,1004.1,84,62,3.5,153,13.7,156,0.0
2020/06/13,1007.5,1010.8,1005.7,80,61,3.5,154,15.0,159,0.0
2020/06/14,1010.3,1012.5,1008.8,86,60,3.0,129,12.9,134,0.0
2020/06/15,1010.0,1012.3,1008.0,89,70,2.6,152,10.7,162,4.5
2020/06/16,1007.1,1010.0,1005.1,87,72,2.5,129,9.6,139,0.0
2020/06/17,1005.7,1007.1,1004.6,86,67,2.5,143,11.3,136,0.0
2020/06/18,1005.9,1007.0,1004.3,86,71,2.3,83,6.9,124,0.0
2020/06/19,1006.5,1008.2,1005.3,84,67,2.5,50,7.7,92,0.0
2020/06/20,1006.1,1007.5,1004.5,85,65,2.5,230,9.1,130,0.0
2020/06/21,1003.3,1005.3,1001.6,84,70,2.4,52,6.5,43,0.0
2020/06/22,1003.6,1005.8,1001.8,82,68,2.5,53,6.1,95,0.0
2020/06/23,1004.5,1005.9,1003.3,82,62,2.5,131,7.0,128,0.0
2020/06/24,1004.1,1005.4,1002.7,83,63,2.6,124,8.2,131,0.0
2020/06/25,1004.8,1006.5,1003.7,82,68,2.6,52,7.4,68,0.0
2020/06/26,1007.2,1009.6,1006.0,80,63,2.5,113,7.8,144,0.0
2020/06/27,1007.4,1008.8,1005.9,80,65,3.4,153,14.9,151,0.0
2020/06/28,1006.7,1007.8,1005.0,80,63,3.1,146,11.3,131,0.0
2020/06/29,1004.4,1006.5,1002.8,86,69,3.1,209,12.3,154,0.0
2020/06/30,1002.7,1004.3,1001.1,81,61,2.0,37,6.8,133,0.0
2020/07/01,1003.7,1006.8,1001.7,88,68,2.6,226,10.2,150,3.0
2020/07/02,1006.3,1009.9,1004.4,91,70,2.7,18,11.8,158,1.5
2020/07/03,1008.4,1010.4,1006.7,87,69,3.2,141,12.7,141,0.5
2020/07/04,1007.9,1009.4,1006.1,84,67,3.0,141,11.0,153,0.0
2020/07/05,1005.6,1007.8,1003.7,83,64,3.5,151,13.7,156,0.0
2020/07/06,1005.4,1007.6,1004.0,84,67,2.9,143,10.1,146,0.0
2020/07/07,1006.9,1008.4,1005.7,85,75,2.6,16,7.8,37,0.0
2020/07/08,1004.4,1007.2,1002.4,84,65,2.2,115,6.7,116,1.0
2020/07/09,1001.7,1003.2,1000.5,86,71,2.2,69,7.0,124,0.0
2020/07/10,1004.6,1007.3,1002.3,82,64,2.7,237,10.5,141,0.0
2020/07/11,1006.8,1008.8,1005.6,79,61,2.3,127,6.6,134,0.0
2020/07/12,1006.9,1008.2,1004.5,84,63,2.8,129,8.7,134,0.0
2020/07/13,1006.3,1007.8,1004.9,81,55,3.0,137,9.4,137,0.0
2020/07/14,1004.9,1006.4,1003.0,80,56,3.6,135,11.7,131,0.0
2020/07/15,1003.7,1005.6,1002.0,84,66,2.4,57,9.8,143,0.0
2020/07/16,1004.2,1006.3,1002.9,84,70,2.4,235,10.4,40,0.0
2020/07/17,1005.9,1007.5,1003.8,84,64,2.8,78,8.6,26,0.0
2020/07/18,1006.2,1007.4,1005.0,82,66,2.3,65,7.0,112,0.0
2020/07/19,1007.0,1009.3,1004.8,86,65,3.8,152,14.3,176,22.5
2020/07/20,1009.1,1011.1,1007.5,85,63,3.2,146,12.6,158,0.0
2020/07/21,1010.3,1011.6,1008.9,81,60,3.1,131,10.1,120,0.0
2020/07/22,1009.1,1011.2,1007.8,84,68,2.8,133,9.4,122,0.0
2020/07/23,1008.0,1009.0,1006.8,83,72,3.0,129,9.8,131,0.0
2020/07/24,1006.5,1007.8,1004.8,82,66,3.2,143,11.2,145,0.0
2020/07/25,1005.9,1007.7,1004.1,81,61,2.6,214,9.7,153,0.0
2020/07/26,1005.7,1007.3,1003.7,86,58,3.4,132,10.6,130,15.0
2020/07/27,1006.1,1008.3,1004.6,86,63,3.3,145,10.7,128,0.0
2020/07/28,1007.6,1009.4,1005.9,90,72,2.7,227,11.0,128,10.5
2020/07/29,1007.8,1010.2,1006.3,86,62,2.6,128,7.6,124,0.0
2020/07/30,1008.5,1010.5,1006.3,90,72,2.3,203,7.8,244,15.5
2020/07/31,1008.4,1010.8,1006.8,85,64,2.9,209,10.5,138,3.0
2020/08/01,1008.1,1009.4,1006.7,85,64,3.0,214,10.2,130,0.0
2020/08/02,1005.3,1008.3,1002.6,83,65,3.3,52,9.9,37,0.0
2020/08/03,1000.5,1003.7,999.0,84,73,1.9,49,8.4,159,0.0
2020/08/04,1006.0,1010.6,1002.3,85,63,2.6,148,12.5,136,11.0
2020/08/05,1010.0,1012.4,1008.2,88,68,3.0,145,11.8,127,0.0
2020/08/06,1010.1,1011.8,1008.9,84,69,2.6,123,8.9,110,0.0
2020/08/07,1007.7,1010.0,1006.0,84,65,3.3,134,9.4,126,0.0
2020/08/08,1004.9,1007.7,1002.9,82,65,2.5,110,8.3,123,0.0
2020/08/09,1002.5,1004.8,1000.3,78,54,2.8,226,9.2,137,0.0
2020/08/10,1005.3,1007.9,1002.4,87,62,3.2,214,13.6,149,1.0
2020/08/11,1009.2,1012.5,1005.6,91,76,2.3,202,12.6,202,1.0
2020/08/12,1012.3,1014.1,1010.4,84,64,3.1,145,13.0,154,0.0
2020/08/13,1011.2,1013.4,1009.2,83,65,2.6,230,8.5,121,0.0
2020/08/14,1008.7,1011.0,1006.1,81,53,2.8,120,8.4,135,0.0
2020/08/15,1008.1,1010.0,1006.5,84,66,3.0,132,9.7,114,1.5
2020/08/16,1008.6,1010.7,1006.9,82,61,2.7,129,8.8,128,11.5
2020/08/17,1008.6,1010.4,1006.4,87,67,1.8,142,7.0,151,0.0
2020/08/18,1008.6,1010.5,1006.9,85,65,2.0,219,6.4,120,1.0
2020/08/19,1007.8,1009.2,1006.1,85,69,2.3,112,6.8,115,0.0
2020/08/20,1008.4,1009.7,1006.2,81,53,2.4,117,6.8,126,0.0
2020/08/21,1007.9,1009.3,1006.3,80,64,3.1,58,11.7,103,0.0
2020/08/22,1003.4,1006.7,1001.7,94,64,3.0,15,11.8,15,54.5
2020/08/23,1002.0,1003.5,1000.7,87,62,2.6,135,8.3,147,0.0
2020/08/24,1001.3,1003.1,999.5,87,56,2.4,218,7.3,140,0.0
2020/08/25,999.9,1001.1,998.5,86,59,2.2,112,6.6,127,0.0
2020/08/26,999.9,1001.8,998.6,88,61,2.4,223,6.5,50,1.5
2020/08/27,1000.8,1002.9,999.2,91,67,2.1,115,8.1,108,0.5
2020/08/28,1001.6,1002.9,999.7,90,71,2.2,90,6.5,80,0.0
2020/08/29,1003.5,1005.6,1001.5,87,64,3.0,230,10.3,20,0.0
2020/08/30,1004.0,1005.2,1002.6,90,72,2.8,221,8.4,73,0.0
2020/08/31,1001.3,1004.4,998.5,83,56,3.1,48,12.0,15,0.0
2020/09/01,1000.2,1002.6,998.5,85,64,2.3,220,6.6,42,0.0
2020/09/02,1003.0,1005.5,1001.1,86,56,2.7,34,10.8,143,0.0
2020/09/03,1006.8,1009.9,1004.0,89,65,2.6,222,8.6,21,32.5
2020/09/04,1007.9,1009.7,1006.3,93,76,2.9,43,9.9,45,40.0
2020/09/05,1004.4,1007.4,1002.2,83,63,2.3,56,8.2,13,0.0
2020/09/06,1002.7,1005.7,1000.9,87,64,2.7,238,10.4,149,0.0
2020/09/07,1008.1,1011.4,1005.0,86,62,2.5,231,9.0,120,0.0
2020/09/08,1010.9,1012.3,1009.4,88,49,2.6,224,8.2,117,0.0
2020/09/09,1008.8,1011.3,1007.2,94,66,2.6,210,7.3,120,7.0
2020/09/10,1006.5,1007.9,1005.1,93,71,2.6,235,6.3,133,3.5
2020/09/11,1007.3,1009.6,1005.7,93,72,2.6,137,10.6,144,21.0
2020/09/12,1010.0,1012.3,1007.8,96,80,2.1,41,5.8,73,10.0
2020/09/13,1010.6,1012.1,1009.3,95,76,1.9,227,5.7,210,0.0
2020/09/14,1009.6,1010.9,1008.1,95,73,2.4,231,6.3,73,0.0
2020/09/15,1008.8,1010.5,1006.8,94,71,3.1,134,10.2,137,4.0
2020/09/16,1008.6,1010.4,1006.9,89,66,3.1,148,12.4,141,0.0
2020/09/17,1008.5,1010.5,1006.3,86,59,3.3,153,13.1,155,0.0
2020/09/18,1010.8,1013.3,1009.1,90,64,3.0,146,11.4,121,0.0
2020/09/19,1011.4,1013.0,1009.8,89,66,2.9,3,9.8,248,0.0
2020/09/20,1010.1,1011.0,1008.8,94,70,3.1,24,10.6,13,2.0
2020/09/21,1009.6,1010.7,1008.3,89,73,3.6,34,11.6,19,0.0
2020/09/22,1009.5,1010.8,1008.2,84,65,1.9,28,7.0,48,0.0
2020/09/23,1009.3,1010.5,1008.1,80,61,2.2,214,6.6,112,0.0
2020/09/24,1008.8,1010.1,1007.7,93,70,2.3,231,9.8,39,1.5
2020/09/25,1008.9,1010.7,1007.3,97,77,2.0,222,8.0,50,1.5
2020/09/26,1009.8,1011.9,1008.0,92,73,3.1,235,10.4,24,1.0
2020/09/27,1010.5,1012.2,1009.1,96,86,2.0,28,7.1,31,0.5
2020/09/28,1009.1,1010.6,1007.0,97,86,2.8,39,10.4,50,0.0
2020/09/29,1007.3,1009.5,1005.0,91,67,1.8,227,6.1,231,0.0
2020/09/30,1007.6,1009.4,1005.5,96,82,2.3,227,6.0,233,0.0
2020/10/01,1009.3,1011.1,1007.7,86,62,3.1,227,11.3,38,0.0
2020/10/02,1010.4,1011.9,1008.7,82,45,2.7,222,7.4,54,0.0
2020/10/03,1010.1,1011.6,1008.1,83,51,2.7,229,7.1,232,0.0
2020/10/04,1008.8,1010.8,1006.1,85,59,2.3,215,6.4,124,1.0
2020/10/05,1010.4,1012.5,1008.7,90,77,5.2,38,15.7,17,0.0
2020/10/06,1013.3,1015.6,1011.4,77,66,6.4,43,15.2,40,0.0
2020/10/07,1013.2,1015.2,1011.3,83,61,4.3,30,13.8,24,0.0
2020/10/08,1013.0,1014.5,1011.4,78,53,2.9,42,12.5,34,0.0
2020/10/09,1012.7,1014.1,1011.2,80,59,3.4,38,13.3,43,0.0
2020/10/10,1011.5,1013.0,1009.8,89,67,3.5,44,10.3,25,0.0
2020/10/11,1009.2,1011.3,1007.1,96,81,2.6,63,8.2,26,0.0
2020/10/12,1009.5,1011.6,1007.7,96,84,2.2,221,9.0,131,0.5
2020/10/13,1012.2,1014.7,1010.1,97,72,2.6,59,7.6,17,36.0
2020/10/14,1015.1,1016.8,1012.8,93,70,3.3,1,11.0,62,19.5
2020/10/15,1014.9,1017.1,1012.9,93,64,1.9,1,8.7,39,2.0
2020/10/16,1013.7,1015.7,1011.4,97,80,1.4,258,7.4,97,8.5
2020/10/17,1014.8,1016.5,1013.4,99,93,1.7,10,8.0,2,69.5
2020/10/18,1014.7,1016.4,1013.0,98,83,2.5,24,10.2,40,4.0
2020/10/19,1015.0,1016.9,1012.7,97,87,2.5,14,10.4,20,11.5
2020/10/20,1013.9,1016.2,1011.9,96,77,3.2,31,10.0,34,1.0
2020/10/21,1008.9,1011.9,1006.5,99,98,1.6,237,7.1,359,66.0
2020/10/22,1006.9,1010.7,1004.9,95,72,3.2,29,14.8,18,11.0
2020/10/23,1012.9,1015.9,1009.3,87,63,4.1,40,17.6,45,0.5
2020/10/24,1016.8,1018.9,1015.0,89,64,2.2,232,9.5,9,0.5
2020/10/25,1015.9,1018.1,1013.5,89,58,2.2,59,6.4,63,0.0
2020/10/26,1013.8,1015.7,1011.4,88,65,2.3,60,7.4,46,1.0
2020/10/27,1014.0,1016.0,1012.2,92,65,1.5,6,5.4,235,1.0
2020/10/28,1015.8,1017.7,1014.2,96,82,1.9,221,7.4,14,1.5
2020/10/29,1017.1,1019.0,1015.0,94,77,3.1,21,9.1,18,0.0
2020/10/30,1017.7,1019.7,1016.0,81,65,4.1,34,15.1,34,0.0
2020/10/31,1017.0,1019.2,1015.5,75,45,2.8,213,9.5,44,0.0
2020/11/01,1014.3,1016.2,1012.6,86,53,2.6,226,7.4,49,0.5
2020/11/02,1013.3,1015.0,1010.9,84,56,4.0,28,12.4,36,0.5
2020/11/03,1015.0,1018.2,1012.5,72,49,5.7,33,18.3,24,0.0
2020/11/04,1017.3,1019.2,1015.4,70,55,4.1,30,13.2,35,0.0
2020/11/05,1016.1,1018.4,1014.1,86,62,3.1,229,9.7,43,0.0
2020/11/06,1013.5,1015.5,1011.5,99,98,2.1,227,11.1,222,19.0
2020/11/07,1013.6,1015.0,1011.7,98,89,2.4,147,10.8,134,4.0
2020/11/08,1016.5,1019.0,1014.0,97,84,4.2,28,12.8,21,10.5
2020/11/09,1018.6,1020.3,1016.7,95,79,4.7,41,14.4,39,15.5
2020/11/10,1019.9,1021.8,1018.3,95,83,3.7,25,11.5,41,0.0
2020/11/11,1021.5,1023.2,1020.0,82,66,4.3,22,13.7,18,0.0
2020/11/12,1019.6,1021.7,1018.3,99,90,2.2,15,8.8,11,2.0
2020/11/13,1017.2,1019.5,1015.0,99,91,3.4,29,14.3,16,16.0
2020/11/14,1019.3,1020.5,1018.1,98,88,2.3,16,11.7,34,5.0
2020/11/15,1018.4,1020.0,1016.8,92,67,2.2,213,6.8,220,0.0
2020/11/16,1017.0,1018.7,1015.4,96,65,2.4,224,7.5,37,10.0
2020/11/17,1015.5,1017.9,1013.6,96,76,2.1,234,6.3,216,9.0
2020/11/18,1013.0,1015.0,1011.0,98,85,2.5,138,8.0,129,0.0
2020/11/19,1011.3,1013.7,1008.8,97,68,2.5,136,9.9,155,0.0
2020/11/20,1012.1,1014.2,1010.3,99,89,2.7,24,8.8,45,0.0
2020/11/21,1014.6,1016.5,1013.1,99,98,2.4,18,11.2,22,22.5
2020/11/22,1016.3,1018.8,1014.5,99,92,3.0,130,12.8,13,2.5
2020/11/23,1019.5,1020.9,1018.2,98,90,4.0,32,14.1,26,9.0
2020/11/24,1019.5,1021.2,1018.1,99,98,2.1,8,7.9,20,26.0
2020/11/25,1018.5,1020.2,1016.2,98,86,2.1,222,6.0,60,2.0
2020/11/26,1018.8,1020.7,1016.3,95,79,2.3,31,6.9,307,14.5
2020/11/27,1019.8,1021.7,1018.0,98,82,3.9,32,13.4,22,0.0
2020/11/28,1020.6,1022.4,1019.1,98,89,4.6,26,12.9,41,8.5
2020/11/29,1021.2,1023.3,1019.7,99,98,4.1,27,12.4,24,3.5
2020/11/30,1022.3,1024.2,1020.6,99,98,3.4,12,13.0,33,4.5
2020/12/01,1020.9,1023.1,1018.5,99,98,2.9,22,12.5,28,15.5
2020/12/02,1018.5,1020.2,1016.7,96,82,5.3,29,16.2,50,0.0
2020/12/03,1017.9,1019.7,1016.2,93,74,6.2,30,17.3,31,0.0
2020/12/04,1018.7,1020.7,1016.6,97,84,6.1,41,17.9,40,0.0
2020/12/05,1019.6,1021.6,1017.7,97,84,5.1,38,13.2,44,0.0
2020/12/06,1018.6,1020.2,1017.0,99,98,3.4,25,10.6,41,0.0
2020/12/07,1017.9,1019.7,1016.2,99,98,2.3,27,9.4,22,1.5
2020/12/08,1017.1,1019.4,1015.1,99,96,2.9,30,12.2,21,4.0
2020/12/09,1016.4,1019.0,1014.7,99,95,3.0,34,14.4,3,1.5
2020/12/10,1014.3,1015.8,1012.2,99,95,2.3,24,8.9,52,2.5
2020/12/11,1013.1,1015.1,1010.4,99,98,3.3,36,10.4,58,0.0
2020/12/12,1014.1,1015.9,1012.8,99,98,4.1,36,13.4,37,5.5
2020/12/13,1014.4,1016.6,1012.4,99,91,1.3,12,5.3,15,1.5
2020/12/14,1017.5,1020.3,1014.6,99,94,5.2,229,15.3,53,2.0
2020/12/15,1021.0,1023.0,1019.2,99,93,5.0,31,12.9,43,0.0
2020/12/16,1021.9,1023.7,1020.6,99,98,4.3,26,12.5,28,0.0
2020/12/17,1020.6,1022.8,1018.9,98,90,3.2,29,10.8,52,0.0
2020/12/18,1018.4,1019.6,1015.9,93,59,2.3,17,6.4,20,0.0
2020/12/19,1021.1,1023.7,1018.6,98,90,6.6,39,17.6,68,0.0
2020/12/20,1022.9,1024.2,1021.3,99,90,4.6,25,12.2,25,0.0
2020/12/21,1021.7,1024.0,1019.9,99,98,2.9,26,11.1,21,4.0
2020/12/22,1018.9,1021.3,1016.6,99,97,2.6,41,8.6,44,0.0
2020/12/23,1015.0,1018.4,1011.9,99,98,1.7,228,4.9,224,12.0
2020/12/24,1012.9,1016.5,1010.6,99,90,4.5,27,15.7,14,1.5
2020/12/25,1018.3,1020.5,1016.0,99,97,3.2,30,11.2,19,0.0
2020/12/26,1017.0,1019.6,1014.5,92,62,2.3,235,5.7,214,0.0
2020/12/27,1015.0,1016.7,1013.4,90,55,2.2,229,6.0,201,8.5
2020/12/28,1015.7,1018.0,1013.7,98,90,2.1,5,10.2,39,0.5
2020/12/29,1012.1,1013.9,1009.6,99,98,2.1,221,5.2,59,0.0
2020/12/30,1019.4,1025.2,1012.5,85,56,9.0,36,20.5,41,0.0
2020/12/31,1025.5,1027.7,1023.6,73,51,4.9,31,17.6,31,0.0
2021/01/01,1023.3,1025.7,1020.9,87,54,2.1,218,5.4,222,0.0
2021/01/02,1022.0,1023.5,1020.3,97,80,3.2,222,10.6,10,0.0
2021/01/03,1021.0,1023.3,1018.6,92,69,2.1,216,6.0,58,0.0
2021/01/04,1018.2,1020.6,1016.0,98,66,2.6,58,7.2,64,0.0
2021/01/05,1017.2,1019.5,1015.1,99,91,5.7,34,16.3,14,0.0
2021/01/06,1018.1,1021.0,1015.3,98,84,4.1,39,13.3,40,0.0
2021/01/07,1019.5,1022.3,1017.3,89,71,6.8,39,16.9,45,0.0
2021/01/08,1022.5,1024.2,1020.9,92,67,3.4,246,14.4,53,9.0
2021/01/09,1023.6,1025.2,1021.3,82,54,2.7,11,11.7,24,0.0
2021/01/10,1023.2,1025.2,1020.7,97,73,2.7,227,5.9,234,1.5
2021/01/11,1021.3,1023.5,1018.8,99,98,1.8,223,5.8,221,9.0
2021/01/12,1020.4,1021.9,1019.1,99,98,2.2,230,9.9,37,2.5
2021/01/13,1018.9,1021.0,1016.4,85,51,2.3,226,6.2,118,0.0
2021/01/14,1017.4,1019.6,1015.2,84,52,2.8,223,6.3,225,0.0
2021/01/15,1014.9,1017.1,1012.2,85,48,2.9,224,7.3,234,0.0
2021/01/16,1017.2,1020.1,1014.6,88,61,5.0,31,15.8,17,0.0
2021/01/17,1022.0,1024.2,1019.7,76,62,8.8,45,19.8,47,0.0
2021/01/18,1022.0,1023.5,1019.8,81,66,2.9,6,10.7,26,0.0
2021/01/19,1021.3,1023.2,1019.5,88,53,1.7,28,5.7,17,0.5
2021/01/20,1019.1,1020.8,1017.4,99,98,2.1,225,6.0,61,6.5
2021/01/21,1015.6,1018.0,1013.3,99,98,1.9,229,5.8,237,0.0
2021/01/22,1010.1,1013.6,1007.5,99,98,3.2,30,11.1,14,10.5
2021/01/23,1011.3,1015.4,1008.2,99,98,3.5,10,13.3,39,1.0
2021/01/24,1017.5,1019.4,1015.0,99,94,3.8,37,14.8,39,1.0
2021/01/25,1017.1,1019.1,1014.8,91,66,2.3,64,6.2,40,0.0
2021/01/26,1015.3,1016.4,1013.3,92,64,2.6,229,6.8,23,2.5
2021/01/27,1016.3,1018.5,1014.4,99,98,3.1,18,10.9,35,7.0
2021/01/28,1018.2,1021.9,1016.2,96,68,4.8,36,17.9,26,5.0
2021/01/29,1023.3,1025.1,1021.4,69,49,4.6,29,19.4,18,0.5
2021/01/30,1023.1,1024.8,1021.2,85,56,2.0,223,5.6,222,0.0
2021/01/31,1021.8,1024.0,1019.6,86,57,2.8,224,8.2,118,0.0
2021/02/01,1018.4,1021.3,1015.1,86,53,3.1,213,9.7,137,0.0
2021/02/02,1019.7,1022.8,1016.7,94,56,5.1,34,14.6,22,0.0
2021/02/03,1022.0,1024.5,1019.7,79,64,2.9,9,11.1,17,0.0
2021/02/04,1021.4,1023.8,1019.5,89,61,2.6,232,7.6,55,0.0
2021/02/05,1018.7,1021.3,1016.7,97,78,2.1,220,5.3,127,0.0
2021/02/06,1016.5,1018.7,1014.1,93,66,2.7,226,9.5,152,0.0
2021/02/07,1017.1,1018.8,1014.8,90,61,2.4,221,6.2,110,0.0
2021/02/08,1019.4,1023.0,1017.1,99,98,3.9,13,13.2,27,3.5
2021/02/09,1020.4,1022.4,1018.2,98,79,3.6,22,10.6,18,0.5
2021/02/10,1015.1,1019.3,1011.7,99,98,2.1,222,8.5,95,16.5
2021/02/11,1007.7,1011.8,1005.5,99,98,3.5,17,11.8,18,16.0
2021/02/12,1011.9,1014.6,1009.0,95,71,3.5,229,11.1,46,0.5
2021/02/13,1014.2,1016.0,1013.0,98,82,2.6,9,8.9,50,0.0
2021/02/14,1012.0,1014.2,1009.7,93,60,2.4,219,6.0,241,0.0
2021/02/15,1014.5,1017.0,1011.9,99,98,2.3,218,6.9,196,2.0
2021/02/16,1015.4,1017.7,1013.4,99,91,1.6,270,5.4,228,2.5
2021/02/17,1018.8,1023.5,1015.1,85,59,6.0,34,18.2,16,0.0
2021/02/18,1024.7,1026.6,1022.9,69,54,4.2,30,14.0,13,0.0
2021/02/19,1022.6,1025.6,1020.4,74,42,1.9,221,6.8,118,0.0
2021/02/20,1019.0,1021.4,1017.0,82,47,2.8,220,8.8,122,0.0
2021/02/21,1016.9,1020.0,1014.8,83,50,3.0,228,10.6,152,0.0
2021/02/22,1015.2,1017.5,1012.9,90,63,3.0,214,9.0,118,0.0
2021/02/23,1015.1,1016.6,1013.3,94,72,2.9,31,9.1,40,0.0
2021/02/24,1013.5,1015.5,1011.6,88,63,2.1,220,5.8,62,0.0
2021/02/25,1009.2,1012.6,1006.3,96,65,2.4,230,8.7,128,0.0
2021/02/26,1008.4,1011.3,1006.4,99,98,2.7,10,7.2,74,2.0
2021/02/27,1012.6,1015.4,1010.4,99,98,1.1,6,4.9,34,2.0
2021/02/28,1015.1,1016.5,1013.4,99,98,1.6,42,5.7,53,0.0
2021/03/01,1014.4,1016.7,1012.3,99,98,2.5,204,9.1,143,0.0
2021/03/02,1018.3,1022.6,1013.6,99,96,5.6,33,18.4,20,0.0
2021/03/03,1020.0,1022.4,1017.6,98,78,1.9,229,5.6,61,1.0
2021/03/04,1017.0,1019.1,1014.4,99,72,2.4,218,7.7,117,0.0
2021/03/05,1016.5,1018.6,1014.6,99,98,1.6,207,5.2,12,2.0
2021/03/06,1014.9,1017.5,1013.0,99,98,3.1,6,10.3,34,0.5
2021/03/07,1017.2,1019.0,1015.5,99,98,3.0,37,11.4,29,0.0
2021/03/08,1018.8,1020.7,1016.7,99,98,2.5,222,9.9,20,0.0
2021/03/09,1018.9,1020.6,1017.1,99,98,2.2,11,6.9,69,0.5
2021/03/10,1020.9,1022.9,1019.2,99,98,2.6,33,9.9,38,1.0
2021/03/11,1019.0,1021.8,1016.6,99,98,2.4,212,9.9,136,0.0
2021/03/12,1018.0,1019.9,1016.2,98,82,4.1,30,12.4,20,0.0
2021/03/13,1018.5,1020.3,1016.5,99,98,3.1,23,9.7,22,0.5
2021/03/14,1016.6,1018.2,1015.2,99,98,1.7,222,5.8,15,0.0
2021/03/15,1014.5,1016.6,1012.5,93,72,2.4,133,7.9,124,0.0
2021/03/16,1012.9,1014.3,1011.0,98,76,2.6,116,7.8,141,0.0
2021/03/17,1012.4,1013.8,1010.8,98,76,2.2,220,6.7,113,0.0
2021/03/18,1011.9,1013.8,1010.0,98,75,2.8,132,9.9,126,0.0
2021/03/19,1010.8,1013.3,1007.9,99,99,3.0,139,11.4,151,0.5
2021/03/20,1009.6,1011.7,1007.4,98,78,2.9,237,10.3,165,4.5
2021/03/21,1015.5,1020.7,1010.6,99,99,5.5,28,15.7,14,4.0
2021/03/22,1022.6,1024.8,1020.2,93,73,3.6,16,15.6,30,0.0
2021/03/23,1020.7,1024.0,1017.2,97,72,1.9,221,6.0,235,4.0
2021/03/24,1014.3,1017.3,1011.5,99,90,1.9,15,5.9,220,2.0
2021/03/25,1016.3,1018.1,1014.1,90,68,2.5,229,8.5,34,0.5
2021/03/26,1014.6,1017.0,1012.6,92,56,2.8,223,7.7,216,0.0
2021/03/27,1010.2,1013.6,1007.7,97,73,2.7,131,10.0,136,0.0
2021/03/28,1007.0,1008.6,1004.9,96,73,2.6,216,7.2,39,0.0
2021/03/29,1006.4,1008.4,1004.8,99,99,2.0,65,6.7,73,0.0
2021/03/30,1005.1,1007.6,1003.5,99,99,2.2,13,7.6,40,0.0
2021/03/31,1006.2,1007.5,1004.1,99,98,2.0,5,7.3,113,0.0
2021/04/01,1006.5,1008.8,1004.9,99,84,1.5,44,6.0,135,0.0
2021/04/02,1008.6,1010.0,1007.1,99,77,2.1,225,7.1,101,0.0
2021/04/03,1009.9,1012.0,1008.2,98,82,3.0,28,8.4,42,0.0
2021/04/04,1013.7,1017.3,1010.4,99,94,5.3,30,14.9,36,0.0
2021/04/05,1017.5,1019.3,1016.0,86,70,2.4,30,11.0,26,0.0
2021/04/06,1017.0,1018.9,1015.5,81,52,2.9,34,8.9,28,0.0
2021/04/07,1015.9,1018.0,1013.9,81,63,1.9,14,6.5,25,0.0
2021/04/08,1013.0,1014.8,1010.9,94,68,2.3,138,6.9,14,11.0
2021/04/09,1016.0,1018.4,1013.4,99,93,2.9,35,11.9,56,0.5
2021/04/10,1017.5,1018.8,1015.8,97,75,2.9,47,9.7,35,0.0
2021/04/11,1018.0,1020.1,1016.3,99,88,1.8,136,6.3,232,9.5
2021/04/12,1015.0,1017.8,1012.5,99,99,2.6,222,10.9,149,0.0
2021/04/13,1013.0,1014.4,1011.1,99,99,2.5,11,9.8,37,35.0
2021/04/14,1013.0,1014.5,1011.6,99,99,3.1,27,11.9,24,6.0
2021/04/15,1011.6,1013.8,1009.5,99,99,3.1,24,8.4,55,0.0
2021/04/16,1012.3,1013.7,1010.9,99,99,1.9,48,6.6,62,0.0
2021/04/17,1015.1,1018.4,1012.3,91,63,3.7,214,13.5,17,0.5
2021/04/18,1017.0,1018.8,1014.8,90,62,3.6,22,11.3,37,0.0
2021/04/19,1014.3,1016.4,1012.7,91,54,2.6,231,7.2,339,0.0
2021/04/20,1013.4,1015.0,1012.1,86,61,2.5,61,7.6,47,0.0
2021/04/21,1011.6,1013.8,1009.6,94,71,2.7,46,7.4,69,0.0
2021/04/22,1007.1,1009.8,1004.7,99,99,2.0,228,6.0,243,16.5
2021/04/23,1005.3,1008.4,1003.7,99,98,3.7,35,12.8,10,0.0
2021/04/24,1009.7,1011.6,1007.5,99,99,2.0,4,9.3,28,5.5
2021/04/25,1012.4,1015.6,1009.8,99,99,1.9,224,8.2,20,22.0
2021/04/26,1014.6,1016.1,1013.2,93,69,2.5,218,10.0,108,4.0
2021/04/27,1015.1,1016.5,1013.8,98,81,2.0,156,8.1,165,0.0
2021/04/28,1013.6,1015.9,1011.3,98,82,2.7,140,10.8,149,2.0
2021/04/29,1011.5,1013.2,1010.2,99,99,2.7,26,11.3,11,6.0
2021/04/30,1010.6,1012.0,1008.9,99,75,2.9,221,9.4,118,0.0
2021/05/01,1010.5,1012.4,1009.0,99,89,2.5,223,8.5,149,0.0
2021/05/02,1013.6,1015.8,1011.2,93,64,2.4,224,6.0,112,0.0
2021/05/03,1014.1,1015.7,1012.0,X,99,1.4,11,6.5,147,5.0
2021/05/04,1010.9,1013.5,1008.2,X,99,3.6,152,14.6,163,0.0
2021/05/05,1012.9,1016.4,1009.7,X,99,3.5,24,15.1,26,0.0
2021/05/06,1014.1,1015.7,1012.2,X,99,2.0,63,6.5,116,0.0
2021/05/07,1011.3,1013.6,1009.0,X,99,2.9,141,12.2,118,0.0
2021/05/08,1008.4,1010.3,1005.6,X,98,2.9,21,12.3,157,0.0
2021/05/09,1008.2,1009.6,1006.7,X,98,2.2,52,6.3,102,0.0
2021/05/10,1007.8,1009.2,1006.3,X,99,2.9,144,11.6,148,0.0
2021/05/11,1007.0,1008.8,1005.1,X,99,2.7,144,11.3,149,0.0
2021/05/12,1007.3,1009.7,1005.7,X,64,2.6,136,9.9,151,0.0
2021/05/13,1008.2,1010.2,1006.6,X,99,3.3,146,13.4,151,0.0
2021/05/14,1009.3,1010.8,1007.5,X,89,3.1,148,13.3,148,0.0
2021/05/15,1008.7,1010.7,1006.4,X,70,3.7,155,14.0,155,0.0
2021/05/16,1008.3,1009.6,1006.1,X,98,3.4,148,15.4,158,0.0
2021/05/17,1008.8,1010.2,1007.6,X,99,2.8,116,13.0,166,0.0
2021/05/18,1008.7,1010.5,1007.0,X,86,2.7,152,13.0,151,1.5
2021/05/19,1007.6,1009.4,1005.2,X,98,3.7,162,16.3,163,0.0
2021/05/20,1007.7,1009.6,1005.7,X,98,2.5,154,13.3,162,0.0
2021/05/21,1007.1,1008.4,1005.6,X,98,2.8,227,11.2,155,0.0
2021/05/22,1006.3,1008.1,1004.7,X,99,2.3,19,8.6,144,0.0
2021/05/23,1007.4,1009.4,1006.1,X,99,2.1,56,7.5,69,0.0
2021/05/24,1008.6,1012.2,1006.5,X,99,3.1,26,11.4,140,52.5
2021/05/25,1010.0,1011.8,1008.4,X,99,2.4,25,8.2,34,0.5
2021/05/26,1007.6,1009.9,1005.1,X,99,3.1,147,12.8,165,0.0
2021/05/27,1006.4,1008.7,1004.6,X,98,2.7,10,7.4,21,0.0
2021/05/28,1006.3,1008.2,1004.0,X,92,3.2,27,13.9,150,0.0
2021/05/29,1005.7,1007.2,1003.6,X,99,1.6,15,6.7,35,1.0
2021/05/30,1003.3,1004.9,1001.3,X,99,2.0,226,6.1,138,26.5
2021/05/31,1004.9,1007.1,1001.9,X,99,2.3,40,7.2,12,7.5
2021/06/01,1006.4,1008.3,1005.4,X,99,2.2,217,6.7,130,2.0
2021/06/02,1006.6,1008.3,1004.7,X,99,2.7,225,10.2,119,1.0
2021/06/03,1005.1,1007.5,1002.6,X,87,3.2,215,13.0,148,0.0
2021/06/04,1002.4,1004.1,1000.7,X,98,1.9,6,7.0,151,0.0
2021/06/05,1001.8,1004.5,999.4,X,98,2.5,27,8.5,20,23.0
2021/06/06,1004.8,1008.1,1002.8,X,99,2.4,22,9.3,29,17.0
2021/06/07,1008.6,1010.9,1006.5,X,98,1.8,17,6.8,119,5.0
2021/06/08,1009.5,1011.1,1008.1,X,97,2.3,224,9.9,135,0.0
2021/06/09,1008.1,1009.9,1006.1,X,92,2.6,84,7.4,118,0.0
2021/06/10,1006.9,1008.7,1005.2,X,98,2.7,134,11.0,135,22.0
2021/06/11,1007.5,1010.1,1005.9,X,95,3.0,150,11.6,141,0.0
2021/06/12,1009.3,1011.1,1007.9,X,85,2.9,138,13.8,152,0.0
2021/06/13,1008.3,1010.9,1005.9,X,98,2.5,224,9.2,161,0.0
2021/06/14,1004.3,1007.0,1002.2,X,90,2.3,222,7.2,59,0.0
2021/06/15,1001.8,1003.1,1000.5,X,91,2.2,236,5.8,47,0.0
2021/06/16,1002.5,1004.7,1000.5,X,76,2.3,220,8.0,27,0.0
2021/06/17,1004.0,1005.2,1003.1,X,76,2.4,83,6.8,129,0.0
2021/06/18,1002.8,1004.2,1001.1,X,98,2.5,113,8.1,117,0.0
2021/06/19,1000.8,1002.7,999.8,X,73,2.2,219,5.8,111,0.0
2021/06/20,999.9,1001.3,998.1,X,89,2.1,117,6.3,138,0.0
2021/06/21,1000.6,1002.6,999.0,X,92,2.2,224,6.9,154,0.0
2021/06/22,1003.0,1005.4,1002.0,93,76,1.9,215,7.4,17,35.0
2021/06/23,1005.3,1007.3,1003.5,90,74,2.7,23,10.6,11,28.0
2021/06/24,1005.3,1006.9,1004.2,90,73,2.2,59,8.5,65,5.0
2021/06/25,1005.3,1006.9,1003.9,88,75,2.2,54,7.5,129,0.0
2021/06/26,1005.6,1007.1,1004.5,85,71,2.3,51,6.5,46,0.0
2021/06/27,1004.1,1006.1,1003.0,84,65,2.4,208,5.9,45,0.0
2021/06/28,1002.1,1003.7,1000.8,84,63,2.1,10,6.0,10,0.0
2021/06/29,1002.8,1004.4,1001.1,81,60,1.7,207,5.3,218,0.0
2021/06/30,1003.9,1005.4,1002.7,82,65,2.7,128,8.8,137,0.0
2021/07/01,1004.8,1006.6,1003.2,82,62,2.4,235,7.5,128,0.0
2021/07/02,1006.1,1007.8,1004.5,79,60,2.2,227,6.2,116,0.0
2021/07/03,1006.5,1008.8,1005.1,82,68,3.3,144,10.6,149,0.0
2021/07/04,1008.3,1010.7,1006.6,81,64,3.0,140,12.0,138,0.0
2021/07/05,1008.1,1010.0,1006.8,83,67,2.9,131,11.9,141,1.0
2021/07/06,1007.2,1010.8,1004.9,84,69,3.6,156,14.3,137,2.5
2021/07/07,1010.4,1012.0,1009.1,83,63,3.5,148,13.1,151,0.0
2021/07/08,1010.7,1012.3,1008.8,81,66,3.3,141,12.2,145,0.0
2021/07/09,1009.6,1011.3,1007.9,81,65,3.2,142,11.5,148,0.0
2021/07/10,1010.4,1012.6,1009.1,79,58,2.9,147,11.3,131,0.0
2021/07/11,1011.3,1012.6,1009.8,79,66,3.1,141,10.7,147,0.0
2021/07/12,1010.3,1011.7,1008.6,80,63,3.0,144,11.6,148,0.0
2021/07/13,1008.7,1010.0,1007.2,80,67,3.1,209,11.4,134,0.0
2021/07/14,1008.7,1010.1,1007.7,78,59,2.3,113,6.8,105,0.0
2021/07/15,1008.9,1010.6,1007.6,77,63,2.7,128,8.3,110,0.0
2021/07/16,1008.3,1009.9,1006.9,76,56,2.4,209,7.4,126,0.0
2021/07/17,1005.2,1007.7,1003.6,78,56,2.4,82,6.1,69,0.0
2021/07/18,1003.9,1005.2,1002.7,78,66,2.3,81,6.9,67,0.0
2021/07/19,1004.0,1005.0,1002.8,79,59,2.3,87,6.6,74,0.0
2021/07/20,1003.0,1004.7,1001.5,79,66,2.8,59,9.3,24,0.0
2021/07/21,998.6,1002.1,996.0,74,51,2.7,101,9.6,70,1.5
2021/07/22,992.4,996.9,990.1,79,59,3.1,211,14.3,51,0.5
2021/07/23,989.1,990.9,987.8,81,56,2.2,221,10.0,152,0.5
2021/07/24,990.2,993.7,986.4,81,58,2.9,43,13.3,166,0.0
2021/07/25,993.1,995.2,991.8,78,54,2.4,103,6.9,116,0.0
2021/07/26,994.0,995.5,993.1,78,51,2.7,72,7.4,82,0.0
2021/07/27,994.9,995.9,993.9,78,65,2.4,215,6.7,129,0.0
2021/07/28,996.8,998.7,995.2,78,64,2.5,189,8.5,202,0.0
2021/07/29,999.4,1001.1,997.8,79,61,2.6,58,6.2,122,0.0
2021/07/30,1000.6,1001.8,999.2,83,60,2.5,51,7.7,202,3.5
2021/07/31,999.5,1001.1,998.3,86,65,2.0,222,8.1,237,4.5
2021/08/01,996.9,998.5,995.7,89,76,1.9,224,5.9,225,1.0
2021/08/02,996.8,997.9,995.6,86,69,2.2,222,6.6,229,0.5
2021/08/03,997.5,999.7,995.7,87,65,2.7,124,7.7,132,6.5
2021/08/04,999.2,1000.8,997.6,91,73,1.9,236,6.7,120,15.0
2021/08/05,997.8,999.7,996.3,89,76,1.7,120,5.4,126,0.0
2021/08/06,996.8,999.1,994.7,93,84,1.8,213,5.2,228,4.5
2021/08/07,996.4,1001.7,994.1,95,88,1.3,194,4.8,213,13.5
2021/08/08,1003.4,1006.4,1000.7,85,60,2.3,215,6.0,133,0.0
2021/08/09,1005.6,1006.6,1004.2,85,68,2.2,225,6.8,123,0.0
2021/08/10,1006.6,1009.0,1004.5,84,65,2.4,12,10.4,145,0.0
2021/08/11,1008.3,1009.6,1006.9,86,76,2.2,116,6.6,118,0.0
2021/08/12,1008.0,1009.4,1006.4,84,66,2.4,224,9.2,144,0.0
2021/08/13,1005.4,1007.5,1003.7,85,67,2.3,136,9.7,128,0.0
2021/08/14,1006.1,1008.6,1004.3,84,68,2.9,15,12.0,157,0.0
2021/08/15,1009.6,1012.3,1007.2,83,70,2.4,39,8.2,131,0.0
2021/08/16,1011.5,1012.9,1010.3,81,62,3.1,143,12.1,152,0.0
2021/08/17,1009.3,1011.6,1007.2,83,67,2.9,140,12.1,148,0.0
2021/08/18,1007.7,1009.0,1006.3,83,65,2.0,79,6.3,114,1.0
2021/08/19,1008.2,1010.5,1006.7,86,72,2.8,224,10.2,202,9.0
2021/08/20,1009.0,1010.7,1007.8,84,61,2.7,114,8.6,114,0.0
2021/08/21,1007.9,1009.9,1006.1,81,64,2.6,205,7.7,123,0.0
2021/08/22,1006.3,1007.8,1004.6,79,59,2.4,201,7.2,133,0.0
2021/08/23,1006.2,1007.8,1004.6,81,59,2.9,147,12.9,147,0.0
2021/08/24,1007.1,1009.4,1005.2,83,69,2.7,217,12.4,140,0.0
2021/08/25,1009.1,1011.9,1007.1,84,68,3.0,223,12.4,151,0.5
2021/08/26,1011.7,1013.2,1010.3,81,66,3.0,206,10.2,130,0.0
2021/08/27,1011.6,1013.0,1010.0,77,52,3.0,202,10.7,135,0.0
2021/08/28,1011.2,1012.9,1009.0,79,56,2.8,210,10.4,137,0.0
2021/08/29,1011.1,1013.0,1009.6,80,64,2.2,122,8.1,112,0.0
2021/08/30,1011.5,1013.1,1010.1,80,63,2.2,41,8.2,13,25.0
2021/08/31,1011.3,1012.8,1009.4,84,65,2.7,137,10.0,125,5.0
2021/09/01,1010.0,1011.5,1008.6,84,70,2.2,133,8.6,124,0.0
2021/09/02,1008.3,1010.6,1006.6,83,66,2.3,126,8.6,122,0.0
2021/09/03,1007.1,1008.6,1005.9,83,67,2.6,209,6.7,123,0.0
2021/09/04,1008.3,1010.6,1006.6,81,61,2.6,220,7.6,114,0.0
2021/09/05,1009.3,1012.1,1007.1,84,57,2.5,119,8.7,137,15.5
2021/09/06,1010.6,1012.2,1008.7,86,71,2.8,136,9.9,131,0.0
2021/09/07,1009.9,1011.8,1008.3,82,68,2.6,121,8.0,132,0.0
2021/09/08,1009.1,1011.0,1007.8,83,68,2.3,117,8.1,130,0.0
2021/09/09,1009.4,1010.8,1008.0,81,61,2.5,120,7.7,113,0.0
2021/09/10,1007.7,1010.3,1005.4,80,64,2.5,214,6.7,119,0.0
2021/09/11,1002.5,1006.0,998.7,91,72,2.3,2,11.3,14,105.5
2021/09/12,993.3,999.4,988.9,89,78,2.8,358,18.8,7,75.0
2021/09/13,1003.7,1008.1,999.2,86,67,2.2,110,6.9,138,0.0
2021/09/14,1009.0,1010.6,1006.8,84,58,2.3,220,6.5,127,0.0
2021/09/15,1009.5,1011.4,1008.1,88,70,2.2,223,7.1,233,1.5
2021/09/16,1008.5,1009.8,1006.6,87,67,2.4,115,6.8,116,0.0
2021/09/17,1009.4,1011.4,1007.8,87,74,2.2,75,6.0,48,0.0
2021/09/18,1011.4,1013.5,1009.8,89,74,2.5,122,7.4,127,30.5
2021/09/19,1011.2,1013.1,1009.9,86,67,2.4,218,9.9,137,0.0
2021/09/20,1009.7,1011.4,1007.9,83,67,2.6,218,9.4,142,0.0
2021/09/21,1008.8,1010.8,1007.3,80,67,2.7,203,9.6,269,0.0
2021/09/22,1011.0,1014.0,1008.7,84,58,2.7,29,7.9,105,15.5
2021/09/23,1013.7,1015.6,1012.3,85,65,2.4,118,7.5,143,22.5
2021/09/24,1014.1,1015.4,1012.5,83,70,2.5,51,7.1,33,0.0
2021/09/25,1012.8,1014.1,1011.6,83,71,2.0,220,8.5,25,1.0
2021/09/26,1011.3,1013.0,1009.5,75,56,2.7,214,6.4,27,0.0
2021/09/27,1009.2,1011.1,1007.5,79,63,2.9,221,7.8,45,0.0
2021/09/28,1007.6,1009.5,1006.1,78,53,2.8,35,8.8,39,0.0
2021/09/29,1006.2,1007.7,1004.5,77,54,2.1,53,5.3,75,0.0
2021/09/30,1007.0,1009.1,1004.7,79,58,2.0,219,5.8,112,0.0
2021/10/01,1008.7,1011.2,1006.5,79,63,2.5,228,7.8,347,0.0
2021/10/02,1011.5,1014.0,1009.5,80,67,2.8,62,7.5,55,0.0
2021/10/03,1013.7,1015.6,1012.1,77,56,2.4,78,5.7,67,0.0
2021/10/04,1013.8,1015.4,1012.4,74,41,2.4,30,8.4,40,15.5
2021/10/05,1012.3,1013.1,1010.3,75,52,2.3,66,5.9,54,3.0
2021/10/06,1009.7,1012.3,1007.4,80,54,2.6,222,14.2,96,14.0
2021/10/07,1008.1,1009.5,1006.5,84,69,2.6,214,9.8,110,5.5
2021/10/08,1008.9,1011.1,1007.3,83,60,2.0,212,5.9,237,0.0
2021/10/09,1009.8,1011.9,1008.3,80,60,2.3,58,7.1,77,3.5
2021/10/10,1007.7,1010.3,1005.1,75,57,3.4,51,15.2,36,5.5
2021/10/11,1002.3,1006.1,999.3,85,65,6.5,19,23.2,39,123.5
2021/10/12,1004.1,1007.3,1000.4,90,80,2.3,71,12.0,15,154.0
2021/10/13,1008.4,1010.4,1006.3,94,84,1.1,214,13.1,202,153.0
2021/10/14,1010.5,1012.3,1008.9,94,91,1.1,229,5.6,237,72.0
2021/10/15,1010.7,1012.0,1009.2,82,58,2.1,69,5.6,218,0.0
2021/10/16,1012.9,1016.4,1010.6,81,56,2.5,227,12.9,22,7.0
2021/10/17,1016.9,1018.7,1015.4,71,62,7.3,38,18.1,25,2.0
2021/10/18,1016.9,1018.2,1015.1,76,60,1.8,240,8.2,39,0.0
2021/10/19,1016.4,1018.1,1014.8,82,61,2.4,218,10.5,22,6.5
2021/10/20,1014.5,1017.1,1012.2,88,76,1.2,219,5.0,232,6.5
2021/10/21,1012.0,1014.9,1010.5,83,67,2.9,35,12.6,42,2.0
2021/10/22,1016.7,1019.9,1013.6,79,67,4.5,23,16.2,42,0.5
2021/10/23,1019.0,1020.5,1017.2,78,52,2.6,30,11.8,6,1.0
2021/10/24,1015.9,1018.9,1013.8,84,69,2.1,31,7.2,4,0.0
2021/10/25,1014.8,1015.9,1013.4,82,70,3.0,42,10.9,41,0.5
2021/10/26,1015.1,1016.4,1013.5,80,59,2.2,53,7.9,35,0.5
2021/10/27,1016.3,1017.3,1015.2,86,70,2.3,1,9.4,28,20.0
2021/10/28,1017.4,1018.9,1016.1,83,64,1.6,211,6.9,39,3.0
2021/10/29,1017.2,1018.8,1015.8,81,64,2.7,227,9.1,46,0.0
2021/10/30,1017.2,1019.2,1015.8,81,62,2.7,41,9.0,42,0.0
2021/10/31,1017.4,1018.9,1015.6,79,60,2.4,21,8.7,21,0.0
2021/11/01,1018.0,1019.4,1016.3,79,60,2.5,22,9.1,31,0.0
2021/11/02,1017.0,1018.7,1015.4,83,65,2.0,36,8.7,22,0.0
2021/11/03,1015.6,1017.1,1014.0,86,73,2.5,21,10.0,13,0.5
2021/11/04,1014.7,1016.1,1013.0,91,81,0.8,8,6.5,57,6.5
2021/11/05,1011.0,1014.6,1008.8,88,72,1.7,225,9.2,119,0.0
2021/11/06,1008.4,1011.0,1006.6,83,65,2.9,56,8.0,59,0.0
2021/11/07,1010.9,1012.6,1009.6,76,63,1.2,218,4.7,38,0.0
2021/11/08,1013.8,1017.8,1009.7,80,64,5.1,30,16.9,26,0.0
2021/11/09,1017.4,1019.9,1015.8,73,61,1.9,227,9.5,360,0.0
2021/11/10,1016.7,1018.0,1015.4,76,49,1.3,221,4.4,234,0.0
2021/11/11,1016.9,1019.0,1015.0,73,54,1.9,22,5.6,40,0.0
2021/11/12,1018.8,1021.2,1017.1,86,75,1.2,213,5.7,219,2.0
2021/11/13,1016.6,1018.8,1014.2,91,81,1.1,228,4.5,218,22.5
2021/11/14,1016.4,1018.2,1015.1,82,66,2.7,226,10.5,20,0.0
2021/11/15,1016.4,1018.4,1014.7,77,60,2.2,226,7.3,43,0.0
2021/11/16,1016.0,1017.9,1013.6,76,56,1.6,225,5.8,8,0.0
2021/11/17,1014.8,1017.1,1012.6,81,61,1.2,222,5.3,124,0.0
2021/11/18,1010.4,1012.7,1008.1,86,69,2.3,222,6.3,73,0.0
2021/11/19,1009.6,1011.1,1007.8,82,65,3.1,23,10.0,27,0.5
2021/11/20,1012.0,1014.0,1010.2,87,79,1.2,9,7.1,12,0.5
2021/11/21,1011.8,1014.0,1010.0,82,60,1.5,4,6.9,151,4.5
2021/11/22,1013.5,1018.3,1009.5,80,64,5.7,37,19.3,17,0.5
2021/11/23,1018.7,1020.7,1016.9,74,64,2.4,18,12.2,18,0.0
2021/11/24,1018.7,1020.6,1017.0,79,67,1.1,7,5.4,16,0.0
2021/11/25,1016.4,1017.9,1014.9,86,69,1.6,234,5.5,230,1.5
2021/11/26,1017.0,1020.7,1014.9,89,70,2.7,25,12.7,43,17.0
2021/11/27,1020.8,1022.3,1019.1,82,59,1.2,15,10.5,11,5.0
2021/11/28,1019.1,1021.7,1016.6,91,81,1.8,237,6.2,236,11.5
2021/11/29,1016.1,1018.2,1013.9,94,89,0.7,228,6.4,105,34.5
2021/11/30,1013.4,1016.4,1010.9,79,62,5.3,35,23.1,42,1.0
2021/12/01,1019.3,1021.5,1015.8,60,46,5.5,36,22.6,22,0.0
2021/12/02,1018.3,1019.9,1015.8,71,46,2.0,232,9.9,24,0.0
2021/12/03,1019.8,1022.9,1017.7,63,45,2.1,227,9.8,10,0.0
2021/12/04,1021.6,1023.3,1020.2,66,44,2.0,25,9.1,7,0.0
2021/12/05,1018.9,1021.5,1016.8,73,53,1.6,53,8.0,87,21.5
2021/12/06,1017.2,1019.1,1015.6,79,52,2.3,33,11.7,26,0.0
2021/12/07,1020.2,1022.4,1017.9,73,62,3.9,32,14.3,42,0.0
2021/12/08,1021.9,1023.9,1020.3,69,48,1.2,1,8.4,63,0.0
2021/12/09,1020.3,1021.9,1018.6,78,62,1.7,215,6.1,234,0.0
2021/12/10,1020.0,1022.1,1018.6,85,77,2.0,231,8.9,45,2.0
2021/12/11,1019.4,1021.6,1017.5,80,55,1.3,106,6.1,238,4.0
2021/12/12,1018.9,1020.6,1016.7,79,63,3.8,28,16.6,21,0.0
2021/12/13,1019.9,1021.8,1018.0,75,67,4.8,28,13.5,25,0.0
2021/12/14,1017.9,1020.0,1016.0,86,74,0.9,44,6.5,39,1.0
2021/12/15,1016.7,1019.2,1014.3,89,66,0.9,229,6.8,146,6.0
2021/12/16,1015.0,1017.4,1011.6,83,66,1.6,146,8.6,133,2.0
2021/12/17,1018.1,1022.9,1014.6,75,60,5.9,36,20.8,25,0.0
2021/12/18,1022.5,1024.6,1020.9,64,54,4.4,31,17.9,30,0.0
2021/12/19,1022.3,1025.1,1020.7,70,51,0.8,19,6.4,39,0.0
2021/12/20,1018.9,1021.4,1016.5,80,54,0.7,219,5.1,132,0.0
2021/12/21,1012.6,1016.5,1009.6,88,76,0.4,173,4.8,238,1.5
2021/12/22,1012.3,1015.3,1009.3,85,69,1.3,28,9.5,41,2.5
2021/12/23,1014.0,1016.1,1012.2,83,63,0.9,29,6.5,66,0.0
2021/12/24,1013.4,1016.8,1011.1,84,66,2.2,221,9.5,50,0.0
2021/12/25,1021.1,1025.1,1016.6,80,70,4.7,27,14.6,29,0.5
2021/12/26,1025.4,1027.1,1023.6,71,63,6.2,29,15.2,18,0.0
2021/12/27,1025.6,1027.8,1023.6,74,63,2.1,28,11.4,20,0.0
2021/12/28,1022.2,1025.2,1019.9,80,59,0.9,29,5.6,70,0.0
2021/12/29,1020.3,1021.7,1018.5,82,59,2.1,221,10.1,50,10.5
2021/12/30,1023.5,1025.9,1020.7,81,68,3.0,27,12.6,25,0.0
2021/12/31,1024.1,1026.2,1021.9,77,62,1.5,24,10.0,28,0.0
2022/01/01,1021.9,1023.8,1019.8,82,67,1.6,47,8.1,61,0.0
2022/01/02,1021.0,1022.7,1019.0,81,63,1.5,229,8.7,25,0.5
2022/01/03,1019.6,1021.1,1018.0,81,59,1.5,220,8.1,52,0.0
2022/01/04,1018.3,1020.4,1016.2,84,56,1.7,221,7.2,53,18.5
2022/01/05,1015.2,1017.4,1012.9,87,69,1.5,13,8.5,26,0.5
2022/01/06,1019.2,1021.5,1016.2,86,71,2.0,226,14.8,45,4.0
2022/01/07,1020.7,1022.8,1018.9,87,68,0.6,18,7.5,16,4.5
2022/01/08,1018.9,1020.7,1017.0,86,72,0.6,12,7.2,39,1.0
2022/01/09,1015.4,1017.5,1013.0,82,66,2.1,53,9.2,41,0.0
2022/01/10,1014.0,1016.7,1012.3,82,71,1.4,32,8.6,53,0.0
2022/01/11,1016.5,1021.3,1012.0,77,56,4.9,37,20.1,20,0.0
2022/01/12,1019.3,1021.4,1017.7,74,62,0.6,9,9.7,2,0.0
2022/01/13,1018.7,1021.4,1016.8,84,68,2.6,13,11.3,26,1.0
2022/01/14,1020.2,1023.1,1018.1,80,64,0.7,225,5.1,229,0.0
2022/01/15,1018.8,1021.7,1017.0,78,58,1.8,227,6.5,15,0.0
2022/01/16,1019.0,1020.8,1016.7,81,57,1.0,217,5.5,237,4.0
2022/01/17,1018.4,1019.9,1016.1,84,71,3.4,28,11.6,20,0.5
2022/01/18,1018.6,1019.8,1016.7,82,74,3.3,31,14.9,25,2.5
2022/01/19,1017.1,1018.8,1015.3,87,72,2.3,4,11.9,26,2.5
2022/01/20,1018.1,1019.9,1016.5,90,78,3.2,21,11.3,22,17.5
2022/01/21,1018.0,1020.5,1015.9,90,71,0.8,7,6.0,3,35.5
2022/01/22,1013.7,1016.9,1010.8,96,95,0.6,228,5.5,240,38.0
2022/01/23,1008.2,1010.9,1005.8,85,66,1.3,108,5.9,238,0.0
2022/01/24,1011.7,1014.6,1008.7,89,78,1.5,43,9.3,34,8.0
2022/01/25,1014.9,1017.1,1012.7,89,73,0.6,29,6.5,50,3.5
2022/01/26,1015.2,1017.1,1013.3,88,71,0.9,8,5.2,223,0.0
2022/01/27,1014.6,1016.2,1012.8,86,67,1.6,231,7.7,140,0.0
2022/01/28,1014.3,1016.7,1012.4,91,86,1.6,27,9.5,39,13.0
2022/01/29,1010.6,1013.0,1008.6,90,75,1.0,28,9.2,25,20.5
2022/01/30,1012.9,1018.4,1009.1,79,64,3.3,29,15.5,13,0.0
2022/01/31,1019.2,1021.0,1017.9,76,54,0.9,5,7.8,353,0.5
2022/02/01,1017.3,1019.7,1014.5,80,55,1.4,193,6.4,239,2.5
2022/02/02,1015.5,1017.5,1013.5,81,53,1.8,26,8.6,44,0.0
2022/02/03,1013.8,1015.2,1012.0,85,71,1.9,22,9.8,38,0.0
2022/02/04,1016.7,1020.4,1013.7,80,63,4.2,34,13.9,56,1.0
2022/02/05,1021.2,1022.8,1019.6,69,62,4.5,28,12.3,38,0.0
2022/02/06,1021.3,1023.1,1019.4,78,66,2.4,26,12.3,26,0.0
2022/02/07,1015.2,1020.3,1010.9,83,64,1.1,224,7.4,50,0.5
2022/02/08,1016.9,1019.2,1013.3,82,65,1.7,35,12.5,27,2.0
2022/02/09,1016.2,1018.6,1013.9,81,65,1.6,230,6.5,17,0.0
2022/02/10,1015.5,1017.5,1013.7,85,69,2.7,43,9.7,43,0.5
2022/02/11,1014.5,1016.9,1012.5,88,75,1.5,56,6.4,37,0.5
2022/02/12,1012.0,1013.5,1010.1,80,68,3.2,38,12.3,49,0.0
2022/02/13,1011.2,1013.0,1008.9,80,57,2.8,1,11.9,21,0.5
2022/02/14,1014.0,1017.4,1011.0,82,66,1.8,6,11.1,39,2.0
2022/02/15,1015.3,1018.2,1012.8,73,49,0.7,32,6.2,52,0.0
2022/02/16,1013.9,1015.8,1011.8,83,67,3.5,24,12.0,22,0.5
2022/02/17,1012.4,1014.8,1009.8,82,71,2.1,23,10.6,29,0.5
2022/02/18,1011.3,1014.0,1009.0,82,61,1.6,6,10.4,44,1.0
2022/02/19,1013.4,1017.1,1010.3,84,69,5.1,39,17.3,45,6.5
2022/02/20,1020.0,1023.5,1016.3,72,62,6.5,37,19.5,40,2.0
2022/02/21,1021.5,1023.5,1019.4,85,71,0.7,210,4.6,235,2.0
2022/02/22,1019.3,1021.5,1017.4,91,79,1.6,234,6.1,235,10.5
2022/02/23,1019.1,1022.5,1016.3,78,65,5.4,33,18.7,38,2.0
2022/02/24,1022.7,1024.5,1021.3,72,59,4.4,36,13.7,66,0.0
2022/02/25,1020.9,1023.8,1018.4,76,57,1.0,220,5.7,78,0.0
2022/02/26,1018.0,1020.7,1015.7,80,63,1.7,238,6.2,40,0.0
2022/02/27,1018.3,1020.4,1016.5,78,68,1.8,12,9.4,20,0.0
2022/02/28,1016.3,1019.1,1014.3,77,53,2.2,222,7.9,119,0.0
2022/03/01,1014.3,1016.3,1012.4,82,57,1.9,220,6.2,220,0.0
2022/03/02,1015.4,1017.8,1013.2,84,74,2.0,25,12.3,19,0.0
2022/03/03,1014.7,1017.5,1012.4,86,72,1.3,60,7.0,45,0.0
2022/03/04,1011.2,1013.5,1009.3,83,61,1.6,123,7.2,138,0.0
2022/03/05,1012.0,1015.0,1009.2,81,67,2.5,22,9.9,14,1.5
2022/03/06,1014.3,1016.9,1012.1,74,53,0.8,42,5.8,23,0.0
2022/03/07,1010.6,1013.6,1008.1,81,63,3.1,38,15.6,52,0.0
2022/03/08,1015.6,1017.4,1012.8,59,44,2.7,17,12.1,24,0.0
2022/03/09,1015.9,1017.4,1014.6,59,42,2.4,218,10.3,248,0.0
2022/03/10,1014.5,1016.4,1012.7,65,35,1.7,151,8.9,168,0.0
2022/03/11,1012.4,1013.7,1010.7,76,54,1.8,229,6.7,110,0.0
2022/03/12,1012.7,1014.4,1011.2,76,58,1.2,220,8.4,124,0.0
2022/03/13,1011.4,1013.0,1008.6,83,57,1.7,129,10.5,132,17.5
2022/03/14,1010.4,1012.4,1008.7,82,54,1.9,135,9.9,135,2.5
2022/03/15,1009.7,1011.4,1007.9,81,63,1.2,227,6.4,57,0.0
2022/03/16,1010.3,1012.1,1008.0,82,65,2.1,120,8.7,135,0.0
2022/03/17,1006.8,1010.7,1003.6,85,65,1.1,127,8.0,130,0.0
2022/03/18,1005.2,1008.7,1001.6,88,75,2.0,42,13.9,36,0.0
2022/03/19,1009.2,1011.6,1007.6,86,73,0.6,227,4.7,225,0.0
2022/03/20,1012.2,1014.0,1010.6,93,86,0.4,90,8.2,137,3.5
2022/03/21,1011.4,1013.6,1009.0,88,77,1.2,123,9.7,136,2.5
2022/03/22,1010.9,1013.0,1007.8,90,83,2.2,19,10.5,24,0.0
2022/03/23,1011.9,1015.2,1008.7,87,74,2.2,35,11.9,39,7.0
2022/03/24,1014.5,1016.6,1013.0,85,73,0.8,220,4.3,228,0.0
2022/03/25,1010.0,1013.9,1007.0,83,65,2.6,158,15.0,143,0.0
2022/03/26,1007.5,1010.1,1005.4,84,67,2.9,21,9.8,14,0.0
2022/03/27,1012.7,1016.1,1009.7,84,75,3.2,23,10.5,11,1.0
2022/03/28,1016.0,1018.9,1014.2,78,66,2.3,29,9.6,45,0.0
2022/03/29,1016.3,1018.6,1013.9,83,63,1.0,11,5.1,317,0.0
2022/03/30,1014.3,1016.1,1013.0,84,61,1.5,240,5.9,231,0.0
2022/03/31,1014.6,1017.8,1012.7,83,70,3.4,25,15.2,19,1.5
2022/04/01,1019.3,1021.0,1016.9,68,59,7.2,33,17.4,27,0.5
2022/04/02,1019.1,1020.4,1017.1,75,58,2.2,14,12.0,21,2.5
2022/04/03,1020.1,1021.9,1018.2,81,62,3.0,228,12.1,23,8.5
2022/04/04,1020.8,1022.4,1019.3,78,58,1.7,232,7.8,22,5.5
2022/04/05,1018.1,1021.1,1016.1,82,58,1.6,236,6.3,71,0.0
2022/04/06,1015.5,1017.1,1014.1,83,51,2.1,209,7.3,339,1.5
2022/04/07,1014.9,1016.8,1012.9,81,63,2.6,242,11.9,37,0.0
2022/04/08,1014.7,1016.5,1012.8,84,67,1.8,222,8.1,51,5.0
2022/04/09,1012.2,1013.9,1010.4,79,61,2.0,227,6.1,71,0.0
2022/04/10,1010.9,1012.4,1009.5,85,71,1.6,111,7.6,125,0.0
2022/04/11,1009.1,1011.1,1007.1,86,68,1.5,124,8.8,128,1.0
2022/04/12,1007.1,1009.0,1005.2,89,74,1.3,125,8.1,124,18.5
2022/04/13,1004.7,1007.0,1002.4,87,74,1.2,138,9.1,147,9.0
2022/04/14,1005.5,1008.9,1002.9,82,69,2.8,41,9.5,21,1.0
2022/04/15,1009.5,1012.9,1007.5,77,67,4.5,32,16.9,34,0.0
2022/04/16,1012.6,1015.5,1010.4,69,55,3.9,22,13.0,15,0.0
2022/04/17,1014.3,1015.8,1012.7,72,60,1.2,231,6.1,56,0.0
2022/04/18,1013.9,1015.9,1012.5,83,63,2.3,6,8.6,21,1.5
2022/04/19,1015.5,1017.2,1013.8,79,67,1.7,12,8.7,19,0.0
2022/04/20,1013.7,1016.4,1011.5,81,67,0.6,204,4.2,235,0.0
2022/04/21,1011.3,1012.5,1009.6,84,68,1.1,36,5.8,203,0.0
2022/04/22,1010.6,1012.2,1008.7,85,66,1.3,54,9.4,157,7.0
2022/04/23,1008.3,1011.0,1005.6,88,70,2.4,142,10.6,155,3.5
2022/04/24,1007.8,1009.7,1006.1,84,67,1.3,104,8.2,75,0.0
2022/04/25,1007.0,1009.0,1004.6,84,68,3.3,156,15.5,149,1.5
2022/04/26,1005.8,1007.6,1003.5,83,67,2.8,154,15.6,155,0.0
2022/04/27,1007.9,1011.0,1006.0,80,56,2.1,16,7.3,24,0.0
2022/04/28,1008.9,1010.6,1006.6,84,73,2.9,146,12.9,150,0.0
2022/04/29,1009.3,1013.7,1007.0,82,65,3.2,28,14.7,21,0.0
2022/04/30,1011.3,1013.3,1009.1,84,76,2.6,35,8.3,26,0.0
2022/05/01,1011.2,1014.0,1008.8,81,72,3.9,31,12.1,16,0.0
2022/05/02,1013.2,1015.1,1012.1,86,77,2.4,15,9.8,23,8.5
2022/05/03,1014.4,1016.1,1012.9,88,72,2.6,225,9.8,34,4.0
2022/05/04,1012.4,1014.9,1010.6,88,74,1.5,35,6.2,41,0.5
2022/05/05,1008.6,1010.9,1007.0,86,77,2.0,61,8.1,38,0.5
2022/05/06,1009.3,1011.2,1007.6,85,73,1.2,36,6.3,63,4.0
2022/05/07,1010.9,1012.5,1009.2,85,69,1.5,233,6.9,47,0.5
2022/05/08,1011.0,1012.5,1009.5,82,62,1.4,228,5.2,218,0.5
2022/05/09,1010.6,1012.2,1009.3,90,82,1.8,3,8.3,19,13.0
2022/05/10,1008.3,1010.9,1006.3,89,73,1.8,232,7.3,70,25.0
2022/05/11,1006.9,1008.3,1005.5,88,73,1.3,41,6.7,41,1.0
2022/05/12,1005.9,1007.9,1004.3,86,66,1.1,137,7.6,121,2.0
2022/05/13,1003.3,1006.0,1001.1,87,76,1.3,34,8.4,25,0.0
2022/05/14,1007.6,1009.8,1005.6,90,82,2.3,27,9.1,23,39.5
2022/05/15,1009.6,1012.2,1006.9,88,75,2.4,29,12.6,27,7.0
2022/05/16,1010.3,1012.0,1008.6,87,71,1.3,30,8.0,24,11.5
2022/05/17,1011.5,1013.9,1009.3,86,67,1.3,232,6.6,25,3.0
2022/05/18,1012.9,1014.4,1011.6,85,70,2.1,38,7.1,54,3.5
2022/05/19,1008.7,1012.6,1006.5,90,77,1.1,18,9.1,21,15.5
2022/05/20,1005.1,1007.1,1003.3,86,74,2.9,55,10.2,39,0.0
2022/05/21,1006.1,1008.0,1004.3,83,71,2.0,47,7.9,41,0.0
2022/05/22,1006.5,1007.7,1004.9,89,75,0.9,227,5.8,22,1.0
2022/05/23,1006.1,1008.5,1004.5,86,69,1.9,25,6.7,128,0.0
2022/05/24,1008.4,1010.3,1007.2,94,86,1.0,4,5.4,18,12.5
2022/05/25,1006.9,1008.9,1004.5,93,83,0.3,70,3.7,121,14.0
2022/05/26,1003.1,1005.2,1000.7,91,75,1.5,214,9.1,18,3.5
2022/05/27,1003.5,1005.2,1001.8,92,86,0.7,225,5.8,42,7.0
2022/05/28,1004.3,1006.0,1003.2,88,72,1.2,61,5.4,121,0.0
2022/05/29,1004.0,1005.7,1002.5,84,71,1.8,222,7.5,129,0.0
2022/05/30,1003.5,1005.2,1001.8,81,69,2.1,222,7.1,97,0.0
2022/05/31,1005.7,1007.5,1003.2,90,77,1.2,227,10.5,7,44.0
2022/06/01,1004.5,1007.2,1001.9,85,72,2.1,212,11.0,153,0.0
2022/06/02,1003.4,1005.3,1002.1,81,69,1.5,21,9.0,56,0.0
2022/06/03,1004.5,1006.2,1003.4,82,69,2.1,221,6.1,99,0.0
2022/06/04,1004.4,1005.6,1002.9,79,65,2.2,223,6.9,244,0.0
2022/06/05,1000.8,1003.7,998.6,79,59,1.6,234,6.5,107,0.0
2022/06/06,999.6,1002.8,997.7,79,64,1.4,116,6.4,104,3.5
2022/06/07,1004.1,1007.6,1001.6,90,83,1.6,30,7.8,26,35.0
2022/06/08,1006.8,1008.6,1005.0,93,91,0.8,16,6.0,22,22.5
2022/06/09,1006.2,1007.4,1004.5,87,77,0.2,115,4.7,231,0.5
2022/06/10,1004.0,1006.1,1002.3,84,66,0.6,23,6.8,122,0.5
2022/06/11,1005.4,1008.1,1003.4,82,63,1.4,230,8.7,26,0.0
2022/06/12,1006.3,1008.0,1004.8,87,75,0.1,123,3.9,112,0.5
2022/06/13,1002.8,1005.9,1000.5,85,66,1.1,29,9.3,17,0.0
2022/06/14,1004.0,1007.2,1002.2,85,71,1.4,235,7.6,15,0.0
2022/06/15,1007.2,1009.0,1005.9,90,78,0.3,20,5.2,22,0.5
2022/06/16,1007.4,1008.7,1005.9,91,72,1.4,226,9.0,41,2.0
2022/06/17,1005.9,1007.1,1004.6,88,75,1.7,6,5.9,22,0.5
2022/06/18,1005.4,1007.2,1004.4,84,67,2.0,30,10.2,144,0.0
2022/06/19,1005.0,1006.2,1003.5,85,65,2.0,132,9.0,133,0.0
2022/06/20,1003.2,1004.9,1001.6,86,72,1.8,129,8.6,141,0.0
2022/06/21,1004.8,1007.9,1002.1,80,69,1.7,8,7.7,135,0.0
2022/06/22,1008.2,1011.7,1006.4,82,61,2.8,140,10.8,142,8.5
2022/06/23,1008.7,1010.4,1006.8,84,70,2.9,164,12.0,148,0.0
2022/06/24,1006.8,1008.5,1004.5,82,61,2.5,152,12.5,139,0.0
2022/06/25,1006.9,1008.8,1005.1,86,73,1.6,149,10.2,153,1.5
2022/06/26,1008.5,1010.2,1006.8,84,69,2.0,133,9.8,131,0.0
2022/06/27,1007.5,1009.1,1005.8,83,69,2.3,131,12.0,129,2.0
2022/06/28,1004.6,1007.2,1002.5,83,68,2.5,147,11.4,134,2.5
2022/06/29,1003.9,1005.9,1002.7,83,68,2.1,156,13.1,151,0.0
2022/06/30,1004.5,1006.7,1002.7,83,68,1.9,127,12.5,116,33.0
