date,Lugang_StnPres,Lugang_StnPresMax,Lugang_StnPresMin,Lugang_RH,Lugang_RHMin,Lugang_WS,Lugang_WD,Lugang_WSGust,Lugang_WDGust,Lugang_Precp
2018/01/01,1018.0,1020.4,1015.6,73,56,3.5,26,9.7,24,0.0
2018/01/02,1017.2,1019.4,1015.3,86,69,1.8,1,7.8,346,0.0
2018/01/03,1017.1,1019.7,1015.1,89,61,1.3,112,6.4,333,0.0
2018/01/04,1016.0,1018.4,1014.3,95,87,2.1,16,11.0,6,3.5
2018/01/05,1014.6,1016.9,1012.6,89,77,3.6,23,12.3,24,0.0
2018/01/06,1013.8,1015.4,1012.4,88,76,2.6,22,8.5,343,0.0
2018/01/07,1013.1,1015.3,1011.2,89,74,2.7,21,12.0,54,0.0
2018/01/08,1012.9,1017.9,1010.2,95,87,2.0,37,13.1,3,13.0
2018/01/09,1019.7,1022.3,1016.5,84,56,5.1,24,12.8,20,16.5
2018/01/10,1022.4,1025.0,1020.0,56,46,4.8,25,12.4,13,0.0
2018/01/11,1023.4,1025.4,1021.0,56,42,5.5,25,13.1,360,0.0
2018/01/12,1024.5,1026.1,1022.2,52,38,6.0,24,14.6,27,0.0
2018/01/13,1023.6,1026.3,1020.8,60,40,3.3,20,9.6,10,0.0
2018/01/14,1020.4,1023.2,1017.9,81,44,2.4,11,9.3,31,0.0
2018/01/15,1016.8,1019.4,1014.5,88,63,2.1,61,9.3,6,0.0
2018/01/16,1013.3,1015.3,1010.9,89,76,1.5,63,6.3,350,0.0
2018/01/17,1012.8,1014.5,1011.6,85,70,2.8,14,10.7,3,0.0
2018/01/18,1014.7,1016.9,1012.9,89,78,3.6,12,9.7,11,0.0
2018/01/19,1015.8,1017.8,1014.1,89,77,3.8,19,10.9,30,1.0
2018/01/20,1014.7,1016.7,1012.9,87,78,3.3,10,9.5,21,0.0
2018/01/21,1013.3,1015.0,1011.5,87,72,2.9,12,8.4,360,0.0
2018/01/22,1012.2,1014.1,1009.3,85,74,4.1,18,14.0,29,1.5
2018/01/23,1013.5,1015.0,1011.8,77,66,4.2,12,14.3,5,0.0
2018/01/24,1013.7,1015.6,1011.5,76,63,4.4,13,13.1,5,0.0
2018/01/25,1014.4,1016.3,1012.6,82,69,4.5,10,12.1,25,0.0
2018/01/26,1015.2,1017.8,1012.9,81,71,6.9,19,16.6,5,0.0
2018/01/27,1015.1,1017.3,1013.5,79,61,3.6,12,10.3,56,0.0
2018/01/28,1013.3,1015.3,1011.5,90,79,4.5,12,16.1,6,2.5
2018/01/29,1015.9,1018.5,1012.6,83,73,7.6,23,18.2,15,1.5
2018/01/30,1017.7,1019.7,1015.7,84,73,3.5,25,11.8,15,1.0
2018/01/31,1017.3,1018.8,1015.0,89,78,4.9,12,16.2,17,1.0
2018/02/01,1018.7,1021.0,1016.3,81,71,6.1,23,14.7,25,0.5
2018/02/02,1020.8,1022.8,1019.2,79,70,5.1,23,13.0,23,0.0
2018/02/03,1021.9,1023.6,1020.0,74,70,6.6,24,13.5,41,0.0
2018/02/04,1022.3,1023.9,1020.6,74,69,5.7,24,10.9,44,0.0
2018/02/05,1023.0,1025.4,1020.8,68,60,6.5,24,13.5,22,0.0
2018/02/06,1020.2,1023.3,1017.6,57,46,5.5,22,14.0,32,0.0
2018/02/07,1018.2,1020.1,1016.2,79,62,2.3,33,9.2,26,2.5
2018/02/08,1016.3,1019.8,1013.8,84,69,2.9,20,8.9,37,2.5
2018/02/09,1014.9,1016.9,1013.2,90,75,2.5,21,9.8,12,0.5
2018/02/10,1015.8,1018.4,1013.4,93,84,4.4,18,16.1,24,0.0
2018/02/11,1020.2,1023.6,1017.5,76,65,6.6,22,17.4,21,0.0
2018/02/12,1023.3,1025.4,1021.1,63,49,4.7,24,12.1,12,0.0
2018/02/13,1022.1,1024.1,1019.7,71,50,2.3,343,7.3,349,0.0
2018/02/14,1018.4,1021.3,1015.4,82,54,1.5,325,6.3,332,0.0
2018/02/15,1015.3,1017.3,1012.9,74,36,1.6,95,8.5,335,0.0
2018/02/16,1013.8,1015.3,1012.2,86,72,2.7,355,12.9,15,0.0
2018/02/17,1015.4,1017.9,1013.1,82,70,5.1,18,14.4,27,0.0
2018/02/18,1016.9,1019.2,1014.5,85,64,2.1,21,7.9,344,0.0
2018/02/19,1015.2,1018.2,1012.4,79,34,1.0,3,9.0,310,0.0
2018/02/20,1013.9,1016.2,1011.6,88,72,3.4,8,10.1,349,0.0
2018/02/21,1013.6,1015.3,1011.2,84,72,4.5,23,12.8,9,0.0
2018/02/22,1016.2,1018.9,1014.3,87,74,4.3,27,10.8,40,9.5
2018/02/23,1017.6,1019.4,1015.7,79,66,3.7,12,11.0,360,0.0
2018/02/24,1018.2,1021.3,1016.5,86,64,2.5,356,8.0,3,0.0
2018/02/25,1017.0,1018.7,1015.3,87,70,3.9,23,11.9,28,0.0
2018/02/26,1017.1,1018.9,1015.1,78,70,4.1,14,11.2,17,0.0
2018/02/27,1016.3,1019.1,1014.1,87,70,1.7,8,6.8,1,0.0
2018/02/28,1012.9,1014.5,1011.8,88,64,1.3,14,6.2,293,0.0
2018/03/01,1011.5,1013.4,1010.0,87,62,2.4,11,10.5,360,0.0
2018/03/02,1011.5,1014.0,1009.9,89,72,2.0,11,7.6,360,0.0
2018/03/03,1010.6,1012.8,1008.8,85,64,1.5,28,6.4,280,0.0
2018/03/04,1011.3,1013.1,1009.9,86,72,1.1,21,5.6,147,0.0
2018/03/05,1012.3,1014.8,1010.3,86,75,2.5,15,13.4,17,0.0
2018/03/06,1016.1,1018.2,1013.8,79,65,5.4,20,14.0,9,0.0
2018/03/07,1015.4,1017.5,1013.4,81,64,3.6,9,11.3,2,0.0
2018/03/08,1016.6,1020.1,1013.2,83,70,5.6,23,16.4,34,6.5
2018/03/09,1019.0,1020.7,1016.9,63,54,5.5,24,13.3,23,0.0
2018/03/10,1020.1,1021.9,1018.4,63,48,3.3,20,9.8,8,0.0
2018/03/11,1020.1,1022.3,1018.9,75,42,1.9,8,7.5,344,0.0
2018/03/12,1018.0,1020.4,1016.3,85,58,1.4,20,6.2,343,0.0
2018/03/13,1016.3,1018.4,1014.7,80,53,1.2,39,5.9,345,0.0
2018/03/14,1014.6,1016.7,1013.2,75,56,1.3,46,6.8,354,0.0
2018/03/15,1013.1,1014.5,1011.3,83,55,1.4,105,11.7,323,18.0
2018/03/16,1013.8,1016.5,1010.6,85,67,3.2,3,11.0,24,0.0
2018/03/17,1016.4,1018.2,1014.7,80,67,3.9,17,11.9,6,0.0
2018/03/18,1015.1,1016.9,1013.7,86,70,1.6,4,6.6,324,0.0
2018/03/19,1011.3,1014.0,1008.2,81,56,1.8,23,7.6,258,0.0
2018/03/20,1010.8,1014.1,1008.7,88,70,3.2,16,12.8,331,7.0
2018/03/21,1014.6,1016.6,1013.2,68,55,4.0,16,10.1,349,0.0
2018/03/22,1014.9,1016.3,1013.4,57,34,3.2,11,9.2,354,0.0
2018/03/23,1017.3,1018.9,1015.6,60,28,2.1,24,8.6,6,0.0
2018/03/24,1018.5,1021.3,1016.6,68,30,1.6,86,6.6,20,0.0
2018/03/25,1018.2,1020.6,1017.0,72,44,1.3,318,5.9,283,0.0
2018/03/26,1016.8,1019.4,1015.1,80,63,1.8,12,7.7,24,0.0
2018/03/27,1014.6,1016.7,1012.8,82,69,2.7,6,10.5,13,0.0
2018/03/28,1013.1,1014.8,1011.2,84,67,2.3,7,8.9,10,0.0
2018/03/29,1012.8,1014.7,1011.8,84,59,1.3,3,5.7,349,0.0
2018/03/30,1012.7,1015.1,1011.2,76,42,2.3,92,11.9,18,0.0
2018/03/31,1012.1,1014.5,1010.3,77,53,2.2,355,12.0,336,0.0
2018/04/01,1012.0,1014.1,1010.4,81,63,1.5,2,6.7,334,0.0
2018/04/02,1012.5,1014.1,1011.2,81,66,1.2,219,5.9,286,0.0
2018/04/03,1013.2,1015.1,1011.5,78,54,1.1,76,5.3,297,0.0
2018/04/04,1012.3,1014.5,1010.9,77,54,1.2,24,4.6,324,0.0
2018/04/05,1011.3,1012.9,1009.7,76,63,1.4,356,6.1,352,0.0
2018/04/06,1013.3,1018.4,1009.7,71,50,4.6,24,18.3,26,0.0
2018/04/07,1019.8,1021.6,1016.7,50,27,3.9,23,10.3,35,0.0
2018/04/08,1018.7,1020.6,1017.6,54,26,1.5,24,7.4,276,0.0
2018/04/09,1017.2,1019.2,1015.4,73,38,1.2,89,5.2,288,0.0
2018/04/10,1014.5,1016.7,1012.5,66,35,0.9,63,4.9,303,0.0
,1011.4,--,--,79,--,1.0,286,--,--,0.0
2018/04/12,1010.9,1012.4,1009.6,82,64,1.6,79,7.9,224,0.0
2018/04/13,1011.8,1013.7,1010.0,80,62,1.4,41,6.3,249,0.0
2018/04/14,1010.5,1012.2,1008.7,83,65,2.6,235,10.8,227,0.0
2018/04/15,1011.6,1014.3,1009.6,78,65,4.8,18,14.3,17,4.0
2018/04/16,1013.7,1016.0,1011.9,73,57,3.5,14,9.0,353,2.0
2018/04/17,1015.4,1017.5,1013.5,80,64,3.6,18,8.9,33,6.5
2018/04/18,1014.1,1016.2,1012.8,70,57,2.3,3,8.0,17,0.0
2018/04/19,1013.5,1015.6,1012.4,78,57,1.1,46,5.4,350,0.0
2018/04/20,1013.4,1015.0,1011.9,76,39,1.2,320,5.5,302,0.0
2018/04/21,1012.7,1014.1,1011.3,81,62,1.3,1,5.8,345,0.0
2018/04/22,1010.9,1012.6,1009.3,82,57,1.0,1,5.6,346,0.0
2018/04/23,1008.4,1010.0,1006.5,75,59,1.6,66,7.7,230,0.0
2018/04/24,1008.6,1010.0,1007.4,83,72,2.3,16,8.3,27,0.0
2018/04/25,1010.6,1012.2,1009.1,70,56,3.8,18,11.2,20,0.0
2018/04/26,1012.1,1014.0,1009.9,70,51,2.1,10,7.2,15,0.0
2018/04/27,1014.0,1015.7,1011.8,79,62,2.0,17,7.2,352,0.0
2018/04/28,1013.6,1015.4,1011.6,79,63,1.3,3,4.4,342,0.0
2018/04/29,1012.4,1014.1,1010.6,81,61,1.0,314,5.6,297,0.0
2018/04/30,1012.6,1014.8,1011.2,79,53,1.0,287,5.6,344,0.0
2018/05/01,1012.0,1014.1,1010.7,82,64,1.7,186,7.4,280,0.0
2018/05/02,1011.6,1013.4,1010.0,81,64,2.3,145,8.4,223,0.0
2018/05/03,1013.4,1015.3,1011.9,74,55,3.7,16,15.1,28,0.0
2018/05/04,1014.7,1016.2,1013.4,76,58,1.4,29,6.5,22,0.0
2018/05/05,1015.2,1017.0,1013.7,73,52,1.1,131,5.8,335,0.0
2018/05/06,1011.3,1014.4,1009.1,76,59,2.2,162,9.7,235,0.0
2018/05/07,1008.1,1010.3,1006.1,78,63,2.6,240,8.0,232,0.0
2018/05/08,1008.5,1011.2,1005.5,82,64,2.4,9,8.3,316,33.5
2018/05/09,1013.0,1015.6,1009.6,81,67,3.5,21,9.8,22,17.0
2018/05/10,1014.1,1016.0,1012.1,70,56,3.7,14,10.5,6,0.0
2018/05/11,1012.9,1015.3,1011.0,76,58,1.7,24,6.1,343,0.0
2018/05/12,1011.0,1013.1,1009.1,80,59,1.3,62,5.9,301,0.0
2018/05/13,1010.4,1012.1,1009.0,78,58,2.2,173,7.3,225,0.0
2018/05/14,1010.1,1012.2,1008.1,76,56,1.4,107,6.5,249,0.0
2018/05/15,1009.5,1011.6,1008.1,81,66,1.9,242,7.7,242,0.0
2018/05/16,1008.4,1010.6,1007.2,85,71,2.6,240,10.6,236,0.0
2018/05/17,1007.7,1009.6,1006.5,83,72,2.6,168,7.8,240,0.0
2018/05/18,1007.1,1009.0,1005.8,80,64,2.5,170,9.3,238,0.0
2018/05/19,1007.6,1009.3,1006.1,80,63,1.9,236,7.2,254,0.0
2018/05/20,1008.5,1010.3,1005.6,79,61,1.5,15,6.7,274,0.0
2018/05/21,1009.3,1011.2,1006.8,78,61,1.6,21,6.9,341,0.0
2018/05/22,1009.6,1011.9,1008.0,74,46,1.3,14,5.3,326,0.0
2018/05/23,1009.5,1010.9,1008.0,76,57,2.0,6,7.5,30,0.0
2018/05/24,1009.2,1011.3,1008.1,75,57,1.8,21,5.8,333,0.0
2018/05/25,1007.7,1010.0,1005.6,76,64,2.0,184,8.3,261,0.0
2018/05/26,1007.7,1009.7,1006.3,79,60,2.8,173,9.5,231,0.0
2018/05/27,1008.2,1009.9,1006.1,77,60,2.7,134,9.7,258,0.0
2018/05/28,1008.3,1009.7,1006.9,78,59,2.2,241,8.5,278,0.0
2018/05/29,1009.6,1011.5,1007.8,77,61,1.7,161,6.3,261,0.0
2018/05/30,1009.8,1011.2,1007.8,79,61,2.0,242,7.6,252,0.0
2018/05/31,1009.4,1010.9,1007.8,79,66,2.2,236,7.1,6,0.0
2018/06/01,1009.3,1010.7,1007.8,79,70,3.8,9,12.0,3,0.0
2018/06/02,1009.3,1010.6,1007.5,74,62,3.6,18,10.9,354,0.0
2018/06/03,1007.9,1009.6,1005.9,79,61,2.4,4,7.7,342,0.0
2018/06/04,1008.1,1009.4,1006.5,81,66,1.9,338,7.5,1,0.0
2018/06/05,1008.5,1010.2,1007.1,77,57,1.2,205,5.8,305,0.0
2018/06/06,1007.8,1009.0,1006.1,78,55,2.2,9,8.0,28,0.0
2018/06/07,1006.0,1007.4,1004.3,84,68,2.6,11,8.1,348,0.0
2018/06/08,1002.4,1005.2,1000.5,82,61,1.5,66,7.2,10,0.0
2018/06/09,999.6,1001.1,997.4,81,64,1.5,18,7.5,349,0.0
2018/06/10,999.3,1000.6,997.8,78,58,1.4,193,6.4,15,0.0
2018/06/11,1000.2,1003.0,997.6,83,67,2.7,14,10.9,4,77.0
2018/06/12,1002.0,1003.9,1000.3,70,49,2.0,1,7.1,7,0.0
2018/06/13,998.6,1001.4,996.4,73,45,1.2,344,7.1,337,0.0
2018/06/14,995.5,997.0,993.5,80,66,3.2,21,13.6,9,0.0
2018/06/15,997.2,1002.1,994.3,81,63,5.4,17,18.4,9,7.0
2018/06/16,1002.6,1004.7,1000.6,76,53,3.2,9,8.8,41,1.5
2018/06/17,1003.4,1004.6,1002.4,88,67,1.7,354,7.3,189,17.5
2018/06/18,1003.0,1004.6,1001.8,85,75,2.8,176,14.4,186,17.0
2018/06/19,1005.0,1007.4,1002.1,92,75,2.7,151,8.5,181,29.5
2018/06/20,1006.0,1008.1,1004.6,91,79,2.2,144,6.9,161,26.5
2018/06/21,1006.7,1008.0,1005.3,86,70,2.0,180,9.1,226,2.5
2018/06/22,1007.3,1008.8,1005.6,83,69,2.5,155,10.4,232,0.0
2018/06/23,1007.9,1009.1,1006.5,82,66,2.6,195,11.1,246,0.0
2018/06/24,1009.4,1011.2,1008.2,82,63,1.8,234,6.5,261,0.0
2018/06/25,1010.4,1011.6,1008.8,80,64,1.8,233,7.3,259,0.0
2018/06/26,1010.7,1011.9,1009.9,76,55,1.3,6,5.5,266,0.0
2018/06/27,1009.3,1010.6,1007.4,73,56,1.7,132,7.1,180,0.0
2018/06/28,1006.5,1009.0,1004.4,77,66,1.9,208,6.7,244,0.0
2018/06/29,1003.6,1005.3,1001.7,78,59,2.4,241,8.8,256,0.0
2018/06/30,1004.1,1005.5,1002.4,79,54,1.5,88,6.4,199,37.5
2018/07/01,1003.8,1005.0,1002.1,83,66,2.2,112,9.0,228,0.0
2018/07/02,1003.3,1005.0,1001.9,94,85,2.4,164,9.3,129,261.0
2018/07/03,1003.1,1004.6,1001.9,88,73,2.9,175,9.8,226,44.0
2018/07/04,1002.8,1004.3,1001.7,92,77,2.1,159,11.4,243,27.0
2018/07/05,1002.9,1004.7,1001.7,86,74,2.2,170,10.0,200,1.5
2018/07/06,1003.0,1004.4,1001.8,80,62,2.4,169,10.0,235,0.0
2018/07/07,1004.2,1006.1,1002.5,83,63,2.3,242,8.5,250,33.5
2018/07/08,1005.7,1007.5,1004.3,78,57,1.1,339,5.4,311,0.0
2018/07/09,1005.9,1007.8,1004.1,82,62,1.9,358,7.8,21,0.0
2018/07/10,1002.5,1005.5,998.6,85,66,3.7,11,14.6,11,0.0
2018/07/11,1000.1,1005.3,995.8,83,71,2.9,201,11.8,340,2.0
2018/07/12,1005.2,1006.5,1004.0,82,60,1.6,353,6.3,23,0.0
2018/07/13,1005.6,1006.6,1004.6,84,65,1.2,341,5.8,282,0.0
2018/07/14,1004.9,1005.8,1003.4,81,64,1.3,308,5.5,315,0.0
2018/07/15,1004.5,1005.9,1003.1,84,67,1.3,347,5.7,341,0.0
2018/07/16,1002.3,1004.0,1000.6,81,61,1.4,181,6.6,285,0.0
2018/07/17,1001.2,1002.2,1000.0,78,58,1.4,310,5.6,316,0.0
2018/07/18,1002.7,1004.3,1001.4,76,54,1.7,137,6.5,339,0.0
2018/07/19,1004.2,1005.5,1002.8,74,56,2.0,77,8.5,335,0.0
2018/07/20,1002.3,1004.0,1000.5,77,63,2.7,16,11.6,31,0.0
2018/07/21,999.6,1001.5,997.5,77,61,2.3,9,9.8,4,0.0
2018/07/22,1000.1,1002.7,998.1,84,68,1.2,79,5.4,295,2.5
2018/07/23,1002.7,1005.2,1000.3,83,68,2.4,235,9.9,229,1.0
2018/07/24,1005.3,1006.6,1003.8,82,62,1.7,244,6.6,242,1.0
2018/07/25,1005.8,1007.2,1004.4,78,60,1.2,306,5.8,308,0.0
2018/07/26,1005.6,1007.4,1003.7,79,60,1.2,97,5.5,288,0.0
2018/07/27,1005.8,1007.8,1004.1,76,60,1.3,234,5.6,307,0.0
2018/07/28,1005.3,1007.2,1003.4,75,58,1.5,108,6.0,295,0.0
2018/07/29,1004.3,1006.2,1002.2,74,48,1.7,122,5.7,296,0.0
2018/07/30,1004.0,1005.6,1002.4,76,53,2.2,242,7.8,231,0.0
2018/07/31,1003.8,1005.8,1001.6,77,56,2.3,190,7.7,231,0.0
2018/08/01,1002.9,1004.6,1000.6,80,63,2.6,239,8.1,217,0.0
2018/08/02,1002.4,1004.3,1000.3,83,67,2.5,176,9.0,238,51.5
2018/08/03,1002.6,1004.1,1000.9,80,68,2.3,164,9.7,239,0.5
2018/08/04,1004.0,1005.9,1002.7,76,60,1.5,121,6.1,252,0.0
2018/08/05,1004.9,1005.9,1003.4,76,56,1.0,81,5.9,307,0.0
2018/08/06,1004.0,1005.8,1001.5,78,61,1.9,331,6.5,343,12.0
2018/08/07,1003.0,1004.6,1000.8,81,63,1.7,10,6.3,3,39.5
2018/08/08,1003.2,1004.7,1001.6,76,58,1.9,194,6.3,77,0.0
2018/08/09,1003.8,1005.2,1002.1,76,56,1.5,175,5.8,334,0.0
2018/08/10,1002.6,1004.4,1000.3,76,55,1.3,91,6.4,346,0.0
2018/08/11,999.5,1001.9,997.1,77,54,1.3,2,6.1,302,0.0
2018/08/12,995.8,997.5,993.3,80,63,1.1,8,5.5,351,0.0
2018/08/13,997.4,999.2,995.8,85,62,1.5,77,5.7,282,43.0
2018/08/14,998.6,1000.2,997.3,86,58,1.7,153,8.5,172,42.0
2018/08/15,1000.4,1001.6,998.9,83,69,1.9,185,7.6,184,0.0
2018/08/16,1000.0,1001.6,998.3,83,67,1.9,9,7.3,284,0.5
2018/08/17,999.1,1000.9,997.3,78,66,2.4,189,10.0,246,0.0
2018/08/18,1001.0,1002.7,999.7,82,64,1.9,159,8.8,246,0.5
2018/08/19,1002.6,1004.4,1001.1,86,67,1.9,119,8.7,234,6.0
2018/08/20,1001.9,1003.6,1000.3,85,63,1.2,118,7.4,188,0.5
2018/08/21,999.4,1001.1,997.4,84,65,1.2,62,6.5,308,1.5
2018/08/22,997.3,999.3,995.3,91,71,1.4,338,6.4,355,1.5
2018/08/23,993.9,995.8,992.3,91,70,2.3,93,11.9,150,53.0
2018/08/24,996.1,998.4,992.9,98,83,2.5,170,9.5,170,122.5
2018/08/25,997.2,998.7,995.5,93,73,2.1,93,8.1,182,56.5
2018/08/26,998.8,1001.2,997.1,90,68,1.3,176,7.2,185,2.0
2018/08/27,1002.5,1004.7,1000.0,87,69,2.5,192,10.9,191,2.0
2018/08/28,1005.0,1006.3,1003.3,87,76,3.0,158,12.5,181,11.5
2018/08/29,1005.9,1008.1,1004.6,89,74,2.3,176,10.6,160,4.5
2018/08/30,1008.7,1011.3,1006.3,82,64,1.7,177,10.5,191,0.0
2018/08/31,1010.8,1012.1,1009.9,88,64,0.9,242,5.1,39,1.0
2018/09/01,1009.2,1011.3,1007.2,84,62,1.0,245,5.6,313,0.0
2018/09/02,1006.5,1008.7,1004.6,85,58,1.5,119,6.9,286,0.0
2018/09/03,1004.8,1006.5,1003.1,83,64,2.2,180,8.0,221,0.0
2018/09/04,1003.6,1005.3,1001.4,84,68,2.4,242,7.9,223,0.0
2018/09/05,1004.3,1006.0,1002.5,86,63,0.9,143,5.2,274,0.0
2018/09/06,1004.5,1006.5,1003.0,82,62,0.9,29,5.8,17,0.0
,1005.0,--,--,79,--,1.3,118,--,--,0.0
,1006.6,--,--,75,--,2.9,358,--,--,0.0
,1007.3,--,--,77,--,6.9,21,--,--,0.0
,1006.5,--,--,74,--,6.0,12,--,--,0.0
2018/09/11,1007.0,1009.1,1003.8,76,65,1.8,144,7.2,354,0.0
2018/09/12,1007.9,1010.4,1006.2,85,70,2.3,5,7.4,343,0.0
2018/09/13,1007.6,1010.0,1006.5,85,67,1.4,2,6.7,338,0.0
2018/09/14,1005.4,1003.7,1002.4,80,70,1.6,12,7.6,3,0.0
2018/09/15,998.9,1002.5,996.5,80,63,1.2,24,6.3,39,0.0
2018/09/16,1004.8,1010.1,998.7,80,61,0.8,11,4.9,310,0.5
2018/09/17,1011.1,1014.5,1009.6,85,67,1.2,14,6.2,295,0.0
2018/09/18,1012.4,1014.5,1010.1,84,67,1.7,2,6.8,327,0.5
2018/09/19,1010.5,1012.8,1009.0,83,66,1.0,162,5.6,327,0.0
2018/09/20,1009.2,1010.7,1007.9,82,63,0.8,292,5.3,247,0.0
2018/09/21,1010.5,1012.8,1008.8,76,49,1.0,121,5.7,260,0.0
2018/09/22,1012.4,1014.5,1011.2,76,56,1.4,341,6.2,331,0.0
2018/09/23,1011.2,1013.4,1009.0,81,64,2.0,5,7.9,19,0.0
2018/09/24,1007.1,1010.4,1004.7,74,61,5.2,15,16.2,7,0.0
2018/09/25,1004.9,1006.9,1002.4,71,50,4.6,35,12.9,23,0.0
2018/09/26,1005.2,1007.5,1003.4,74,64,5.6,23,13.3,23,0.0
2018/09/27,1005.3,1007.1,1003.1,75,62,5.3,29,12.0,19,0.0
2018/09/28,1004.8,1006.2,1002.7,77,57,5.1,25,13.0,25,0.0
2018/09/29,1004.0,1006.3,1001.8,60,45,3.9,23,9.9,40,0.0
2018/09/30,1007.5,1010.3,1005.3,58,51,3.4,23,9.6,352,0.0
2018/10/01,1010.7,1012.5,1009.1,64,36,2.0,20,11.6,26,0.0
2018/10/02,1012.0,1014.4,1010.3,61,39,3.4,23,11.8,24,0.0
2018/10/03,1011.2,1013.7,1008.7,61,39,4.1,16,12.8,21,0.0
2018/10/04,1008.9,1011.8,1006.6,69,60,4.9,13,12.0,15,0.0
2018/10/05,1008.1,1010.6,1006.0,66,48,1.9,11,9.6,51,0.0
2018/10/06,1011.2,1012.9,1009.7,73,54,1.5,10,10.2,2,0.0
2018/10/07,1012.1,1014.7,1010.0,73,61,3.8,16,11.8,4,0.0
2018/10/08,1011.7,1014.0,1009.7,79,63,3.3,11,10.4,9,0.0
2018/10/09,1011.0,1012.8,1009.0,81,65,2.0,5,9.8,10,0.0
2018/10/10,1011.6,1013.7,1009.3,77,56,3.1,23,10.5,29,0.0
2018/10/11,1013.8,1015.4,1012.1,75,63,4.5,29,11.2,19,0.0
2018/10/12,1015.5,1017.2,1014.1,78,66,3.9,24,10.1,22,0.0
2018/10/13,1014.8,1017.3,1012.9,79,64,2.4,11,8.0,360,1.5
2018/10/14,1013.1,1015.6,1011.9,80,59,1.4,346,6.2,325,0.0
2018/10/15,1012.2,1014.5,1010.1,83,70,2.8,8,10.6,26,0.0
2018/10/16,1011.1,1013.2,1009.1,83,68,2.2,17,8.5,5,0.0
2018/10/17,1010.3,1012.1,1009.0,79,66,3.9,21,13.0,32,0.0
2018/10/18,1012.1,1013.7,1010.4,71,58,3.4,19,10.1,22,0.0
2018/10/19,1015.2,1017.3,1012.6,73,63,2.4,22,11.1,7,0.5
2018/10/20,1016.7,1019.5,1014.5,72,57,2.9,25,9.1,6,0.0
2018/10/21,1015.4,1018.1,1013.8,72,56,2.3,10,9.8,349,0.0
2018/10/22,1014.2,1016.4,1011.9,81,66,1.3,7,7.2,9,0.0
2018/10/23,1014.7,1016.9,1013.1,81,65,2.9,10,10.5,18,0.0
2018/10/24,1014.6,1016.7,1013.1,76,61,3.1,6,10.2,15,0.0
,1014.9,--,--,79,--,1.7,1,--,--,0.0
2018/10/26,1014.3,1017.5,1012.5,82,62,1.8,3,8.0,17,0.0
2018/10/27,1014.9,1017.3,1013.2,60,48,4.8,23,12.5,7,0.0
2018/10/28,1013.8,1016.6,1011.2,48,34,3.4,18,9.0,5,0.0
2018/10/29,1011.1,1013.5,1008.7,43,26,3.0,19,9.3,227,0.0
2018/10/30,1010.1,1011.9,1008.1,63,42,2.5,25,10.0,360,0.0
2018/10/31,1011.3,1013.1,1009.9,74,64,3.9,24,11.2,5,0.0
2018/11/01,1011.5,1012.9,1010.4,80,72,5.2,21,14.6,18,2.0
2018/11/02,1012.0,1014.8,1008.7,85,72,3.1,23,10.7,13,0.5
2018/11/03,1014.1,1016.7,1012.6,87,74,2.3,6,9.4,3,0.0
2018/11/04,1014.4,1017.2,1012.3,84,73,3.0,23,10.7,3,0.0
2018/11/05,1014.7,1017.2,1013.1,85,71,2.2,13,8.2,16,0.0
2018/11/06,1015.5,1017.9,1014.1,88,65,0.9,1,6.0,30,0.0
2018/11/07,1015.8,1018.1,1014.2,89,72,1.1,1,6.7,1,0.0
2018/11/08,1015.1,1017.8,1013.7,86,68,0.8,344,4.9,344,0.0
2018/11/09,1015.4,1017.9,1013.8,80,63,3.0,20,11.0,16,0.0
2018/11/10,1016.1,1018.2,1014.2,82,65,0.8,29,5.4,38,0.0
2018/11/11,1015.5,1017.8,1012.9,89,75,1.3,11,7.4,354,0.0
2018/11/12,1013.0,1015.6,1010.4,85,66,1.8,8,10.0,3,0.0
2018/11/13,1012.1,1014.8,1009.6,75,61,3.7,13,11.1,61,0.0
2018/11/14,1013.8,1017.8,1011.3,74,62,3.2,23,10.0,1,0.0
2018/11/15,1014.8,1017.5,1012.6,77,57,1.8,25,7.5,10,0.0
,1014.4,--,--,83,--,1.6,19,--,--,0.0
2018/11/17,1014.5,1016.7,1012.9,82,69,3.0,17,10.0,15,0.0
2018/11/18,1014.7,1017.2,1012.5,84,68,1.3,7,6.1,338,0.0
2018/11/19,1015.6,1017.8,1013.7,80,67,3.6,26,11.5,27,0.0
2018/11/20,1015.6,1017.8,1013.4,76,57,1.3,29,7.4,15,0.0
2018/11/21,1014.9,1016.9,1012.2,82,57,1.4,346,7.9,3,0.0
2018/11/22,1016.6,1018.1,1014.4,72,59,4.4,22,12.6,27,0.0
2018/11/23,1017.0,1019.8,1015.3,75,60,2.5,9,9.7,336,0.0
2018/11/24,1016.9,1018.4,1015.1,82,60,1.2,2,7.8,2,0.0
,1016.0,--,--,85,--,0.3,121,--,--,2.5
2018/11/26,1017.2,1018.6,1015.9,89,76,0.5,18,8.3,41,2.0
2018/11/27,1016.6,1018.4,1015.1,77,69,3.2,21,9.0,42,0.0
2018/11/28,1017.3,1019.2,1015.1,84,71,2.1,23,10.6,15,4.0
2018/11/29,1018.8,1021.1,1017.5,69,57,3.0,10,11.6,342,0.0
2018/11/30,1018.4,1020.7,1016.7,81,60,0.4,50,5.1,319,0.5
2018/12/01,1017.0,1019.2,1014.8,87,65,1.6,8,7.8,355,0.0
2018/12/02,1015.1,1016.7,1013.5,85,59,0.6,283,5.6,310,0.0
2018/12/03,1015.5,1017.8,1014.0,85,60,0.6,352,4.8,337,0.0
2018/12/04,1015.3,1017.6,1013.8,75,52,0.8,21,7.8,1,0.0
2018/12/05,1014.1,1016.3,1011.8,79,68,3.4,11,11.8,30,0.0
2018/12/06,1014.0,1015.6,1012.1,84,69,2.3,6,9.6,26,0.0
2018/12/07,1016.5,1018.8,1014.2,77,65,5.4,23,13.5,54,0.0
2018/12/08,1017.9,1019.5,1015.9,77,68,4.9,26,14.8,32,0.0
2018/12/09,1017.6,1020.0,1014.8,79,70,4.3,17,11.9,20,0.0
2018/12/10,1015.7,1017.9,1013.2,86,82,3.9,21,11.8,9,0.5
2018/12/11,1016.0,1018.1,1014.0,86,77,4.0,22,12.5,15,0.0
2018/12/12,1019.9,1022.0,1017.5,75,65,3.9,23,9.6,22,0.0
2018/12/13,1021.5,1023.2,1020.1,75,64,3.5,24,10.4,20,0.0
2018/12/14,1021.6,1023.5,1019.5,78,67,3.5,18,9.1,11,0.0
2018/12/15,1020.3,1022.3,1018.2,78,64,2.8,13,10.1,18,0.0
2018/12/16,1019.1,1021.3,1016.6,79,68,2.3,23,9.7,9,0.0
2018/12/17,1019.2,1021.6,1017.3,58,19,4.1,22,11.8,20,0.0
2018/12/18,1019.6,1022.0,1017.5,55,19,1.7,23,7.3,2,0.0
2018/12/19,1018.6,1020.5,1016.7,82,60,0.9,156,6.4,164,0.0
2018/12/20,1015.8,1018.5,1012.8,74,31,0.5,252,5.5,286,0.0
,1015.5,--,--,86,--,1.9,5,--,--,0.0
,1015.7,--,--,90,--,2.4,6,--,--,0.0
,1015.0,--,--,95,--,4.0,19,--,--,5.0
,1014.3,--,--,78,--,5.1,18,--,--,0.0
,1012.3,--,--,99,--,3.4,14,--,--,0.0
2018/12/26,1011.7,1013.4,1009.7,90,80,3.4,20,10.4,1,0.0
2018/12/27,1014.1,1016.7,1011.8,77,64,4.4,26,15.2,34,0.0
2018/12/28,1018.0,1020.8,1015.4,72,63,4.0,22,8.5,23,0.0
2018/12/29,1022.0,1024.1,1019.7,70,59,3.9,24,10.8,27,0.0
2018/12/30,1021.6,1023.6,1018.8,71,51,3.3,20,9.5,7,0.0
2018/12/31,1022.8,1024.8,1020.4,80,75,4.3,18,12.0,8,0.0
2019/01/01,1022.0,1024.2,1019.8,80,72,3.9,20,11.7,13,0.0
2019/01/02,1021.8,1023.8,1019.5,82,74,3.1,17,8.8,30,0.5
2019/01/03,1022.0,1024.4,1020.4,90,82,3.0,15,8.8,23,1.0
2019/01/04,1021.1,1022.9,1019.5,93,71,1.0,3,7.3,360,0.0
2019/01/05,1019.2,1021.0,1017.5,91,71,2.1,352,6.8,353,0.0
2019/01/06,1019.3,1021.3,1017.2,87,76,4.1,17,13.7,28,2.0
2019/01/07,1019.1,1020.7,1017.6,87,73,3.0,7,10.0,16,0.0
2019/01/08,1019.1,1021.0,1016.2,89,79,4.1,18,11.5,38,0.0
2019/01/09,1019.9,1022.2,1017.8,82,71,3.4,14,10.8,19,0.0
2019/01/10,1018.7,1020.7,1016.9,95,88,2.7,5,8.5,1,0.0
2019/01/11,1017.4,1017.5,1015.3,97,90,1.3,6,5.2,17,0.0
2019/01/12,1016.9,1018.2,1015.6,91,75,2.4,3,8.6,11,0.0
2019/01/13,1017.1,1019.1,1015.0,83,74,3.6,13,12.6,6,0.0
2019/01/14,1016.3,1018.2,1014.4,80,69,3.2,11,9.6,5,0.0
2019/01/15,1016.8,1018.4,1015.1,89,78,3.4,16,9.5,1,0.0
2019/01/16,1017.4,1019.4,1015.3,90,85,3.5,20,10.8,21,3.0
2019/01/17,1019.3,1020.8,1017.0,83,72,3.7,21,8.3,352,1.0
2019/01/18,1019.6,1021.4,1017.5,77,57,2.0,347,7.7,355,0.0
2019/01/19,1018.7,1020.7,1017.0,87,69,1.8,1,7.2,22,0.0
2019/01/20,1017.6,1019.2,1015.9,86,77,3.4,12,12.2,353,0.0
2019/01/21,1018.8,1020.3,1016.9,81,71,3.9,23,10.9,14,0.0
2019/01/22,1019.1,1019.2,1017.8,70,58,2.9,25,6.5,350,0.0
2019/01/23,1018.1,1020.0,1016.6,67,53,2.7,9,9.4,8,0.0
2019/01/24,1018.2,1020.0,1016.6,75,60,2.2,12,9.1,346,0.0
2019/01/25,1019.4,1020.7,1017.8,83,69,2.4,23,9.8,4,0.0
2019/01/26,1020.8,1022.5,1018.8,66,58,4.5,25,10.9,19,0.0
2019/01/27,1021.6,1024.2,1019.8,67,55,2.7,14,7.0,1,0.0
2019/01/28,1020.1,1022.2,1018.6,80,61,2.0,19,7.5,351,0.0
2019/01/29,1020.1,1021.9,1018.4,87,67,2.2,1,9.6,28,0.0
2019/01/30,1019.6,1022.6,1017.2,89,71,1.4,12,7.1,340,0.0
2019/01/31,1017.7,1020.1,1015.3,76,54,1.8,19,11.2,360,0.0
2019/02/01,1020.0,1022.9,1018.2,73,63,4.8,18,13.9,15,0.0
2019/02/02,1017.7,1020.0,1015.6,82,67,1.7,38,7.3,341,0.0
2019/02/03,1016.4,1017.8,1015.0,84,43,0.7,1,7.8,349,0.0
2019/02/04,1017.1,1019.5,1015.4,85,68,3.2,16,11.7,12,0.5
2019/02/05,1015.7,1017.8,1013.4,81,64,2.0,33,7.2,341,0.0
2019/02/06,1013.6,1016.0,1011.9,83,64,1.1,8,7.8,27,0.0
2019/02/07,1014.1,1016.4,1011.8,77,24,1.2,17,9.4,17,0.0
2019/02/08,1015.5,1017.2,1013.1,77,59,3.6,9,12.7,10,0.0
2019/02/09,1017.7,1019.8,1015.3,78,66,3.0,18,10.2,19,0.0
,1020.6,--,--,79,--,3.4,23,--,--,0.0
2019/02/11,1022.5,1080.6,1021.1,78,64,3.9,26,11.2,10,0.0
2019/02/12,1022.0,1022.7,1020.4,82,80,2.8,33,5.6,353,0.0
2019/02/13,1020.4,1022.5,1018.1,82,66,2.8,28,10.2,1,0.0
2019/02/14,1019.7,1021.7,1017.9,79,66,3.2,30,10.2,13,0.0
2019/02/15,1018.7,1020.8,1016.9,83,68,1.5,21,6.7,346,0.0
2019/02/16,1017.7,1042.8,1015.7,83,71,2.8,11,10.8,1,0.0
2019/02/17,X,1019.1,1014.8,77,64,3.4,27,9.6,26,0.0
2019/02/18,1016.2,1017.4,1014.0,85,82,2.0,17,5.2,349,0.0
2019/02/19,1018.9,1021.3,1016.7,90,68,0.7,44,12.2,290,13.0
2019/02/20,1020.7,1022.5,1019.1,93,77,1.7,4,7.0,349,0.0
2019/02/21,1019.0,1021.2,1017.1,93,80,2.2,10,11.9,360,0.0
2019/02/22,1017.8,1019.6,1016.1,89,80,3.1,20,10.6,12,0.0
2019/02/23,1017.4,1019.0,1015.0,74,60,3.4,23,10.5,51,0.0
2019/02/24,1016.6,1018.4,1015.3,92,83,2.3,22,6.7,18,8.5
2019/02/25,1017.3,1019.3,1015.3,81,69,3.3,6,9.3,6,0.0
2019/02/26,1018.1,1020.5,1016.1,80,66,2.7,8,8.0,352,0.0
2019/02/27,1016.7,1019.1,1013.7,80,54,1.4,5,5.8,340,0.0
2019/02/28,1016.1,1017.8,1014.3,86,75,3.0,9,11.2,5,0.0
2019/03/01,1017.2,1018.9,1016.2,85,69,2.9,7,8.6,16,0.0
2019/03/02,1014.1,1016.8,1012.3,87,74,1.0,346,6.5,331,0.0
2019/03/03,1011.9,1014.5,1009.5,92,62,1.3,8,10.9,9,17.5
2019/03/04,1015.3,1016.8,1013.3,78,65,2.9,27,12.2,2,0.0
2019/03/05,1014.4,1016.2,1011.7,82,62,1.4,236,12.4,32,11.0
2019/03/06,1015.1,1017.2,1012.6,87,58,2.1,10,11.0,360,7.0
2019/03/07,1017.5,1047.7,1015.5,92,87,3.6,29,10.2,31,20.5
,1025.2,--,--,91,--,2.5,22,--,--,11.0
,X,--,--,99,--,0.8,5,--,--,46.0
,X,--,--,90,--,1.8,4,--,--,13.5
,X,--,--,76,--,1.7,23,--,--,0.5
2019/03/12,1017.5,1018.8,1015.7,66,57,1.4,359,5.7,13,0.0
2019/03/13,1019.2,1021.1,1018.0,73,50,0.8,346,6.0,354,0.0
2019/03/14,1019.9,1022.0,1017.6,83,68,2.2,345,11.1,10,0.0
2019/03/15,1020.4,1020.8,1017.7,64,34,3.5,27,5.3,252,0.0
2019/03/16,1019.3,1020.8,1017.7,65,34,0.5,247,5.3,252,0.0
2019/03/17,1019.8,1021.8,1017.6,80,64,2.0,25,7.6,1,0.0
2019/03/18,1017.6,1019.6,1015.7,88,68,1.2,8,6.7,347,0.0
2019/03/19,1016.0,1018.5,1014.2,85,63,1.8,7,8.4,16,0.0
2019/03/20,1014.3,1017.0,1011.4,87,65,1.0,240,7.5,264,0.0
2019/03/21,1012.7,1014.4,1010.7,86,65,1.9,147,8.6,243,0.0
2019/03/22,1014.6,1016.7,1012.8,84,69,2.8,19,10.9,3,0.0
2019/03/23,1018.2,1020.1,1016.0,76,67,3.9,25,12.1,6,0.0
2019/03/24,1018.5,1044.9,1017.0,93,73,0.6,13,6.4,6,6.5
2019/03/25,X,1078.1,1016.6,96,87,0.9,9,6.4,342,4.5
2019/03/26,1019.7,1061.0,1018.3,81,62,2.5,1,9.5,8,0.0
2019/03/27,1017.9,1020.8,1015.4,82,59,0.9,11,5.6,309,0.0
2019/03/28,1012.7,1015.5,1009.5,85,63,1.6,247,8.4,209,0.0
2019/03/29,1011.1,1015.4,1009.4,87,66,2.0,338,13.6,328,4.5
2019/03/30,1014.1,1016.1,1012.0,77,66,2.5,19,10.6,12,0.5
2019/03/31,1017.3,1020.1,1015.5,72,57,3.3,23,12.2,3,0.0
2019/04/01,1019.8,1021.7,1018.6,83,74,2.5,25,8.1,26,4.0
2019/04/02,1018.4,1020.5,1016.9,85,65,1.3,16,6.3,338,0.0
2019/04/03,1018.1,1020.5,1016.4,88,80,2.7,10,8.1,360,0.0
2019/04/04,1016.5,1018.3,1014.4,93,85,1.9,1,6.2,6,0.0
2019/04/05,1014.0,1016.3,1012.0,87,67,1.6,1,6.3,1,0.0
2019/04/06,1013.7,1015.4,1012.0,84,62,0.8,134,7.0,285,0.0
2019/04/07,1013.2,1014.8,1012.0,81,59,1.5,239,6.7,229,0.0
2019/04/08,1013.1,1015.0,1011.6,81,54,1.2,242,5.4,253,0.0
2019/04/09,1011.9,1013.8,1009.7,85,63,2.0,136,9.2,252,0.0
2019/04/10,1011.9,1013.6,1009.7,85,68,1.9,3,7.7,231,0.0
2019/04/11,1011.9,1015.3,1010.4,84,69,2.5,21,10.3,21,0.5
2019/04/12,1014.8,1017.7,1012.6,77,65,3.6,7,11.2,20,2.5
2019/04/13,1015.3,1017.2,1013.8,89,65,2.0,347,8.2,5,5.0
2019/04/14,1014.4,1015.7,1013.1,84,69,3.0,23,10.4,353,0.5
2019/04/15,1014.3,1015.7,1012.8,75,66,2.8,23,10.1,28,0.0
2019/04/16,1013.2,1015.0,1011.4,95,87,1.1,29,10.7,2,21.5
2019/04/17,1012.2,1014.1,1010.4,80,63,1.8,24,8.3,27,0.0
2019/04/18,1012.0,1014.4,1010.6,79,60,0.8,349,5.1,342,0.0
2019/04/19,1010.3,1011.7,1007.2,89,68,1.4,11,11.6,259,42.5
2019/04/20,1009.5,1011.2,1007.6,88,64,0.6,1,4.3,350,16.0
2019/04/21,1009.7,1011.2,1008.4,91,69,0.7,70,15.4,237,21.0
2019/04/22,1010.2,1013.8,1008.5,87,70,1.6,238,6.7,267,0.0
2019/04/23,1010.6,1012.3,1007.9,82,66,2.0,237,6.9,244,0.0
2019/04/24,1010.3,1012.9,1008.8,81,73,2.1,170,8.6,246,0.0
2019/04/25,1009.9,1011.3,1008.4,76,58,2.2,170,10.0,219,0.0
2019/04/26,1012.0,1016.3,1009.4,80,61,1.4,1,8.1,63,1.5
2019/04/27,1013.5,1015.4,1011.2,83,67,2.8,7,10.9,7,0.0
2019/04/28,1013.7,1016.0,1012.0,87,71,1.6,15,6.8,6,0.0
2019/04/29,1011.7,1014.2,1009.7,82,52,0.6,329,5.3,272,0.0
2019/04/30,1008.5,1010.6,1006.2,81,67,2.0,183,8.4,257,0.5
2019/05/01,1009.2,1011.2,1006.5,83,71,3.2,24,11.7,17,38.0
2019/05/02,1012.2,1014.4,1009.4,86,59,1.7,12,7.8,13,33.0
2019/05/03,1013.8,1015.8,1012.2,77,60,2.5,17,10.8,33,1.5
2019/05/04,1013.5,1015.1,1011.9,78,63,0.9,244,6.9,238,0.0
2019/05/05,1011.3,1013.6,1008.5,85,67,0.4,1,5.2,337,1.5
2019/05/06,1009.9,1011.3,1008.5,96,92,2.2,20,9.9,18,21.5
2019/05/07,1010.3,1011.7,1008.4,86,72,2.9,24,11.1,22,3.0
2019/05/08,1010.1,1011.6,1008.2,88,70,1.4,20,6.5,360,0.5
2019/05/09,1009.0,1010.6,1007.0,93,80,1.6,18,6.8,13,16.0
2019/05/10,1010.0,1011.0,1008.2,88,70,2.0,11,8.0,13,7.5
2019/05/11,1011.2,1013.3,1009.4,84,69,2.3,8,8.4,10,0.0
2019/05/12,1011.1,1012.5,1009.7,86,67,1.4,353,7.3,342,0.5
2019/05/13,1010.6,1012.6,1009.0,81,56,0.6,315,5.3,307,0.0
2019/05/14,1010.0,1011.4,1008.7,80,64,0.8,184,5.4,292,0.0
2019/05/15,1009.9,1012.0,1008.4,81,59,0.8,290,6.7,225,0.0
2019/05/16,1008.1,1010.0,1006.0,84,71,1.8,184,7.2,231,0.0
2019/05/17,1006.4,1007.8,1004.9,86,76,1.7,153,9.1,178,11.5
2019/05/18,1006.2,1008.4,1004.7,92,82,2.5,235,9.1,238,12.0
2019/05/19,1008.3,1009.8,1006.9,89,73,1.7,186,8.3,235,7.0
2019/05/20,1008.2,1010.1,1006.3,88,77,2.0,26,12.7,250,13.5
2019/05/21,1009.7,1011.3,1008.7,72,57,1.9,20,8.0,36,0.5
2019/05/22,1010.2,1011.3,1008.8,76,55,0.9,15,5.3,343,0.0
2019/05/23,1011.6,1013.3,1010.1,86,63,1.3,35,6.8,13,1.0
2019/05/24,1012.0,1013.5,1010.7,81,65,0.6,231,5.4,354,0.0
2019/05/25,1011.1,1012.5,1009.5,83,67,0.8,3,5.6,315,0.0
2019/05/26,1010.0,1011.7,1008.4,81,62,0.9,341,5.2,329,0.0
2019/05/27,1009.5,1011.0,1008.2,86,74,0.6,183,7.3,182,3.5
2019/05/28,1010.0,1011.6,1008.7,89,79,1.4,11,8.3,38,20.5
2019/05/29,1010.4,1012.0,1009.0,76,65,3.4,23,9.6,2,0.0
2019/05/30,1010.4,1011.9,1008.5,77,60,1.8,1,6.8,334,0.0
2019/05/31,1009.3,1010.7,1007.5,81,64,0.8,320,5.9,271,0.0
2019/06/01,1008.4,1009.5,1006.6,84,69,2.0,186,8.8,150,5.0
2019/06/02,1008.0,1009.7,1006.3,81,62,2.7,168,8.7,239,7.0
2019/06/03,1008.5,1009.7,1007.5,77,59,1.6,158,7.7,221,0.0
2019/06/04,1009.7,1011.4,1007.8,85,74,1.2,92,9.3,175,12.5
2019/06/05,1010.9,1012.6,1009.4,81,63,0.8,106,6.4,283,0.0
2019/06/06,1011.4,1013.2,1009.7,79,65,1.9,133,9.1,263,0.0
2019/06/07,1010.9,1012.3,1009.8,79,63,1.6,240,7.7,255,0.0
2019/06/08,1009.0,1010.9,1006.9,80,62,1.7,241,7.1,236,0.0
2019/06/09,1006.8,1008.8,1005.1,76,60,2.1,178,7.5,229,0.0
2019/06/10,1004.9,1005.9,1004.0,84,67,1.9,172,12.3,214,17.0
2019/06/11,1005.2,1007.2,1002.5,92,78,1.0,103,8.1,175,29.5
2019/06/12,1006.7,1007.9,1005.6,99,96,0.4,45,4.0,305,88.5
2019/06/13,1003.9,1006.3,1001.6,89,75,1.2,179,7.5,166,13.0
2019/06/14,1002.1,1004.3,1000.3,88,71,2.2,17,9.0,2,15.5
2019/06/15,1005.4,1007.0,1003.4,72,57,2.7,12,10.0,348,0.0
2019/06/16,1007.6,1010.1,1005.4,79,58,1.1,70,6.7,338,0.0
2019/06/17,1010.2,1012.0,1008.8,83,64,1.0,330,8.2,189,9.5
2019/06/18,1010.0,1011.3,1009.1,81,65,1.6,244,8.8,255,0.0
2019/06/19,1008.8,1010.3,1006.9,78,64,2.1,237,8.8,262,0.0
2019/06/20,1007.6,1009.1,1006.5,83,70,2.4,180,8.3,224,0.0
2019/06/21,1006.6,1008.1,1005.4,79,62,2.7,174,10.3,229,0.0
2019/06/22,1005.3,1006.9,1003.7,75,58,2.4,155,8.6,172,0.0
2019/06/23,1005.9,1008.1,1003.2,87,73,1.7,186,17.1,351,44.0
2019/06/24,1008.4,1010.0,1005.6,95,83,0.8,57,8.7,315,52.5
2019/06/25,1008.1,1009.5,1006.8,81,63,1.3,117,8.8,210,0.5
2019/06/26,1004.9,1007.0,1002.9,83,68,1.5,169,8.3,193,0.5
2019/06/27,1003.1,1004.9,1001.5,83,67,1.3,175,8.9,237,5.5
2019/06/28,1003.4,1004.6,1001.9,81,64,2.0,243,9.8,241,0.0
2019/06/29,1003.1,1004.4,1001.9,81,66,1.9,149,7.6,232,0.0
2019/06/30,1003.6,1005.1,1001.9,83,66,1.6,176,7.9,242,0.5
2019/07/01,1003.0,1004.9,1001.3,80,60,1.6,360,7.5,349,0.0
2019/07/02,1003.2,1007.3,999.9,76,57,2.9,189,13.3,189,0.5
2019/07/03,1008.8,1011.2,1006.5,87,76,2.2,190,11.8,245,22.0
2019/07/04,1009.1,1010.3,1007.5,78,56,1.6,155,9.5,182,1.5
2019/07/05,1006.4,1008.5,1004.1,79,63,1.9,166,12.5,255,7.5
2019/07/06,1004.5,1006.0,1003.1,82,72,1.6,185,8.1,248,11.5
2019/07/07,1006.3,1008.5,1004.7,76,60,2.5,181,10.5,174,0.0
2019/07/08,1007.4,1008.7,1006.3,74,59,2.5,170,8.7,248,0.0
2019/07/09,1005.3,1008.8,1003.5,77,64,2.6,173,11.5,226,3.0
2019/07/10,1005.7,1008.8,1003.5,82,64,3.0,179,11.5,226,38.5
2019/07/11,1009.5,1011.4,1007.2,80,64,1.8,173,14.4,191,8.5
2019/07/12,1009.3,1011.2,1007.3,78,65,2.6,244,9.2,224,0.5
2019/07/13,1006.9,1009.0,1004.9,74,55,2.6,172,9.1,224,0.0
2019/07/14,1005.7,1006.9,1004.4,77,67,2.3,172,8.1,249,0.0
2019/07/15,1005.7,1007.0,1004.3,77,59,1.2,280,7.4,303,0.0
2019/07/16,1004.6,1006.6,1001.9,81,64,1.4,342,7.8,342,0.0
2019/07/17,997.8,1002.2,994.0,76,53,1.4,354,7.4,285,0.0
2019/07/18,996.4,998.4,995.0,82,65,1.7,12,11.5,20,0.5
2019/07/19,1000.2,1005.0,995.9,82,59,1.6,170,8.7,165,0.5
2019/07/20,1006.2,1008.7,1004.1,76,63,2.4,180,10.4,179,0.0
2019/07/21,1007.5,1009.0,1006.2,72,51,2.0,148,10.2,260,0.0
2019/07/22,1007.2,1008.5,1005.7,78,57,1.7,241,9.0,231,10.5
2019/07/23,1007.2,1008.4,1005.7,80,64,1.4,64,9.4,251,0.0
2019/07/24,1008.0,1009.2,1006.3,77,61,1.6,212,6.7,296,0.0
2019/07/25,1008.7,1010.1,1007.3,77,52,1.7,131,7.4,255,0.0
2019/07/26,1006.9,1008.4,1005.0,76,60,2.1,236,8.2,227,0.0
2019/07/27,1006.7,1008.5,1004.4,82,57,1.4,246,8.1,227,9.0
2019/07/28,1008.2,1010.0,1005.6,82,65,0.9,292,5.6,288,0.0
2019/07/29,1008.1,1009.5,1006.3,78,61,1.3,339,7.7,335,0.0
2019/07/30,1007.0,1008.8,1005.1,80,59,1.0,265,6.4,2,0.0
2019/07/31,1006.3,1007.9,1004.6,77,61,0.9,94,6.2,251,0.0
2019/08/01,1006.7,1007.9,1005.4,79,62,0.9,267,5.6,278,0.0
2019/08/02,1005.2,1007.2,1003.5,78,63,1.1,81,7.0,336,0.0
2019/08/03,1002.8,1004.3,1001.0,76,54,1.8,8,9.9,1,0.0
2019/08/04,1001.6,1002.5,1000.7,78,63,1.1,162,6.0,259,0.0
2019/08/05,1001.6,1003.4,1000.3,78,57,1.6,116,6.9,127,0.0
2019/08/06,1001.0,1002.8,998.8,75,60,2.4,6,12.6,10,0.0
2019/08/07,998.0,1000.3,994.9,78,60,2.5,10,12.5,31,0.5
2019/08/08,993.5,996.2,990.5,82,65,4.2,11,17.1,6,7.5
2019/08/09,991.5,993.4,989.6,82,62,4.1,354,13.6,354,23.0
2019/08/10,996.8,1000.7,992.1,83,75,3.8,182,13.9,188,0.0
2019/08/11,1000.8,1002.1,999.7,83,72,2.7,193,12.3,233,1.5
2019/08/12,1002.0,1003.7,1000.7,91,86,1.0,171,8.1,190,8.5
2019/08/13,1002.3,1004.7,1000.2,90,77,0.9,80,7.1,135,96.0
2019/08/14,1002.5,1003.8,1000.0,83,69,1.4,128,8.2,257,4.5
2019/08/15,1002.0,1003.7,999.6,92,78,1.6,160,9.7,231,62.5
2019/08/16,1003.7,1006.3,1001.8,87,73,1.6,126,7.1,225,1.5
2019/08/17,1006.1,1007.8,1004.3,84,69,2.0,133,8.0,225,76.5
2019/08/18,1006.2,1008.1,1004.3,89,71,1.3,170,7.9,255,26.0
2019/08/19,1005.4,1006.5,1004.6,92,75,0.5,131,5.1,222,11.5
2019/08/20,1005.2,1006.5,1003.8,85,64,0.6,5,7.0,15,0.5
2019/08/21,1005.4,1007.0,1004.1,86,73,0.3,190,4.6,352,0.0
2019/08/22,1006.4,1007.8,1005.1,84,64,0.7,9,6.1,332,0.0
2019/08/23,1004.5,1007.6,1001.3,81,64,0.5,20,6.6,273,0.0
2019/08/24,995.3,1001.8,988.1,84,71,1.2,11,11.0,9,1.0
2019/08/25,1005.6,1009.1,1000.2,84,61,1.1,177,8.7,175,6.5
2019/08/26,1009.6,1012.2,1007.8,84,62,1.1,196,8.4,244,0.0
2019/08/27,1008.8,1010.6,1007.6,84,66,1.1,337,7.3,353,0.0
2019/08/28,1006.2,1007.8,1004.3,83,67,0.8,341,6.5,325,0.0
2019/08/29,1007.2,1009.0,1005.6,80,60,0.7,128,5.8,289,0.0
2019/08/30,1008.6,1009.7,1007.2,81,69,0.9,17,6.9,318,0.0
2019/08/31,1007.2,1009.4,1005.6,81,62,0.8,161,6.0,269,0.0
2019/09/01,1007.8,1009.5,1006.5,83,60,0.7,94,8.5,110,1.0
2019/09/02,1008.5,1010.1,1006.5,79,61,0.7,340,6.1,339,0.0
2019/09/03,1005.9,1008.1,1003.5,80,64,1.3,137,7.0,117,0.0
2019/09/04,1005.2,1007.0,1004.0,83,69,0.6,27,6.0,171,8.0
2019/09/05,1002.9,1004.7,1001.0,82,60,1.2,17,10.3,1,0.0
2019/09/06,1001.8,1003.5,999.9,78,60,1.1,56,6.7,349,0.0
2019/09/07,1004.0,1006.0,1002.1,78,63,0.9,227,5.9,297,0.0
2019/09/08,1005.4,1006.9,1003.5,78,55,0.9,5,6.0,136,0.0
2019/09/09,1006.4,1007.9,1005.0,77,53,0.8,15,5.9,311,0.0
2019/09/10,1009.2,1011.4,1007.3,77,55,1.2,10,7.0,327,0.0
2019/09/11,1010.6,1012.5,1009.2,78,51,1.3,149,7.5,347,0.0
2019/09/12,1008.3,1010.6,1006.3,81,57,1.2,321,9.0,8,0.0
2019/09/13,1007.0,1009.0,1005.6,77,57,1.7,5,10.3,19,0.0
2019/09/14,1006.9,1008.4,1005.3,74,57,3.6,18,12.1,10,0.0
2019/09/15,1006.9,1008.7,1005.3,77,58,2.6,20,12.4,5,0.0
2019/09/16,1006.2,1007.5,1005.1,74,59,3.2,14,13.0,1,0.0
2019/09/17,1007.4,1009.0,1005.7,70,56,4.3,21,13.2,9,0.0
2019/09/18,1008.1,1009.5,1006.3,67,48,6.3,15,19.6,14,0.0
2019/09/19,1008.0,1009.7,1006.2,65,50,6.2,22,15.8,13,0.0
2019/09/20,1005.1,1007.2,1003.2,71,52,6.3,20,19.3,2,0.0
2019/09/21,1004.8,1008.5,1002.1,68,54,3.9,4,13.6,19,0.0
2019/09/22,1011.0,1014.5,1007.0,67,50,1.6,13,10.0,353,0.0
2019/09/23,1015.1,1016.7,1012.9,66,52,3.4,23,11.1,36,0.0
2019/09/24,1016.0,1017.7,1014.4,68,55,3.0,10,10.8,349,0.0
2019/09/25,1015.8,1017.0,1014.4,67,56,3.0,15,11.4,4,0.0
2019/09/26,1015.6,1017.3,1014.4,75,59,2.3,22,8.7,9,0.0
2019/09/27,1014.4,1015.8,1012.9,81,65,2.6,6,9.2,19,0.0
2019/09/28,1012.8,1014.7,1011.0,83,67,2.9,16,11.3,353,0.0
2019/09/29,1009.8,1012.5,1006.9,84,67,2.7,11,11.1,1,0.0
2019/09/30,1001.4,1007.0,998.3,80,59,4.8,21,20.5,22,0.5
2019/10/01,1008.2,1010.4,1002.4,72,52,2.0,160,13.7,1,0.0
2019/10/02,1011.2,1012.9,1010.0,77,54,1.6,128,8.1,234,0.0
2019/10/03,1012.2,1014.2,1011.0,82,46,0.6,277,5.3,36,0.0
2019/10/04,1012.1,1013.8,1010.3,84,66,0.7,351,5.8,233,0.0
2019/10/05,1012.7,1014.2,1011.4,81,64,0.9,3,5.9,328,0.0
2019/10/06,1013.9,1015.4,1012.5,81,55,0.9,9,7.3,348,0.0
2019/10/07,1014.8,1016.9,1013.8,83,67,1.2,7,7.6,345,0.0
2019/10/08,1014.1,1016.0,1012.9,77,63,1.3,9,9.6,2,0.0
2019/10/09,1013.1,1015.1,1011.2,74,56,1.7,15,8.7,31,0.0
2019/10/10,1012.1,1014.2,1010.6,74,51,2.0,21,7.5,13,0.0
2019/10/11,1010.6,1012.6,1008.8,79,61,1.5,18,7.7,360,0.0
2019/10/12,1011.1,1012.6,1010.0,80,60,1.1,3,7.5,7,0.0
2019/10/13,1013.3,1014.8,1012.0,74,59,3.0,7,12.1,1,0.0
2019/10/14,1015.6,1017.3,1013.8,63,50,4.3,21,14.2,7,0.0
2019/10/15,1016.8,1018.5,1015.1,58,45,3.8,19,14.9,12,0.0
2019/10/16,1016.1,1017.9,1014.2,69,53,3.4,23,11.4,360,0.0
2019/10/17,1015.1,1016.6,1013.2,67,53,3.7,8,14.2,20,0.0
2019/10/18,1014.9,1016.3,1013.2,63,48,3.4,26,11.2,352,0.0
2019/10/19,1015.5,1017.5,1014.1,72,60,3.8,26,12.3,4,0.0
2019/10/20,1014.5,1016.7,1012.6,66,49,3.6,21,11.4,10,0.0
2019/10/21,1012.5,1014.5,1010.6,67,53,2.7,23,10.7,19,0.0
2019/10/22,1011.1,1012.8,1009.5,70,48,1.5,2,7.2,1,0.0
2019/10/23,1011.7,1013.6,1010.0,73,56,2.0,16,9.5,2,0.0
2019/10/24,1014.0,1015.7,1012.2,70,52,3.0,16,10.9,22,0.0
2019/10/25,1015.7,1017.6,1014.1,69,52,2.3,1,10.5,21,0.0
2019/10/26,1015.8,1017.9,1014.2,71,52,1.9,18,9.4,18,0.0
2019/10/27,1014.1,1016.4,1012.2,77,59,2.2,14,11.2,14,0.0
2019/10/28,1013.6,1015.0,1012.2,83,67,2.0,5,8.6,3,0.0
2019/10/29,1014.3,1015.7,1012.8,78,66,3.7,15,11.8,8,0.0
2019/10/30,1014.6,1015.8,1013.2,75,61,3.7,15,12.6,4,0.0
2019/10/31,1014.5,1016.0,1013.1,81,66,2.9,10,12.2,22,0.0
2019/11/01,1013.7,1015.8,1012.0,79,64,2.4,18,9.9,6,0.0
2019/11/02,1012.5,1014.1,1010.9,76,61,2.4,7,9.3,10,0.0
2019/11/03,1012.3,1014.5,1011.2,78,67,3.6,20,14.3,19,0.0
2019/11/04,1011.9,1013.9,1010.4,69,61,4.7,22,12.6,17,0.0
2019/11/05,1010.1,1011.6,1008.2,67,59,3.7,15,11.7,4,0.0
2019/11/06,1009.6,1011.2,1008.1,67,54,2.7,27,11.2,26,0.0
2019/11/07,1010.8,1012.9,1008.7,69,59,3.5,20,13.3,11,0.0
2019/11/08,1014.0,1015.8,1011.7,66,52,4.3,22,13.5,9,0.0
2019/11/09,1015.5,1018.0,1013.1,62,48,3.3,18,10.6,14,0.0
2019/11/10,1014.2,1016.7,1011.7,68,51,1.4,2,8.3,6,0.0
2019/11/11,1014.3,1016.1,1013.1,71,51,1.4,8,7.0,13,0.0
2019/11/12,1015.8,1017.9,1014.4,77,49,0.8,4,5.3,344,0.0
2019/11/13,1017.0,1019.5,1015.5,76,58,1.9,19,11.3,10,0.0
2019/11/14,1016.0,1018.0,1014.2,64,54,3.8,23,11.5,13,0.0
2019/11/15,1015.0,1016.7,1013.5,70,53,1.8,21,7.8,29,0.0
2019/11/16,1014.7,1016.4,1013.3,78,53,0.5,289,5.1,276,0.0
2019/11/17,1014.4,1016.0,1012.3,84,65,1.1,10,6.3,329,0.0
2019/11/18,1013.5,1015.3,1011.4,82,69,3.9,22,13.8,11,0.0
2019/11/19,1014.4,1016.3,1012.3,68,57,4.1,21,12.8,20,0.0
2019/11/20,1015.7,1017.9,1013.9,69,58,3.0,20,9.0,24,0.0
2019/11/21,1015.0,1016.7,1013.1,78,61,3.1,16,11.0,352,0.0
2019/11/22,1014.0,1015.3,1012.0,84,75,3.7,21,10.1,355,0.0
2019/11/23,1015.5,1017.7,1013.6,88,72,1.6,9,7.1,352,0.0
2019/11/24,1016.4,1018.0,1014.8,83,69,2.3,7,8.2,5,0.0
2019/11/25,1018.2,1020.1,1016.0,78,60,3.3,17,11.7,28,0.0
2019/11/26,1018.7,1020.2,1016.9,70,58,2.7,11,7.4,336,0.0
2019/11/27,1018.2,1020.1,1015.3,79,66,2.9,16,9.0,18,0.0
2019/11/28,1019.5,1021.6,1017.2,72,67,5.7,23,18.0,4,0.0
2019/11/29,1019.9,1021.8,1018.2,63,50,2.9,15,10.5,4,0.0
2019/11/30,1018.7,1020.5,1016.4,81,62,1.2,315,6.5,330,0.0
2019/12/01,1017.2,1018.9,1015.1,82,66,1.8,16,9.9,20,0.0
2019/12/02,1018.6,1020.5,1016.4,67,52,6.5,21,16.3,22,0.0
2019/12/03,1019.4,1021.3,1017.5,57,43,4.4,19,13.0,18,0.0
2019/12/04,1020.0,1021.4,1018.0,61,50,3.8,21,11.4,16,0.0
2019/12/05,1020.5,1022.1,1018.5,86,73,5.3,23,13.6,15,30.5
2019/12/06,1019.4,1021.3,1017.3,87,79,5.2,20,12.9,21,15.5
2019/12/07,1020.8,1022.9,1018.5,69,57,4.8,20,10.2,8,0.0
2019/12/08,1021.6,1023.8,1019.6,56,42,3.4,17,10.7,24,0.0
2019/12/09,1020.3,1022.7,1018.3,74,50,0.6,24,5.6,332,0.0
2019/12/10,1017.6,1019.9,1016.0,82,50,0.8,11,5.0,343,0.0
2019/12/11,1016.9,1018.6,1015.1,80,64,2.7,6,13.8,20,0.0
2019/12/12,1019.8,1022.1,1017.9,74,50,1.6,10,10.3,12,0.0
2019/12/13,1022.2,1025.1,1020.7,81,65,2.0,7,8.2,10,0.0
2019/12/14,1021.1,1024.2,1019.1,84,61,1.3,5,6.8,346,0.0
2019/12/15,1019.9,1022.3,1018.5,87,65,1.4,357,7.3,343,0.0
2019/12/16,1018.2,1020.7,1015.4,86,62,0.7,3,5.5,355,0.0
2019/12/17,1017.9,1020.7,1016.1,78,51,0.6,22,4.4,344,0.0
2019/12/18,1018.3,1020.4,1016.3,86,73,2.2,11,10.7,1,0.0
2019/12/19,1018.9,1020.1,1017.9,84,72,2.7,18,9.7,36,0.5
2019/12/20,1018.4,1020.1,1016.3,81,68,3.4,18,10.5,19,0.0
2019/12/21,1016.7,1018.6,1015.1,88,78,2.4,22,7.9,30,0.0
2019/12/22,1015.1,1016.4,1013.5,87,65,1.4,21,6.6,349,0.0
2019/12/23,1016.3,1018.0,1014.4,82,67,2.5,5,9.5,12,0.0
2019/12/24,1017.8,1019.9,1016.3,86,76,1.9,14,6.6,360,0.0
2019/12/25,1015.6,1018.0,1013.2,84,69,1.9,16,6.2,7,0.0
2019/12/26,1015.3,1017.5,1012.8,81,52,2.9,9,13.2,9,0.0
2019/12/27,1018.7,1021.0,1016.3,68,59,4.2,23,13.1,24,0.0
2019/12/28,1019.0,1021.3,1017.0,76,64,2.1,20,7.3,9,0.0
2019/12/29,1018.7,1020.5,1017.0,97,84,1.3,8,5.9,14,62.0
2019/12/30,1020.4,1022.7,1018.5,96,86,1.7,18,10.2,18,16.0
2019/12/31,1023.8,1026.2,1021.6,80,69,4.1,22,13.8,6,0.0
2020/01/01,1025.6,1028.4,1024.2,79,67,2.5,20,7.5,18,0.0
2020/01/02,1024.4,1027.0,1023.0,84,65,1.3,3,8.2,15,0.0
2020/01/03,1022.5,1025.1,1020.7,89,67,0.6,342,6.0,342,0.0
2020/01/04,1020.5,1023.0,1018.8,91,73,0.9,9,6.2,353,0.0
2020/01/05,1021.0,1022.9,1019.4,93,74,1.1,324,4.6,354,0.0
2020/01/06,1020.1,1022.7,1017.6,92,76,1.1,328,4.5,29,0.0
2020/01/07,1017.4,1020.5,1015.7,86,49,0.6,15,4.6,111,0.0
2020/01/08,1018.6,1020.8,1016.6,76,66,3.0,25,10.6,12,0.0
2020/01/09,1018.3,1021.1,1016.1,77,60,2.1,9,9.0,347,0.0
2020/01/10,1016.5,1018.8,1014.8,87,65,1.0,6,6.0,355,0.0
2020/01/11,1015.5,1017.3,1013.9,87,71,1.4,1,7.0,351,0.0
2020/01/12,1016.2,1018.6,1014.2,77,67,3.5,22,12.7,21,0.0
2020/01/13,1017.5,1020.7,1015.3,75,62,2.4,10,8.0,11,0.0
2020/01/14,1019.3,1022.3,1017.0,80,59,2.5,21,10.2,29,0.0
2020/01/15,1019.0,1021.4,1017.6,82,64,2.0,6,7.5,4,0.0
2020/01/16,1018.2,1020.1,1016.0,82,64,1.8,20,6.5,341,0.0
2020/01/17,1019.0,1020.5,1016.9,79,68,3.2,19,10.4,23,0.0
2020/01/18,1019.6,1021.4,1017.5,73,56,2.8,20,8.6,28,0.0
2020/01/19,1020.9,1023.2,1018.9,78,67,2.2,13,8.3,351,0.0
2020/01/20,1022.0,1024.2,1019.9,76,62,2.7,17,10.6,7,0.0
2020/01/21,1022.8,1026.0,1020.8,76,58,2.2,19,7.1,4,0.0
2020/01/22,1020.0,1022.1,1017.7,86,65,0.9,358,6.0,335,0.0
2020/01/23,1018.4,1020.4,1016.9,81,57,0.9,1,5.1,1,0.0
2020/01/24,1019.6,1021.3,1017.6,91,78,3.0,10,9.4,30,0.0
2020/01/25,1017.0,1019.8,1014.5,88,72,3.2,12,10.8,3,0.0
2020/01/26,1012.6,1015.3,1010.0,92,87,2.9,13,12.4,336,24.5
2020/01/27,1015.0,1018.2,1012.5,79,66,2.6,19,8.7,14,0.0
2020/01/28,1017.3,1020.4,1015.1,75,62,2.8,28,10.8,29,0.0
2020/01/29,1019.3,1021.1,1017.7,66,55,2.9,21,9.4,70,0.0
2020/01/30,1020.6,1022.7,1018.5,50,36,3.8,22,11.5,20,0.0
2020/01/31,1021.7,1023.8,1019.8,52,36,2.6,10,7.9,21,0.0
2020/02/01,1023.0,1025.1,1021.0,70,42,1.3,10,7.1,36,0.0
2020/02/02,1023.3,1026.4,1021.7,73,40,1.3,17,6.5,345,0.0
2020/02/03,1021.7,1023.8,1020.2,81,66,2.6,8,11.3,3,0.0
2020/02/04,1020.6,1022.4,1018.9,89,85,2.6,12,9.0,12,0.0
2020/02/05,1020.7,1022.1,1018.6,78,66,4.2,21,13.1,7,0.5
2020/02/06,1020.0,1021.6,1017.6,81,60,2.4,8,9.7,338,0.0
2020/02/07,1021.6,1023.9,1020.1,83,71,4.1,18,12.5,11,0.0
2020/02/08,1023.2,1025.2,1021.1,72,60,3.8,19,12.7,20,0.0
2020/02/09,1024.5,1027.0,1022.6,71,65,2.7,23,8.3,23,0.0
2020/02/10,1022.9,1024.8,1021.6,75,55,1.2,28,7.1,335,0.0
2020/02/11,1022.4,1024.8,1020.1,89,76,0.7,8,5.2,353,0.0
2020/02/12,1019.0,1021.3,1016.6,79,48,0.5,6,5.4,337,0.0
2020/02/13,1016.5,1018.3,1014.4,82,56,1.1,20,7.1,248,0.0
2020/02/14,1016.0,1018.2,1014.5,89,57,1.1,12,7.9,339,0.5
2020/02/15,1015.4,1018.0,1012.6,86,66,1.0,13,5.7,2,0.0
2020/02/16,1018.8,1023.5,1015.0,85,60,4.4,23,16.8,5,2.0
2020/02/17,1024.8,1027.3,1021.7,54,19,4.2,21,12.3,10,0.0
2020/02/18,1025.3,1027.7,1023.3,53,20,2.9,10,8.4,8,0.0
2020/02/19,1024.9,1026.4,1023.6,75,50,1.4,4,6.8,360,0.0
2020/02/20,1025.3,1027.1,1023.6,84,63,1.9,14,8.9,19,0.0
2020/02/21,1026.9,1028.9,1025.7,88,75,1.7,2,8.2,3,0.0
2020/02/22,1025.8,1028.1,1023.5,85,70,2.9,15,10.5,25,0.0
2020/02/23,1024.2,1027.1,1022.0,79,60,2.2,24,9.2,27,0.0
2020/02/24,1021.3,1023.8,1019.4,87,70,0.6,337,6.0,323,0.0
2020/02/25,1019.0,1021.7,1017.2,82,46,0.8,337,5.8,349,0.0
2020/02/26,1018.9,1021.0,1017.2,82,55,1.4,17,7.3,316,0.0
2020/02/27,1019.8,1022.1,1018.2,80,64,3.0,14,10.9,9,0.0
2020/02/28,1018.4,1020.5,1016.9,87,67,0.9,348,6.9,318,0.0
2020/02/29,1015.3,1017.7,1013.2,83,54,0.5,311,5.5,317,0.0
2020/03/01,1014.7,1016.6,1013.3,86,65,1.6,334,7.1,5,0.0
2020/03/02,1018.0,1020.5,1015.5,73,58,3.3,14,10.1,13,0.0
2020/03/03,1019.1,1022.0,1016.1,77,60,2.2,11,9.0,22,0.0
2020/03/04,1018.2,1020.4,1015.5,80,69,3.1,5,10.8,3,0.0
2020/03/05,1019.2,1021.0,1017.2,80,67,3.2,22,8.0,24,3.5
2020/03/06,1017.8,1020.2,1015.3,80,64,1.3,36,6.0,1,0.0
2020/03/07,1014.9,1017.9,1012.2,82,60,0.9,5,5.0,270,0.0
2020/03/08,1012.3,1014.7,1010.4,89,73,1.8,7,7.5,342,0.0
2020/03/09,1009.1,1012.0,1006.2,85,52,2.0,203,11.6,238,0.0
2020/03/10,1013.3,1018.0,1009.0,81,53,2.6,19,13.4,2,24.0
2020/03/11,1018.6,1020.5,1017.2,64,48,2.0,23,10.4,9,0.0
2020/03/12,1017.2,1019.6,1014.7,83,75,0.9,1,5.4,28,0.0
2020/03/13,1016.6,1018.9,1015.0,88,70,1.4,5,6.4,18,0.0
2020/03/14,1017.0,1019.5,1014.7,76,58,3.7,22,11.9,16,4.0
2020/03/15,1019.3,1021.6,1017.0,57,37,2.1,21,8.6,8,0.0
2020/03/16,1020.4,1022.7,1018.9,66,36,0.6,336,4.8,289,0.0
2020/03/17,1019.8,1021.6,1017.9,72,48,0.9,24,4.9,343,0.0
2020/03/18,1016.6,1019.1,1014.2,79,55,0.4,3,4.9,349,0.5
2020/03/19,1015.4,1016.9,1013.3,90,72,0.5,113,5.6,312,1.5
2020/03/20,1016.0,1017.5,1014.4,85,70,2.0,7,8.9,9,0.0
2020/03/21,1016.1,1018.6,1013.6,87,63,0.7,256,4.3,316,0.0
2020/03/22,1014.7,1017.5,1012.3,84,63,1.2,246,6.2,227,0.0
2020/03/23,1015.0,1016.7,1013.5,84,69,2.1,2,10.7,324,0.0
2020/03/24,1015.7,1017.5,1014.5,78,64,2.1,8,7.4,343,0.0
2020/03/25,1015.1,1016.7,1013.3,87,71,1.2,310,5.7,342,0.0
2020/03/26,1014.9,1016.7,1012.2,80,51,0.7,260,6.0,260,0.0
2020/03/27,1014.6,1016.6,1012.3,84,66,1.1,338,7.0,260,0.0
2020/03/28,1014.7,1016.9,1012.8,82,67,3.4,19,12.0,30,0.5
2020/03/29,1015.5,1017.9,1012.5,72,54,2.3,20,8.3,30,0.0
2020/03/30,1014.1,1015.5,1012.6,85,77,1.7,12,7.0,338,0.0
2020/03/31,1014.0,1015.8,1011.7,84,61,1.4,334,8.1,273,0.0
2020/04/01,1015.9,1018.0,1013.5,78,64,3.0,19,11.6,22,0.0
2020/04/02,1018.4,1021.4,1015.7,85,76,2.4,9,10.7,11,10.0
2020/04/03,1018.1,1019.5,1016.3,85,69,2.5,15,8.9,21,0.5
2020/04/04,1018.4,1020.4,1016.0,77,66,2.9,11,10.1,20,0.0
2020/04/05,1019.0,1020.5,1017.3,74,61,2.6,19,8.1,345,1.5
2020/04/06,1017.1,1019.6,1014.8,84,67,1.9,22,7.4,33,12.0
2020/04/07,1015.4,1017.0,1012.6,81,66,2.8,24,9.5,3,3.5
2020/04/08,1016.0,1017.9,1014.4,74,63,2.5,21,10.4,21,0.0
2020/04/09,1017.3,1018.9,1015.7,73,54,2.4,8,9.8,7,0.0
2020/04/10,1018.4,1020.5,1016.6,79,57,1.0,9,6.8,345,0.0
2020/04/11,1015.8,1018.2,1013.8,91,76,0.9,332,7.7,353,4.0
2020/04/12,1016.6,1019.6,1013.8,70,47,3.1,9,12.6,20,2.0
2020/04/13,1018.7,1020.4,1017.3,51,34,2.1,5,9.4,21,0.0
2020/04/14,1017.6,1019.9,1016.0,68,44,0.4,295,4.9,244,0.0
2020/04/15,1016.2,1018.6,1014.7,70,44,0.7,121,5.4,274,0.0
2020/04/16,1016.0,1018.0,1014.4,76,50,0.5,328,4.2,319,0.0
2020/04/17,1016.1,1018.8,1014.8,79,59,0.6,300,4.7,286,0.0
2020/04/18,1015.3,1017.6,1013.1,81,57,0.6,349,5.2,269,0.0
2020/04/19,1012.9,1014.4,1011.2,82,64,1.3,233,9.3,243,0.0
2020/04/20,1013.9,1016.3,1012.2,83,67,1.3,342,6.1,339,0.0
2020/04/21,1014.1,1016.0,1012.5,85,71,1.9,14,8.3,16,0.0
2020/04/22,1015.3,1017.6,1013.3,79,68,3.5,13,11.7,20,1.0
2020/04/23,1017.0,1017.9,1016.0,85,70,2.5,20,9.0,20,4.5
2020/04/24,1017.9,1019.4,1016.3,86,74,1.7,19,6.8,7,7.5
2020/04/25,1017.3,1019.1,1016.0,83,67,0.6,339,5.6,323,0.0
2020/04/26,1016.7,1018.8,1014.8,81,62,1.8,3,8.1,14,0.0
2020/04/27,1016.3,1017.6,1015.1,77,64,1.2,8,5.6,15,0.0
2020/04/28,1016.5,1018.5,1014.7,78,58,2.2,8,11.7,25,0.0
2020/04/29,1016.8,1018.9,1015.3,84,69,1.1,4,6.2,339,0.0
2020/04/30,1016.0,1018.2,1013.6,83,60,1.0,37,6.4,277,0.0
2020/05/01,1013.4,1015.8,1011.6,78,40,0.6,2,5.8,277,0.0
2020/05/02,1010.7,1012.5,1009.1,69,46,0.7,284,6.0,259,0.0
2020/05/03,1009.7,1011.4,1008.1,78,61,1.6,240,7.6,230,0.0
2020/05/04,1011.2,1012.6,1010.0,78,55,1.3,237,6.6,244,0.0
2020/05/05,1010.0,1011.7,1008.1,79,62,1.9,239,11.8,229,0.0
2020/05/06,1010.1,1011.6,1008.4,76,64,1.5,146,7.2,237,0.0
2020/05/07,1010.9,1012.6,1009.7,78,51,1.2,238,6.6,231,0.0
2020/05/08,1010.5,1012.0,1008.7,80,58,1.3,237,7.0,233,0.0
2020/05/09,1010.2,1011.9,1008.4,77,59,1.8,163,8.1,213,0.0
2020/05/10,1010.3,1011.9,1007.8,81,56,2.0,245,8.6,235,0.0
2020/05/11,1010.8,1012.8,1009.0,85,71,1.8,354,8.1,354,0.0
2020/05/12,1011.2,1012.8,1009.4,86,77,1.9,1,8.3,360,0.0
2020/05/13,1012.8,1014.7,1011.3,78,53,1.3,5,8.7,17,0.0
2020/05/14,1012.5,1014.4,1010.7,75,51,0.7,246,5.3,202,0.0
2020/05/15,1010.0,1011.3,1008.8,75,58,0.6,304,5.6,306,0.0
2020/05/16,1009.3,1010.9,1007.9,83,66,0.9,112,10.4,174,0.0
2020/05/17,1006.2,1008.1,1003.7,75,56,1.1,5,7.1,337,0.0
2020/05/18,1005.7,1007.2,1003.4,86,68,1.9,161,11.2,182,3.5
2020/05/19,1007.6,1009.2,1005.3,95,82,1.1,19,7.8,206,49.5
2020/05/20,1009.4,1010.9,1008.5,86,64,0.5,45,5.4,237,1.5
2020/05/21,1007.3,1009.2,1005.3,92,73,1.0,189,8.3,187,39.5
2020/05/22,1004.6,1005.6,1003.4,99,98,0.9,9,5.6,166,68.5
2020/05/23,1006.4,1008.5,1003.8,89,77,1.6,14,7.1,16,2.0
2020/05/24,1009.4,1011.2,1007.8,81,65,1.8,354,7.9,342,0.0
2020/05/25,1011.0,1012.3,1009.5,84,69,0.9,158,6.3,333,0.0
2020/05/26,1009.9,1011.3,1008.7,86,74,1.4,154,10.8,217,17.0
2020/05/27,1009.9,1011.6,1008.1,93,82,0.6,1,5.0,138,22.0
2020/05/28,1011.7,1013.3,1010.0,91,77,0.8,3,5.5,9,5.5
2020/05/29,1012.3,1013.8,1011.0,89,72,0.9,340,5.6,309,4.0
2020/05/30,1012.7,1013.9,1010.9,82,63,1.8,116,8.1,159,0.0
2020/05/31,1012.9,1014.5,1010.6,81,66,0.3,117,3.4,117,0.0
2020/06/01,1012.5,1013.9,1010.3,80,64,1.4,52,7.3,127,0.0
2020/06/02,1011.3,1013.6,1009.5,80,62,1.6,52,6.6,97,0.0
2020/06/03,1010.5,1012.5,1008.5,76,57,1.8,23,7.1,256,0.0
2020/06/04,1010.0,1010.7,1008.7,76,70,1.8,32,7.1,11,0.0
2020/06/05,1009.3,1010.7,1007.2,76,62,1.9,23,8.3,56,0.0
2020/06/06,1008.5,1009.8,1006.8,77,61,2.1,13,10.3,221,0.0
2020/06/07,1008.8,1009.8,1007.5,81,58,1.0,18,10.5,125,1.5
2020/06/08,1009.6,1011.9,1010.0,91,92,0.4,36,6.2,63,20.5
2020/06/09,1010.6,1011.7,1009.0,87,63,0.4,50,11.4,166,6.5
2020/06/10,1010.6,1012.0,1009.2,80,68,1.1,229,6.7,225,0.0
2020/06/11,1009.0,1010.7,1007.0,84,69,1.0,237,5.3,224,0.0
2020/06/12,1007.5,1009.2,1005.6,84,68,1.0,184,6.1,350,0.0
2020/06/13,1008.6,1011.9,1005.9,81,63,1.1,4,6.0,347,0.0
2020/06/14,1012.3,1014.8,1010.1,80,63,1.7,241,9.8,228,0.0
2020/06/15,1013.3,1014.8,1012.0,76,56,1.6,237,7.0,217,0.0
2020/06/16,1010.8,1012.5,1009.1,74,55,1.1,135,6.9,219,0.0
2020/06/17,1009.6,1010.7,1008.4,74,56,1.5,227,8.3,211,0.0
2020/06/18,1009.7,1011.7,1008.5,76,56,1.5,161,7.1,226,0.0
2020/06/19,1010.1,1011.7,1009.0,76,60,1.5,173,6.9,218,0.0
2020/06/20,1009.4,1011.0,1007.8,77,61,1.6,222,6.3,251,0.0
2020/06/21,1007.5,1009.1,1005.9,76,60,1.8,134,8.0,231,7.5
2020/06/22,1007.7,1009.1,1006.5,76,65,1.8,108,7.9,224,0.0
2020/06/23,1008.1,1009.4,1006.8,75,64,1.3,150,7.7,247,0.0
2020/06/24,1007.7,1009.0,1006.0,77,64,1.2,160,6.5,178,0.0
2020/06/25,1008.5,1010.3,1006.9,75,60,1.1,18,7.2,200,0.0
2020/06/26,1010.2,1011.4,1009.1,74,56,0.9,38,6.7,145,0.0
2020/06/27,1010.2,1012.0,1009.0,73,55,0.8,222,8.7,273,0.0
2020/06/28,1009.1,1010.7,1007.6,73,57,1.0,5,7.8,14,0.0
2020/06/29,1007.5,1009.7,1006.0,75,60,1.8,10,7.9,10,0.0
2020/06/30,1006.6,1008.2,1005.3,75,59,2.4,4,10.0,6,0.0
2020/07/01,1006.9,1008.8,1005.4,79,59,1.4,5,11.9,25,7.0
2020/07/02,1008.6,1011.4,1006.9,81,58,1.6,7,12.0,167,0.0
2020/07/03,1010.9,1012.9,1009.5,77,59,1.2,242,7.5,249,0.0
2020/07/04,1010.6,1011.9,1008.4,75,57,0.9,2,5.9,129,0.0
2020/07/05,1008.6,1010.0,1007.3,72,52,1.2,2,6.9,12,0.0
2020/07/06,1008.8,1010.7,1006.8,72,51,1.6,1,7.5,8,0.0
2020/07/07,1010.8,1012.2,1009.7,73,59,1.8,2,8.3,3,0.0
2020/07/08,1008.2,1010.1,1006.5,75,63,2.4,1,9.5,2,0.0
2020/07/09,1006.1,1007.2,1005.1,76,59,2.2,4,8.8,34,2.5
2020/07/10,1008.2,1009.5,1006.0,72,57,1.8,1,8.6,3,0.0
2020/07/11,1009.5,1010.9,1008.2,70,46,1.4,1,6.6,3,0.0
2020/07/12,1009.1,1010.7,1006.8,71,49,X,X,5.6,2,0.0
2020/07/13,1008.2,1009.5,1006.8,72,42,X,X,5.3,4,0.0
2020/07/14,1006.8,1008.4,1004.7,71,46,0.7,360,5.9,3,0.0
2020/07/15,1007.0,1009.0,1005.1,77,64,0.5,38,6.7,10,9.5
2020/07/16,1008.6,1009.5,1007.3,76,61,0.6,25,6.3,61,4.0
2020/07/17,1009.7,1011.0,1008.8,75,59,2.1,28,9.5,270,0.5
2020/07/18,1009.6,1011.0,1008.5,74,55,2.7,241,9.0,261,0.0
2020/07/19,1009.4,1011.0,1008.1,71,56,2.9,180,9.4,222,0.0
2020/07/20,1011.1,1012.6,1009.0,70,52,2.4,262,9.1,231,0.0
2020/07/21,1012.1,1013.5,1010.7,73,50,1.4,300,6.8,312,0.0
2020/07/22,1011.0,1012.8,1009.4,78,63,1.3,326,7.5,318,0.0
2020/07/23,1010.2,1011.6,1008.7,75,61,1.8,86,7.9,284,0.0
2020/07/24,1009.0,1011.4,1006.8,72,51,2.1,121,7.1,277,0.0
2020/07/25,1008.4,1009.8,1007.0,76,56,2.0,237,7.4,226,0.0
2020/07/26,1008.0,1009.5,1006.2,75,58,2.1,237,7.5,279,0.0
2020/07/27,1008.1,1009.4,1006.8,72,54,2.0,120,9.4,249,0.0
2020/07/28,1009.3,1010.6,1007.8,80,57,1.5,16,7.4,136,1.0
2020/07/29,1008.7,1010.3,1006.8,78,63,1.7,94,7.5,334,0.0
2020/07/30,1007.6,1010.0,1005.6,80,65,1.4,342,7.8,10,0.0
2020/07/31,1007.7,1009.2,1006.2,75,47,1.8,290,6.8,272,0.0
2020/08/01,1008.7,1010.4,1006.9,78,65,1.6,55,7.4,147,0.0
2020/08/02,1007.6,1010.0,1005.6,81,58,1.9,359,8.8,331,11.5
2020/08/03,1005.1,1006.2,1004.1,89,77,2.1,173,9.8,193,21.0
2020/08/04,1007.5,1010.9,1004.7,80,72,2.9,182,10.8,159,2.0
2020/08/05,1011.0,1012.9,1008.8,77,59,1.5,22,7.5,325,0.0
2020/08/06,1010.7,1012.5,1009.0,76,58,2.1,343,9.6,328,0.0
2020/08/07,1008.8,1010.9,1006.9,82,66,1.6,231,6.4,334,2.5
2020/08/08,1005.9,1008.1,1004.1,83,66,1.4,318,6.5,320,0.0
2020/08/09,1004.3,1005.4,1002.9,76,52,1.8,274,7.5,296,0.0
2020/08/10,1005.8,1006.9,1004.4,85,63,1.6,62,6.6,281,4.5
2020/08/11,1009.7,1013.2,1005.3,89,68,1.6,107,10.9,171,1.5
2020/08/12,1013.6,1015.5,1011.6,85,60,1.3,28,7.7,269,2.5
2020/08/13,1012.4,1014.8,1010.7,77,58,1.6,27,6.5,323,0.0
2020/08/14,1010.2,1011.7,1008.4,76,59,1.5,307,6.4,288,0.0
2020/08/15,1009.6,1011.3,1008.1,82,62,1.3,49,6.6,282,0.5
2020/08/16,1009.8,1010.9,1008.4,81,61,2.0,341,8.2,333,0.0
2020/08/17,1008.3,1010.0,1007.0,81,57,1.7,243,7.4,255,0.5
2020/08/18,1007.9,1010.0,1006.5,80,55,1.8,100,10.5,233,0.0
2020/08/19,1008.4,1009.7,1007.2,77,56,1.5,342,7.0,335,0.0
2020/08/20,1008.8,1010.4,1006.9,77,54,1.6,149,6.1,347,0.0
2020/08/21,1007.3,1010.3,1005.1,78,58,1.9,10,7.9,196,0.0
2020/08/22,1005.7,1006.9,1004.3,77,60,2.8,2,12.0,7,0.0
2020/08/23,1006.8,1008.5,1005.6,79,49,1.5,20,5.9,254,6.0
2020/08/24,1004.8,1006.8,1002.1,76,59,2.5,252,8.1,235,0.0
2020/08/25,1003.6,1005.0,1001.6,76,53,2.8,142,10.5,225,0.0
2020/08/26,1003.3,1005.0,1001.6,85,77,2.8,169,10.8,180,8.0
2020/08/27,1003.1,1005.0,1001.8,87,66,2.6,174,11.9,181,12.0
2020/08/28,1004.1,1005.7,1002.4,85,69,2.6,184,11.8,238,16.0
2020/08/29,1004.9,1006.5,1003.7,81,59,1.6,76,6.4,18,0.0
2020/08/30,1004.7,1006.6,1003.4,84,58,1.9,4,8.5,352,0.0
2020/08/31,1003.7,1005.9,1001.6,81,64,3.3,14,13.2,15,0.0
2020/09/01,1003.6,1005.7,1001.3,79,60,2.1,2,7.6,350,0.0
2020/09/02,1005.9,1007.9,1004.4,80,60,2.7,139,9.5,233,0.0
2020/09/03,1008.8,1011.2,1006.8,78,62,1.8,23,7.2,304,2.0
2020/09/04,1008.9,1010.9,1006.8,80,66,2.4,6,11.4,21,0.0
2020/09/05,1006.3,1008.4,1004.3,75,52,3.1,11,12.8,4,0.0
2020/09/06,1005.1,1006.8,1003.5,65,38,2.8,1,10.2,360,0.0
2020/09/07,1009.1,1012.0,1006.5,67,31,1.3,325,6.4,293,0.0
2020/09/08,1012.5,1013.8,1011.6,73,45,1.3,22,6.1,254,0.0
2020/09/09,1010.5,1013.3,1008.4,77,51,1.1,306,5.9,289,0.0
2020/09/10,1007.9,1009.4,1005.7,77,60,1.3,315,6.0,303,0.0
2020/09/11,1009.1,1011.3,1007.5,74,48,2.0,146,7.2,233,0.0
2020/09/12,1011.5,1012.9,1009.7,79,58,1.2,1,6.3,3,0.0
2020/09/13,1011.8,1013.2,1010.1,81,59,2.3,8,10.8,6,0.0
2020/09/14,1010.8,1012.6,1008.8,82,64,2.6,15,10.1,1,0.0
2020/09/15,1010.3,1011.6,1008.5,83,68,1.8,13,8.3,333,0.0
2020/09/16,1009.5,1011.2,1008.1,80,60,1.6,344,7.3,340,0.0
2020/09/17,1009.1,1010.7,1007.6,78,60,1.4,11,6.3,328,0.0
2020/09/18,1012.0,1014.5,1010.3,78,52,2.2,1,9.8,7,0.0
2020/09/19,1013.4,1015.7,1012.0,81,63,1.9,23,8.9,9,0.0
2020/09/20,1011.5,1013.3,1009.5,81,68,3.8,9,12.7,8,1.0
2020/09/21,1010.6,1011.9,1008.7,71,60,4.8,15,15.0,20,0.0
2020/09/22,1010.1,1011.7,1008.5,67,54,4.0,9,12.4,27,0.0
2020/09/23,1010.5,1011.9,1009.4,72,56,2.4,13,8.6,9,0.0
2020/09/24,1010.3,1011.6,1009.1,76,59,3.9,20,12.8,29,0.0
2020/09/25,1009.6,1010.9,1007.8,70,60,4.6,15,14.3,15,0.0
2020/09/26,1009.6,1011.3,1007.9,70,59,3.3,13,11.1,17,0.0
2020/09/27,1011.3,1013.1,1009.7,78,67,3.5,19,10.0,21,0.0
2020/09/28,1011.0,1013.1,1009.2,84,74,2.2,22,7.6,13,0.0
2020/09/29,1008.5,1008.7,1006.6,71,53,3.2,12,9.6,11,0.0
2020/09/30,1008.0,1009.7,1006.8,70,56,4.2,17,14.4,28,0.0
2020/10/01,1009.1,1011.0,1007.5,68,55,3.9,11,12.0,24,0.0
2020/10/02,1010.6,1012.5,1009.0,77,59,2.6,31,9.8,9,0.0
2020/10/03,1010.6,1012.3,1008.4,81,59,1.4,347,7.8,360,0.0
2020/10/04,1009.3,1011.3,1007.3,81,56,1.4,9,6.3,341,0.0
2020/10/05,1010.4,1012.5,1008.8,75,62,5.0,21,16.8,12,0.0
2020/10/06,1012.3,1013.8,1010.6,66,56,6.1,26,17.9,360,0.0
2020/10/07,1012.8,1015.1,1010.9,64,51,6.0,22,16.5,5,0.0
2020/10/08,1012.9,1014.4,1011.0,62,49,5.4,25,15.0,10,0.0
2020/10/09,1012.7,1014.7,1010.7,67,53,5.6,17,16.4,4,0.0
2020/10/10,1011.0,1012.8,1009.1,75,61,5.1,19,15.2,27,0.0
2020/10/11,1009.2,1010.7,1007.0,82,66,4.1,7,13.2,3,0.0
2020/10/12,1009.4,1011.2,1007.8,84,68,3.5,13,10.5,360,0.0
2020/10/13,1011.7,1013.5,1010.0,81,64,3.8,13,11.1,22,0.0
2020/10/14,1013.2,1015.0,1011.3,80,62,3.6,9,13.5,7,0.0
2020/10/15,1012.7,1014.2,1011.0,75,55,2.7,16,10.6,1,0.0
2020/10/16,1012.9,1014.8,1011.2,80,61,3.0,22,11.8,16,0.0
2020/10/17,1013.8,1015.5,1012.2,73,55,5.2,22,13.9,22,0.0
2020/10/18,1014.2,1015.7,1012.5,76,65,5.7,25,16.1,9,0.0
2020/10/19,1013.5,1015.0,1011.3,73,61,5.5,19,17.7,18,0.0
2020/10/20,1011.6,1013.9,1009.7,78,62,5.0,14,16.8,38,0.0
2020/10/21,1007.5,1010.7,1005.3,85,72,4.3,12,12.7,9,0.0
2020/10/22,1008.4,1010.9,1005.6,80,69,6.8,23,20.7,21,0.0
2020/10/23,1010.8,1012.6,1008.5,73,62,6.6,27,20.9,13,0.0
2020/10/24,1013.2,1015.1,1011.2,62,53,4.1,23,13.5,5,0.0
2020/10/25,1013.7,1015.7,1012.0,72,57,2.5,7,10.6,19,0.0
2020/10/26,1012.1,1014.4,1009.8,76,59,3.0,18,11.1,2,0.0
2020/10/27,1011.9,1013.8,1010.3,76,57,2.3,19,9.4,4,0.0
2020/10/28,1014.4,1015.8,1012.9,79,65,3.9,19,13.1,20,0.0
2020/10/29,1016.0,1017.9,1014.1,76,66,4.9,12,16.3,6,0.0
2020/10/30,1016.2,1017.7,1014.4,64,56,5.9,12,19.2,20,0.0
2020/10/31,1015.2,1017.5,1013.1,63,45,4.3,22,14.0,24,0.0
2020/11/01,1013.6,1015.8,1011.9,82,48,1.5,6,8.5,4,0.0
2020/11/02,1012.3,1013.9,1010.1,81,59,4.3,13,16.5,19,0.0
2020/11/03,1014.2,1015.5,1012.2,65,54,6.4,22,18.4,24,0.0
2020/11/04,1015.2,1016.9,1013.3,62,48,4.4,28,12.8,353,0.0
2020/11/05,1015.1,1017.3,1013.3,70,55,3.8,13,12.8,23,0.0
2020/11/06,1010.9,1014.5,1008.1,91,83,3.3,8,12.1,5,0.0
2020/11/07,1013.7,1016.3,1010.0,93,82,3.3,17,14.2,15,1.0
2020/11/08,1015.7,1018.2,1014.5,78,70,7.1,25,18.3,22,0.0
2020/11/09,1015.8,1017.0,1013.9,67,55,5.2,23,13.3,17,0.0
2020/11/10,1017.4,1018.9,1015.5,73,65,5.2,24,14.6,8,1.0
2020/11/11,1017.8,1019.5,1016.4,64,49,5.0,26,17.7,12,0.0
2020/11/12,1015.6,1017.7,1013.8,73,63,4.9,19,15.5,13,0.0
2020/11/13,1015.1,1016.4,1013.8,84,78,5.8,19,15.5,5,2.0
2020/11/14,1016.0,1018.5,1013.2,75,68,3.7,16,11.5,12,0.0
2020/11/15,1017.4,1018.9,1016.1,79,60,3.0,4,9.0,5,0.0
2020/11/16,1015.8,1018.0,1014.2,87,67,2.1,10,8.8,352,0.0
2020/11/17,1014.4,1016.0,1013.6,85,63,1.3,103,5.9,343,0.0
2020/11/18,1012.9,1014.7,1011.3,89,70,1.1,342,6.4,336,0.0
2020/11/19,1012.0,1014.1,1010.4,82,59,1.2,341,6.1,350,0.0
2020/11/20,1013.0,1014.4,1011.4,83,63,2.2,7,8.3,353,0.0
2020/11/21,1014.1,1015.5,1012.6,86,71,2.7,20,9.1,3,0.0
2020/11/22,1016.8,1018.5,1015.1,87,75,3.3,15,12.6,13,0.0
2020/11/23,1017.8,1019.5,1016.0,78,63,4.3,23,13.3,21,0.0
2020/11/24,1017.8,1019.8,1015.7,76,67,3.6,12,13.0,12,0.0
2020/11/25,1017.1,1018.9,1015.4,82,64,2.4,1,11.5,11,0.0
2020/11/26,1017.3,1019.4,1015.7,85,64,1.9,10,10.0,320,0.0
2020/11/27,1018.6,1020.5,1016.6,79,69,4.6,23,15.1,10,0.0
2020/11/28,1019.0,1020.8,1016.9,75,66,5.9,17,16.2,17,0.0
2020/11/29,1019.2,1020.8,1017.5,74,65,5.4,24,14.8,12,0.0
2020/11/30,--,1020.7,1016.7,--,58,--,--,12.7,9,0.0
2020/12/01,,1020.2,1015.8,,60,,,16.5,1,0.0
2020/12/02,,1018.9,1014.2,,64,,,17.7,18,0.0
2020/12/03,,1018.3,1015.3,,56,,,22.6,36,0.0
2020/12/04,,1018.6,1015.1,,70,,,17.6,6,0.0
2020/12/05,,1019.4,1015.7,,65,,,16.7,14,0.0
2020/12/06,,1018.2,1014.8,,72,,,16.4,23,0.0
2020/12/07,,1019.4,1015.4,,81,,,17.4,11,0.0
2020/12/08,,1019.4,1015.5,,76,,,18.2,20,0.0
2020/12/09,,1018.0,1013.6,,81,,,14.9,24,7.0
2020/12/10,,1016.9,1012.6,,81,,,12.7,12,0.0
2020/12/11,,1016.0,1012.5,,81,,,11.4,20,0.5
2020/12/12,,1015.8,1011.7,,72,,,14.2,6,0.0
2020/12/13,,1016.9,1012.6,,62,,,12.2,18,0.0
2020/12/14,,1019.8,1014.5,,70,,,16.9,20,0.0
2020/12/15,,1022.0,1017.9,,66,,,15.8,28,0.0
2020/12/16,,1022.6,1018.9,,68,,,15.0,3,0.0
2020/12/17,,1021.4,1017.2,,63,,,13.8,1,0.0
2020/12/18,,1020.8,1017.0,,79,,,13.9,8,0.0
2020/12/19,,1022.7,1018.5,,73,,,20.2,21,0.0
2020/12/20,,1022.9,1019.2,,64,,,16.7,12,0.0
2020/12/21,,1021.3,1018.2,,70,,,11.3,9,0.5
2020/12/22,,1019.6,1015.4,,68,,,14.4,360,0.0
2020/12/23,,1018.8,1013.9,,90,,,10.6,9,9.0
2020/12/24,,1016.4,1012.6,,77,,,16.5,5,1.5
2020/12/25,,1018.9,1015.5,,65,,,14.4,355,0.0
2020/12/26,,1021.0,1015.4,,71,,,10.9,342,0.0
2020/12/27,,1017.5,1013.3,,52,,,8.0,1,0.0
2020/12/28,,1015.3,1011.2,,63,,,13.3,1,0.5
2020/12/29,,1014.8,1011.6,,77,,,10.1,2,0.0
2020/12/30,,1023.8,1014.2,,49,,,24.3,14,0.0
2020/12/31,,1026.4,1022.6,,50,,,22.5,1,0.0
2021/01/01,,1025.4,1020.5,,51,,,13.0,19,0.0
2021/01/02,,1023.2,1018.5,,59,,,13.1,18,0.0
2021/01/03,,1023.0,1019.4,,62,,,12.2,348,0.0
2021/01/04,,1022.1,1017.6,,79,,,12.8,16,0.0
2021/01/05,,1019.8,1016.0,,71,,,16.5,13,0.0
2021/01/06,,1019.6,1015.1,,70,,,15.3,20,0.0
2021/01/07,,1021.6,1016.7,,63,,,21.0,6,0.0
2021/01/08,,1024.0,1021.0,,47,,,19.8,17,0.0
2021/01/09,,1024.0,1020.1,,44,,,16.3,8,0.0
2021/01/10,,1023.3,1018.8,,49,,,14.0,3,0.0
2021/01/11,,1024.0,1020.5,,65,,,15.7,7,0.5
2021/01/12,,1024.0,1018.9,,50,,,15.0,355,1.0
2021/01/13,,1020.5,1016.4,,46,,,8.5,5,0.0
2021/01/14,,1019.1,1015.4,,44,,,7.0,360,0.0
2021/01/15,,1017.6,1012.8,,67,,,7.6,15,0.0
2021/01/16,,1019.5,1014.1,,51,,,16.7,7,0.0
2021/01/17,,1022.9,1018.9,,60,,,21.4,8,0.0
2021/01/18,,1022.7,1018.5,,56,,,14.1,6,0.0
2021/01/19,,1020.5,1017.9,,54,,,7.3,1,0.0
2021/01/20,,1019.2,1016.0,,65,,,8.9,360,0.0
2021/01/21,,1017.0,1012.2,,77,,,9.3,360,0.0
2021/01/22,,1013.3,1009.1,,86,,,7.9,360,0.0
2021/01/23,,1016.0,1010.4,,78,,,12.8,2,0.5
2021/01/24,,1018.2,1014.5,,69,,,14.6,5,0.0
2021/01/25,,1019.8,1015.5,,75,,,11.0,353,0.0
2021/01/26,,1018.2,1014.7,,73,,,9.3,31,0.0
2021/01/27,,1018.9,1014.8,,73,,,13.0,18,0.0
2021/01/28,,1021.3,1018.2,,59,,,15.8,37,0.0
2021/01/29,,1021.8,1019.2,,41,,,14.5,1,0.0
2021/01/30,,1023.8,1020.5,,57,,,8.6,354,0.0
2021/01/31,,1024.3,1019.9,,72,,,5.7,336,0.0
2021/02/01,,1021.7,1017.7,,64,,,4.9,303,0.0
2021/02/02,,1021.4,1017.2,,65,,,16.6,4,0.0
2021/02/03,,1023.0,1019.5,,57,,,11.3,6,0.0
2021/02/04,,1023.3,1019.2,,74,,,10.2,21,0.0
2021/02/05,,1021.0,1017.5,,69,,,5.8,332,0.0
2021/02/06,,1019.6,1016.0,,56,,,7.4,342,0.0
2021/02/07,,1019.9,1015.8,,75,,,9.5,290,0.0
2021/02/08,,1019.8,1016.7,,70,,,17.1,135,0.0
2021/02/09,,1019.5,1015.7,,58,,,14.7,7,0.0
2021/02/10,,1016.6,1010.4,,72,,,7.1,339,8.0
2021/02/11,,1013.2,1009.5,,99,,,14.0,25,27.5
2021/02/12,,1015.5,1011.3,,94,,,12.9,12,1.0
2021/02/13,,1016.9,1013.2,,81,,,12.7,33,0.0
2021/02/14,,1016.1,1012.8,,78,,,7.2,332,0.0
2021/02/15,,1016.1,1013.3,,74,,,12.0,355,0.0
2021/02/16,,1017.2,1013.9,,70,,,8.5,342,0.0
2021/02/17,,1021.6,1016.9,,56,,,17.5,16,0.0
2021/02/18,,1024.6,1020.8,,27,,,16.9,20,0.0
2021/02/19,,1024.8,1020.5,,26,,,8.9,39,0.0
2021/02/20,,1022.1,1018.3,,55,,,6.4,336,0.0
2021/02/21,,1020.5,1016.4,,17,,,6.6,232,0.0
2021/02/22,,1017.9,1014.1,,32,,,6.0,298,0.0
2021/02/23,,1016.9,1012.0,,70,,,16.2,9,0.0
2021/02/24,,1015.7,1010.9,,89,,,10.9,9,0.0
2021/02/25,,1012.6,1008.8,,73,,,7.5,305,0.0
2021/02/26,,1012.2,1008.2,,71,,,11.2,5,0.0
2021/02/27,,1015.8,1011.4,,72,,,12.9,35,0.0
2021/02/28,,1017.9,1013.8,,68,,,11.1,12,0.0
2021/03/01,,1018.8,1014.2,,52,,,7.2,349,0.0
2021/03/02,,1020.2,1015.1,,66,,,17.7,30,0.0
2021/03/03,,1021.0,1018.2,,63,,,11.3,96,0.0
2021/03/04,,1020.7,1017.0,,55,,,8.1,9,0.0
2021/03/05,,1019.1,1014.8,,74,,,8.3,1,0.5
2021/03/06,,1019.6,1015.5,,62,,,10.6,360,8.0
2021/03/07,,1020.5,1016.3,,90,,,13.9,23,0.0
2021/03/08,,1021.0,1017.0,,70,,,13.2,6,0.0
2021/03/09,,1021.1,1017.6,,72,,,14.0,1,0.0
2021/03/10,,1021.3,1017.2,,74,,,14.3,43,0.0
2021/03/11,,1021.7,1017.7,,75,,,8.3,354,0.0
2021/03/12,,1020.5,1015.7,,72,,,10.3,360,0.0
2021/03/13,,1019.8,1015.8,,62,,,15.2,3,0.0
2021/03/14,,1018.0,1014.2,,69,,,11.2,27,0.0
2021/03/15,,1016.9,1013.5,,73,,,6.6,318,0.0
2021/03/16,,1015.3,1012.0,,52,,,7.2,349,0.0
2021/03/17,,1015.0,1011.9,,77,,,9.1,3,0.0
2021/03/18,,1015.3,1011.6,,77,,,9.1,360,0.0
2021/03/19,,1014.8,1010.4,,71,,,7.5,1,0.0
2021/03/20,,1012.6,1009.8,,66,,,7.2,331,0.0
2021/03/21,,1019.9,1011.6,,68,,,18.7,26,0.0
2021/03/22,,1022.9,1018.9,,70,,,16.9,15,1.0
2021/03/23,,1021.8,1016.7,,64,,,6.3,31,0.0
2021/03/24,,1019.4,1014.5,,59,,,7.5,12,12.5
2021/03/25,,1019.2,1014.7,,52,,,13.7,31,0.0
2021/03/26,,1018.0,1013.3,,73,,,7.7,318,0.0
2021/03/27,,1014.5,1009.1,,53,,,5.1,308,0.0
2021/03/28,,1010.7,1007.3,,56,,,7.5,249,0.0
2021/03/29,,1010.4,1005.1,,70,,,6.4,355,0.0
2021/03/30,,1009.0,1005.3,,68,,,7.4,267,0.0
2021/03/31,,1009.0,1006.5,,64,,,6.8,294,0.0
2021/04/01,,1010.3,1006.0,,71,,,6.1,230,0.0
2021/04/02,,1012.0,1008.1,,61,,,7.3,285,0.0
2021/04/03,,1013.1,1010.0,,72,,,7.7,350,0.0
2021/04/04,,1015.1,1011.6,,60,,,14.5,28,0.0
2021/04/05,,1018.6,1014.1,,48,,,14.4,1,0.0
2021/04/06,,1018.3,1014.2,,51,,,13.9,23,0.0
2021/04/07,,1017.7,1013.2,,60,,,9.9,26,0.0
2021/04/08,,1016.0,1011.9,,74,,,14.9,17,0.0
2021/04/09,,1017.7,1013.9,,63,,,15.2,23,0.0
2021/04/10,,1019.4,1016.3,,66,,,13.7,130,0.0
2021/04/11,,1020.2,1016.7,,72,,,7.2,353,0.0
2021/04/12,,1018.3,1014.1,,61,,,6.6,287,0.0
2021/04/13,,1015.4,1012.5,,60,,,7.9,9,0.0
2021/04/14,,1015.5,1011.7,,69,,,13.6,69,0.0
2021/04/15,,1014.7,1010.9,,67,,,11.2,19,0.0
2021/04/16,,1014.4,1011.4,,66,,,9.6,345,0.0
2021/04/17,,1015.8,1012.2,,54,,,16.4,6,0.0
2021/04/18,,1014.7,1010.6,,44,,,11.8,19,0.0
2021/04/19,,1013.5,1010.0,,52,,,11.1,6,0.0
2021/04/20,,1013.2,1009.7,,56,,,7.7,344,0.0
2021/04/21,,1012.2,1008.4,,57,,,10.2,339,0.0
2021/04/22,,1009.0,1005.3,,76,,,8.1,324,0.0
2021/04/23,,1008.8,1004.9,,72,,,13.0,360,0.0
2021/04/24,,1011.3,1007.0,,65,,,13.5,26,0.0
2021/04/25,,1013.5,1008.8,,76,,,6.2,360,0.0
2021/04/26,,1015.0,1011.3,,55,,,8.3,360,0.0
2021/04/27,,1016.4,1013.5,,74,,,6.3,349,0.0
2021/04/28,,1016.3,1013.1,,81,,,6.7,12,0.0
2021/04/29,,1013.8,1010.7,,68,,,8.3,22,12.5
2021/04/30,,1013.3,1010.4,,49,,,5.9,313,0.0
2021/05/01,,1013.8,1010.1,,45,,,6.9,257,0.0
2021/05/02,,1016.0,1011.9,,64,,,8.5,360,0.0
2021/05/03,,1015.4,1011.6,,78,,,6.0,360,0.0
2021/05/04,,1012.6,1009.2,,64,,,7.8,247,0.0
2021/05/05,,1015.4,1010.7,,75,,,12.4,17,4.5
2021/05/06,,1016.4,1013.2,,67,,,7.9,353,0.0
2021/05/07,,1015.3,1009.8,,58,,,7.3,285,0.0
2021/05/08,,1011.0,1008.1,,67,,,10.8,244,0.0
2021/05/09,,1011.3,1007.2,,63,,,6.5,312,0.0
2021/05/10,,1011.2,1006.6,,58,,,7.2,213,0.0
2021/05/11,,1010.7,1007.0,,63,,,9.8,233,0.0
2021/05/12,,1010.6,1006.6,,57,,,9.0,286,0.0
2021/05/13,,1010.9,1007.3,,57,,,8.3,273,0.0
2021/05/14,,1011.4,1008.5,,64,,,9.0,305,0.0
2021/05/15,,1011.2,1007.5,,61,,,10.4,218,0.0
2021/05/16,,1010.7,1007.6,,53,,,11.3,254,0.0
2021/05/17,,1011.6,1008.2,,54,,,9.1,231,0.0
2021/05/18,,1011.6,1007.6,,64,,,9.3,256,0.0
2021/05/19,,1010.4,1006.3,,63,,,10.6,264,0.0
2021/05/20,,1010.4,1007.0,,57,,,10.9,261,0.0
2021/05/21,,1010.3,1006.3,,57,,,10.1,234,0.0
2021/05/22,,1009.4,1005.9,,45,,,8.0,263,0.0
2021/05/23,,1009.2,1007.0,,53,,,7.9,299,0.0
2021/05/24,,1011.2,1007.6,,61,,,9.8,248,0.0
2021/05/25,,1011.9,1008.2,,61,,,9.1,5,0.0
2021/05/26,,1011.0,1007.3,,60,,,7.8,299,0.0
2021/05/27,,1010.1,1007.5,,57,,,11.6,236,0.0
2021/05/28,,1010.3,1006.9,,53,,,11.3,234,0.0
2021/05/29,,1008.1,1005.1,,66,,,10.2,240,0.0
2021/05/30,,1006.5,1002.7,,78,,,9.8,174,176.5
2021/05/31,,1007.2,1003.5,,83,,,7.8,347,34.0
2021/06/01,,1008.2,1005.9,,69,,,7.5,161,0.0
2021/06/02,,1009.1,1006.0,,64,,,8.7,242,0.0
2021/06/03,,1008.4,1004.3,,65,,,8.6,260,0.0
2021/06/04,,1005.4,1001.6,,60,,,8.7,278,4.0
2021/06/05,,1004.9,1001.8,,76,,,9.4,197,53.5
2021/06/06,,1007.9,1002.8,,82,,,11.0,176,51.5
2021/06/07,,1011.2,1007.2,,62,,,7.8,233,0.0
2021/06/08,,1011.2,1007.9,,57,,,7.8,339,0.0
2021/06/09,,1009.8,1006.3,,60,,,7.9,347,0.0
2021/06/10,,1008.4,1004.6,,58,,,8.1,332,0.0
2021/06/11,,1010.0,1006.0,,56,,,7.8,342,0.0
2021/06/12,,1011.7,1008.4,,58,,,10.1,182,5.5
2021/06/13,,1011.6,1006.9,,68,,,6.7,303,0.0
2021/06/14,,1008.8,1004.4,,55,,,8.2,260,0.0
2021/06/15,,1005.7,1003.4,,66,,,9.0,229,0.5
2021/06/16,,1008.4,1003.4,,66,,,7.7,192,10.5
2021/06/17,,1009.0,1006.6,,66,,,10.0,240,0.0
2021/06/18,,1008.2,1004.3,,57,,,10.5,235,0.0
2021/06/19,,1005.9,1002.7,,63,,,9.9,182,2.0
2021/06/20,,1003.8,1000.9,,70,,,8.6,194,0.5
2021/06/21,,1005.1,1001.2,,89,,,8.2,134,20.5
2021/06/22,,1006.2,1001.9,,84,,,7.9,180,95.0
2021/06/23,,1007.9,1004.3,,82,,,10.9,177,2.5
2021/06/24,,1007.8,1005.1,,76,,,9.0,174,11.0
2021/06/25,,1007.8,1004.4,,68,,,7.0,152,0.0
2021/06/26,,1009.1,1006.0,,66,,,7.5,161,2.0
2021/06/27,,1008.8,1004.4,,67,,,8.6,180,0.0
2021/06/28,,1006.5,1004.6,,74,,,9.4,120,69.5
2021/06/29,,1007.5,1005.4,,74,,,10.1,183,2.0
2021/06/30,,1008.5,1005.7,,68,,,11.1,227,0.0
2021/07/01,,1008.5,1005.7,,62,,,9.6,237,0.0
2021/07/02,,1008.5,1006.5,,67,,,9.4,250,0.0
2021/07/03,,1008.4,1005.7,,64,,,8.2,249,0.0
2021/07/04,,1009.4,1006.5,,63,,,7.1,316,0.0
2021/07/05,,1008.5,1005.1,,51,,,7.8,351,0.0
2021/07/06,,1010.6,1002.2,,67,,,11.2,245,0.0
2021/07/07,,1012.8,1009.2,,65,,,8.7,230,0.0
2021/07/08,,1012.9,1009.8,,59,,,7.5,256,0.0
2021/07/09,,1011.2,1008.8,,64,,,7.9,303,0.0
2021/07/10,,1012.3,1009.0,,63,,,7.9,295,0.0
2021/07/11,,1013.1,1010.1,,67,,,7.4,326,0.0
2021/07/12,,1012.2,1008.8,,69,,,6.6,301,0.0
2021/07/13,,1010.0,1007.6,,66,,,7.2,338,8.0
2021/07/14,,1009.8,1007.0,,57,,,6.7,339,0.0
2021/07/15,,1009.4,1006.2,,66,,,7.3,126,0.0
2021/07/16,,1009.5,1006.5,,58,,,7.0,319,0.0
2021/07/17,,1006.6,1002.9,,57,,,6.7,341,0.0
2021/07/18,,1004.7,1002.1,,59,,,7.4,5,0.0
2021/07/19,,1004.4,1001.6,,56,,,7.5,333,0.0
2021/07/20,,1004.6,1001.5,,63,,,11.2,353,0.0
2021/07/21,,1002.7,998.1,,53,,,17.8,16,0.0
2021/07/22,,998.8,993.3,,78,,,19.1,7,2.5
2021/07/23,,994.7,992.0,,72,,,15.5,354,5.5
2021/07/24,,997.1,993.7,,57,,,15.1,349,0.5
2021/07/25,,998.9,995.6,,62,,,9.2,182,1.5
2021/07/26,,997.7,995.3,,76,,,8.7,257,5.5
2021/07/27,,997.2,993.6,,61,,,8.3,225,9.0
2021/07/28,,999.4,995.2,,59,,,10.1,243,0.0
2021/07/29,,1002.4,998.3,,62,,,9.0,177,12.0
2021/07/30,,1003.0,999.9,,66,,,10.4,176,0.0
2021/07/31,,1002.5,998.3,,77,,,10.9,193,37.5
2021/08/01,,999.4,995.9,,89,,,8.3,150,201.5
2021/08/02,,999.0,996.4,,85,,,8.7,172,129.5
2021/08/03,,999.6,996.7,,78,,,8.5,226,0.0
2021/08/04,,1000.3,996.9,,63,,,11.7,235,0.5
2021/08/05,,999.0,996.4,,74,,,9.8,121,6.0
2021/08/06,,998.0,994.3,,76,,,14.3,220,213.0
2021/08/07,,1003.8,995.3,,94,,,12.8,178,75.5
2021/08/08,,1006.9,1002.4,,79,,,8.8,177,18.5
2021/08/09,,1008.1,1004.9,,82,,,8.2,190,6.0
2021/08/10,,1008.8,1005.7,,71,,,10.6,229,2.5
2021/08/11,,1010.9,1007.6,,70,,,8.5,254,0.0
2021/08/12,,1011.3,1007.2,,69,,,7.3,236,0.0
2021/08/13,,1008.5,1005.2,,65,,,9.8,220,0.0
2021/08/14,,1010.1,1005.6,,70,,,9.0,226,0.0
2021/08/15,,1013.4,1008.8,,57,,,7.6,266,0.0
2021/08/16,,1013.9,1011.2,,57,,,6.6,215,0.0
2021/08/17,,1013.1,1008.2,,65,,,6.8,266,0.0
2021/08/18,,1010.4,1006.9,,76,,,4.7,326,0.0
2021/08/19,,1010.1,1006.9,,63,,,8.4,265,0.0
2021/08/20,,1011.6,1008.4,,59,,,7.3,309,0.0
2021/08/21,,1010.4,1007.2,,53,,,6.7,264,0.0
2021/08/22,,1009.5,1006.2,,57,,,7.3,276,0.0
2021/08/23,,1009.1,1006.9,,60,,,8.8,243,0.0
2021/08/24,,1010.6,1007.5,,63,,,8.0,256,1.0
2021/08/25,,1013.1,1008.7,,61,,,7.3,219,0.0
2021/08/26,,1013.4,1010.4,,62,,,7.0,353,0.0
2021/08/27,,1013.2,1010.3,,60,,,6.7,360,0.0
2021/08/28,,1012.2,1009.5,,57,,,6.4,342,0.0
2021/08/29,,1011.7,1009.7,,54,,,6.2,350,0.0
2021/08/30,,1012.9,1009.7,,65,,,5.6,261,0.0
2021/08/31,,1011.9,1009.0,,62,,,10.3,227,0.0
2021/09/01,,1011.7,1008.5,,63,,,6.5,319,0.0
2021/09/02,,1011.2,1006.8,,66,,,5.8,342,0.0
2021/09/03,,1009.4,1006.0,,62,,,7.2,292,1.5
2021/09/04,,1010.7,1008.1,,62,,,8.1,341,0.0
2021/09/05,,1012.6,1007.8,,58,,,8.3,194,0.0
2021/09/06,,1012.3,1009.8,,54,,,7.0,304,0.0
2021/09/07,,1012.2,1008.7,,60,,,6.4,325,0.0
2021/09/08,,1010.3,1007.6,,67,,,7.1,2,0.0
2021/09/09,,1010.3,1007.8,,51,,,5.7,345,0.0
2021/09/10,,1009.5,1004.6,,62,,,7.0,339,0.0
2021/09/11,,1004.7,995.5,,64,,,5.9,331,0.0
2021/09/12,,1004.4,993.4,,66,,,12.7,5,0.5
2021/09/13,,1010.9,1003.5,,67,,,10.2,236,10.0
2021/09/14,,1012.8,1009.7,,59,,,7.4,259,0.0
2021/09/15,,1012.5,1008.7,,55,,,7.1,286,0.5
2021/09/16,,1010.7,1006.9,,54,,,7.0,285,0.0
2021/09/17,,1011.6,1008.8,,61,,,6.1,332,0.0
2021/09/18,,1013.5,1010.4,,59,,,7.0,8,0.0
2021/09/19,,1012.9,1010.6,,62,,,6.7,332,0.0
2021/09/20,,1012.8,1008.7,,42,,,6.3,292,0.0
2021/09/21,,1011.5,1007.8,,57,,,5.9,305,0.0
2021/09/22,,1013.9,1010.0,,63,,,6.9,333,0.0
2021/09/23,,1015.3,1012.5,,61,,,7.6,342,0.0
2021/09/24,,1015.6,1011.3,,59,,,8.7,6,0.0
2021/09/25,,1013.8,1010.3,,58,,,9.6,20,0.0
2021/09/26,,1012.5,1009.5,,59,,,11.0,19,0.0
2021/09/27,,1011.5,1008.5,,62,,,9.8,2,0.0
2021/09/28,,1010.1,1005.7,,58,,,9.6,12,0.0
2021/09/29,,1007.6,1004.6,,59,,,8.4,338,0.0
2021/09/30,,1008.7,1005.5,,58,,,6.0,341,0.0
2021/10/01,,1010.2,1006.7,,58,,,6.6,342,0.0
2021/10/02,,1012.6,1008.5,,60,,,9.8,355,0.0
2021/10/03,,1012.7,1009.8,,61,,,6.8,333,0.0
2021/10/04,,1013.0,1009.8,,52,,,5.8,308,0.0
2021/10/05,,1010.8,1007.4,,43,,,6.2,257,0.0
2021/10/06,,1009.2,1004.2,,47,,,6.0,201,0.0
2021/10/07,,1008.2,1004.9,,47,,,5.8,320,0.0
2021/10/08,,1008.5,1005.4,,60,,,6.5,347,0.0
2021/10/09,,1008.9,1005.5,,56,,,5.8,264,0.0
2021/10/10,,1007.7,1003.0,,48,,,10.3,360,0.0
2021/10/11,,1003.6,992.8,,59,,,21.4,18,0.0
2021/10/12,,1002.7,993.1,,72,,,14.3,15,0.0
2021/10/13,,1009.0,1002.4,,75,,,4.7,117,2.5
2021/10/14,,1010.4,1006.5,,81,,,4.3,124,1.5
2021/10/15,,1009.5,1007.0,,67,,,5.8,295,0.0
2021/10/16,,1014.3,1008.9,,58,,,17.6,23,0.0
2021/10/17,,1016.8,1013.1,,54,,,19.2,13,0.0
2021/10/18,,1017.2,1013.4,,53,,,11.5,10,0.0
2021/10/19,,1018.0,1014.0,,58,,,11.7,341,0.0
2021/10/20,,1017.0,1013.1,,57,,,8.3,343,0.0
2021/10/21,,1014.9,1012.1,,72,,,15.0,4,0.0
2021/10/22,,1017.1,1013.4,,73,,,15.4,8,0.0
2021/10/23,,1017.2,1014.5,,57,,,8.1,16,0.0
2021/10/24,,1017.4,1013.4,,74,,,14.2,3,0.0
2021/10/25,,1015.5,1011.8,,64,,,15.0,7,0.0
2021/10/26,,1015.2,1011.8,,57,,,10.2,22,0.0
2021/10/27,,1016.8,1013.0,,62,,,12.7,349,0.0
2021/10/28,,1017.4,1014.5,,56,,,12.9,23,0.0
2021/10/29,,1018.6,1014.9,,53,,,13.0,13,0.0
2021/10/30,,1018.7,1015.6,,58,,,12.1,10,0.0
2021/10/31,,1018.0,1015.2,,60,,,12.6,15,0.0
2021/11/01,,1018.4,1015.0,,60,,,13.3,9,0.0
2021/11/02,,1018.3,1014.0,,63,,,11.7,1,0.0
2021/11/03,,1016.4,1012.4,,66,,,8.9,354,0.0
2021/11/04,,1015.5,1012.6,,54,,,5.1,308,0.0
2021/11/05,,1013.9,1009.3,,70,,,5.4,352,0.0
2021/11/06,,1010.5,1008.0,,66,,,7.2,16,0.0
2021/11/07,,1012.3,1009.5,,58,,,9.8,360,0.0
2021/11/08,,1016.1,1010.9,,54,,,17.2,23,0.0
2021/11/09,,1018.6,1014.8,,50,,,14.6,11,0.0
2021/11/10,,1018.4,1014.6,,39,,,11.8,1,0.0
2021/11/11,,1018.7,1013.4,,34,,,12.2,3,0.0
2021/11/12,,1019.7,1015.0,,42,,,10.4,4,0.0
2021/11/13,,1018.9,1014.6,,63,,,12.8,17,0.0
2021/11/14,,1018.0,1013.4,,57,,,13.0,11,0.0
2021/11/15,,1017.1,1013.1,,53,,,8.0,3,0.0
2021/11/16,,1016.8,1014.2,,51,,,10.9,33,0.0
2021/11/17,,1016.5,1013.0,,61,,,8.4,9,0.0
2021/11/18,,1015.2,1009.3,,66,,,13.0,360,0.0
2021/11/19,,1011.8,1007.7,,77,,,13.7,26,0.0
2021/11/20,,1013.1,1009.6,,63,,,11.0,10,0.0
2021/11/21,,1013.9,1011.1,,70,,,7.1,350,0.0
2021/11/22,,1017.0,1011.4,,67,,,20.3,30,0.0
2021/11/23,,1020.0,1015.3,,61,,,14.8,15,0.0
2021/11/24,,1019.9,1015.8,,55,,,10.4,360,0.0
2021/11/25,,1017.8,1014.6,,73,,,9.6,19,0.0
2021/11/26,,1018.0,1014.9,,70,,,14.8,12,0.0
2021/11/27,,1018.3,1015.3,,62,,,13.7,16,0.0
2021/11/28,,1019.0,1015.3,,70,,,5.9,346,0.0
2021/11/29,,1015.8,1011.8,,67,,,8.8,2,0.0
2021/11/30,,1016.5,1012.8,,57,,,17.4,23,0.0
2021/12/01,,1019.6,1015.3,,46,,,18.8,10,0.0
2021/12/02,,1020.3,1016.1,,55,,,14.7,26,0.0
2021/12/03,,1020.8,1016.4,,40,,,15.2,15,0.0
2021/12/04,,1021.2,1017.4,,40,,,12.3,351,0.0
2021/12/05,,1020.6,1017.0,,43,,,13.8,15,0.0
2021/12/06,,1018.6,1015.3,,73,,,16.6,6,0.0
2021/12/07,,1020.0,1016.5,,58,,,14.9,3,0.0
2021/12/08,,1021.9,1018.4,,51,,,13.6,5,0.0
2021/12/09,,1021.9,1018.6,,61,,,11.8,1,0.0
2021/12/10,,1019.9,1016.4,,54,,,7.0,360,0.0
2021/12/11,,1021.6,1017.7,,75,,,12.0,8,0.0
2021/12/12,,1021.1,1017.1,,74,,,15.6,29,0.0
2021/12/13,,1020.5,1016.1,,68,,,17.2,22,0.0
2021/12/14,,1019.3,1014.6,,66,,,12.8,3,0.0
2021/12/15,,1017.8,1013.1,,80,,,7.2,339,0.0
2021/12/16,,1016.7,1013.6,,79,,,7.2,5,0.0
2021/12/17,,1019.7,1014.9,,62,,,19.6,7,0.0
2021/12/18,,1022.4,1018.3,,55,,,17.7,2,0.0
2021/12/19,,1022.2,1018.0,,48,,,14.6,44,0.0
2021/12/20,,1020.3,1015.9,,64,,,9.1,352,0.5
2021/12/21,,1015.9,1010.5,,91,,,11.7,8,21.5
2021/12/22,,1014.9,1012.0,,84,,,13.6,22,0.5
2021/12/23,,1016.5,1013.4,,77,,,10.8,360,0.0
2021/12/24,,1017.1,1013.9,,84,,,10.4,26,0.0
2021/12/25,,1021.9,1015.6,,67,,,17.6,13,0.0
2021/12/26,,1025.2,1020.8,,70,,,18.1,24,0.0
2021/12/27,,1026.5,1022.5,,80,,,14.7,2,0.5
2021/12/28,,1025.0,1020.0,,68,,,11.5,10,0.0
2021/12/29,,1023.4,1020.3,,66,,,9.3,342,0.0
2021/12/30,,1024.3,1020.5,,58,,,13.5,7,0.0
2021/12/31,,1025.2,1021.2,,57,,,14.4,25,0.0
2022/01/01,,1025.0,1020.8,,40,,,11.6,17,0.0
2022/01/02,,1022.7,1018.6,,63,,,13.2,19,0.0
2022/01/03,,1021.5,1017.5,,67,,,11.6,353,0.0
2022/01/04,,1020.3,1015.9,,73,,,10.8,360,0.0
2022/01/05,,1018.4,1014.8,,75,,,8.8,26,0.0
2022/01/06,,1021.1,1015.3,,66,,,17.1,27,6.5
2022/01/07,,1022.2,1017.2,,68,,,14.0,26,1.5
2022/01/08,,1020.0,1015.5,,66,,,14.1,14,0.5
2022/01/09,,1017.5,1014.0,,67,,,13.0,28,0.0
2022/01/10,,1016.8,1012.8,,68,,,11.1,14,0.0
2022/01/11,,1019.4,1014.9,,57,,,17.8,27,0.0
2022/01/12,,1021.5,1017.7,,61,,,7.7,17,0.0
2022/01/13,,1022.2,1017.8,,61,,,15.3,21,0.0
2022/01/14,,1021.9,1016.8,,51,,,11.4,10,0.0
2022/01/15,,1021.9,1018.0,,63,,,9.2,13,0.0
2022/01/16,,1021.3,1017.1,,71,,,13.2,7,0.0
2022/01/17,,1020.3,1017.0,,83,,,13.3,21,2.5
2022/01/18,,1019.9,1015.5,,80,,,14.5,17,0.0
2022/01/19,,1018.0,1013.9,,75,,,13.5,360,0.0
2022/01/20,,1017.4,1013.7,,63,,,12.4,23,0.0
2022/01/21,,1019.7,1015.0,,90,,,9.7,3,8.0
2022/01/22,,1016.4,1011.1,,83,,,11.3,353,10.5
2022/01/23,,1012.7,1010.2,,92,,,6.3,355,0.0
2022/01/24,,1014.9,1012.1,,92,,,12.3,22,0.0
2022/01/25,,1017.2,1013.4,,78,,,13.7,360,0.0
2022/01/26,,1018.3,1014.5,,82,,,10.7,360,0.0
2022/01/27,,1017.4,1014.0,,78,,,12.2,2,0.0
2022/01/28,,1016.5,1012.6,,88,,,13.2,6,0.0
2022/01/29,,1015.0,1009.3,,87,,,13.1,13,5.0
2022/01/30,,1018.7,1011.5,,74,,,17.2,7,0.0
2022/01/31,,1019.1,1015.3,,54,,,14.3,28,0.0
2022/02/01,,1019.0,1016.4,,81,,,9.6,6,3.0
2022/02/02,,1019.1,1016.2,,89,,,13.3,10,0.5
2022/02/03,,1017.7,1014.8,,88,,,13.1,17,1.5
2022/02/04,,1020.3,1016.5,,78,,,16.4,11,0.0
2022/02/05,,1022.8,1019.4,,66,,,14.5,23,0.0
2022/02/06,,1023.5,1018.6,,70,,,15.2,10,0.0
2022/02/07,,1019.4,1012.4,,65,,,13.1,4,2.0
2022/02/08,,1019.6,1015.5,,75,,,15.2,20,0.5
2022/02/09,,1020.5,1015.6,,75,,,10.1,5,0.0
2022/02/10,,1019.6,1014.3,,77,,,12.6,22,0.0
2022/02/11,,1018.7,1015.0,,94,,,10.7,352,0.0
2022/02/12,,1017.4,1013.1,,94,,,13.3,35,0.0
2022/02/13,,1015.3,1010.7,,83,,,14.0,360,10.5
2022/02/14,,1017.8,1013.4,,80,,,14.5,11,5.5
2022/02/15,,1018.3,1014.6,,65,,,13.7,3,0.0
2022/02/16,,1017.4,1012.1,,73,,,13.7,19,0.0
2022/02/17,,1015.8,1012.0,,87,,,14.1,353,0.0
2022/02/18,,1016.5,1012.8,,91,,,13.4,26,2.0
2022/02/19,,1017.0,1013.0,,98,,,21.6,20,5.5
2022/02/20,,1021.1,1015.5,,90,,,22.9,21,20.5
2022/02/21,,1021.2,1018.3,,93,,,12.5,21,10.0
2022/02/22,,1020.8,1016.7,,99,,,14.2,19,12.5
2022/02/23,,1022.5,1018.3,,88,,,19.4,39,22.0
2022/02/24,,1024.0,1020.9,,71,,,17.8,40,0.0
2022/02/25,,1024.4,1020.2,,67,,,11.8,353,0.0
2022/02/26,,1023.1,1018.1,,85,,,10.5,1,0.0
2022/02/27,,1020.9,1016.1,,60,,,9.2,348,0.0
2022/02/28,,1021.1,1015.8,,64,,,5.9,22,0.0
2022/03/01,,1018.6,1014.3,,54,,,5.7,305,0.0
2022/03/02,,1018.9,1014.5,,77,,,12.3,6,0.0
2022/03/03,,1018.6,1013.4,,74,,,8.7,19,0.0
2022/03/04,,1016.5,1011.5,,49,,,5.7,330,0.0
2022/03/05,,1014.9,1011.4,,80,,,10.1,353,0.0
2022/03/06,,1016.2,1012.1,,61,,,10.2,48,0.0
2022/03/07,,1018.4,1012.6,,70,,,14.2,37,6.0
2022/03/08,,1017.4,1013.9,,45,,,13.9,14,0.0
2022/03/09,,1019.0,1014.8,,50,,,10.7,10,0.0
2022/03/10,,1018.4,1013.9,,65,,,6.4,340,0.0
2022/03/11,,1016.1,1011.5,,44,,,7.4,5,0.0
2022/03/12,,1014.3,1011.2,,81,,,6.4,1,0.0
2022/03/13,,1014.6,1010.2,,36,,,6.6,308,0.0
2022/03/14,,1013.9,1009.6,,47,,,5.9,312,0.0
2022/03/15,,1011.5,1008.7,,74,,,11.2,353,0.0
2022/03/16,,1012.4,1009.5,,83,,,6.1,319,0.0
2022/03/17,,1011.4,1006.3,,56,,,5.5,109,2.5
2022/03/18,,1009.6,1006.1,,56,,,11.5,12,0.0
2022/03/19,,1022.8,1008.3,,56,,,9.6,353,0.0
2022/03/20,,1046.4,1011.2,,84,,,8.3,2,0.0
2022/03/21,,1046.8,1010.9,,85,,,7.8,352,1.0
2022/03/22,,1024.0,1011.5,,82,,,12.3,6,1.5
2022/03/23,,1015.3,1012.6,,99,,,11.2,12,41.0
2022/03/24,,1017.0,1012.8,,99,,,8.9,12,4.5
2022/03/25,,1013.1,1008.7,,75,,,8.3,260,0.5
2022/03/26,,1013.1,1009.3,,77,,,8.4,183,6.5
2022/03/27,,1015.0,1010.7,,86,,,13.6,352,30.0
2022/03/28,,1018.9,1013.7,,99,,,13.5,354,46.5
2022/03/29,,1018.3,1013.7,,97,,,12.6,7,2.5
2022/03/30,,1018.0,1013.0,,73,,,10.6,360,0.5
2022/03/31,,1018.3,1013.6,,88,,,16.9,23,0.0
2022/04/01,,1020.6,1016.8,,67,,,19.6,347,0.0
2022/04/02,,1021.2,1018.3,,78,,,17.6,23,11.0
2022/04/03,,1020.9,1017.8,,67,,,15.4,28,2.0
2022/04/04,,1021.3,1018.6,,59,,,13.6,7,0.0
2022/04/05,,1021.3,1015.5,,81,,,10.9,11,0.0
2022/04/06,,1018.3,1014.3,,76,,,8.6,3,0.0
2022/04/07,,1016.2,1012.6,,75,,,14.7,12,0.0
2022/04/08,,1014.6,1011.2,,57,,,8.2,3,0.0
2022/04/09,,1013.6,1010.1,,71,,,7.5,353,0.0
2022/04/10,,1013.1,1009.6,,63,,,7.9,345,0.0
2022/04/11,,1012.3,1008.5,,54,,,6.9,338,0.0
2022/04/12,,1010.2,1006.3,,56,,,6.7,336,0.0
2022/04/13,,1007.6,1004.4,,50,,,7.0,279,0.0
2022/04/14,,1009.2,1005.1,,67,,,13.3,5,0.0
2022/04/15,,1012.6,1008.0,,68,,,15.9,19,0.0
2022/04/16,,1014.2,1010.2,,55,,,12.4,4,0.0
2022/04/17,,1016.2,1012.8,,64,,,9.9,1,1.5
2022/04/18,,1016.7,1013.6,,64,,,10.4,29,0.0
2022/04/19,,1017.0,1014.0,,82,,,11.3,20,5.5
2022/04/20,,1015.6,1012.1,,70,,,8.1,5,0.5
2022/04/21,,1014.8,1011.1,,60,,,7.1,347,0.0
2022/04/22,,1013.6,1009.6,,58,,,6.2,331,0.0
2022/04/23,,1012.6,1008.3,,56,,,8.6,155,6.0
2022/04/24,,1010.7,1007.1,,64,,,6.1,256,0.0
2022/04/25,,1009.8,1007.1,,72,,,10.1,221,0.0
2022/04/26,,1009.6,1005.8,,78,,,12.2,261,0.0
2022/04/27,,1011.5,1007.6,,57,,,6.9,265,0.0
2022/04/28,,1012.3,1009.3,,76,,,7.2,16,0.0
2022/04/29,,1012.4,1008.2,,75,,,9.9,21,0.0
2022/04/30,,1013.3,1010.1,,69,,,12.4,15,0.0
2022/05/01,--,1013.6,1010.2,--,69,--,--,15.5,22,0.5
2022/05/02,--,1014.2,1011.5,--,96,--,--,13.0,9,17.5
2022/05/03,--,1014.6,1012.3,--,68,--,--,9.1,40,0.0
2022/05/04,--,1013.0,1010.1,--,68,--,--,8.1,7,0.0
2022/05/05,--,1011.5,1008.6,--,84,--,--,10.8,6,0.0
2022/05/06,--,1012.1,1009.2,--,74,--,--,10.3,344,0.0
2022/05/07,--,1013.0,1009.9,--,73,--,--,10.8,26,0.0
2022/05/08,--,1013.1,1010.5,--,82,--,--,12.1,13,0.0
2022/05/09,--,1013.1,1009.6,--,87,--,--,10.1,15,2.5
2022/05/10,--,1011.2,1007.9,--,68,--,--,7.9,1,0.5
2022/05/11,--,1010.7,1007.4,--,66,--,--,7.9,13,37.0
2022/05/12,--,1008.7,1006.7,--,75,--,--,4.7,198,9.5
2022/05/13,--,1008.3,1005.2,--,78,--,--,7.3,194,8.0
2022/05/14,--,1011.1,1006.7,--,99,--,--,6.6,21,70.5
2022/05/15,--,1011.5,1008.2,--,93,--,--,12.3,7,15.5
2022/05/16,--,1012.1,1009.0,--,99,--,--,13.4,7,45.0
2022/05/17,--,1013.4,1010.1,--,69,--,--,10.4,18,4.5
2022/05/18,1012.1,1014.0,1010.5,90,73,3.7,11,11.1,3,0.0
2022/05/19,1009.8,1011.8,1007.3,94,72,2.0,20,9.7,8,0.0
2022/05/20,1006.8,1008.9,1004.6,94,80,3.3,13,12.2,24,0.0
2022/05/21,1006.8,1008.2,1005.2,94,79,2.7,10,10.7,3,0.0
2022/05/22,1006.9,1008.3,1005.5,94,74,2.3,14,8.8,352,0.0
2022/05/23,1007.9,1009.8,1006.1,98,92,2.8,8,9.0,1,0.0
2022/05/24,1009.6,1011.4,1008.5,96,84,2.0,2,7.3,15,9.0
2022/05/25,1007.7,1009.5,1006.1,99,98,1.0,2,6.8,214,18.0
2022/05/26,1004.7,1007.1,1002.4,96,77,1.8,167,12.1,244,81.5
2022/05/27,1005.1,1007.7,1003.0,99,99,1.4,359,6.9,188,75.0
2022/05/28,1006.6,1008.3,1005.2,94,74,2.0,234,9.3,233,0.5
2022/05/29,1006.6,1007.4,1005.7,93,77,2.4,243,9.0,228,0.0
2022/05/30,1006.4,1008.0,1004.8,92,76,2.1,195,8.8,220,0.0
2022/05/31,1007.6,1009.3,1005.7,96,81,2.1,110,8.6,233,6.0
2022/06/01,1007.2,1008.9,1005.4,94,78,2.5,185,9.5,253,0.0
2022/06/02,1006.3,1007.7,1004.9,93,74,2.3,194,8.9,251,0.0
2022/06/03,1006.8,1008.0,1005.4,90,71,2.6,135,8.6,226,0.0
2022/06/04,1006.9,1008.6,1005.8,95,75,2.5,149,11.3,245,6.5
2022/06/05,1005.0,1006.7,1003.5,84,64,3.0,191,11.2,231,0.0
2022/06/06,1003.9,1005.4,1002.6,93,69,2.5,173,9.1,186,4.5
2022/06/07,1005.6,1007.9,1003.3,99,99,1.3,67,9.1,243,50.0
2022/06/08,1007.4,1008.6,1006.1,99,99,0.7,138,10.1,155,74.5
2022/06/09,1007.2,1008.3,1005.7,98,84,0.9,157,3.9,314,2.0
2022/06/10,1006.1,1007.9,1004.8,91,71,2.0,154,7.9,187,2.0
2022/06/11,1007.5,1009.3,1006.0,92,63,2.3,161,8.7,217,2.5
2022/06/12,1008.2,1009.2,1007.0,94,69,1.7,147,7.9,178,2.5
2022/06/13,1006.3,1007.6,1005.7,88,63,2.9,145,10.1,239,0.0
2022/06/14,1007.4,1009.8,1005.7,87,58,2.8,171,10.9,235,0.0
2022/06/15,1009.1,1010.9,1007.6,95,75,1.6,146,7.5,256,1.0
2022/06/16,1009.3,1011.2,1008.0,96,84,1.6,245,7.5,293,11.0
2022/06/17,1008.3,1009.5,1007.6,92,70,2.2,240,7.8,215,0.0
2022/06/18,1007.7,1008.9,1006.5,91,66,2.1,151,8.2,232,0.0
2022/06/19,1007.3,1008.3,1006.3,88,68,2.3,241,9.7,227,0.0
2022/06/20,1005.8,1007.0,1004.5,89,60,2.6,133,10.3,230,0.0
2022/06/21,1006.8,1008.9,1003.9,83,57,1.8,114,7.7,236,0.0
2022/06/22,1009.7,1011.7,1007.6,85,64,1.9,118,8.2,256,0.0
2022/06/23,1010.0,1011.7,1007.6,88,66,2.2,115,8.4,290,0.0
2022/06/24,1008.1,1009.6,1006.3,91,65,2.0,95,10.5,266,22.5
2022/06/25,1007.8,1009.2,1005.8,94,73,1.5,238,8.4,244,10.0
2022/06/26,1009.5,1011.4,1007.4,89,65,1.3,18,6.3,257,0.0
2022/06/27,1008.0,1010.2,1006.3,86,63,1.3,82,6.4,355,0.0
2022/06/28,1005.1,1006.7,1003.3,92,74,1.8,337,6.8,353,0.0
2022/06/29,1004.0,1005.2,1002.3,95,78,1.5,119,7.5,320,11.5
2022/06/30,1003.6,1004.9,1001.9,92,76,1.3,337,6.9,331,0.0
