date,Luodong_StnPres,Luodong_StnPresMax,Luodong_StnPresMin,Luodong_RH,Luodong_RHMin,Luodong_WS,Luodong_WD,Luodong_WSGust,Luodong_WDGust,Luodong_Precp
2018/01/01,1021.5,1023.7,1019.8,98,87,1.8,254,5.3,274,4.5
2018/01/02,1019.9,1022.4,1017.3,91,67,1.2,253,6.1,116,4.5
2018/01/03,1018.5,1020.5,1016.2,83,66,1.8,109,9.0,112,0.0
2018/01/04,1015.2,1017.8,1012.1,86,58,1.1,241,3.8,255,0.5
2018/01/05,1015.8,1018.8,1012.5,91,75,1.3,14,5.6,32,5.0
2018/01/06,1016.6,1019.0,1014.4,99,99,1.2,82,5.3,80,70.0
2018/01/07,1015.6,1018.8,1013.2,99,99,1.1,254,5.7,117,82.0
2018/01/08,1013.0,1018.9,1009.3,99,99,1.8,38,10.7,46,11.5
2018/01/09,1021.4,1024.7,1018.0,90,62,1.2,2,6.0,56,5.5
,1024.7,--,--,99,--,2.4,22,--,--,1.0
2018/01/11,1026.2,1029.3,1024.2,62,47,1.9,35,6.1,2,0.0
2018/01/12,1028.5,1030.2,1025.9,64,42,1.8,29,6.4,52,0.0
2018/01/13,1027.1,1029.6,1025.2,79,46,1.6,253,5.2,259,1.5
2018/01/14,1021.5,1025.8,1018.0,74,44,1.5,246,5.0,257,0.0
2018/01/15,1017.0,1019.8,1014.8,76,50,1.5,249,5.1,270,0.0
2018/01/16,1012.8,1015.4,1010.6,78,46,1.2,253,5.3,245,0.0
2018/01/17,1013.8,1015.8,1011.0,81,56,0.9,65,5.6,155,0.0
2018/01/18,1016.2,1018.3,1014.9,99,99,1.2,255,3.4,260,51.0
2018/01/19,1017.2,1019.8,1015.5,99,97,0.8,254,3.9,282,11.5
2018/01/20,1016.3,1018.5,1014.2,99,99,0.8,1,4.4,242,18.0
2018/01/21,1014.1,1017.4,1011.2,99,99,0.6,257,3.3,263,21.0
2018/01/22,1013.1,1016.7,1010.5,84,61,1.4,254,7.2,53,0.0
2018/01/23,1015.5,1017.0,1012.3,86,59,1.6,52,6.7,26,5.0
2018/01/24,1017.4,1019.4,1015.6,99,94,1.3,260,5.7,271,59.0
2018/01/25,1017.1,1019.4,1015.1,99,99,1.1,255,4.0,246,36.5
2018/01/26,1019.5,1021.5,1016.3,96,84,1.6,42,8.6,15,23.0
2018/01/27,1017.8,1021.4,1014.1,97,85,1.2,254,4.9,244,9.5
2018/01/28,1013.4,1018.1,1010.5,86,64,1.4,255,6.7,25,0.5
2018/01/29,1020.1,1022.5,1017.3,95,78,1.1,37,5.6,62,16.0
2018/01/30,1020.4,1023.1,1018.1,98,84,1.4,261,4.9,265,41.5
2018/02/01,1018.2,1021.0,1014.2,96,85,1.5,259,6.4,52,17.5
2018/02/01,1021.4,1023.1,1019.6,88,71,1.0,259,4.7,246,4.5
2018/02/02,1022.7,1024.9,1020.9,98,81,1.4,229,5.9,19,6.0
2018/02/03,1024.9,1026.3,1023.0,95,81,1.1,225,4.8,236,6.0
2018/02/04,1025.2,1026.6,1023.4,95,84,1.3,262,4.8,263,9.0
2018/02/05,1025.3,1027.1,1023.4,95,82,1.1,258,5.0,261,7.5
2018/02/06,1024.4,1026.3,1022.8,80,67,2.0,254,5.4,265,0.0
2018/02/07,1021.0,1023.8,1019.1,94,73,1.7,257,5.5,249,17.5
2018/02/08,1019.8,1022.0,1017.9,98,91,1.4,252,5.3,266,10.0
2018/02/09,1015.9,1018.1,1013.5,86,58,0.8,253,3.5,240,0.0
2018/02/11,1016.2,1021.0,1013.3,91,61,1.4,245,6.7,15,2.0
2018/02/11,1023.4,1026.9,1020.9,94,75,1.2,238,5.4,222,2.5
2018/02/12,1026.4,1028.7,1024.2,73,52,1.8,252,6.5,268,0.0
2018/02/13,1024.0,1026.8,1020.9,76,56,1.2,252,7.1,111,0.0
2018/02/14,1018.4,1022.1,1015.0,75,41,1.3,245,4.9,6,0.0
2018/02/15,1015.2,1017.9,1012.3,75,40,1.5,256,5.7,342,0.0
2018/02/16,1013.0,1016.2,1010.8,83,45,1.4,133,7.0,51,0.0
2018/02/17,1018.5,1021.0,1016.1,93,77,1.2,38,8.2,55,9.0
2018/02/18,1016.6,1019.0,1014.3,82,50,1.4,256,4.8,70,0.0
2018/02/19,1014.6,1017.4,1012.1,81,45,1.1,230,4.4,25,0.0
2018/02/20,1013.5,1015.9,1011.7,86,60,1.2,63,4.4,125,0.0
2018/02/21,1014.8,1017.2,1011.6,91,78,1.3,253,6.1,36,4.0
2018/02/22,1018.0,1020.7,1015.9,99,90,1.1,255,4.4,237,21.5
2018/02/23,1020.2,1022.1,1018.8,99,94,1.6,254,5.0,272,2.5
2018/02/24,1017.8,1019.9,1015.9,85,52,1.2,253,4.5,253,0.0
2018/02/25,1017.0,1020.7,1014.3,88,65,1.2,259,5.9,33,3.0
2018/02/26,1020.3,1021.9,1019.2,96,75,1.5,252,5.0,226,1.0
2018/02/27,1016.0,1019.8,1013.0,82,55,1.5,257,7.0,114,0.0
2018/02/28,1011.3,1014.1,1008.7,84,51,1.3,256,5.6,19,0.0
2018/03/01,1012.6,1014.6,1011.2,88,65,1.4,42,5.3,108,2.0
2018/03/02,1011.1,1013.6,1008.8,95,67,0.8,57,4.3,53,1.5
2018/03/03,1009.5,1011.5,1007.8,90,58,1.1,31,5.4,111,0.0
2018/03/04,1010.4,1011.9,1008.5,90,68,0.9,262,4.5,106,0.0
2018/03/05,1012.0,1018.9,1008.5,91,62,1.5,57,11.1,60,2.5
2018/03/06,1019.5,1021.4,1018.2,96,82,1.4,229,4.5,271,0.0
2018/03/07,1015.6,1019.8,1012.0,91,66,1.3,254,5.2,119,5.0
2018/03/08,1018.5,1023.6,1013.3,87,72,1.4,10,6.0,19,7.0
2018/03/09,1022.6,1023.8,1021.3,73,44,1.7,28,6.9,5,0.5
2018/03/10,1022.1,1023.7,1020.6,67,39,1.4,254,5.1,57,0.0
2018/03/11,1020.9,1023.2,1019.1,62,37,2.0,251,9.5,121,0.0
2018/03/12,1017.7,1020.3,1015.3,67,41,1.8,252,7.2,114,0.0
2018/03/13,1015.7,1017.6,1013.3,71,41,1.6,248,6.3,250,0.0
2018/03/14,1014.5,1016.1,1012.9,82,50,1.4,5,6.2,117,0.0
2018/03/15,1012.8,1014.3,1010.9,91,61,1.1,219,5.5,23,8.5
2018/03/16,1014.8,1019.5,1011.3,97,66,1.4,59,8.2,22,1.5
2018/03/17,1018.0,1019.8,1016.8,97,75,1.4,40,5.3,64,0.5
2018/03/18,1014.2,1017.1,1011.8,87,58,1.2,6,4.8,346,0.0
2018/03/19,1010.2,1013.2,1007.0,87,49,1.5,4,5.9,25,0.0
2018/03/20,1008.9,1012.4,1006.3,85,64,1.9,30,9.4,16,0.0
2018/03/21,1014.3,1018.3,1011.9,70,55,2.9,356,10.5,1,0.0
2018/03/22,1017.0,1018.7,1014.9,71,42,1.6,40,6.5,63,0.0
2018/03/23,1018.6,1020.2,1016.9,72,46,1.6,252,6.3,79,0.0
2018/03/24,1019.4,1021.2,1016.8,73,48,1.9,250,8.1,111,0.0
2018/03/25,1018.9,1020.9,1017.2,73,43,1.8,117,9.1,108,0.0
2018/03/26,1016.4,1018.8,1014.1,79,50,1.6,252,5.9,350,0.0
2018/03/27,1014.4,1015.8,1013.0,88,48,1.5,257,7.1,49,2.5
2018/03/28,1013.2,1014.7,1011.8,90,62,1.3,23,6.3,32,0.0
2018/03/29,1013.3,1014.9,1011.9,79,50,1.9,101,8.9,115,0.0
2018/03/30,1014.8,1017.0,1012.7,88,50,1.8,250,7.0,283,1.5
2018/03/31,1014.2,1016.3,1012.0,77,40,1.8,112,7.7,109,0.0
2018/04/01,1012.8,1014.5,1011.0,77,48,1.7,102,7.6,117,0.0
2018/04/02,1012.1,1013.4,1010.2,79,50,1.5,251,5.7,18,0.0
2018/04/03,1012.7,1014.2,1011.3,84,54,1.4,253,6.5,88,0.0
2018/04/04,1011.9,1013.7,1010.2,87,59,1.3,233,4.3,30,0.0
2018/04/05,1010.3,1012.1,1008.3,86,55,1.2,266,5.9,20,0.0
2018/04/06,1015.3,1024.1,1008.4,91,60,1.9,270,12.6,58,0.0
2018/04/07,1023.3,1025.4,1021.4,77,46,2.1,257,6.7,286,0.0
2018/04/08,1020.1,1023.1,1017.5,71,47,1.7,250,7.3,136,0.0
2018/04/09,1016.9,1019.3,1014.4,76,44,1.7,250,8.3,115,0.0
2018/04/10,1013.9,1016.4,1011.6,78,46,1.6,231,6.0,18,0.0
2018/04/11,1010.9,1012.7,1009.0,83,45,1.4,73,6.2,134,0.0
2018/04/12,1010.5,1012.2,1008.7,91,61,1.4,78,7.3,115,0.0
2018/04/13,1011.0,1012.8,1008.8,87,55,1.5,14,5.8,3,0.5
2018/04/14,1009.2,1010.9,1006.9,90,60,1.4,253,6.9,20,15.0
2018/04/15,1014.4,1017.7,1009.6,95,80,2.3,48,8.9,52,1.5
2018/04/16,1016.3,1018.0,1014.7,96,74,1.9,255,5.3,235,2.5
2018/04/17,1017.0,1018.8,1015.5,95,79,1.2,216,3.9,10,9.0
2018/04/18,1015.4,1017.1,1013.4,88,63,1.6,251,6.1,269,0.0
2018/04/19,1014.3,1015.5,1013.1,88,60,1.5,92,5.5,109,0.0
2018/04/20,1014.4,1015.9,1013.6,90,66,1.3,127,6.1,120,0.0
2018/04/21,1012.6,1014.1,1010.8,89,60,1.2,1,4.2,314,0.0
2018/04/22,1010.6,1012.6,1008.7,91,57,1.4,234,6.2,329,0.0
2018/04/23,1008.0,1009.9,1005.9,91,50,1.4,262,6.9,356,1.5
2018/04/24,1008.5,1012.9,1005.5,94,69,1.5,23,8.0,87,7.5
2018/04/25,1012.9,1014.3,1011.0,88,73,1.2,2,5.0,53,0.0
2018/04/26,1013.4,1014.9,1011.9,84,57,1.2,228,4.4,99,0.0
2018/04/27,1014.7,1017.3,1012.0,88,64,1.3,252,4.1,152,1.0
2018/04/28,1014.8,1016.4,1013.0,X,99,1.0,236,3.7,54,0.0
2018/04/29,1011.9,1014.0,1009.7,X,99,1.3,346,6.3,329,0.0
2018/04/30,1011.8,1013.4,1010.6,X,99,1.3,252,5.4,17,0.0
2018/05/01,1011.0,1012.9,1009.6,X,99,1.4,227,5.9,19,0.0
2018/05/02,1010.3,1011.8,1008.6,X,99,1.4,25,5.6,13,1.0
2018/05/03,1016.4,1018.8,1011.5,X,99,1.6,257,10.2,60,9.5
2018/05/04,1017.3,1018.7,1016.2,X,99,1.4,254,4.5,260,0.0
2018/05/05,1015.1,1017.2,1013.3,X,99,1.4,238,6.1,332,0.0
2018/05/06,1010.3,1013.8,1007.8,X,99,1.5,25,4.9,318,0.0
2018/05/07,1006.2,1008.2,1004.4,X,99,1.2,315,4.5,23,0.0
2018/05/08,1007.4,1013.2,1003.4,X,99,1.6,48,8.6,54,37.5
2018/05/09,1015.4,1018.2,1012.0,86,1,1.4,253,5.2,241,2.5
2018/05/10,1016.6,1018.8,1015.1,75,54,1.4,40,7.0,13,0.0
2018/05/11,1013.0,1015.3,1011.0,72,50,1.4,270,6.1,117,0.0
2018/05/12,1010.1,1011.8,1008.6,77,53,1.5,32,5.1,15,0.0
2018/05/13,1009.2,1010.7,1008.2,76,49,1.4,247,5.3,358,0.0
2018/05/14,1009.2,1011.3,1007.4,80,61,1.6,345,6.4,130,0.0
2018/05/15,1008.3,1010.0,1007.0,77,52,1.5,8,5.6,15,0.0
2018/05/16,1007.2,1008.4,1005.9,78,55,1.5,266,6.4,20,0.0
2018/05/17,1006.2,1007.6,1004.8,77,53,1.5,262,6.2,20,0.0
2018/05/18,1005.7,1007.1,1004.2,78,57,1.6,8,6.2,342,0.0
2018/05/19,1006.7,1008.1,1005.4,79,54,1.6,22,6.0,15,0.0
2018/05/20,1007.5,1009.7,1005.8,76,50,1.5,12,7.2,12,0.0
2018/05/21,1008.6,1010.5,1006.5,79,50,1.7,70,8.6,109,0.0
2018/05/22,1008.8,1010.3,1007.2,80,56,1.4,19,5.8,27,0.0
2018/05/23,1009.5,1011.4,1007.3,80,54,1.8,251,8.5,43,0.0
2018/05/24,1009.3,1011.1,1008.0,78,56,1.3,43,5.0,117,0.0
2018/05/25,1006.1,1008.4,1003.8,74,51,1.6,258,7.2,9,0.0
2018/05/26,1005.6,1007.5,1003.9,76,52,1.4,53,6.2,67,0.0
2018/05/27,1007.1,1008.3,1005.4,73,51,1.5,267,6.1,120,0.0
2018/05/28,1007.8,1009.9,1006.4,77,47,1.7,50,6.3,238,0.0
2018/05/29,1008.8,1010.5,1007.5,75,50,1.8,14,8.3,16,0.0
2018/05/30,1008.7,1010.2,1006.4,73,40,1.7,11,6.4,357,0.0
2018/05/31,1008.2,1009.7,1006.8,76,46,1.6,26,6.9,348,4.0
2018/06/01,1011.0,1012.7,1008.4,88,76,1.8,46,7.4,33,2.0
2018/06/02,1010.7,1012.2,1009.1,81,64,1.4,254,4.2,92,0.0
2018/06/03,1007.9,1009.1,1006.6,81,58,1.6,16,5.8,51,0.0
2018/06/04,1008.1,1009.9,1006.7,82,62,1.5,233,5.5,50,1.5
2018/06/05,1008.0,1009.4,1006.7,83,53,1.8,256,6.0,20,10.5
2018/06/06,1008.0,1010.1,1006.2,88,55,1.6,73,6.6,204,109.0
2018/06/07,1006.8,1008.4,1004.6,85,65,1.7,83,9.5,105,0.5
2018/06/08,1003.3,1006.1,1001.7,83,62,1.7,63,8.2,114,15.5
2018/06/09,999.1,1001.8,996.7,78,55,1.9,55,8.9,46,0.5
2018/06/10,999.0,1000.6,997.8,84,60,1.4,66,6.1,91,1.5
2018/06/11,999.9,1003.3,997.1,88,71,1.6,49,7.0,47,8.0
2018/06/12,1003.2,1004.7,1001.8,65,29,1.8,252,6.6,125,0.0
2018/06/13,1000.8,1002.6,998.6,81,64,1.5,34,6.9,102,0.0
2018/06/14,997.2,998.9,995.9,88,62,2.1,260,8.7,41,59.0
2018/06/15,998.4,1002.9,994.6,91,72,2.0,265,6.2,282,10.0
2018/06/16,1003.9,1005.5,1001.7,75,47,1.9,230,7.9,84,0.0
2018/06/17,1003.7,1005.3,1002.1,83,58,1.6,45,5.2,34,0.0
2018/06/18,1003.0,1004.3,1001.9,88,64,1.4,48,4.3,58,11.0
2018/06/19,1002.3,1004.2,1001.3,88,57,1.4,9,4.3,349,0.5
2018/06/20,1003.5,1005.0,1002.1,87,66,1.2,262,4.6,280,1.0
2018/06/21,1005.2,1007.0,1003.4,86,55,1.4,20,4.8,66,6.5
2018/06/22,1006.4,1008.0,1004.6,89,62,1.5,248,6.3,326,18.5
2018/06/23,1006.9,1008.8,1006.0,88,57,1.3,255,5.7,32,2.0
2018/06/24,1008.4,1009.9,1006.9,83,59,1.6,240,5.1,79,0.0
2018/06/25,1009.5,1010.9,1007.9,81,55,1.7,32,6.0,3,0.0
2018/06/26,1010.0,1011.5,1009.0,78,50,1.9,261,6.9,332,0.0
2018/06/27,1008.3,1009.9,1006.5,76,53,1.8,2,6.7,358,0.0
2018/06/28,1005.2,1007.6,1003.2,76,51,1.7,3,5.8,353,0.0
2018/06/29,1002.9,1004.2,1001.4,77,53,1.7,277,6.3,116,0.0
2018/06/30,1003.4,1004.8,1002.1,72,53,1.8,268,5.9,133,0.0
2018/07/01,1001.4,1003.7,999.7,74,49,2.3,23,9.2,121,0.0
2018/07/02,1000.2,1001.4,998.6,74,47,1.6,270,4.6,355,0.0
2018/07/03,999.5,1000.8,998.3,69,40,1.5,13,5.7,86,0.0
2018/07/04,999.2,1000.7,997.4,69,43,1.6,28,5.3,118,0.0
2018/07/05,999.8,1001.5,998.0,71,50,1.5,269,4.3,267,0.0
2018/07/06,1001.5,1003.5,1000.2,70,46,1.7,248,6.9,119,0.0
2018/07/07,1003.4,1005.8,1002.3,74,50,1.9,274,5.9,19,0.0
2018/07/08,1005.3,1007.4,1003.9,74,50,1.9,224,6.6,111,0.0
2018/07/09,1006.8,1008.4,1005.3,77,55,2.1,50,9.4,114,0.0
2018/07/10,1000.1,1007.2,989.3,72,42,2.8,5,10.8,245,12.5
2018/07/11,998.0,1005.1,988.2,89,71,2.0,112,10.5,115,21.5
2018/07/12,1005.6,1007.1,1003.7,78,54,2.7,116,13.8,112,0.5
2018/07/13,1006.3,1007.8,1004.8,72,54,3.1,114,13.4,113,0.0
2018/07/14,1005.9,1007.0,1004.3,70,50,3.0,117,13.3,110,0.0
2018/07/15,1006.2,1007.4,1005.2,72,51,2.9,114,11.8,115,0.0
2018/07/16,1005.3,1006.7,1003.8,77,60,2.6,115,11.8,119,6.0
2018/07/17,1004.6,1005.7,1002.8,77,62,3.9,112,13.4,111,1.5
2018/07/18,1004.9,1006.4,1003.8,77,58,2.3,80,11.3,106,0.0
2018/07/19,1005.4,1006.7,1004.2,81,58,1.8,83,7.7,116,0.0
2018/07/20,1003.1,1005.0,1001.6,75,48,2.0,17,6.4,114,0.0
2018/07/21,998.9,1001.8,997.3,68,39,2.1,260,9.5,1,0.0
2018/07/22,999.5,1001.0,998.5,73,48,1.9,31,7.7,122,0.0
2018/07/23,1001.8,1005.0,998.3,77,55,1.6,22,4.9,118,0.0
2018/07/24,1005.2,1006.6,1003.9,77,47,1.7,80,8.2,122,0.0
2018/07/25,1005.9,1007.3,1004.2,74,49,1.9,106,7.0,116,0.0
2018/07/26,1005.6,1007.1,1003.8,72,47,1.9,14,6.9,50,0.0
2018/07/27,1005.5,1006.9,1004.3,72,52,1.9,32,8.1,115,0.0
2018/07/28,1005.1,1006.4,1003.3,68,48,2.0,257,8.3,113,0.0
2018/07/29,1003.7,1005.0,1002.1,69,46,1.9,252,6.8,54,0.0
2018/07/30,1003.1,1004.3,1001.4,68,42,1.8,15,6.6,41,0.0
2018/07/31,1002.7,1003.9,1001.0,68,43,1.9,268,7.7,9,0.0
2018/08/01,1002.0,1003.0,1000.2,64,43,1.9,82,7.0,55,0.0
2018/08/02,1001.0,1002.1,999.1,67,43,1.8,258,6.6,72,0.0
2018/08/03,1002.1,1004.1,1000.3,76,46,2.1,259,5.4,121,2.5
2018/08/04,1004.0,1005.4,1002.6,71,43,2.0,266,7.1,115,0.0
2018/08/05,1004.9,1006.4,1003.8,72,46,1.8,16,7.8,119,0.0
2018/08/06,1004.5,1006.0,1002.9,69,48,2.0,264,7.9,112,0.0
2018/08/07,1004.0,1005.0,1002.7,67,46,2.1,66,6.9,115,0.0
2018/08/08,1004.0,1005.4,1002.7,68,45,2.1,89,7.2,112,0.0
2018/08/09,1003.9,1005.0,1002.9,70,47,2.0,258,7.9,123,0.0
2018/08/10,1002.4,1003.8,1000.8,70,44,2.3,257,9.4,107,0.0
2018/08/11,998.6,1001.7,995.7,64,38,2.1,255,7.4,128,0.0
2018/08/12,994.6,996.9,992.9,60,34,2.4,219,9.8,91,0.0
2018/08/13,997.9,999.3,996.1,78,54,2.0,112,8.5,71,5.0
2018/08/14,998.0,999.2,996.2,85,49,1.7,145,6.3,19,4.0
2018/08/15,999.5,1000.6,998.4,86,53,1.2,6,6.1,108,14.0
2018/08/16,998.8,1000.1,997.5,77,48,1.0,29,5.2,58,0.0
2018/08/17,998.3,1000.4,996.7,75,51,1.1,270,4.8,80,0.0
2018/08/18,1000.7,1001.9,999.6,83,54,1.1,254,7.2,264,34.5
2018/08/19,1002.4,1003.9,1000.9,81,56,1.1,255,5.5,48,0.0
2018/08/20,1001.9,1003.6,1000.6,80,58,1.1,244,5.9,113,0.0
2018/08/21,999.3,1000.7,997.6,75,53,1.2,252,6.0,120,0.0
2018/08/22,997.3,999.2,995.0,73,54,1.3,214,7.5,273,0.0
2018/08/23,994.6,996.8,992.6,81,58,1.8,110,10.8,109,0.0
2018/08/24,995.8,998.1,993.7,82,61,0.9,19,5.2,109,1.5
2018/08/25,997.2,998.9,995.7,76,54,1.6,117,9.3,109,1.0
2018/08/26,999.1,1001.6,997.6,79,63,1.6,118,9.1,103,1.5
2018/08/27,1002.8,1005.6,1000.7,84,54,0.8,122,7.0,118,2.5
2018/08/28,1005.1,1006.8,1003.7,81,54,0.9,18,7.0,109,0.0
2018/08/29,1006.1,1008.6,1004.5,81,58,0.8,63,4.4,360,0.5
2018/08/30,1009.2,1012.2,1007.4,84,52,0.9,210,6.5,194,21.5
2018/08/31,1010.9,1011.9,1009.8,86,55,0.9,260,5.9,285,7.0
2018/09/01,1009.1,1011.3,1007.4,75,52,1.1,59,4.9,57,0.0
2018/09/02,1006.0,1008.0,1003.9,69,47,1.0,85,5.3,69,0.0
2018/09/03,1003.5,1005.5,1001.7,69,44,1.0,2,5.0,122,0.0
2018/09/04,1002.6,1004.7,1001.2,69,46,1.0,231,4.6,61,0.0
2018/09/05,1004.5,1006.2,1003.3,75,47,1.2,71,6.2,115,0.0
2018/09/06,1004.5,1005.9,1002.8,77,54,1.3,49,5.9,114,0.0
2018/09/07,1004.9,1006.3,1003.5,74,50,1.2,66,6.2,56,0.0
2018/09/08,1006.7,1008.7,1005.3,80,54,1.1,252,5.9,125,26.5
2018/09/09,1009.4,1013.0,1007.0,90,51,1.6,6,10.0,29,57.5
2018/09/10,1010.3,1012.9,1007.7,98,92,1.2,255,5.8,142,97.0
2018/09/11,1007.4,1009.1,1006.2,83,56,0.7,6,5.8,127,0.5
2018/09/12,1008.2,1009.3,1007.2,80,54,1.0,231,5.9,17,0.0
2018/09/13,1009.0,1010.6,1007.9,78,49,1.5,111,9.1,110,0.0
2018/09/14,1009.3,1010.7,1007.7,80,53,1.2,70,8.1,83,2.0
2018/09/15,1006.5,1008.6,1004.6,89,77,3.4,114,15.8,114,24.5
2018/09/16,1007.5,1011.1,1004.5,84,68,2.8,119,14.2,116,19.0
2018/09/17,1011.6,1014.4,1009.3,79,51,0.9,1,5.2,77,0.0
2018/09/18,1013.4,1014.8,1011.7,80,60,1.4,232,7.4,110,0.0
2018/09/19,1011.5,1013.5,1009.8,78,57,1.4,230,8.4,123,0.0
2018/09/20,1009.5,1011.0,1007.9,76,48,1.2,351,6.7,42,0.0
2018/09/21,1010.5,1013.1,1008.6,74,50,1.1,225,5.1,6,0.0
2018/09/22,1012.7,1014.4,1011.4,79,57,1.0,260,4.9,124,0.0
2018/09/23,1011.6,1013.7,1009.7,83,57,1.1,268,5.4,113,0.5
2018/09/24,1009.3,1011.7,1007.8,91,66,1.1,252,6.0,259,15.5
2018/09/25,1008.2,1009.7,1006.6,82,63,1.5,255,7.4,13,6.0
2018/09/26,1007.2,1008.7,1005.4,87,70,1.2,250,4.8,271,3.5
2018/09/27,1007.0,1008.2,1005.9,84,59,1.5,258,5.7,3,15.5
2018/09/28,1005.6,1007.8,1003.1,93,78,1.1,256,5.0,268,15.5
2018/09/29,1004.5,1007.1,1002.5,65,45,1.8,198,10.4,279,0.0
2018/09/30,1009.9,1013.6,1006.3,65,45,1.6,56,8.5,90,0.0
2018/10/01,1014.0,1015.9,1012.5,58,18,1.4,100,5.0,283,1.0
2018/10/02,1015.5,1017.0,1013.7,68,42,1.7,39,6.7,41,0.5
2018/10/03,1014.3,1016.0,1012.5,67,42,1.8,28,6.7,27,0.0
2018/10/04,1008.9,1013.2,1006.1,66,55,1.5,288,8.3,277,0.0
2018/10/05,1007.5,1011.4,1004.5,62,41,1.2,109,9.3,335,0.0
2018/10/06,1013.1,1015.3,1010.4,78,54,1.1,251,4.6,48,12.0
2018/10/07,1013.8,1015.5,1012.5,89,66,0.7,246,3.1,253,12.5
2018/10/08,1012.9,1014.7,1011.1,96,81,0.9,274,5.6,330,163.5
2018/10/09,1012.4,1013.7,1010.2,95,84,0.8,9,4.1,264,50.5
2018/10/10,1014.2,1016.4,1012.2,96,83,1.5,254,6.0,229,36.0
2018/10/11,1017.6,1020.0,1014.2,98,95,0.8,257,5.1,274,47.0
2018/10/12,1019.5,1021.2,1018.4,98,92,1.3,258,4.2,275,40.5
2018/10/13,1018.3,1020.3,1016.9,99,95,1.3,257,4.9,247,42.5
2018/10/14,1014.9,1017.7,1012.7,94,75,1.1,254,4.5,237,13.0
2018/10/15,1013.4,1015.1,1011.0,93,67,1.0,254,6.0,50,1.0
2018/10/16,1011.1,1012.9,1009.0,89,65,1.0,47,6.1,34,0.5
2018/10/17,1012.3,1014.0,1010.1,93,66,0.7,27,4.7,253,9.5
2018/10/18,1015.9,1019.0,1012.9,94,82,1.7,253,5.2,225,7.5
2018/10/19,1019.5,1021.3,1017.3,98,93,1.4,253,4.5,259,20.0
2018/10/20,1019.7,1021.5,1018.0,92,82,1.8,253,5.4,267,3.0
2018/10/21,1016.9,1019.1,1014.4,80,56,1.1,253,4.1,243,0.0
2018/10/22,1014.3,1016.3,1011.8,80,56,1.0,272,4.4,223,0.0
2018/10/23,1015.6,1017.5,1013.8,85,58,0.9,238,4.7,36,2.0
2018/10/24,1016.5,1018.0,1015.1,83,65,0.9,253,3.4,240,0.0
2018/10/25,1015.7,1017.5,1013.4,80,58,1.0,253,3.6,274,0.0
2018/10/26,1014.5,1016.8,1012.6,78,47,1.1,27,6.3,111,0.5
2018/10/27,1018.9,1020.6,1016.0,74,40,1.5,36,8.8,52,0.5
2018/10/28,1016.8,1019.9,1013.9,62,38,2.0,254,7.4,77,0.0
2018/10/29,1015.5,1017.0,1012.9,52,30,1.9,261,6.6,266,0.0
2018/10/30,1016.2,1017.3,1015.0,79,55,1.3,259,5.1,222,16.0
2018/10/31,1017.9,1020.6,1016.1,99,99,1.2,27,5.4,20,104.5
2018/11/01,1019.6,1020.9,1018.2,100,98,1.0,251,4.7,265,69.0
2018/11/02,1017.2,1019.0,1015.4,99,95,1.3,113,6.4,124,76.0
2018/11/03,1014.4,1016.2,1012.2,94,76,0.9,176,6.5,251,44.0
2018/11/04,1015.6,1017.2,1014.0,86,70,0.6,50,4.8,274,0.0
2018/11/05,1016.4,1017.9,1015.2,97,86,0.8,256,4.2,271,38.0
2018/11/06,1017.1,1018.7,1015.0,93,71,0.5,30,4.3,73,6.5
2018/11/07,1016.3,1018.3,1014.7,88,63,0.7,45,4.1,127,0.5
2018/11/08,1015.2,1016.5,1013.6,82,54,0.8,256,3.8,346,0.0
2018/11/09,1017.2,1018.9,1015.3,94,85,1.5,30,7.9,33,67.0
2018/11/10,1017.7,1020.4,1014.9,90,65,0.9,13,5.9,38,63.5
2018/11/11,1015.5,1017.8,1013.6,80,54,1.2,11,5.1,354,0.0
2018/11/12,1013.3,1015.3,1011.2,80,59,0.8,116,4.1,242,0.0
2018/11/13,1014.6,1016.2,1013.2,84,64,1.2,35,7.5,24,2.5
2018/11/14,1017.1,1018.8,1015.8,97,82,1.3,255,4.1,258,8.0
2018/11/15,1016.5,1018.3,1014.0,85,64,0.8,261,3.5,273,0.0
2018/11/16,1015.5,1017.0,1013.3,79,50,0.9,28,5.8,56,0.0
2018/11/17,1016.4,1018.1,1015.2,97,87,0.7,240,7.6,35,14.0
2018/11/18,1014.4,1016.3,1012.2,85,57,0.6,8,3.6,134,0.5
2018/11/19,1017.5,1020.0,1013.7,89,76,1.0,50,7.1,31,1.0
2018/11/20,1018.3,1020.4,1016.3,91,77,0.9,253,4.3,266,1.0
2018/11/21,1015.3,1017.3,1012.7,81,52,0.8,234,4.3,355,4.5
2018/11/22,1020.4,1022.6,1016.5,89,73,1.1,264,5.6,63,13.5
2018/11/23,1020.7,1022.1,1019.4,98,90,1.1,10,4.3,264,15.5
2018/11/24,1019.6,1021.1,1017.8,95,81,0.8,252,3.6,280,9.5
2018/11/25,1017.4,1020.4,1014.5,77,42,1.0,217,6.1,104,0.0
2018/11/26,1017.8,1019.4,1016.0,83,63,1.1,234,6.1,249,1.0
2018/11/27,1018.8,1020.4,1017.2,91,77,1.1,222,4.2,248,0.5
2018/11/28,1019.2,1021.6,1017.4,89,73,1.1,264,5.2,265,0.0
2018/11/29,1022.1,1024.1,1020.5,79,58,1.0,252,4.9,265,0.0
2018/11/30,1020.5,1023.0,1018.2,76,48,1.5,114,7.9,105,0.0
2018/12/01,1017.9,1020.1,1015.7,75,47,1.1,256,4.4,257,0.0
2018/12/02,1015.9,1017.8,1013.6,76,49,1.1,247,4.7,112,0.0
2018/12/03,1015.9,1017.8,1014.3,75,33,1.1,253,5.1,118,0.0
2018/12/04,1015.9,1017.6,1014.1,69,38,1.1,59,4.8,21,0.0
2018/12/05,1017.3,1019.8,1015.5,98,85,0.9,254,6.0,67,10.0
2018/12/06,1014.9,1017.5,1012.6,84,55,0.9,65,6.0,54,0.0
2018/12/07,1021.3,1023.2,1017.4,95,72,1.2,115,4.5,51,9.5
2018/12/08,1023.1,1025.1,1022.0,99,96,1.1,239,4.5,286,34.0
2018/12/09,1021.8,1024.8,1019.5,98,91,1.6,253,5.2,272,19.5
2018/12/10,1017.7,1019.6,1016.1,97,86,1.1,104,5.0,236,10.0
2018/12/11,1017.5,1022.4,1014.8,82,62,1.4,53,6.4,51,0.0
2018/12/12,1024.6,1026.1,1022.3,83,65,1.4,194,6.5,25,0.5
2018/12/13,1024.7,1026.2,1023.0,96,82,1.1,252,4.1,262,26.0
2018/12/14,1025.8,1027.8,1024.3,100,100,0.9,255,4.3,269,112.0
2018/12/15,1023.6,1026.7,1020.6,100,99,0.4,278,4.2,49,69.5
2018/12/16,1018.9,1021.2,1016.2,85,57,0.9,45,5.9,48,0.5
2018/12/17,1022.5,1025.1,1018.9,67,48,1.8,45,6.3,354,0.0
,1023.5,--,--,67,--,1.5,252,--,--,0.0
2018/12/19,1019.8,1022.6,1016.9,69,37,1.3,256,4.6,118,0.0
2018/12/20,1016.2,1018.3,1013.6,67,32,1.2,255,4.5,265,0.0
2018/12/21,1016.4,1018.4,1014.5,81,54,1.1,24,3.7,231,0.0
2018/12/22,1016.3,1018.1,1014.5,81,50,0.9,92,4.4,120,0.0
2018/12/23,1018.4,1021.3,1015.2,95,80,0.9,32,8.9,34,40.5
,1019.7,--,--,98,--,1.2,254,--,--,13.5
2018/12/25,1014.3,1017.5,1012.2,92,76,0.6,43,2.5,264,1.0
2018/12/26,1011.8,1014.2,1008.9,82,56,1.0,37,6.4,15,0.0
2018/12/27,1017.7,1021.6,1013.7,93,78,1.0,20,4.6,232,6.5
2018/12/28,1024.8,1027.6,1021.3,92,73,1.0,237,6.6,36,22.0
2018/12/29,1028.6,1030.8,1026.4,90,75,1.5,225,5.2,268,4.0
2018/12/30,1026.8,1028.9,1024.6,99,94,0.9,260,5.0,267,104.0
2018/12/31,1027.0,1028.3,1025.2,100,100,1.2,262,8.1,2,106.0
2019/01/01,1027.4,1029.4,1025.7,100,100,1.1,252,5.3,45,119.0
2019/01/02,1026.0,1028.8,1023.7,100,100,1.3,256,5.2,266,106.0
2019/01/03,1025.6,1027.9,1024.3,100,99,1.0,254,4.5,248,96.5
2019/01/04,1021.3,1024.4,1018.4,92,71,0.6,260,3.6,351,3.0
2019/01/05,1019.4,1020.7,1017.7,89,64,0.8,13,6.4,59,0.0
2019/01/06,1021.9,1023.5,1019.3,96,85,0.7,27,5.6,50,12.0
2019/01/07,1020.7,1023.0,1018.9,97,88,0.6,214,2.8,2,1.5
,1021.2,--,--,94,--,1.0,43,--,--,20.0
2019/01/09,1023.7,1026.6,1021.1,99,90,0.8,254,3.7,2,28.5
2019/01/10,1019.2,1021.4,1016.5,86,59,0.7,255,3.6,127,0.5
2019/01/11,1016.9,1018.9,1014.3,85,59,0.8,82,4.3,127,0.0
2019/01/12,1017.9,1020.7,1015.5,86,63,1.2,51,7.0,60,1.0
2019/01/13,1019.8,1021.0,1018.2,96,83,1.0,215,4.5,269,8.5
2019/01/14,1019.4,1022.2,1017.3,90,69,1.0,259,4.2,269,24.5
2019/01/15,1017.9,1020.9,1015.7,82,49,1.2,261,7.0,47,3.0
2019/01/16,1020.8,1022.6,1018.6,99,90,1.0,31,4.9,49,45.0
2019/01/17,1022.6,1025.2,1020.3,87,69,0.9,218,6.1,55,1.0
2019/01/18,1023.1,1025.9,1020.2,70,45,1.4,273,7.5,140,0.0
2019/01/19,1019.2,1021.5,1017.0,69,40,1.3,252,4.5,261,0.0
2019/01/20,1019.6,1023.0,1017.3,84,55,1.2,41,8.7,38,7.5
2019/01/21,1021.9,1023.8,1020.0,96,87,1.2,231,4.8,230,6.5
2019/01/22,1021.0,1022.1,1019.6,83,69,1.1,28,4.8,25,0.0
,1020.8,--,--,74,--,1.6,255,--,--,0.0
2019/01/24,1020.7,1022.6,1019.6,79,69,1.1,259,4.3,268,0.0
2019/01/25,1020.5,1023.4,1018.3,72,56,1.4,43,5.5,59,0.0
2019/01/26,1025.4,1027.3,1023.2,71,55,1.2,275,6.2,360,0.0
2019/01/27,1024.8,1027.6,1021.9,77,65,1.8,253,7.4,219,0.0
2019/01/28,1021.0,1022.9,1019.2,76,51,1.1,259,4.7,54,0.0
2019/01/29,1021.9,1024.3,1020.4,94,80,0.8,253,3.5,280,10.5
2019/01/30,1019.9,1022.4,1017.7,77,46,1.2,255,4.2,271,0.0
2019/01/31,1018.5,1023.8,1015.5,72,37,1.7,252,10.5,9,0.0
2019/02/01,1024.0,1026.4,1022.2,85,76,1.1,227,5.6,38,0.0
2019/02/02,1018.6,1022.2,1015.9,78,49,1.2,27,6.1,117,0.0
2019/02/03,1016.8,1019.0,1014.1,76,45,1.1,249,4.2,252,0.0
2019/02/04,1019.2,1022.4,1016.6,90,79,1.0,45,6.7,83,6.0
2019/02/05,1015.2,1018.1,1012.5,83,61,0.8,148,4.1,84,0.0
2019/02/06,1013.9,1015.7,1011.8,86,59,1.3,24,4.9,36,0.0
2019/02/07,1013.9,1015.8,1011.7,75,44,1.4,256,6.2,62,0.0
2019/02/08,1017.0,1019.2,1015.4,83,73,1.0,230,4.0,145,0.0
2019/02/09,1019.5,1022.7,1015.9,84,61,1.0,56,5.9,78,0.0
2019/02/10,1022.5,1023.8,1021.0,84,63,1.0,30,3.7,222,0.0
2019/02/11,1025.2,1027.2,1022.5,91,79,0.9,152,5.0,154,0.0
2019/02/12,1023.0,1025.8,1020.0,88,63,0.8,251,4.1,140,1.0
2019/02/13,1021.7,1023.2,1020.2,89,70,1.2,84,5.2,69,0.0
2019/02/14,1020.6,1022.1,1018.9,81,59,1.2,243,5.6,125,0.0
2019/02/15,1018.7,1020.5,1016.1,83,59,1.0,48,5.4,106,0.0
2019/02/16,1019.1,1020.9,1017.5,92,78,1.1,35,4.8,28,0.0
,1020.2,--,--,93,--,0.9,31,--,--,3.0
2019/02/18,1014.7,1019.3,1012.6,91,79,1.0,259,3.9,110,4.0
2019/02/19,1017.1,1020.3,1013.6,84,56,0.9,123,4.4,339,0.0
2019/02/20,1018.7,1020.3,1017.0,84,59,0.9,278,4.2,107,0.0
2019/02/21,1017.1,1019.3,1014.9,90,63,0.8,98,4.2,84,0.0
2019/02/22,1016.2,1020.3,1013.6,80,60,1.6,43,8.2,121,0.0
2019/02/23,1019.2,1020.7,1017.1,86,73,1.6,229,7.5,23,0.0
2019/02/24,1016.8,1018.9,1014.7,100,92,0.8,257,4.4,274,26.5
2019/02/25,1017.1,1019.8,1015.1,89,75,0.7,55,5.0,29,0.0
2019/02/26,1018.1,1020.6,1016.2,91,72,0.6,249,3.2,262,0.5
2019/02/27,1014.6,1016.8,1012.0,85,60,0.7,24,4.3,109,0.0
2019/02/28,1015.5,1018.5,1013.0,93,85,0.8,46,6.4,35,0.0
2019/03/01,1016.6,1018.9,1014.7,88,68,0.6,224,2.8,235,0.0
2019/03/02,1011.9,1015.2,1009.3,85,52,0.8,261,4.3,46,0.0
2019/03/03,1009.1,1011.6,1007.2,86,62,0.7,7,5.6,113,0.0
2019/03/04,1015.8,1019.1,1011.3,76,64,1.3,55,6.3,26,0.0
2019/03/05,1013.5,1018.0,1009.3,83,57,0.9,229,5.8,331,0.5
2019/03/06,1013.0,1017.9,1010.2,79,40,1.5,47,9.5,56,2.0
2019/03/07,1019.8,1021.8,1016.9,98,89,0.8,217,4.3,274,44.0
2019/03/08,1018.0,1021.2,1015.0,96,80,1.0,285,5.4,273,18.5
2019/03/09,1010.8,1015.5,1007.9,97,80,0.9,251,3.7,262,14.0
2019/03/10,1010.5,1015.3,1007.3,72,54,1.6,45,9.0,335,4.5
2019/03/11,1014.4,1016.2,1012.7,74,56,1.1,40,5.3,243,0.0
2019/03/12,1016.2,1018.1,1013.9,61,39,1.5,108,6.9,114,0.0
2019/03/13,1019.4,1021.5,1017.4,81,50,1.2,117,6.8,130,2.5
2019/03/14,1018.1,1020.7,1014.7,75,45,1.3,1,6.2,20,0.5
2019/03/15,1021.0,1022.9,1018.7,68,39,1.3,29,5.2,237,1.5
2019/03/16,1020.6,1022.9,1018.4,57,38,1.3,112,7.0,105,0.0
2019/03/17,1018.6,1020.6,1016.7,81,53,0.8,6,3.4,272,0.5
2019/03/18,1014.5,1017.6,1012.5,84,52,0.8,237,4.6,79,1.5
2019/03/19,1015.4,1017.2,1012.9,89,73,0.7,42,4.5,40,0.0
2019/03/20,1011.6,1015.6,1008.4,79,53,1.1,253,3.8,30,0.0
2019/03/21,1009.4,1011.1,1006.9,80,55,0.9,22,4.4,13,0.0
2019/03/22,1013.8,1017.4,1010.0,92,83,1.3,42,7.0,29,0.5
2019/03/23,1020.0,1023.4,1016.6,86,72,1.5,45,6.5,26,3.5
2019/03/24,1018.7,1022.3,1015.8,90,73,1.2,254,5.1,213,4.5
2019/03/25,1014.5,1017.6,1012.5,91,81,1.0,34,5.4,196,0.5
2019/03/26,1019.4,1021.3,1017.4,89,70,0.9,4,4.1,225,0.0
2019/03/27,1015.8,1019.3,1012.4,79,48,1.1,227,4.9,26,0.0
2019/03/28,1009.5,1012.8,1006.2,77,51,1.1,17,4.1,14,0.0
2019/03/29,1008.0,1011.6,1006.3,77,55,1.3,148,6.8,28,1.5
2019/03/30,1013.8,1017.1,1010.6,83,60,1.1,47,6.1,20,5.0
2019/03/31,1020.0,1022.8,1016.6,98,75,1.3,266,6.0,12,20.5
2019/04/01,1022.2,1023.5,1020.9,100,100,1.2,258,3.7,277,49.5
2019/04/02,1018.0,1021.7,1015.3,89,67,0.7,256,4.2,224,0.0
2019/04/03,1015.7,1017.4,1013.8,80,52,1.1,263,4.9,41,0.0
2019/04/04,1013.7,1016.8,1010.9,84,58,0.9,60,4.3,121,0.0
2019/04/05,1011.6,1013.9,1009.8,80,55,1.3,93,7.5,143,0.0
2019/04/06,1011.5,1013.5,1008.8,79,57,1.0,228,4.5,336,0.0
2019/04/07,1010.5,1011.9,1009.0,78,52,1.0,20,5.0,119,0.0
2019/04/08,1011.2,1012.6,1009.9,81,49,1.3,239,6.9,72,0.0
2019/04/09,1008.7,1011.4,1005.9,76,50,1.0,15,4.3,6,0.0
2019/04/10,1009.4,1013.0,1006.9,85,60,1.4,4,7.8,116,2.0
2019/04/11,1010.3,1014.4,1006.8,89,67,0.8,350,6.9,38,10.5
2019/04/12,1015.9,1018.0,1013.3,88,69,1.0,230,4.4,59,0.0
2019/04/13,1014.3,1017.4,1012.6,88,55,0.7,169,4.2,59,10.5
2019/04/14,1013.5,1016.1,1011.3,91,62,1.0,33,4.5,25,8.0
2019/04/15,1016.0,1017.9,1014.6,92,75,1.3,257,5.3,240,2.0
2019/04/16,1010.4,1014.7,1007.1,98,90,0.7,7,4.1,137,7.0
2019/04/17,1010.9,1013.0,1008.5,76,44,0.9,22,5.2,119,0.0
2019/04/18,1010.5,1012.4,1009.0,74,47,1.2,344,5.7,356,0.0
2019/04/19,1008.5,1010.6,1005.7,86,59,0.8,242,4.2,354,1.5
2019/04/20,1007.5,1009.0,1006.2,86,60,0.9,102,6.8,107,2.5
2019/04/21,1007.6,1009.4,1006.4,88,64,0.6,9,3.6,71,14.5
2019/04/22,1008.2,1010.1,1006.6,80,51,0.8,26,3.9,86,0.0
2019/04/23,1008.0,1009.9,1006.6,81,59,0.9,25,4.8,55,0.0
2019/04/24,1007.3,1009.4,1005.4,83,61,0.9,3,4.3,83,0.0
2019/04/25,1006.9,1009.8,1004.9,79,61,0.8,31,4.7,111,0.0
2019/04/26,1011.0,1014.3,1007.8,79,59,0.9,13,4.9,97,1.5
2019/04/27,1013.8,1015.7,1011.2,98,88,1.2,254,7.5,52,157.0
2019/04/28,1011.9,1013.6,1010.2,88,56,0.7,14,4.3,84,0.5
2019/04/29,1009.5,1012.0,1007.1,82,58,1.1,359,4.8,26,0.0
2019/04/30,1005.5,1008.3,1003.0,79,53,1.0,223,5.5,21,0.0
2019/05/01,1008.0,1013.2,1002.6,86,61,1.1,29,6.2,57,19.0
2019/05/02,1013.8,1015.6,1011.5,94,79,1.1,258,4.1,269,41.0
2019/05/03,1015.1,1016.4,1013.3,87,69,1.4,258,6.8,261,5.0
2019/05/04,1014.0,1015.8,1011.8,86,65,1.2,254,4.6,265,1.5
2019/05/05,1011.3,1013.1,1008.4,81,52,1.0,256,5.2,61,2.5
2019/05/06,1011.0,1012.7,1009.5,98,90,1.2,272,6.2,19,39.0
2019/05/07,1012.1,1013.8,1009.8,99,95,1.1,255,3.8,280,34.5
2019/05/08,1008.9,1011.7,1005.8,89,62,0.9,256,4.4,277,0.0
2019/05/09,1008.2,1010.0,1006.9,97,79,0.7,76,4.2,119,24.0
2019/05/10,1010.1,1011.5,1008.7,90,71,0.6,19,3.5,225,10.0
2019/05/11,1011.0,1012.4,1009.3,91,66,0.9,262,5.5,74,4.5
2019/05/12,1010.4,1011.8,1008.7,90,67,1.0,249,5.3,111,18.0
2019/05/13,1008.9,1010.8,1007.1,86,61,0.8,37,4.3,25,3.0
2019/05/14,1008.0,1010.1,1006.2,83,57,1.1,255,5.7,121,0.0
2019/05/15,1008.5,1010.5,1006.9,91,68,0.7,50,5.1,87,3.0
2019/05/16,1005.2,1007.3,1003.3,85,55,0.8,260,3.9,50,0.0
2019/05/17,1003.7,1005.9,1001.8,97,82,0.4,21,4.3,275,32.0
2019/05/18,1003.8,1006.0,1002.3,91,63,0.8,248,5.5,9,27.5
2019/05/19,1005.7,1007.0,1004.0,83,54,0.8,266,4.2,116,0.5
2019/05/20,1007.2,1011.6,1003.6,94,75,1.0,223,6.2,45,15.5
2019/05/21,1010.8,1012.5,1009.6,72,44,0.9,35,4.1,93,0.0
2019/05/22,1009.6,1010.6,1007.8,72,44,0.7,266,3.4,244,0.0
2019/05/23,1011.3,1013.0,1008.9,95,85,0.7,34,4.8,42,4.5
2019/05/24,1012.1,1013.7,1010.8,86,72,0.9,268,7.0,107,1.0
2019/05/25,1011.1,1012.6,1009.3,81,61,0.7,230,3.9,203,0.0
2019/05/26,1009.3,1010.7,1007.8,79,56,0.8,236,5.9,21,0.0
2019/05/27,1008.2,1009.5,1006.4,86,52,0.9,17,4.0,33,1.5
2019/05/28,1009.0,1012.0,1006.8,93,74,1.0,48,6.4,14,4.5
2019/05/29,1010.9,1012.3,1009.5,84,66,0.9,36,4.8,56,0.0
2019/05/30,1009.5,1011.6,1007.1,84,54,1.0,252,4.4,120,0.0
2019/05/31,1007.9,1009.4,1006.2,89,54,0.9,17,5.4,358,7.5
2019/06/01,1006.6,1008.8,1004.7,91,63,0.7,12,4.7,77,5.5
2019/06/02,1004.8,1006.5,1003.4,90,59,0.7,145,4.0,30,0.0
2019/06/03,1006.1,1007.8,1004.6,91,75,0.7,15,5.0,114,0.0
2019/06/04,1007.8,1009.8,1005.8,89,63,0.7,260,3.4,35,2.0
2019/06/05,1009.5,1010.9,1008.2,83,57,1.0,249,4.9,93,0.0
2019/06/06,1009.3,1010.5,1007.6,80,50,0.9,266,4.8,356,0.0
2019/06/07,1008.8,1010.2,1007.6,80,56,0.9,6,5.1,1,0.0
2019/06/08,1006.5,1008.3,1004.5,82,59,0.7,8,4.3,116,0.0
2019/06/09,1002.8,1004.5,1001.5,80,54,0.7,255,3.4,78,0.0
2019/06/10,1002.0,1003.7,999.1,87,60,0.6,17,3.1,274,2.0
2019/06/11,1003.7,1007.0,1001.2,99,90,0.9,258,4.8,32,40.5
2019/06/12,1006.3,1007.4,1005.0,95,61,0.6,220,4.2,30,26.5
2019/06/13,1002.2,1005.9,999.7,92,65,0.4,2,4.0,119,6.5
2019/06/14,1000.4,1004.2,997.2,89,67,0.5,173,5.8,4,16.5
2019/06/15,1006.0,1007.8,1003.6,76,49,0.9,255,4.6,55,0.0
2019/06/16,1007.6,1009.7,1006.1,76,55,1.1,271,6.4,109,0.0
2019/06/17,1009.0,1010.7,1007.4,80,50,1.0,17,5.5,68,8.0
2019/06/18,1008.3,1009.9,1007.1,86,62,0.6,259,3.5,349,0.0
2019/06/19,1006.0,1007.4,1004.3,81,55,0.9,37,4.9,43,0.0
2019/06/20,1004.6,1005.7,1003.4,78,55,0.8,2,5.3,22,0.0
2019/06/21,1003.0,1004.3,1001.8,73,48,1.1,51,5.0,28,0.0
2019/06/22,1002.2,1003.1,1001.4,86,66,0.7,267,3.4,241,0.0
2019/06/23,1003.3,1006.9,1000.1,95,82,0.6,24,3.0,94,8.5
2019/06/24,1007.6,1009.9,1004.5,99,98,0.5,15,3.2,104,14.5
2019/06/25,1007.1,1009.0,1005.0,89,62,0.8,26,6.5,112,7.5
2019/06/26,1003.3,1005.6,1001.4,91,69,0.9,26,5.5,112,0.5
2019/06/27,1001.5,1002.8,1000.1,85,54,1.0,258,5.0,281,3.5
2019/06/28,1001.9,1003.3,1000.1,79,50,1.1,267,5.8,343,0.0
2019/06/29,1001.3,1002.8,999.9,79,57,1.1,14,6.2,3,0.0
2019/06/30,1002.1,1004.7,1000.5,80,54,0.9,287,4.3,8,0.0
2019/07/01,1002.4,1003.7,1001.0,78,54,1.4,24,7.9,105,0.0
2019/07/02,1001.8,1005.3,999.7,81,52,1.2,4,7.6,132,7.5
2019/07/03,1006.3,1008.6,1004.1,86,58,0.8,6,5.1,18,2.5
2019/07/04,1006.4,1007.8,1004.7,81,58,0.8,253,3.7,277,0.0
2019/07/05,1002.1,1005.3,1000.0,73,46,0.9,267,4.7,53,0.0
2019/07/06,1000.9,1002.7,999.4,74,50,0.9,33,5.2,120,0.0
2019/07/07,1003.2,1006.0,1000.8,75,47,0.9,269,4.8,124,3.0
2019/07/08,1004.5,1005.8,1003.4,78,52,1.1,260,5.7,119,0.0
2019/07/09,1002.0,1003.8,1000.4,75,48,0.8,59,5.7,120,0.0
2019/07/10,1002.5,1006.0,1000.3,71,49,1.0,258,5.2,104,0.0
2019/07/11,1007.5,1009.1,1005.3,82,52,1.0,233,6.7,11,5.0
2019/07/12,1006.9,1008.7,1005.3,79,50,0.9,266,4.6,45,0.0
2019/07/13,1003.1,1005.6,1000.8,76,51,0.8,64,4.6,29,0.0
2019/07/14,1002.8,1005.2,1001.2,70,40,1.2,264,6.8,114,0.0
2019/07/15,1004.4,1005.5,1003.1,75,49,1.0,69,5.3,71,0.0
2019/07/16,1004.7,1005.7,1003.5,72,52,1.2,79,6.8,116,0.0
2019/07/17,1000.7,1004.4,998.0,82,59,1.3,21,7.4,114,2.0
2019/07/18,994.4,998.0,992.2,87,55,1.3,269,7.6,11,17.0
2019/07/19,997.6,1001.6,993.8,84,57,0.8,60,4.0,35,3.0
2019/07/20,1003.7,1006.2,1001.2,85,62,0.8,33,4.0,117,1.0
2019/07/21,1005.5,1007.1,1004.3,76,48,1.0,255,6.6,244,0.0
2019/07/22,1005.7,1007.3,1003.2,79,53,1.0,353,6.6,9,2.5
2019/07/23,1005.8,1007.0,1004.1,81,51,1.1,47,5.9,33,7.5
2019/07/24,1006.3,1007.7,1004.6,84,53,1.0,2,6.2,3,1.0
2019/07/25,1006.8,1008.1,1005.0,79,52,0.9,3,6.0,3,0.0
2019/07/26,1005.2,1006.5,1003.5,76,50,1.0,219,5.7,22,0.0
2019/07/27,1005.3,1007.3,1003.4,74,52,1.3,256,9.4,122,0.0
2019/07/28,1007.0,1008.7,1004.7,75,46,0.9,8,5.5,24,0.0
2019/07/29,1007.0,1008.3,1005.0,71,46,1.5,119,9.0,103,0.0
2019/07/30,1006.2,1006.9,1004.5,70,55,1.5,244,9.4,120,0.0
2019/07/31,1005.8,1007.3,1004.0,68,46,2.1,115,10.9,119,0.0
2019/08/01,1005.7,1007.3,1004.5,70,48,1.7,114,12.0,107,0.0
2019/08/02,1004.8,1006.2,1003.5,72,47,1.3,72,6.0,64,0.0
2019/08/03,1002.5,1004.0,1001.0,70,44,1.3,228,5.5,114,0.0
2019/08/04,1001.4,1002.6,1000.4,76,55,1.3,100,8.1,125,6.5
2019/08/05,1002.0,1003.0,1001.0,90,65,0.9,10,6.1,27,11.5
2019/08/06,1001.8,1003.1,1000.8,78,51,1.2,284,5.7,123,5.5
2019/08/07,998.7,1001.6,996.6,81,57,1.2,259,5.0,271,4.5
2019/08/08,992.6,996.6,988.8,91,63,1.4,258,7.4,22,62.5
2019/08/09,985.4,988.8,982.8,80,41,1.7,260,10.9,246,29.5
2019/08/10,991.2,995.7,987.1,71,39,0.9,248,6.5,273,1.0
2019/08/11,996.9,999.3,995.1,69,40,1.1,254,4.7,270,0.0
2019/08/12,999.6,1001.0,997.6,79,54,0.7,272,3.4,273,0.0
2019/08/13,1000.0,1001.8,998.4,79,55,1.0,79,5.7,360,0.0
2019/08/14,1000.0,1001.4,998.4,76,49,1.0,65,4.9,35,0.0
2019/08/15,999.3,1000.4,997.6,81,59,0.8,25,4.0,117,0.0
2019/08/16,1000.8,1002.7,999.1,83,55,0.8,265,3.9,12,1.0
2019/08/17,1003.0,1004.7,1001.3,79,46,1.0,261,6.6,281,0.0
2019/08/18,1004.2,1005.3,1002.8,89,57,0.9,76,4.5,109,15.5
2019/08/19,1004.4,1005.7,1002.4,90,62,1.2,264,4.7,281,5.0
2019/08/20,1004.1,1005.3,1002.9,85,59,1.2,62,5.2,264,1.5
2019/08/21,1004.1,1005.4,1002.3,81,58,1.0,255,6.1,114,0.0
2019/08/22,1005.6,1007.5,1004.1,80,56,1.3,101,7.8,116,0.0
2019/08/23,1006.1,1007.9,1004.7,85,60,1.1,117,6.4,112,19.0
2019/08/24,1001.8,1005.3,998.2,92,74,3.3,113,18.7,117,51.0
2019/08/25,1005.0,1009.1,1000.4,82,53,1.2,112,13.4,104,3.0
2019/08/26,1008.6,1011.1,1006.6,84,52,1.0,233,5.3,11,0.0
2019/08/27,1008.3,1009.9,1006.7,80,55,1.2,234,7.9,107,0.0
2019/08/28,1006.0,1008.2,1003.6,77,54,1.8,230,12.5,110,0.0
2019/08/29,1005.8,1007.8,1004.4,80,57,1.2,7,5.7,6,0.0
2019/08/30,1007.6,1009.3,1005.8,84,58,1.0,236,7.0,120,0.0
2019/08/31,1007.4,1008.5,1005.8,77,57,1.9,112,10.5,105,0.0
2019/09/01,1007.9,1009.3,1006.4,74,52,2.0,114,11.7,113,0.0
2019/09/02,1008.0,1009.9,1006.2,73,50,1.8,113,9.1,109,0.0
2019/09/03,1006.7,1008.5,1004.9,86,56,1.3,113,10.6,114,8.0
2019/09/04,1004.5,1006.0,1002.8,95,79,1.2,254,4.8,222,26.5
2019/09/05,1000.9,1003.7,999.2,90,69,1.3,263,6.7,263,17.5
2019/09/06,999.8,1002.6,997.4,79,51,1.2,36,6.0,106,0.5
2019/09/07,1002.6,1004.7,1000.3,81,49,1.3,255,6.4,79,18.0
2019/09/08,1004.5,1006.5,1002.6,87,52,1.0,253,6.5,113,11.5
2019/09/09,1005.9,1007.9,1003.6,81,48,0.9,65,4.5,25,0.0
2019/09/10,1008.7,1011.2,1006.3,80,54,1.2,62,7.5,117,0.0
2019/09/11,1010.9,1012.1,1009.7,80,60,1.3,258,6.2,114,0.0
2019/09/12,1009.5,1011.4,1008.2,82,56,1.1,67,6.0,117,6.5
2019/09/13,1007.1,1008.4,1005.5,76,57,1.2,59,5.3,69,1.0
2019/09/14,1006.8,1008.5,1005.3,74,44,1.2,256,7.5,99,0.0
2019/09/15,1006.7,1007.9,1004.9,82,64,1.3,256,6.0,276,2.0
2019/09/16,1006.5,1008.3,1005.3,77,50,1.1,34,6.8,59,0.0
2019/09/17,1008.5,1010.6,1006.1,74,59,1.4,44,5.6,47,0.0
2019/09/18,1010.4,1012.6,1008.0,81,48,1.4,259,6.0,264,0.5
2019/09/19,1009.7,1011.6,1007.7,65,48,1.5,269,6.9,356,0.0
2019/09/20,1004.3,1007.7,1002.1,67,57,1.4,285,10.0,271,6.0
2019/09/21,1001.7,1006.3,999.2,73,51,1.6,300,9.5,266,53.0
2019/09/22,1009.4,1014.6,1004.9,65,45,1.1,270,5.8,119,0.0
2019/09/23,1015.5,1017.9,1013.3,71,50,1.0,39,5.3,30,0.0
2019/09/24,1017.4,1018.8,1015.9,85,75,1.6,256,5.4,255,3.0
2019/09/25,1017.1,1018.4,1015.3,77,60,1.2,253,5.0,263,0.0
2019/09/26,1016.2,1017.5,1014.7,83,57,1.5,90,8.3,221,80.5
2019/09/27,1015.2,1017.2,1013.2,99,99,0.8,259,5.5,272,117.0
2019/09/28,1013.3,1014.8,1011.5,97,68,0.8,359,6.5,16,56.5
2019/09/29,1011.4,1013.2,1009.8,96,72,1.1,252,6.5,246,131.5
2019/09/30,1002.8,1010.1,993.4,93,61,2.8,34,18.8,239,72.5
2019/10/01,1004.0,1009.1,995.2,80,37,1.0,308,9.1,101,0.5
2019/10/02,1010.1,1011.9,1008.0,79,49,1.1,72,4.6,74,0.0
2019/10/03,1011.7,1013.3,1010.6,80,55,1.0,83,5.2,128,0.0
2019/10/04,1011.7,1013.0,1010.0,78,55,1.1,43,5.5,108,0.0
2019/10/05,1013.5,1015.9,1011.5,81,59,1.1,71,6.5,81,0.0
2019/10/06,1016.1,1018.0,1014.6,90,57,1.1,266,6.8,108,34.5
2019/10/07,1015.7,1017.2,1014.2,81,50,1.0,42,7.5,116,5.0
2019/10/08,1016.1,1017.9,1014.4,85,67,1.1,44,6.5,53,0.5
2019/10/09,1014.9,1016.5,1013.0,96,78,1.4,257,6.0,263,15.5
2019/10/10,1012.4,1014.5,1010.3,80,52,0.9,30,4.8,116,0.0
2019/10/11,1010.5,1012.2,1009.0,79,48,1.0,117,5.1,110,0.0
2019/10/12,1011.6,1013.9,1010.0,76,50,1.0,22,4.9,55,0.0
2019/10/13,1015.0,1017.4,1012.9,78,50,1.1,39,5.7,58,0.0
2019/10/14,1019.0,1022.2,1016.6,73,44,1.6,254,7.5,22,0.0
2019/10/15,1021.2,1022.7,1020.0,85,74,1.9,252,8.1,271,2.5
2019/10/16,1018.4,1021.3,1016.3,83,66,1.7,250,6.0,260,0.5
2019/10/17,1017.0,1018.4,1015.0,81,51,1.3,253,5.3,220,0.0
2019/10/18,1016.7,1018.1,1014.8,72,47,1.4,256,5.6,24,0.0
2019/10/19,1016.9,1018.4,1015.4,90,70,1.0,225,4.3,237,2.5
2019/10/20,1015.5,1017.8,1013.7,76,41,1.1,255,5.5,109,0.0
2019/10/21,1013.4,1015.2,1010.8,76,49,1.1,255,5.0,16,0.0
2019/10/22,1011.9,1013.9,1010.2,70,40,1.2,256,4.8,59,0.0
2019/10/23,1012.0,1014.2,1010.1,72,51,1.1,254,4.8,45,0.0
2019/10/24,1015.2,1017.4,1013.2,73,47,0.9,24,5.9,40,0.0
2019/10/25,1017.4,1018.9,1014.6,68,37,1.0,256,5.3,280,0.0
2019/10/26,1017.3,1019.3,1015.8,79,63,1.2,235,5.4,223,0.0
2019/10/27,1014.8,1016.7,1011.8,83,56,1.1,20,5.0,27,21.0
2019/10/28,1012.7,1014.3,1011.0,88,55,0.8,31,3.8,36,0.5
2019/10/29,1015.3,1017.5,1012.9,98,84,1.0,253,4.1,272,3.0
2019/10/30,1017.7,1019.4,1016.4,99,97,1.3,260,5.9,241,53.0
2019/10/31,1016.4,1017.9,1014.5,99,99,1.3,36,6.6,158,258.5
2019/11/01,1016.2,1018.1,1015.0,96,81,1.3,248,5.4,25,2.5
2019/11/02,1014.3,1016.1,1012.2,92,73,0.9,259,3.1,269,0.0
2019/11/03,1013.9,1015.6,1012.3,97,90,0.8,259,3.8,257,0.5
2019/11/04,1015.5,1017.5,1014.0,85,74,1.4,261,5.2,247,1.0
2019/11/05,1014.6,1016.4,1013.4,99,93,1.5,254,5.6,266,19.0
2019/11/06,1012.0,1014.2,1009.8,88,60,1.3,253,4.0,277,0.0
2019/11/07,1012.9,1015.8,1010.1,77,60,1.8,34,9.0,22,0.0
2019/11/08,1017.3,1019.1,1014.9,81,46,1.2,263,6.6,9,2.5
2019/11/09,1018.6,1021.0,1016.9,77,52,1.4,45,6.7,44,2.0
2019/11/10,1014.9,1017.4,1010.9,69,43,1.3,268,5.3,268,0.0
2019/11/11,1015.3,1017.2,1013.2,72,40,1.2,252,5.2,254,0.0
2019/11/12,1016.8,1018.6,1014.8,72,48,0.9,255,5.3,114,0.0
2019/11/13,1017.9,1020.9,1015.8,71,43,1.0,233,4.0,107,0.0
2019/11/14,1020.2,1022.1,1019.0,81,64,1.3,253,6.1,224,0.0
2019/11/15,1017.1,1019.1,1015.3,78,50,1.0,257,5.6,269,0.0
2019/11/16,1015.3,1017.0,1013.4,72,47,1.4,110,6.3,105,0.0
2019/11/17,1014.0,1015.5,1012.2,74,44,1.2,98,4.8,243,0.0
2019/11/18,1016.4,1020.9,1012.7,91,72,1.3,250,9.6,12,16.5
2019/11/19,1020.8,1022.7,1018.7,95,75,1.2,252,6.0,267,9.0
2019/11/20,1021.1,1023.3,1020.0,99,99,1.8,254,5.7,265,28.5
2019/11/21,1017.0,1020.8,1014.7,99,99,1.6,254,5.4,259,25.5
2019/11/22,1014.0,1015.2,1012.2,95,78,0.9,261,5.7,261,2.0
2019/11/23,1014.4,1016.1,1012.6,86,58,1.0,1,5.6,98,0.0
2019/11/24,1017.1,1020.1,1014.1,84,63,0.6,74,4.2,43,0.0
2019/11/25,1021.9,1024.4,1019.3,86,68,1.6,32,10.0,4,1.0
2019/11/26,1022.7,1024.9,1020.8,98,89,1.4,251,4.4,263,18.5
2019/11/27,1020.8,1022.9,1018.6,99,99,0.9,252,5.5,241,11.0
2019/11/28,1023.2,1025.5,1021.0,95,84,1.1,28,6.4,36,1.0
2019/11/29,1022.9,1025.0,1020.8,79,52,1.3,255,5.5,260,0.5
2019/11/30,1019.0,1021.5,1017.1,85,70,1.3,109,7.6,104,2.0
2019/12/01,1016.8,1018.6,1013.6,82,52,0.9,2,6.3,29,0.0
2019/12/02,1022.0,1025.5,1017.8,76,62,1.7,2,8.1,37,2.5
2019/12/03,1024.2,1026.0,1022.6,73,56,1.6,254,4.8,266,0.0
2019/12/04,1025.0,1027.0,1023.4,91,75,1.6,257,5.4,222,3.0
2019/12/05,1024.7,1026.4,1022.7,100,99,1.3,255,5.7,267,46.0
2019/12/06,1023.7,1025.3,1021.8,100,98,1.3,230,6.5,258,83.5
2019/12/07,1024.7,1026.4,1023.1,95,80,1.9,258,6.6,244,5.5
2019/12/08,1024.3,1026.4,1022.6,63,33,1.8,262,6.5,39,0.0
2019/12/09,1020.7,1023.8,1018.4,69,49,1.1,264,5.8,271,0.0
2019/12/10,1015.8,1019.0,1013.5,76,51,1.2,250,4.8,249,0.0
2019/12/11,1017.5,1021.8,1014.0,70,51,1.1,48,7.7,51,0.0
2019/12/12,1022.6,1024.5,1020.7,72,47,1.4,252,5.6,250,0.0
2019/12/13,1022.2,1023.9,1020.7,80,58,1.5,252,5.0,22,0.0
2019/12/14,1021.9,1023.8,1020.4,87,68,0.9,254,4.2,243,7.0
2019/12/15,1020.7,1022.7,1019.0,90,67,0.7,23,4.7,119,0.5
2019/12/16,1017.7,1020.1,1014.8,81,51,1.2,251,4.4,276,0.0
2019/12/17,1017.2,1019.4,1015.6,80,38,0.9,249,3.9,263,0.0
2019/12/18,1018.9,1020.9,1016.6,98,87,0.7,4,3.7,197,17.0
2019/12/19,1019.6,1022.3,1017.6,99,97,0.7,2,5.3,124,2.0
2019/12/20,1020.0,1022.6,1018.0,99,99,0.9,255,5.0,267,4.5
2019/12/21,1015.4,1018.6,1012.7,89,57,0.8,240,5.0,253,0.0
2019/12/22,1013.7,1016.1,1010.5,86,59,0.9,79,6.1,20,0.0
2019/12/23,1016.3,1017.8,1015.0,83,62,0.7,28,4.1,265,0.0
2019/12/24,1016.5,1018.5,1014.2,82,53,1.1,160,4.6,251,0.0
2019/12/25,1015.4,1018.2,1012.4,82,53,0.8,2,3.5,68,0.0
2019/12/26,1015.2,1020.5,1012.2,76,44,1.4,1,9.8,30,0.5
2019/12/27,1022.2,1024.1,1020.3,87,68,1.1,225,6.3,248,3.0
2019/12/28,1021.0,1023.2,1019.3,95,76,1.0,253,5.1,255,1.5
2019/12/29,1018.7,1020.3,1017.1,98,92,0.8,250,4.2,271,15.5
2019/12/30,1020.0,1022.5,1017.7,93,62,0.8,31,6.8,255,8.0
2019/12/31,1027.8,1030.3,1022.5,97,82,1.3,58,6.9,48,8.0
2020/01/01,1027.0,1029.2,1025.6,99,85,1.4,254,5.5,256,5.0
2020/01/02,1024.4,1026.7,1022.1,83,58,1.1,94,4.4,105,0.0
2020/01/03,1021.9,1024.2,1019.7,81,52,1.2,224,5.8,106,0.0
2020/01/04,1020.1,1022.1,1018.0,76,54,1.3,112,5.7,117,0.0
2020/01/05,1020.6,1022.6,1018.0,84,51,1.1,111,10.8,117,0.0
2020/01/06,1018.6,1021.0,1016.7,84,54,1.3,120,7.5,115,0.0
2020/01/07,1015.7,1017.4,1013.7,78,45,1.0,255,4.6,91,0.0
2020/01/08,1020.4,1022.7,1016.5,80,65,1.4,38,7.2,50,0.0
2020/01/09,1019.0,1022.3,1016.7,84,59,1.3,252,5.2,266,0.0
2020/01/10,1015.6,1018.2,1012.8,83,64,0.7,47,3.3,275,0.0
2020/01/11,1013.3,1014.8,1011.6,82,54,1.0,167,4.4,50,0.0
2020/01/12,1016.8,1018.8,1013.3,79,66,1.4,38,7.0,52,0.0
2020/01/13,1017.5,1019.9,1015.0,91,59,1.2,230,5.8,267,2.5
2020/01/14,1018.8,1021.8,1015.9,74,55,1.6,54,7.6,12,0.0
2020/01/15,1018.8,1021.6,1016.5,98,87,0.8,258,4.8,253,0.5
2020/01/16,1016.0,1017.6,1014.0,86,50,1.0,253,5.0,113,0.0
2020/01/17,1018.3,1020.4,1015.4,81,65,1.0,33,5.8,358,0.0
2020/01/18,1019.8,1021.8,1018.4,74,59,0.9,31,4.0,236,0.0
2020/01/19,1019.6,1021.1,1017.9,82,61,0.8,68,4.4,103,0.0
2020/01/20,1021.9,1024.3,1019.8,80,61,0.8,32,4.6,72,0.0
2020/01/21,1023.2,1025.7,1021.2,78,57,1.2,253,4.2,266,0.0
2020/01/22,1018.8,1021.2,1016.7,76,42,1.0,245,4.0,259,0.0
2020/01/23,1017.5,1019.2,1016.0,81,48,0.9,235,3.6,253,0.0
2020/01/24,1018.3,1020.1,1015.9,88,56,1.0,252,5.2,75,5.0
2020/01/25,1016.0,1019.0,1013.9,89,65,0.9,230,5.5,23,0.5
2020/01/26,1009.8,1014.5,1006.3,85,58,0.9,256,9.2,11,11.0
2020/01/27,1012.0,1016.4,1008.3,66,49,2.2,3,9.4,2,0.0
2020/01/28,1016.6,1019.0,1014.5,85,66,1.0,23,4.2,206,0.0
2020/01/29,1018.9,1020.4,1017.3,70,58,1.3,1,6.8,360,0.0
2020/01/30,1019.8,1022.9,1017.0,57,29,2.1,5,9.2,8,0.0
2020/01/31,1022.4,1024.2,1020.9,54,31,1.7,47,6.3,8,0.0
2020/02/01,1023.4,1025.2,1021.8,68,44,1.3,257,5.2,251,0.0
2020/02/02,1022.1,1024.2,1019.8,72,46,1.1,238,5.2,115,0.0
2020/02/03,1020.4,1021.5,1018.7,83,52,1.1,251,4.6,101,2.0
2020/02/04,1018.9,1020.5,1016.7,88,64,0.9,5,5.1,49,0.5
2020/02/05,1022.0,1024.3,1019.4,92,71,1.3,257,6.1,96,4.5
2020/02/06,1019.9,1024.2,1016.9,99,88,1.2,255,6.2,112,6.0
2020/02/07,1019.6,1023.2,1016.8,81,49,1.3,34,7.3,7,0.0
2020/02/08,1024.4,1026.6,1022.7,78,63,1.1,231,5.4,27,0.0
2020/02/09,1025.6,1027.7,1024.0,79,63,1.3,251,5.3,264,0.0
2020/02/10,1023.5,1025.6,1022.0,76,53,1.4,256,4.1,249,0.0
2020/02/11,1021.1,1023.6,1019.2,72,45,1.2,250,4.2,251,0.0
2020/02/12,1017.6,1019.9,1015.0,74,41,1.3,3,4.9,110,0.0
2020/02/13,1014.7,1017.0,1011.6,81,52,0.9,55,3.9,45,0.0
2020/02/14,1014.1,1016.3,1012.0,85,61,0.7,26,3.5,268,0.0
2020/02/15,1014.0,1016.7,1010.7,92,66,0.7,195,4.4,117,0.0
2020/02/16,1019.1,1024.7,1011.9,78,59,1.6,65,7.4,68,0.0
2020/02/17,1026.9,1030.1,1023.5,62,41,1.8,9,8.5,360,0.0
2020/02/18,1027.6,1030.1,1025.7,64,42,1.6,256,5.7,256,0.0
2020/02/19,1023.9,1026.1,1022.0,71,51,1.1,253,4.0,1,0.0
2020/02/20,1024.8,1026.3,1022.4,84,50,1.1,262,6.5,114,0.0
2020/02/21,1024.9,1027.2,1022.2,76,39,1.3,257,7.5,112,0.0
2020/02/22,1025.8,1028.2,1024.1,89,58,1.4,42,9.9,38,27.5
2020/02/23,1025.7,1028.5,1023.3,98,89,1.2,252,4.8,255,10.0
2020/02/24,1020.3,1023.5,1017.9,90,62,0.6,3,3.2,337,0.5
2020/02/25,1017.2,1019.1,1015.3,82,46,1.3,253,5.1,28,0.0
2020/02/26,1017.5,1019.8,1015.7,77,46,1.3,47,6.6,34,0.0
2020/02/27,1020.8,1023.1,1019.0,94,76,1.7,256,8.6,53,10.5
2020/02/28,1016.8,1019.9,1014.5,96,72,0.8,250,3.2,270,3.0
2020/02/29,1013.8,1015.9,1011.5,85,55,0.9,274,4.4,252,0.0
2020/03/01,1013.0,1017.8,1011.1,81,55,1.4,50,7.4,22,0.0
2020/03/02,1020.1,1022.2,1017.7,85,65,1.1,48,6.9,43,0.0
2020/03/03,1018.9,1021.0,1016.7,86,60,0.9,252,4.4,261,1.0
2020/03/04,1018.6,1021.9,1016.2,87,59,1.2,254,8.7,30,0.0
2020/03/05,1021.5,1023.8,1019.4,100,92,1.2,253,4.4,194,15.5
2020/03/06,1017.0,1020.9,1014.4,90,62,0.8,239,3.4,255,0.5
2020/03/07,1013.1,1015.5,1010.5,82,48,0.9,73,4.8,258,0.0
2020/03/08,1011.1,1013.8,1009.2,98,87,0.6,17,3.2,22,2.0
2020/03/09,1006.2,1009.6,1003.2,85,54,0.9,256,5.2,15,0.0
2020/03/10,1013.0,1019.9,1004.8,90,69,1.5,45,8.3,36,11.5
2020/03/11,1020.0,1021.9,1018.2,82,59,1.0,256,3.7,270,0.0
2020/03/12,1015.4,1019.9,1012.7,83,52,0.7,6,3.9,270,0.0
2020/03/13,1013.9,1016.2,1011.3,88,56,1.0,153,4.7,108,4.0
2020/03/14,1018.2,1020.4,1015.6,89,65,1.1,37,4.5,24,5.5
2020/03/15,1019.9,1022.0,1018.1,64,29,1.4,251,5.3,89,0.0
2020/03/16,1021.2,1023.3,1019.5,55,23,1.8,108,9.3,112,0.0
2020/03/17,1018.0,1020.7,1015.3,62,39,1.1,250,4.8,45,0.0
2020/03/18,1014.7,1017.2,1012.4,84,52,0.8,91,3.1,117,0.0
2020/03/19,1013.0,1015.7,1010.4,92,61,0.8,13,4.5,104,3.0
2020/03/20,1015.4,1017.0,1013.8,92,73,0.9,6,4.8,262,0.0
2020/03/21,1013.6,1016.9,1011.1,85,49,1.1,254,4.5,35,0.0
2020/03/22,1011.7,1013.9,1009.3,82,54,0.8,4,3.2,272,0.0
2020/03/23,1014.9,1017.4,1012.3,98,87,1.0,27,5.5,32,1.5
2020/03/24,1015.2,1017.0,1013.1,92,73,0.8,232,4.4,228,0.0
2020/03/25,1013.2,1015.2,1011.0,87,59,1.0,116,6.5,113,0.0
2020/03/26,1012.9,1015.1,1010.2,81,49,0.9,1,5.9,1,0.0
2020/03/27,1012.9,1014.8,1011.0,89,55,1.1,18,6.5,14,7.5
2020/03/28,1013.7,1018.8,1010.8,84,65,1.4,23,7.6,18,4.0
2020/03/29,1015.5,1018.6,1012.0,77,64,0.8,227,3.7,5,0.0
2020/03/30,1012.2,1013.7,1010.3,80,47,0.8,260,4.3,38,0.0
2020/03/31,1011.8,1014.2,1008.7,91,73,0.5,259,3.6,38,1.0
2020/04/01,1015.6,1019.9,1010.0,83,64,1.3,52,6.4,45,0.0
2020/04/02,1018.3,1021.0,1015.4,93,65,0.8,253,4.3,278,3.0
2020/04/03,1016.9,1018.8,1014.0,93,61,0.8,39,4.9,53,9.0
2020/04/04,1018.4,1021.3,1015.5,91,71,1.1,221,5.0,14,0.0
2020/04/05,1020.2,1021.6,1019.0,88,72,1.7,243,5.8,230,3.0
2020/04/06,1017.0,1020.4,1014.8,94,79,1.4,247,5.3,248,5.5
2020/04/07,1014.6,1016.5,1011.6,89,67,0.8,4,5.2,59,1.5
2020/04/08,1015.4,1017.4,1014.1,85,63,1.1,251,5.2,264,0.0
2020/04/09,1017.1,1019.8,1014.4,80,52,1.0,253,4.3,28,0.0
2020/04/10,1018.4,1020.3,1016.6,72,48,1.5,252,7.5,106,0.0
2020/04/11,1013.2,1017.3,1010.1,83,52,0.8,278,3.9,32,3.0
2020/04/12,1015.1,1018.2,1010.9,71,47,1.8,2,7.8,17,1.5
2020/04/13,1017.5,1021.0,1015.1,43,16,2.0,52,10.0,2,0.0
2020/04/14,1016.9,1020.2,1014.6,57,37,1.4,87,5.7,108,0.0
2020/04/15,1014.0,1015.5,1011.9,73,44,1.2,255,5.0,112,0.0
2020/04/16,1014.5,1016.0,1013.1,71,45,1.3,236,7.2,106,0.0
2020/04/17,1014.1,1015.7,1012.7,70,40,1.2,230,5.5,18,0.0
2020/04/18,1013.7,1015.5,1012.3,73,47,1.1,238,5.7,118,0.0
2020/04/19,1010.4,1012.4,1008.3,77,48,0.9,62,4.2,262,0.0
2020/04/20,1013.0,1015.4,1010.1,94,74,0.8,42,7.9,15,8.0
2020/04/21,1012.2,1015.0,1010.3,89,55,1.1,58,7.1,81,0.5
2020/04/22,1016.8,1018.9,1013.6,98,83,1.1,253,6.8,57,13.0
2020/04/23,1018.7,1020.6,1016.3,100,99,0.7,257,4.2,255,62.0
2020/04/24,1019.5,1020.9,1018.1,100,96,1.0,249,4.7,237,41.0
2020/04/25,1016.6,1019.3,1014.8,91,71,0.6,255,4.1,258,0.0
2020/04/26,1015.6,1017.3,1014.0,90,71,1.1,246,5.1,59,0.0
2020/04/27,1017.2,1019.6,1015.2,87,63,1.3,251,5.5,252,2.5
2020/04/28,1018.4,1020.2,1016.9,86,52,1.2,248,6.2,105,6.0
2020/04/29,1016.5,1018.3,1014.8,80,54,1.3,116,7.5,110,0.0
2020/04/30,1015.0,1017.0,1013.0,81,52,1.2,61,7.2,112,0.0
2020/05/01,1011.9,1013.9,1009.9,85,53,0.9,47,4.7,31,0.0
2020/05/02,1008.6,1011.0,1006.8,84,57,0.8,273,4.9,62,0.0
2020/05/03,1007.0,1008.5,1005.7,81,48,0.9,36,4.6,15,0.0
2020/05/04,1008.9,1010.6,1007.2,86,64,1.1,28,5.0,60,0.0
2020/05/05,1007.0,1009.0,1004.3,83,56,1.0,1,5.0,2,0.0
2020/05/06,1007.6,1010.9,1003.6,91,63,0.9,53,5.6,152,0.0
2020/05/07,1009.6,1011.3,1007.8,91,67,0.5,37,3.6,261,3.0
2020/05/08,1008.9,1010.4,1006.9,84,57,0.7,203,4.3,113,0.0
2020/05/09,1007.5,1008.8,1005.6,84,60,0.9,239,4.8,7,0.0
2020/05/10,1008.3,1010.4,1006.5,86,56,0.8,38,5.1,358,0.0
2020/05/11,1009.4,1011.1,1007.4,95,77,0.7,24,4.0,88,0.5
2020/05/12,1010.2,1013.6,1007.6,95,84,0.7,224,5.3,49,3.5
2020/05/13,1013.8,1015.1,1012.4,84,62,0.9,60,4.2,357,0.0
2020/05/14,1011.4,1013.6,1009.0,82,56,0.9,258,5.0,35,0.0
2020/05/15,1008.3,1009.8,1006.6,82,51,0.9,10,6.1,10,0.0
2020/05/16,1007.8,1009.7,1006.2,91,58,0.9,7,8.7,268,62.0
2020/05/17,1004.5,1006.4,1002.4,80,48,1.1,231,8.9,114,0.5
2020/05/18,1002.5,1004.4,1001.0,87,59,0.7,4,4.2,119,1.5
2020/05/19,1006.0,1009.0,1003.6,97,81,1.3,40,8.8,57,2.0
2020/05/20,1008.5,1009.9,1007.2,96,68,0.8,262,5.0,116,7.0
2020/05/21,1005.9,1008.5,1003.8,93,67,0.9,259,4.6,9,12.5
2020/05/22,1002.5,1004.7,1000.7,97,80,0.5,9,3.5,84,41.5
2020/05/23,1004.9,1007.5,1002.2,96,81,0.5,40,4.4,68,4.5
2020/05/24,1008.6,1010.5,1006.5,93,61,0.6,207,3.4,176,3.5
2020/05/25,1009.5,1010.7,1007.9,90,60,0.8,24,5.3,100,10.5
2020/05/26,1007.1,1009.2,1004.9,93,65,0.5,3,4.4,1,7.0
2020/05/27,1008.8,1011.2,1006.4,97,85,0.8,36,4.2,45,2.0
2020/05/28,1010.7,1012.6,1009.4,99,87,0.6,5,3.3,258,22.0
2020/05/29,1010.6,1011.7,1008.5,92,58,0.7,9,5.7,18,53.0
2020/05/30,1009.8,1011.0,1007.6,86,59,0.7,42,3.7,251,0.0
2020/05/31,1009.8,1011.6,1008.2,81,55,1.3,109,9.4,123,0.0
2020/06/01,1010.4,1011.7,1008.8,93,64,0.7,3,5.2,76,21.0
2020/06/02,1008.9,1011.4,1007.2,86,59,0.9,261,5.2,186,25.5
2020/06/03,1007.1,1009.0,1005.1,81,56,1.0,45,5.5,27,0.5
2020/06/04,1006.6,1008.0,1005.5,80,54,0.9,44,4.3,65,0.0
2020/06/05,1006.4,1007.7,1004.7,76,46,1.0,44,4.4,80,0.0
2020/06/06,1005.6,1007.5,1004.4,79,46,1.0,254,5.6,6,0.0
2020/06/07,1006.3,1007.8,1005.2,89,57,1.0,254,5.2,32,23.0
2020/06/08,1007.7,1010.0,1006.3,90,66,0.7,254,3.0,15,0.5
2020/06/09,1008.9,1011.0,1007.4,91,65,0.9,253,6.7,224,2.5
2020/06/10,1008.5,1010.2,1006.8,83,49,0.9,1,4.2,17,0.0
2020/06/11,1007.2,1008.6,1005.8,84,55,0.8,56,5.7,93,0.0
2020/06/12,1005.9,1007.8,1003.8,78,48,1.1,234,6.1,97,0.0
2020/06/13,1006.7,1010.3,1004.3,72,41,1.1,1,6.5,13,0.0
2020/06/14,1010.7,1013.2,1008.3,76,50,1.0,2,5.8,358,0.0
2020/06/15,1010.7,1012.7,1009.0,75,53,1.0,2,4.9,1,0.0
2020/06/16,1007.6,1009.9,1005.8,77,52,0.8,2,4.4,13,0.0
2020/06/17,1006.2,1007.6,1005.1,77,54,1.0,2,5.3,347,0.0
2020/06/18,1006.4,1008.1,1005.0,72,49,1.0,230,4.8,50,0.0
2020/06/19,1007.0,1008.5,1005.9,73,50,1.0,36,4.9,13,0.0
2020/06/20,1006.7,1008.4,1005.1,74,57,1.1,253,4.4,10,0.0
2020/06/21,1004.1,1005.8,1002.4,72,44,1.0,53,5.0,97,0.0
2020/06/22,1004.2,1006.6,1002.0,66,35,1.1,98,5.3,114,0.0
2020/06/23,1005.2,1006.2,1004.0,65,43,1.1,30,5.9,98,0.0
2020/06/24,1004.7,1005.9,1003.7,69,43,1.0,66,5.5,110,0.0
2020/06/25,1005.7,1007.7,1004.5,74,48,1.1,255,4.6,32,0.0
2020/06/26,1007.9,1010.1,1006.2,77,43,1.0,266,6.4,12,0.5
2020/06/27,1007.7,1009.1,1006.2,67,40,1.1,33,5.2,20,0.5
2020/06/28,1006.8,1008.0,1005.4,70,45,1.1,258,6.5,270,0.0
2020/06/29,1004.8,1006.4,1003.3,72,43,1.3,17,7.0,246,0.0
2020/06/30,1003.7,1005.3,1002.4,73,51,0.8,14,4.8,13,0.0
2020/07/01,1004.6,1007.7,1002.7,81,49,1.1,10,5.9,213,1.0
2020/07/02,1007.1,1010.4,1005.4,79,48,1.0,250,8.1,9,2.0
2020/07/03,1008.8,1010.3,1007.1,78,51,0.9,27,5.6,4,0.0
2020/07/04,1008.2,1009.8,1006.5,76,43,0.9,248,4.9,47,0.0
2020/07/05,1006.0,1007.8,1004.5,72,41,1.1,270,9.8,7,0.0
2020/07/06,1006.0,1008.1,1004.0,70,43,1.1,33,5.3,55,0.0
2020/07/07,1008.0,1008.8,1007.2,81,47,0.8,250,5.4,103,1.5
2020/07/08,1005.2,1008.0,1003.4,82,43,1.1,252,8.6,11,10.0
2020/07/09,1002.5,1003.6,1001.4,78,51,0.8,56,7.4,107,0.0
2020/07/10,1005.3,1007.9,1002.9,68,42,1.1,35,4.5,12,0.0
2020/07/11,1007.5,1008.7,1006.3,72,45,1.1,37,5.3,90,0.0
2020/07/12,1007.2,1008.7,1004.9,70,41,1.2,243,5.7,360,0.0
2020/07/13,1006.5,1007.6,1005.1,66,34,1.2,49,7.3,20,0.0
2020/07/14,1005.0,1006.9,1003.1,67,42,1.2,233,6.3,358,0.0
2020/07/15,1004.4,1005.7,1003.0,75,44,1.1,257,6.4,348,0.5
2020/07/16,1005.1,1007.0,1003.5,84,54,1.2,252,5.4,120,2.0
2020/07/17,1006.9,1008.4,1004.6,75,44,1.1,253,6.4,275,2.5
2020/07/18,1006.9,1007.9,1006.0,69,43,1.1,26,4.9,81,0.0
2020/07/19,1007.0,1009.0,1005.6,67,42,1.2,251,6.5,272,0.0
2020/07/20,1009.3,1011.4,1007.5,66,41,1.1,268,7.9,263,0.0
2020/07/21,1010.5,1011.8,1008.7,65,39,1.2,247,6.3,2,0.0
2020/07/22,1009.5,1011.2,1008.3,67,39,1.3,227,5.7,353,0.0
2020/07/23,1008.3,1009.4,1007.1,68,41,1.2,249,6.6,2,0.0
2020/07/24,1006.6,1006.8,1004.3,64,36,1.1,1,6.0,6,0.0
2020/07/25,1006.0,1007.3,1004.5,79,48,1.1,241,6.7,251,3.5
2020/07/26,1005.6,1006.7,1003.9,70,40,1.2,253,6.1,23,0.0
2020/07/27,1006.2,1008.0,1004.6,76,49,1.3,251,10.1,264,1.0
2020/07/28,1007.3,1008.7,1006.0,71,44,1.2,228,6.5,110,0.0
2020/07/29,1007.2,1009.4,1005.2,67,41,1.9,108,10.4,110,0.0
2020/07/30,1007.8,1009.1,1006.2,75,59,0.8,256,7.8,122,0.5
2020/07/31,1006.8,1008.4,1005.1,65,41,1.9,115,10.7,108,0.0
2020/08/01,1007.3,1008.9,1005.5,66,43,1.7,110,10.7,116,0.0
2020/08/02,1006.1,1008.8,1003.8,72,41,1.2,13,6.5,90,0.0
2020/08/03,1000.6,1003.8,999.2,86,50,1.1,3,6.9,4,5.0
2020/08/04,1005.1,1009.2,1001.5,78,47,1.0,1,5.5,9,9.0
2020/08/05,1009.4,1011.1,1007.9,77,42,1.3,7,8.5,99,0.0
2020/08/06,1009.6,1011.1,1008.1,71,45,1.2,238,5.3,17,0.0
2020/08/07,1007.2,1008.9,1005.2,70,45,1.0,245,5.9,6,0.0
2020/08/08,1004.6,1006.8,1003.0,68,40,1.2,73,6.4,26,0.0
2020/08/09,1002.1,1003.6,1000.3,67,41,1.3,108,7.7,111,0.0
2020/08/10,1004.2,1006.0,1002.5,74,43,1.2,8,8.1,120,2.0
2020/08/11,1008.1,1011.4,1003.9,81,57,0.9,252,3.7,273,0.0
2020/08/12,1012.0,1014.0,1010.5,71,37,1.1,244,5.9,4,0.0
2020/08/13,1011.1,1013.3,1009.3,72,46,1.4,2,6.7,22,0.0
2020/08/14,1008.6,1010.5,1006.9,67,45,1.3,244,7.2,86,0.0
2020/08/15,1007.8,1009.7,1005.8,65,39,1.7,244,11.0,108,0.0
2020/08/16,1008.3,1009.8,1006.5,67,38,1.3,103,8.3,118,0.0
2020/08/17,1008.0,1009.7,1006.0,68,41,1.7,110,10.6,111,0.0
2020/08/18,1008.1,1009.8,1005.9,79,48,1.3,250,8.5,104,4.5
2020/08/19,1007.7,1008.9,1006.1,71,43,1.3,94,10.3,99,0.0
2020/08/20,1008.1,1009.5,1006.1,69,45,1.6,106,10.9,103,0.0
2020/08/21,1007.9,1009.1,1006.5,68,43,1.9,108,11.5,111,2.5
2020/08/22,1004.5,1007.8,1002.5,94,68,1.4,257,5.3,235,48.0
2020/08/23,1001.7,1003.4,1000.4,62,34,1.5,337,8.8,5,0.0
2020/08/24,1001.4,1003.0,999.4,68,37,1.1,3,5.7,12,0.0
2020/08/25,1000.0,1001.4,998.5,68,36,1.0,244,5.5,115,0.0
2020/08/26,1000.1,1001.4,998.9,72,49,1.0,256,5.9,271,1.0
2020/08/27,1001.2,1003.4,999.8,84,55,1.1,47,6.7,252,57.5
2020/08/28,1002.1,1003.2,1000.4,80,54,1.0,252,4.7,133,0.5
2020/08/29,1003.9,1005.1,1002.6,79,53,1.4,226,5.4,103,0.0
2020/08/30,1004.7,1005.8,1003.2,79,51,1.0,42,5.1,90,10.0
2020/08/31,1002.6,1005.2,1000.4,74,45,1.2,252,9.7,17,1.5
2020/09/01,1000.1,1001.9,998.0,66,47,1.8,3,8.4,16,6.5
2020/09/02,1003.1,1005.7,1000.5,67,41,1.0,15,6.3,11,0.0
2020/09/03,1007.0,1009.9,1004.2,71,49,1.0,264,5.1,126,0.0
2020/09/04,1008.6,1010.4,1007.2,78,54,1.1,44,6.9,2,0.0
2020/09/05,1005.2,1008.1,1002.6,57,33,1.9,9,7.2,6,0.0
2020/09/06,1003.1,1005.5,1000.3,38,16,2.0,355,11.4,15,0.0
2020/09/07,1007.8,1010.6,1005.2,53,22,1.2,246,4.8,41,0.0
2020/09/08,1010.8,1012.0,1009.2,66,40,1.0,19,4.8,22,0.0
2020/09/09,1008.9,1011.3,1007.4,80,50,1.0,249,5.7,248,4.0
2020/09/10,1006.5,1007.7,1005.0,79,55,0.9,221,4.4,119,0.0
2020/09/11,1007.4,1009.4,1006.1,81,47,1.1,251,7.5,14,1.0
2020/09/12,1010.2,1012.6,1007.4,87,54,0.8,2,5.3,105,13.0
2020/09/13,1010.8,1012.3,1009.4,94,79,0.5,3,3.3,248,1.5
2020/09/14,1009.8,1011.1,1008.0,90,63,0.8,21,5.1,110,0.0
2020/09/15,1008.7,1010.3,1006.9,81,52,1.2,248,5.4,8,0.0
2020/09/16,1008.1,1009.3,1006.7,76,49,1.0,254,5.9,331,0.0
2020/09/17,1007.7,1009.6,1006.1,75,44,0.8,250,3.4,265,0.0
2020/09/18,1010.7,1012.6,1009.2,79,47,1.3,9,8.2,18,0.0
2020/09/19,1011.6,1013.1,1010.1,83,46,1.2,5,6.0,352,5.5
2020/09/20,1010.8,1012.0,1008.9,90,65,0.8,257,4.9,21,1.5
2020/09/21,1010.7,1012.0,1008.6,85,67,0.8,234,4.9,97,0.0
2020/09/22,1010.1,1011.5,1008.7,71,51,1.0,40,4.9,104,0.0
2020/09/23,1009.8,1011.0,1008.4,68,38,0.9,256,4.1,49,0.0
2020/09/24,1009.6,1010.9,1008.1,90,74,0.6,212,2.9,360,0.5
2020/09/25,1009.7,1011.1,1008.4,85,59,1.6,247,7.2,259,0.5
2020/09/26,1010.5,1012.1,1008.6,88,70,1.8,249,6.5,269,2.0
2020/09/27,1011.4,1012.9,1010.1,96,78,0.5,252,4.3,243,7.0
2020/09/28,1010.1,1011.9,1008.5,98,84,0.7,251,3.9,253,9.5
2020/09/29,1007.9,1010.0,1005.1,84,48,1.1,252,4.3,273,0.5
2020/09/30,1008.7,1010.6,1006.3,85,66,1.2,236,6.6,224,0.0
2020/10/01,1010.1,1011.8,1008.5,74,58,1.2,246,5.4,26,0.0
2020/10/02,1010.7,1012.1,1009.2,76,46,1.2,33,5.0,102,0.0
2020/10/03,1010.4,1011.7,1008.5,73,50,1.2,243,5.7,102,0.0
2020/10/04,1009.2,1011.1,1006.5,72,52,1.1,33,4.8,131,0.0
2020/10/05,1012.3,1015.1,1009.7,94,77,0.9,196,5.7,3,1.5
2020/10/06,1015.3,1017.4,1014.0,85,63,1.5,252,6.4,14,0.0
2020/10/07,1015.0,1016.8,1012.9,75,52,1.5,18,5.8,271,0.0
2020/10/08,1014.9,1016.1,1013.6,71,59,1.9,255,6.9,275,0.0
2020/10/09,1014.5,1016.4,1012.6,81,55,1.6,253,6.1,248,0.5
2020/10/10,1012.7,1014.2,1011.4,99,96,1.6,251,4.4,262,17.5
2020/10/11,1010.0,1011.9,1008.1,99,99,1.0,230,4.5,240,30.5
2020/10/12,1009.6,1011.9,1007.5,96,79,1.0,45,8.0,31,45.0
2020/10/13,1012.9,1015.4,1010.8,98,81,1.1,59,7.4,41,93.5
2020/10/14,1016.0,1017.2,1014.6,98,89,0.9,37,4.7,43,39.0
2020/10/15,1015.2,1017.3,1013.1,89,75,1.2,33,6.5,58,33.5
2020/10/16,1014.0,1015.7,1011.7,98,78,0.8,17,7.3,12,81.0
2020/10/17,1016.0,1017.6,1014.5,99,91,1.4,251,5.7,19,14.5
2020/10/18,1016.4,1018.2,1014.9,99,99,1.2,216,6.2,238,72.5
2020/10/19,1016.5,1017.9,1014.4,99,99,1.7,254,5.8,275,9.5
2020/10/20,1014.8,1017.1,1012.6,98,91,1.5,246,7.8,21,21.5
2020/10/21,1009.4,1012.6,1007.0,99,99,0.7,35,6.7,118,130.5
2020/10/22,1009.8,1013.9,1006.4,91,70,1.1,31,5.9,46,9.5
2020/10/23,1015.3,1017.4,1012.2,96,80,1.9,251,7.0,257,19.5
2020/10/24,1017.9,1019.9,1016.4,84,75,1.6,244,6.6,243,0.0
2020/10/25,1016.5,1018.5,1014.4,85,65,1.2,252,5.6,254,0.5
2020/10/26,1014.3,1016.5,1011.5,81,52,0.9,259,4.6,112,0.0
2020/10/27,1014.2,1016.3,1012.4,83,53,1.0,107,6.3,105,0.5
2020/10/28,1016.6,1018.5,1014.9,98,84,1.0,254,3.8,243,2.0
2020/10/29,1018.2,1019.8,1016.4,96,79,1.3,253,4.7,33,4.0
2020/10/30,1019.7,1021.2,1018.0,86,62,1.5,249,5.4,246,0.0
2020/10/31,1018.1,1020.4,1016.2,72,45,1.4,229,4.9,282,1.5
2020/11/01,1014.8,1016.7,1012.4,80,57,1.1,258,5.9,117,0.5
2020/11/02,1014.7,1016.6,1013.2,79,51,1.4,37,8.5,15,0.0
2020/11/03,1017.9,1020.3,1015.6,87,69,1.4,245,6.1,255,2.5
2020/11/04,1019.1,1021.1,1017.3,85,68,2.0,250,6.0,246,2.0
2020/11/05,1017.6,1019.9,1015.9,87,68,1.8,251,6.1,251,0.5
2020/11/06,1013.3,1016.5,1010.8,98,85,0.9,247,7.4,120,3.0
2020/11/07,1013.2,1015.9,1011.7,87,51,0.9,220,6.1,110,0.5
2020/11/08,1019.1,1021.5,1015.8,99,99,0.9,229,5.1,226,14.5
2020/11/09,1020.7,1022.1,1019.4,98,92,1.8,222,5.4,229,3.0
2020/11/10,1021.7,1023.2,1020.0,99,99,1.9,248,6.0,221,15.5
2020/11/11,1023.0,1024.5,1021.8,98,89,1.7,250,6.1,253,15.5
2020/11/12,1020.4,1022.6,1018.8,99,99,1.0,256,4.8,252,33.5
2020/11/13,1018.7,1020.9,1017.0,99,99,1.2,250,5.8,100,122.0
2020/11/14,1020.2,1021.8,1018.6,99,94,1.6,246,5.5,243,20.0
2020/11/15,1019.0,1020.8,1017.7,91,72,0.9,241,4.1,269,0.0
2020/11/16,1017.0,1018.9,1015.2,92,62,0.7,246,5.1,105,15.0
2020/11/17,1014.8,1016.5,1013.2,99,86,0.6,26,4.4,14,2.0
2020/11/18,1012.0,1014.0,1009.6,91,63,0.6,26,3.2,110,0.0
2020/11/19,1010.6,1012.6,1008.3,87,53,0.8,4,4.1,2,0.0
2020/11/20,1012.0,1014.1,1009.9,91,61,0.9,257,5.6,17,9.5
2020/11/21,1014.5,1015.8,1013.1,99,99,0.9,24,5.3,7,51.5
2020/11/22,1016.3,1020.4,1014.0,92,62,1.2,48,7.2,32,0.5
2020/11/23,1020.2,1022.3,1018.6,99,96,1.2,29,8.1,27,60.0
2020/11/24,1019.5,1021.3,1018.1,99,99,0.9,255,3.5,259,26.5
2020/11/25,1018.1,1019.7,1016.2,99,99,0.9,242,4.8,102,0.0
2020/11/26,1018.3,1020.1,1015.9,99,99,0.9,20,5.6,105,0.0
2020/11/27,1020.3,1021.9,1018.4,98,87,1.2,10,7.5,34,3.5
2020/11/28,1021.2,1023.3,1019.8,99,95,0.9,27,5.2,22,36.0
2020/11/29,1021.8,1023.7,1020.2,99,99,1.1,253,5.1,229,61.0
2020/11/30,1022.8,1024.5,1021.1,99,99,1.2,243,5.8,271,108.0
2020/12/01,1021.1,1023.3,1019.2,99,99,1.4,248,6.5,84,X
2020/12/02,1019.6,1021.6,1018.0,97,84,1.4,197,7.3,50,1.0
2020/12/03,1020.8,1022.2,1019.7,98,83,1.3,248,5.2,247,1.5
2020/12/04,1020.5,1021.9,1019.1,100,99,1.1,212,5.0,29,60.5
2020/12/05,1020.7,1022.7,1018.8,100,99,1.6,249,5.1,14,45.0
2020/12/06,1019.2,1020.8,1017.7,99,99,1.5,248,5.1,245,101.5
2020/12/07,1019.0,1020.5,1017.4,99,99,1.6,250,5.0,256,40.0
2020/12/08,1018.9,1020.7,1017.1,99,99,X,X,5.1,269,9.5
2020/12/09,1016.6,1019.5,1014.3,99,99,X,X,4.8,273,24.0
2020/12/10,1014.7,1016.3,1013.1,99,99,X,X,2.9,265,15.0
2020/12/11,1013.8,1015.6,1011.4,99,99,X,X,3.1,265,3.0
2020/12/12,1014.2,1016.0,1012.7,99,92,X,X,4.3,266,2.5
2020/12/13,1014.0,1015.7,1011.8,91,61,X,X,3.7,265,1.5
2020/12/14,1018.3,1021.3,1014.3,98,81,X,X,6.7,265,18.0
2020/12/15,1021.7,1023.9,1019.9,100,99,X,X,3.9,266,41.0
2020/12/16,1022.6,1024.5,1021.4,100,100,X,X,4.9,267,105.0
2020/12/17,1021.0,1023.8,1018.4,100,99,X,X,4.2,265,36.0
2020/12/18,1018.2,1020.0,1015.6,91,56,X,X,5.7,266,4.0
2020/12/19,1022.7,1024.4,1019.8,96,81,X,X,4.7,265,9.0
2020/12/20,1023.6,1025.4,1022.4,100,100,X,X,5.4,266,68.5
2020/12/21,1022.3,1024.4,1020.6,100,100,X,X,4.8,265,69.0
2020/12/22,1019.0,1021.7,1016.5,99,99,X,X,5.8,266,28.0
2020/12/23,1014.6,1017.7,1011.9,99,96,0.4,26,3.8,263,5.5
2020/12/24,1013.9,1017.6,1010.9,90,71,1.3,4,6.6,27,0.5
2020/12/25,1018.9,1020.6,1016.8,100,86,1.3,251,4.4,256,6.5
2020/12/26,1016.7,1019.4,1014.2,89,62,1.2,248,4.8,254,0.0
2020/12/27,1014.8,1016.7,1012.7,85,43,0.9,21,4.5,244,0.0
2020/12/28,1015.5,1018.1,1013.2,97,79,1.5,247,5.8,251,0.5
2020/12/29,1012.0,1013.9,1009.8,89,53,0.9,248,3.8,258,0.0
2020/12/30,1023.2,1027.6,1013.9,70,56,2.0,359,10.4,45,0.5
2020/12/31,1027.1,1029.1,1025.0,66,51,1.6,1,6.8,9,0.0
2021/01/01,1023.7,1026.4,1021.2,75,59,1.5,249,5.3,246,0.0
2021/01/02,1022.6,1024.0,1021.5,100,79,1.1,257,4.9,263,4.5
2021/01/03,1021.2,1023.4,1019.1,91,58,1.2,248,5.3,275,2.5
2021/01/04,1018.3,1021.1,1015.9,91,74,1.1,246,6.0,241,0.0
2021/01/05,1018.8,1021.1,1015.8,98,82,0.9,52,5.4,15,2.5
2021/01/06,1019.1,1021.9,1016.2,100,99,1.0,246,5.4,269,48.5
2021/01/07,1021.5,1024.1,1018.6,95,76,1.0,37,6.8,56,7.0
2021/01/08,1024.4,1026.0,1022.6,95,77,0.9,260,5.5,229,5.0
2021/01/09,1024.8,1026.5,1022.6,76,56,1.3,250,5.2,12,0.0
2021/01/10,1023.3,1025.6,1021.0,77,57,1.7,247,5.0,277,3.0
2021/01/11,1022.1,1024.0,1020.1,100,100,0.8,249,4.5,244,11.5
2021/01/12,1021.3,1023.2,1019.2,80,49,1.2,250,4.5,15,1.5
2021/01/13,1018.6,1020.7,1015.8,74,45,1.3,247,4.7,81,0.0
2021/01/14,1016.7,1018.8,1014.7,76,44,1.4,239,4.7,118,0.0
2021/01/15,1014.5,1016.1,1012.1,72,32,1.3,247,5.1,273,0.0
2021/01/16,1017.6,1021.8,1015.3,82,54,1.8,37,11.5,43,7.0
2021/01/17,1024.3,1026.4,1021.7,98,88,1.5,252,5.0,228,1.5
2021/01/18,1022.5,1024.4,1020.3,89,64,1.7,251,6.1,266,0.0
2021/01/19,1021.1,1022.7,1019.4,96,81,0.9,249,3.4,253,0.0
2021/01/20,1018.7,1020.8,1017.0,100,87,0.8,246,3.7,261,1.0
2021/01/21,1015.1,1017.5,1012.8,94,67,0.8,264,4.3,118,0.0
2021/01/22,1010.8,1013.5,1008.4,99,98,0.6,28,4.6,35,1.5
2021/01/23,1011.5,1016.4,1008.7,91,73,1.0,41,6.2,40,1.5
2021/01/24,1017.8,1019.8,1015.9,86,74,1.2,18,8.2,8,0.0
2021/01/25,1016.9,1018.8,1015.0,85,50,1.0,248,4.2,257,0.0
2021/01/26,1015.4,1017.1,1013.9,85,54,1.0,244,4.9,10,1.0
2021/01/27,1016.8,1018.9,1014.8,100,99,1.4,253,5.0,20,6.0
2021/01/28,1019.6,1024.2,1016.5,82,0,1.3,265,7.8,40,0.0
2021/01/29,1024.2,1026.1,1022.7,74,58,1.4,239,4.8,259,0.0
2021/01/30,1022.6,1024.4,1020.5,74,50,1.3,116,6.4,169,0.0
2021/01/31,1020.7,1023.1,1018.3,72,44,1.5,248,6.9,121,0.0
2021/02/01,1017.4,1019.7,1014.7,71,40,1.4,246,4.7,250,0.0
2021/02/02,1020.5,1023.7,1016.4,77,48,1.5,22,7.8,25,0.5
2021/02/03,1022.2,1024.7,1019.6,77,52,1.3,251,4.7,251,0.5
2021/02/04,1021.3,1023.7,1019.5,76,56,1.0,246,4.9,129,0.0
2021/02/05,1018.0,1020.9,1015.3,76,52,1.0,252,3.8,246,0.0
2021/02/06,1016.2,1018.2,1013.5,76,42,1.1,36,7.0,19,0.0
2021/02/07,1016.9,1018.5,1014.9,77,53,1.1,10,5.6,107,0.0
2021/02/08,1020.1,1023.9,1017.1,94,84,0.9,22,4.7,35,48.0
2021/02/09,1020.8,1023.2,1017.9,97,87,1.1,248,3.7,258,46.0
2021/02/10,1013.7,1018.0,1009.8,87,66,1.5,113,9.1,113,1.5
2021/02/11,1008.2,1010.1,1006.3,92,77,1.1,253,6.3,3,6.0
2021/02/12,1012.7,1015.2,1009.9,87,62,1.3,30,7.2,26,7.0
2021/02/13,1014.8,1016.4,1013.5,88,65,1.8,245,6.2,19,15.0
2021/02/14,1011.9,1014.3,1008.9,78,52,1.4,114,5.3,116,0.0
2021/02/15,1014.6,1017.0,1012.0,72,49,1.3,38,7.2,49,0.0
2021/02/16,1015.0,1017.1,1012.5,79,57,1.0,248,3.9,244,0.0
2021/02/17,1020.4,1024.7,1015.3,81,66,1.3,249,6.2,17,0.5
2021/02/18,1025.8,1027.7,1024.1,62,35,1.9,21,7.6,26,0.0
2021/02/19,1022.5,1026.4,1020.0,61,40,1.3,9,6.3,234,0.0
2021/02/20,1018.4,1020.9,1016.4,65,26,1.3,229,5.2,18,0.0
2021/02/21,1016.1,1018.7,1014.1,68,42,1.1,251,4.5,15,0.0
2021/02/22,1014.9,1016.8,1012.8,73,43,1.2,2,4.6,53,0.0
2021/02/23,1015.3,1017.2,1013.8,77,52,1.0,246,4.5,258,2.0
2021/02/24,1013.1,1015.5,1011.0,75,48,1.4,206,8.0,105,0.0
2021/02/25,1009.1,1012.3,1006.2,78,52,0.9,235,4.0,266,0.0
2021/02/26,1008.4,1011.4,1005.9,85,64,0.8,71,5.4,83,2.0
2021/02/27,1012.8,1015.5,1010.5,81,62,0.8,175,4.3,26,0.0
2021/02/28,1015.0,1016.7,1013.5,81,63,0.6,223,3.3,19,0.0
2021/03/01,1014.2,1016.3,1012.2,83,56,0.8,241,3.7,10,0.0
2021/03/02,1019.8,1023.6,1013.7,86,74,1.2,52,10.7,13,4.5
2021/03/03,1020.1,1023.2,1018.0,89,71,1.1,247,4.5,266,2.0
2021/03/04,1017.0,1018.2,1014.7,82,59,0.7,21,4.7,268,0.0
2021/03/05,1016.5,1018.8,1014.6,93,83,0.5,212,3.8,255,0.5
2021/03/06,1015.1,1018.0,1012.8,86,60,0.8,157,3.8,143,2.0
2021/03/07,1018.1,1020.4,1016.4,91,80,0.5,94,4.6,236,3.5
2021/03/08,1019.6,1021.1,1018.0,94,84,0.6,220,3.6,258,3.5
2021/03/09,1019.4,1021.6,1017.5,89,67,0.8,38,5.0,22,1.5
2021/03/10,1021.3,1023.5,1019.7,95,80,0.8,227,4.6,224,3.5
2021/03/11,1018.5,1021.2,1015.2,82,53,0.9,246,4.5,321,0.0
2021/03/12,1018.5,1020.9,1016.4,86,60,1.1,41,7.7,44,0.5
2021/03/13,1019.0,1020.9,1017.3,81,65,1.2,6,4.1,6,0.5
2021/03/14,1016.8,1018.8,1015.5,83,70,1.1,248,3.8,267,0.0
2021/03/15,1013.8,1016.0,1011.3,75,51,0.9,246,4.5,13,0.0
2021/03/16,1012.6,1014.1,1010.3,79,51,1.1,357,5.2,94,0.0
2021/03/17,1012.5,1013.9,1010.5,81,59,0.9,73,4.5,19,0.0
2021/03/18,1012.0,1013.3,1010.5,86,64,0.7,44,3.7,21,0.0
2021/03/19,1010.7,1012.5,1008.5,81,52,0.9,11,6.5,20,0.0
2021/03/20,1009.8,1012.2,1007.4,82,59,0.9,34,4.4,106,0.0
2021/03/21,1017.4,1022.9,1011.5,87,74,1.1,41,6.8,35,3.0
2021/03/22,1023.9,1025.4,1022.1,89,74,1.5,247,5.2,256,5.5
2021/03/23,1020.3,1024.1,1016.6,81,73,1.3,254,5.8,252,0.0
2021/03/24,1014.3,1016.7,1011.5,76,46,0.7,5,5.7,19,6.0
2021/03/25,1016.7,1018.6,1014.7,72,49,1.3,34,6.1,42,0.0
2021/03/26,1014.2,1016.5,1012.7,76,54,1.2,252,6.5,111,0.0
2021/03/27,1010.0,1012.9,1006.9,77,50,1.2,248,4.7,1,0.0
2021/03/28,1007.3,1008.5,1005.7,77,51,0.9,138,4.7,267,0.0
2021/03/29,1006.4,1008.6,1004.1,81,62,0.8,54,5.1,107,0.0
2021/03/30,1005.3,1007.7,1003.5,84,60,0.8,62,3.7,10,3.0
2021/03/31,1006.2,1007.7,1004.1,87,69,0.5,57,3.4,53,0.5
2021/04/01,1006.4,1008.1,1004.5,84,66,0.6,244,3.7,267,0.0
2021/04/02,1008.7,1010.1,1007.2,80,56,0.8,64,4.2,105,0.0
2021/04/03,1010.1,1011.9,1008.6,83,63,0.8,237,5.0,105,0.0
2021/04/04,1015.0,1018.7,1011.2,87,71,0.8,43,7.6,20,0.0
2021/04/05,1018.2,1020.5,1016.1,65,45,1.0,63,5.6,85,0.0
2021/04/06,1017.5,1019.7,1015.7,70,53,1.1,39,5.1,244,0.0
2021/04/07,1016.2,1018.6,1013.9,72,52,0.9,250,3.4,232,0.0
2021/04/08,1013.5,1016.6,1011.6,81,51,1.0,23,5.7,100,5.0
2021/04/09,1017.4,1019.1,1014.7,87,73,0.8,224,4.1,226,0.0
2021/04/10,1018.3,1019.5,1016.9,88,76,1.1,249,4.1,258,0.5
2021/04/11,1017.3,1019.3,1015.3,82,54,0.8,5,4.9,120,1.0
2021/04/12,1014.3,1016.7,1011.8,79,54,0.9,4,4.7,4,0.0
2021/04/13,1013.2,1014.7,1011.2,85,60,0.8,44,4.8,23,3.0
2021/04/14,1014.2,1016.1,1012.7,94,85,0.9,252,4.1,85,6.5
2021/04/15,1012.2,1014.7,1009.6,86,63,1.0,46,5.6,56,0.5
2021/04/16,1012.5,1014.1,1010.5,83,62,0.9,108,4.6,114,0.0
2021/04/17,1016.0,1019.1,1012.6,76,43,0.9,245,5.2,91,0.0
2021/04/18,1017.7,1019.4,1015.8,84,70,1.2,243,4.8,243,3.5
2021/04/19,1014.3,1016.8,1013.1,78,53,1.0,50,4.7,99,0.0
2021/04/20,1013.3,1014.8,1011.4,71,46,1.3,100,7.6,106,0.0
2021/04/21,1011.7,1013.8,1009.7,79,49,1.0,258,6.4,107,3.5
2021/04/22,1007.1,1009.7,1004.8,93,82,0.6,269,3.9,98,9.0
2021/04/23,1006.1,1009.2,1003.8,80,58,1.4,41,8.7,4,1.0
2021/04/24,1010.0,1011.6,1007.9,84,62,1.2,243,5.0,16,1.0
2021/04/25,1012.6,1015.3,1009.7,92,78,1.4,253,5.3,46,9.0
2021/04/26,1014.0,1015.3,1012.5,79,57,1.2,108,8.5,103,1.0
2021/04/27,1014.5,1016.2,1013.2,84,54,0.9,249,4.8,114,0.5
2021/04/28,1013.7,1015.6,1011.7,91,71,0.5,15,2.7,29,10.0
2021/04/29,1011.8,1014.0,1010.2,95,82,0.6,52,4.7,19,14.5
2021/04/30,1010.3,1011.8,1008.5,76,29,0.9,235,5.2,7,0.0
2021/05/01,1010.3,1012.0,1008.5,71,45,1.0,2,4.7,250,0.0
2021/05/02,1013.7,1015.5,1011.5,77,53,0.9,55,4.4,269,0.0
2021/05/03,1013.5,1015.1,1011.7,86,69,0.9,18,5.5,156,0.5
2021/05/04,1010.5,1012.8,1008.1,82,56,0.8,351,4.8,10,0.0
2021/05/05,1013.8,1017.3,1009.7,87,75,1.1,47,9.0,27,0.5
2021/05/06,1014.2,1016.0,1011.6,82,61,0.6,77,4.1,22,0.0
2021/05/07,1011.3,1013.3,1008.9,82,54,0.7,2,5.6,15,0.0
2021/05/08,1008.5,1009.8,1006.7,86,57,0.8,5,5.0,15,6.5
2021/05/09,1008.4,1010.2,1006.9,80,60,0.8,43,4.5,94,0.0
2021/05/10,1007.6,1008.9,1006.0,82,62,1.1,26,5.1,5,0.0
2021/05/11,1006.8,1008.4,1005.5,80,57,0.8,4,5.4,31,0.0
2021/05/12,1007.4,1009.8,1005.8,77,55,1.0,2,6.1,16,0.0
2021/05/13,1008.1,1009.5,1006.7,77,54,0.9,248,4.8,2,0.0
2021/05/14,1008.7,1010.3,1007.2,77,54,0.9,2,5.7,8,0.0
2021/05/15,1008.0,1010.2,1006.1,75,51,1.0,11,5.7,9,0.0
2021/05/16,1007.6,1008.9,1005.7,74,49,0.9,21,5.9,21,0.0
2021/05/17,1008.8,1010.0,1006.7,77,54,0.8,41,5.6,29,0.0
2021/05/18,1008.8,1010.1,1007.3,78,54,0.8,6,6.4,266,0.5
2021/05/19,1007.5,1009.2,1005.5,77,51,0.9,269,9.5,2,0.0
2021/05/20,1007.4,1008.8,1006.0,74,51,1.1,1,5.2,3,0.0
2021/05/21,1007.2,1008.4,1006.0,77,55,1.0,49,5.4,9,0.0
2021/05/22,1006.5,1008.1,1005.4,78,51,1.0,21,5.0,112,4.0
2021/05/23,1007.5,1008.9,1006.3,81,61,0.8,30,4.7,13,0.5
2021/05/24,1009.1,1012.7,1006.7,82,55,0.9,42,5.6,32,3.0
2021/05/25,1010.4,1012.2,1009.0,89,64,0.7,218,4.4,110,2.5
2021/05/26,1007.6,1009.7,1005.4,81,60,1.1,35,6.1,9,0.0
2021/05/27,1006.9,1008.9,1005.7,79,58,0.7,14,4.5,355,0.0
2021/05/28,1006.5,1008.2,1004.0,75,51,1.1,14,7.2,28,0.0
2021/05/29,1006.0,1008.0,1004.0,81,64,0.7,224,4.8,177,0.5
2021/05/30,1003.4,1004.8,1001.4,89,65,0.7,5,5.0,9,69.0
2021/05/31,1005.2,1007.1,1002.1,96,79,0.6,47,3.7,44,29.5
2021/06/01,1006.5,1008.1,1004.9,88,62,0.9,253,5.4,13,6.5
2021/06/02,1006.9,1008.7,1005.1,85,60,1.0,21,6.2,225,4.5
2021/06/03,1004.9,1007.2,1002.7,77,55,1.0,26,5.1,8,0.0
2021/06/04,1003.0,1004.0,1001.4,86,57,0.8,248,5.7,104,12.5
2021/06/05,1002.4,1005.7,999.6,90,67,0.9,47,5.4,75,6.5
2021/06/06,1005.4,1008.8,1003.2,96,90,0.4,27,3.5,64,23.0
2021/06/07,1008.8,1010.8,1006.7,87,65,0.7,70,4.8,261,9.0
2021/06/08,1009.3,1011.0,1007.2,84,66,0.8,6,4.3,8,0.0
2021/06/09,1008.1,1009.8,1005.6,81,57,1.0,96,6.6,111,0.0
2021/06/10,1006.5,1008.1,1004.4,82,58,1.1,231,5.3,251,0.0
2021/06/11,1006.9,1009.5,1005.2,75,51,1.0,244,5.5,101,0.0
2021/06/12,1009.0,1011.1,1007.5,78,56,1.1,360,5.1,1,0.0
2021/06/13,1008.4,1010.6,1006.1,76,53,0.9,34,4.1,37,0.0
2021/06/14,1004.4,1006.9,1001.5,75,52,1.0,221,6.0,228,0.0
2021/06/15,1002.0,1003.1,1000.7,74,51,0.9,41,4.6,23,0.0
2021/06/16,1002.7,1004.5,1000.3,74,54,0.8,57,4.2,52,0.0
2021/06/17,1004.1,1005.2,1002.6,68,39,0.8,28,5.2,113,0.0
2021/06/18,1002.9,1004.5,1001.3,70,48,0.8,258,4.8,348,0.0
2021/06/19,1001.0,1002.5,999.7,69,49,0.9,225,4.9,103,0.0
2021/06/20,1000.2,1001.5,998.4,72,44,0.9,14,4.9,16,0.0
2021/06/21,1000.8,1002.8,999.1,74,53,0.9,35,5.7,16,0.0
2021/06/22,1003.1,1006.0,1000.4,87,59,0.7,34,7.3,11,39.5
2021/06/23,1006.1,1008.2,1003.7,96,79,1.4,19,7.8,28,69.5
2021/06/24,1005.8,1007.0,1004.2,90,64,0.9,250,6.2,225,9.5
2021/06/25,1005.5,1006.8,1004.2,83,62,0.8,249,4.5,117,0.0
2021/06/26,1005.9,1007.3,1004.8,86,60,0.7,252,4.1,9,15.0
2021/06/27,1004.3,1006.1,1002.6,86,60,0.8,7,5.5,244,7.5
2021/06/28,1002.4,1003.5,1000.9,77,53,0.8,16,4.5,238,0.0
2021/06/29,1002.9,1004.4,1001.5,75,54,1.0,245,3.8,249,0.0
2021/06/30,1004.2,1005.4,1003.0,71,48,1.0,63,4.7,104,0.0
2021/07/01,1005.0,1006.7,1003.6,74,52,0.8,32,4.5,88,0.0
2021/07/02,1006.3,1007.9,1004.5,73,50,1.0,245,5.3,123,0.0
2021/07/03,1006.4,1008.4,1004.9,74,55,1.0,262,6.2,360,0.0
2021/07/04,1007.7,1009.9,1006.7,75,47,0.9,13,5.9,9,0.0
2021/07/05,1007.2,1008.7,1005.5,71,49,1.6,116,10.4,96,0.5
2021/07/06,1005.8,1010.3,1002.6,76,47,1.1,15,9.8,157,1.5
2021/07/07,1010.3,1012.2,1008.4,76,51,0.9,1,6.7,1,0.0
2021/07/08,1010.5,1012.1,1008.9,74,50,1.0,2,7.3,23,0.0
2021/07/09,1009.4,1010.8,1007.9,72,44,1.1,36,5.9,355,0.0
2021/07/10,1010.1,1012.4,1008.3,74,48,1.1,3,6.8,16,0.0
2021/07/11,1011.1,1012.2,1009.7,73,44,1.0,3,6.3,7,0.0
2021/07/12,1010.0,1011.8,1008.3,73,47,1.1,20,8.1,11,0.0
2021/07/13,1008.5,1009.7,1007.0,72,49,1.2,24,6.8,10,0.0
2021/07/14,1008.7,1009.7,1007.1,70,52,1.1,51,6.1,111,0.0
2021/07/15,1008.3,1010.0,1006.8,69,49,1.6,105,10.9,111,0.0
2021/07/16,1008.3,1009.6,1007.0,72,50,1.1,255,6.6,114,0.0
2021/07/17,1005.4,1007.5,1003.9,73,51,1.1,55,6.3,28,1.5
2021/07/18,1004.1,1005.3,1003.3,74,52,1.0,250,5.0,95,0.0
2021/07/19,1004.2,1005.3,1003.0,73,52,1.2,17,6.8,104,0.0
2021/07/20,1003.9,1005.6,1002.5,74,52,1.2,29,6.6,19,0.5
2021/07/21,1000.9,1003.7,998.1,73,47,1.8,4,7.9,8,20.0
2021/07/22,995.1,998.2,993.3,93,82,1.5,249,5.9,274,42.0
2021/07/23,991.4,993.4,989.6,92,82,1.6,250,7.5,242,74.0
2021/07/24,990.7,993.6,987.4,76,55,1.5,254,10.3,246,24.5
2021/07/25,993.5,994.9,992.1,70,47,0.8,226,4.2,229,0.0
2021/07/26,994.7,996.1,992.4,72,45,0.9,256,4.9,264,0.0
2021/07/27,995.0,996.0,993.7,69,48,1.1,35,7.5,110,0.0
2021/07/28,996.9,998.8,994.7,76,57,1.0,251,5.7,106,0.0
2021/07/29,999.6,1001.7,997.7,75,52,1.2,255,7.2,270,0.0
2021/07/30,1000.9,1002.2,999.7,78,49,1.1,245,5.3,105,3.0
2021/07/31,1000.0,1001.5,998.0,86,58,0.9,225,5.6,225,27.5
2021/08/01,997.1,998.8,996.0,88,65,0.7,266,4.6,96,5.5
2021/08/02,997.0,998.1,996.3,84,58,0.8,255,6.1,195,0.0
2021/08/03,997.7,999.9,996.2,86,62,0.8,1,5.3,11,36.5
2021/08/04,999.5,1000.7,998.3,91,71,0.7,253,5.0,196,19.0
2021/08/05,998.0,999.4,996.9,87,66,0.6,258,3.4,16,0.0
2021/08/06,997.0,999.0,995.0,91,85,0.6,270,3.8,276,4.0
2021/08/07,996.6,1001.9,994.4,96,87,0.7,263,4.2,274,43.5
2021/08/08,1003.5,1006.5,1000.0,83,59,0.7,7,4.7,230,0.0
2021/08/09,1006.0,1007.5,1003.8,83,62,0.8,23,6.5,273,0.0
2021/08/10,1006.9,1008.8,1005.4,78,56,1.1,235,4.8,18,0.0
2021/08/11,1008.6,1010.0,1007.2,80,60,0.8,260,4.0,8,1.5
2021/08/12,1008.2,1009.9,1006.5,77,54,0.8,27,4.0,47,0.0
2021/08/13,1005.9,1007.2,1004.2,77,56,0.9,57,6.9,270,0.0
2021/08/14,1006.4,1009.1,1004.7,82,57,1.0,224,6.2,258,3.0
2021/08/15,1010.1,1012.3,1008.0,83,58,0.9,44,6.5,18,0.0
2021/08/16,1011.5,1013.2,1010.0,79,57,0.9,248,5.6,14,0.0
2021/08/17,1009.5,1011.7,1006.7,80,58,1.0,25,6.5,21,2.5
2021/08/18,1008.2,1009.1,1007.2,85,57,1.1,248,6.0,261,26.5
2021/08/19,1008.5,1010.3,1007.1,83,55,0.8,235,4.6,116,1.0
2021/08/20,1009.2,1010.3,1008.0,79,53,1.0,254,5.3,360,0.0
2021/08/21,1008.2,1009.6,1005.7,77,55,0.9,51,4.7,111,0.0
2021/08/22,1006.5,1007.8,1004.2,79,53,1.2,29,7.2,113,0.0
2021/08/23,1006.6,1007.9,1004.7,81,62,0.8,254,3.6,39,0.0
2021/08/24,1007.4,1009.3,1006.1,78,54,0.8,11,5.6,13,0.0
2021/08/25,1009.2,1011.7,1007.7,80,56,1.0,223,6.6,218,2.0
2021/08/26,1011.5,1012.9,1009.9,74,48,1.3,114,8.4,109,0.0
2021/08/27,1011.4,1012.7,1009.8,71,42,1.0,225,6.7,111,0.0
2021/08/28,1010.9,1012.7,1008.6,72,49,1.3,107,8.1,107,0.0
2021/08/29,1011.1,1013.1,1009.5,74,54,1.2,223,7.7,108,0.0
2021/08/30,1011.6,1012.8,1010.5,76,50,1.1,48,8.3,84,6.0
2021/08/31,1010.9,1012.3,1009.5,78,49,1.1,253,6.9,112,0.0
2021/09/01,1009.9,1011.3,1008.1,77,54,1.1,226,5.8,83,0.0
2021/09/02,1008.5,1010.6,1006.1,76,54,1.2,43,5.3,47,0.0
2021/09/03,1007.3,1008.3,1006.1,72,48,0.9,12,5.0,105,0.0
2021/09/04,1008.7,1010.9,1007.3,75,53,1.2,224,5.3,84,0.0
2021/09/05,1009.2,1011.4,1007.2,72,53,1.3,92,9.2,111,0.0
2021/09/06,1010.5,1012.1,1008.9,75,51,1.4,226,6.0,4,0.0
2021/09/07,1009.9,1011.6,1007.8,72,48,1.2,225,6.2,114,0.0
2021/09/08,1009.2,1010.6,1008.0,71,51,1.2,226,6.1,39,0.0
2021/09/09,1009.4,1010.8,1008.2,71,40,1.3,105,7.5,110,0.0
2021/09/10,1007.8,1010.2,1006.0,72,46,1.5,105,9.6,112,0.0
2021/09/11,1002.1,1007.0,999.3,85,52,1.8,98,12.3,113,25.0
2021/09/12,994.6,999.5,988.2,92,60,1.5,249,10.5,254,76.5
2021/09/13,1004.3,1008.5,998.7,76,55,0.9,253,4.9,123,0.0
2021/09/14,1009.7,1011.0,1007.5,77,55,1.1,23,4.8,261,0.0
2021/09/15,1009.8,1011.4,1007.9,81,57,0.9,253,6.1,225,6.0
2021/09/16,1008.9,1009.9,1007.1,79,56,0.9,237,4.8,36,0.0
2021/09/17,1010.0,1011.7,1008.3,81,60,1.0,57,4.8,119,0.0
2021/09/18,1011.6,1013.4,1010.0,82,59,0.9,254,4.8,109,0.0
2021/09/19,1011.2,1012.8,1009.2,79,59,1.0,229,4.2,345,0.0
2021/09/20,1009.9,1011.8,1007.9,77,52,1.0,27,4.8,25,0.0
2021/09/21,1009.1,1010.5,1007.5,79,58,1.1,253,6.5,262,0.0
2021/09/22,1011.4,1013.9,1009.2,76,53,1.0,226,4.8,112,0.0
2021/09/23,1013.9,1015.6,1012.5,76,55,1.1,108,6.7,95,0.0
2021/09/24,1014.7,1016.0,1012.9,83,61,0.8,33,4.4,121,0.0
2021/09/25,1013.5,1014.8,1012.6,90,77,0.9,1,5.4,227,7.0
2021/09/26,1012.0,1013.4,1009.9,76,56,1.2,44,5.3,359,0.0
2021/09/27,1010.1,1011.6,1008.7,79,63,1.2,249,5.2,22,1.0
2021/09/28,1008.5,1010.2,1006.6,74,50,1.2,246,5.1,27,0.0
2021/09/29,1006.7,1008.5,1005.0,74,44,1.1,253,4.5,263,0.0
2021/09/30,1007.3,1009.6,1005.9,74,49,1.1,79,5.6,28,0.0
2021/10/01,1009.3,1011.7,1007.4,85,59,0.9,235,4.5,198,41.0
2021/10/02,1012.1,1013.8,1010.4,81,62,0.9,232,5.1,35,0.0
2021/10/03,1014.0,1015.4,1012.3,75,57,1.3,47,6.3,121,0.0
2021/10/04,1014.0,1015.5,1012.5,74,52,1.3,105,9.6,99,1.0
2021/10/05,1013.2,1015.1,1010.8,79,52,1.5,100,7.7,102,8.0
2021/10/06,1010.3,1013.3,1007.6,84,62,1.1,105,6.9,107,1.5
2021/10/07,1007.6,1009.1,1005.7,82,61,1.4,108,8.9,117,1.5
2021/10/08,1008.5,1010.5,1007.0,82,61,1.2,106,9.0,115,2.0
2021/10/09,1010.1,1011.8,1008.5,86,70,0.8,234,7.2,109,6.0
2021/10/10,1008.6,1010.4,1006.8,81,58,0.8,67,5.9,103,8.5
2021/10/11,1004.2,1007.2,1001.2,95,85,1.2,33,12.5,114,114.0
2021/10/12,1003.3,1006.6,1000.5,94,82,2.2,108,10.3,118,72.5
2021/10/13,1008.2,1010.8,1005.4,95,81,1.0,160,9.8,94,81.5
2021/10/14,1010.2,1012.2,1008.3,94,70,0.6,3,7.0,93,8.5
2021/10/15,1010.5,1012.1,1009.0,81,56,1.1,101,7.0,114,0.0
2021/10/16,1013.3,1018.2,1010.4,84,65,1.3,58,9.0,103,41.5
2021/10/17,1019.7,1021.4,1017.9,93,81,1.4,231,5.7,266,33.5
2021/10/18,1017.7,1019.1,1016.0,84,60,1.5,265,6.5,226,0.5
2021/10/19,1016.9,1018.5,1015.3,82,68,1.2,246,4.4,250,0.0
2021/10/20,1014.7,1017.5,1012.2,87,72,0.6,3,4.9,249,0.0
2021/10/21,1013.0,1016.4,1010.7,82,61,0.9,24,5.5,26,0.0
2021/10/22,1018.4,1021.1,1015.2,96,91,0.9,227,4.4,231,37.0
2021/10/23,1019.8,1021.0,1018.5,96,88,1.1,247,3.9,249,30.5
2021/10/24,1017.0,1019.4,1015.0,98,94,0.9,248,4.2,257,13.0
2021/10/25,1016.0,1016.9,1014.8,97,94,1.3,246,6.6,258,11.5
2021/10/26,1015.8,1017.1,1014.5,92,86,1.1,245,6.0,258,3.0
2021/10/27,1017.0,1018.1,1015.4,96,92,1.5,249,4.9,267,5.5
2021/10/28,1018.1,1019.7,1016.8,83,60,1.6,245,6.2,255,0.0
2021/10/29,1017.9,1019.9,1016.6,84,67,1.6,249,5.9,244,0.5
2021/10/30,1018.0,1019.6,1016.4,81,66,1.3,246,4.8,269,0.0
2021/10/31,1018.2,1019.7,1016.3,86,66,1.2,246,4.5,257,12.5
2021/11/01,1018.8,1020.0,1017.6,93,79,1.6,247,5.9,232,6.5
2021/11/02,1017.9,1019.8,1016.3,93,83,1.5,258,5.9,232,2.5
2021/11/03,1016.5,1018.1,1015.1,96,89,0.6,250,4.1,247,17.0
2021/11/04,1015.1,1016.8,1013.9,98,93,0.2,8,2.6,252,10.5
2021/11/05,1011.0,1014.5,1008.2,87,65,0.8,355,3.9,5,0.0
2021/11/06,1008.7,1011.5,1006.9,82,57,0.9,38,5.0,109,1.0
2021/11/07,1011.2,1013.1,1009.2,80,56,0.8,250,4.9,252,0.0
2021/11/08,1015.5,1019.9,1010.1,85,71,1.5,226,8.3,33,2.5
2021/11/09,1018.6,1021.2,1016.6,75,56,1.0,23,4.5,243,0.0
2021/11/10,1017.4,1019.4,1015.8,74,45,1.4,251,5.6,246,0.5
2021/11/11,1017.3,1019.4,1015.5,68,42,1.3,249,4.7,237,0.0
2021/11/12,1019.3,1022.1,1017.4,91,76,1.3,249,4.8,234,13.0
2021/11/13,1017.5,1019.6,1015.2,98,94,0.9,246,3.7,271,16.5
2021/11/14,1017.8,1019.8,1016.4,89,75,1.7,247,5.9,268,0.0
2021/11/15,1016.9,1018.9,1015.6,84,75,1.6,248,4.9,250,0.5
2021/11/16,1016.3,1018.6,1014.0,83,57,1.0,253,4.3,259,2.5
2021/11/17,1015.2,1017.8,1013.1,93,78,0.6,255,4.1,242,2.0
2021/11/18,1010.9,1013.3,1008.5,82,58,0.9,4,7.0,11,0.0
2021/11/19,1010.4,1011.8,1009.0,83,64,1.2,14,6.8,45,4.0
2021/11/20,1012.6,1014.8,1011.0,98,94,1.3,245,4.8,265,38.5
2021/11/21,1011.9,1014.2,1010.3,83,55,1.0,247,4.2,256,1.0
2021/11/22,1015.7,1020.6,1010.2,83,72,1.2,33,6.4,13,0.0
2021/11/23,1020.3,1021.6,1018.9,87,76,1.1,234,4.3,226,0.0
2021/11/24,1019.7,1021.6,1018.1,92,80,1.9,247,5.6,236,3.5
2021/11/25,1016.9,1018.4,1015.4,91,72,0.8,250,4.6,260,1.0
2021/11/26,1018.6,1023.1,1015.7,97,95,1.2,186,7.2,4,66.5
2021/11/27,1021.9,1023.5,1020.2,95,86,2.0,243,6.8,269,17.0
2021/11/28,1019.4,1022.0,1017.4,94,73,0.4,271,4.3,241,11.0
2021/11/29,1015.9,1018.1,1013.9,93,73,0.7,258,6.8,110,5.0
2021/11/30,1015.1,1020.6,1012.3,80,62,1.3,28,7.4,27,0.5
2021/12/01,1021.9,1024.0,1020.1,69,56,1.2,242,6.6,14,0.0
2021/12/02,1019.6,1021.2,1017.1,76,55,1.0,251,5.4,12,0.0
2021/12/03,1021.0,1023.9,1018.8,71,42,1.4,38,6.1,42,0.0
2021/12/04,1022.4,1024.2,1021.4,68,47,1.4,254,5.1,269,0.0
2021/12/05,1019.5,1021.9,1017.9,82,63,1.1,39,4.5,28,0.0
2021/12/06,1018.4,1020.1,1016.6,89,71,1.1,270,5.0,260,8.5
2021/12/07,1021.7,1023.7,1019.3,91,79,1.4,245,5.0,226,24.0
2021/12/08,1022.6,1024.6,1021.2,80,51,1.3,246,4.5,244,1.0
2021/12/09,1020.6,1021.9,1019.3,88,78,1.1,246,4.2,255,5.5
2021/12/10,1020.2,1022.4,1018.8,93,84,1.1,238,4.4,257,3.5
2021/12/11,1019.5,1021.6,1017.7,81,53,1.0,236,5.4,104,0.0
2021/12/12,1020.1,1022.9,1018.0,85,64,1.1,40,6.6,20,6.5
2021/12/13,1021.5,1023.4,1019.5,98,96,1.3,234,4.8,266,53.5
2021/12/14,1018.5,1020.7,1016.5,93,77,0.9,246,3.9,259,8.0
2021/12/15,1016.2,1018.9,1013.5,89,68,0.6,7,4.0,6,0.0
2021/12/16,1014.9,1016.4,1012.7,82,54,0.8,1,4.0,264,0.0
2021/12/17,1020.5,1026.1,1015.7,94,86,0.6,28,4.5,223,11.0
2021/12/18,1024.6,1026.4,1023.0,85,72,1.8,252,5.6,231,0.0
2021/12/19,1023.0,1025.6,1021.0,76,56,1.5,245,5.1,261,0.0
2021/12/20,1018.9,1021.5,1016.4,83,66,0.7,245,4.0,238,0.0
2021/12/21,1012.9,1016.4,1010.0,88,71,0.7,248,3.5,263,1.0
2021/12/22,1014.4,1016.9,1011.1,84,68,0.8,43,4.3,215,0.0
2021/12/23,1014.7,1017.0,1013.0,89,68,1.2,251,4.3,267,1.0
2021/12/25,1014.0,1019.1,1011.9,79,60,0.8,18,5.1,22,1.0
2021/12/25,1023.3,1027.4,1019.0,94,85,1.1,29,5.5,3,32.5
2021/12/26,1027.8,1029.7,1026.0,95,80,0.9,14,6.4,40,23.5
2021/12/27,1027.5,1030.1,1025.4,98,94,1.6,232,4.7,247,13.0
2021/12/28,1023.0,1026.6,1020.6,89,62,1.1,230,4.2,257,0.5
2021/12/29,1020.9,1023.6,1019.4,81,55,1.0,30,4.5,149,0.0
2021/12/30,1025.0,1027.0,1022.6,80,66,1.2,267,6.0,70,0.0
2021/12/31,1025.6,1027.4,1024.1,88,78,1.7,253,5.5,264,3.5
2022/01/01,1022.8,1025.1,1020.8,88,67,0.9,256,4.9,258,1.0
2022/01/02,1022.0,1024.0,1020.6,85,70,1.1,248,5.4,261,0.0
2022/01/03,1020.6,1022.5,1019.1,82,59,0.8,58,3.9,44,0.0
2022/01/04,1019.4,1021.7,1017.4,95,88,1.1,253,5.1,241,9.0
2022/01/05,1015.6,1017.5,1013.5,86,58,0.9,252,4.0,89,0.0
2022/01/06,1020.7,1023.2,1016.6,88,75,1.2,250,6.6,33,6.5
2022/01/07,1022.5,1024.5,1020.8,93,85,1.2,226,5.2,247,4.5
2022/01/08,1020.2,1022.1,1018.5,91,81,1.6,249,4.8,221,1.5
2022/01/09,1016.7,1018.7,1014.5,87,66,0.7,255,4.1,257,0.0
2022/01/10,1015.4,1017.7,1013.2,94,76,0.7,248,4.3,226,1.5
2022/01/11,1019.5,1023.6,1013.9,81,69,1.6,4,6.9,16,0.0
2022/01/12,1020.2,1022.1,1018.5,84,76,1.7,251,6.3,241,0.0
2022/01/13,1020.0,1023.0,1017.7,77,65,1.2,3,7.1,18,0.0
2022/01/14,1020.8,1023.5,1018.4,78,64,1.4,251,4.2,248,0.0
2022/01/15,1019.4,1022.4,1017.7,78,58,0.9,231,4.1,84,0.0
2022/01/16,1019.7,1021.2,1017.5,83,58,1.3,199,7.6,23,0.5
2022/01/17,1020.2,1021.9,1018.5,96,80,0.8,253,5.1,19,17.0
2022/01/18,1020.3,1021.6,1019.0,98,88,1.1,261,5.7,2,44.0
2022/01/19,1018.5,1019.9,1017.1,99,97,1.3,251,4.6,235,38.0
2022/01/20,1019.6,1021.4,1017.6,100,99,1.0,1,4.5,32,107.0
2022/01/21,1019.3,1022.1,1017.3,100,99,0.7,249,4.3,278,66.5
2022/01/22,1014.3,1017.9,1010.9,98,80,1.1,106,9.0,111,70.0
2022/01/23,1009.5,1012.3,1007.4,87,60,0.8,75,4.4,272,0.0
2022/01/24,1013.3,1016.3,1010.0,88,72,0.9,32,4.1,95,0.5
2022/01/25,1016.5,1018.6,1014.9,96,87,1.2,250,5.0,261,3.5
2022/01/26,1016.3,1018.2,1014.5,87,67,0.8,228,4.3,97,0.5
2022/01/27,1015.9,1017.5,1014.2,83,56,1.0,23,4.1,250,0.0
2022/01/28,1016.4,1016.8,1014.6,98,97,1.3,28,7.3,13,38.0
2022/01/29,1012.8,1015.1,1010.6,97,86,0.7,114,3.8,224,16.5
2022/01/30,1016.1,1021.7,1011.3,84,69,1.0,5,6.1,29,0.5
2022/01/31,1020.8,1022.4,1019.6,80,60,1.1,244,5.3,266,0.0
2022/02/01,1018.3,1020.6,1015.7,86,64,0.9,248,4.1,250,7.0
2022/02/02,1017.6,1019.8,1015.6,91,65,1.1,188,4.1,268,5.0
2022/02/03,1016.0,1017.0,1014.4,96,92,0.4,103,3.1,129,7.5
2022/02/04,1019.5,1023.1,1016.0,94,81,0.6,38,6.1,10,0.5
2022/02/05,1023.8,1025.5,1022.4,95,88,1.8,233,5.4,279,7.5
2022/02/06,1023.7,1026.2,1021.5,99,97,1.2,250,4.1,239,28.5
2022/02/07,1015.7,1021.5,1010.1,85,60,0.7,26,5.1,7,1.0
2022/02/08,1018.9,1021.2,1014.9,82,70,1.2,32,7.8,6,0.5
2022/02/09,1017.7,1019.9,1015.6,91,77,0.9,65,4.6,6,0.5
2022/02/10,1017.0,1019.0,1015.3,89,70,1.1,251,5.4,30,9.5
2022/02/11,1015.7,1017.7,1014.0,93,77,0.5,253,3.5,258,10.0
2022/02/12,1013.8,1015.1,1011.8,82,61,1.3,31,6.6,40,0.5
2022/02/13,1012.9,1014.6,1010.6,91,66,0.6,249,3.6,22,11.5
2022/02/14,1016.6,1018.9,1014.0,89,73,0.9,2,6.3,19,11.5
2022/02/15,1016.8,1019.5,1014.2,85,65,1.1,25,4.8,250,10.0
2022/02/16,1016.0,1017.4,1014.7,97,87,1.1,20,6.7,247,125.0
2022/02/17,1014.7,1016.4,1012.3,97,88,1.1,248,5.4,247,30.5
2022/02/18,1014.2,1017.5,1011.4,94,84,0.8,251,4.2,231,6.5
2022/02/19,1016.2,1021.0,1012.5,93,84,1.0,32,7.0,10,11.5
2022/02/20,1023.9,1026.1,1020.7,94,83,1.1,16,5.1,16,18.0
2022/02/21,1023.3,1025.5,1021.2,98,91,1.4,255,4.3,255,41.0
2022/02/22,1021.7,1023.7,1020.0,99,97,1.4,253,4.9,263,102.0
2022/02/23,1023.4,1026.0,1020.0,97,88,0.7,251,3.6,264,18.5
2022/02/24,1025.7,1027.7,1024.0,91,77,1.1,1,5.0,271,3.0
2022/02/25,1022.3,1025.7,1019.5,88,63,1.3,230,4.8,208,0.5
2022/02/26,1018.9,1021.5,1016.4,84,55,1.0,106,4.9,111,0.0
2022/02/27,1019.6,1022.6,1018.0,86,65,1.3,245,4.4,229,0.0
2022/02/28,1016.8,1019.4,1014.4,77,46,1.3,243,4.8,259,0.0
2022/03/01,1014.9,1017.0,1012.9,78,50,0.9,236,4.2,105,0.0
2022/03/02,1016.8,1018.8,1014.6,88,78,1.0,29,7.2,360,7.5
2022/03/03,1015.6,1019.0,1012.9,91,68,0.7,245,3.0,238,6.5
2022/03/04,1011.9,1013.8,1009.8,84,51,0.8,10,5.2,90,0.0
2022/03/05,1013.4,1016.7,1010.9,91,80,1.1,20,4.5,266,3.0
2022/03/06,1015.6,1017.9,1013.7,87,73,1.2,24,5.9,13,3.5
2022/03/07,1014.0,1018.0,1011.1,83,62,1.2,5,10.1,9,4.0
2022/03/08,1017.4,1019.4,1015.4,65,41,1.5,251,5.5,256,0.0
2022/03/09,1016.3,1018.0,1014.6,63,44,1.5,106,8.7,96,0.0
2022/03/10,1014.3,1016.4,1012.2,68,42,0.9,68,8.2,101,0.0
2022/03/11,1012.9,1014.7,1010.9,74,43,1.3,246,5.4,105,0.0
2022/03/12,1012.4,1014.5,1010.7,76,53,1.2,98,6.3,108,0.0
2022/03/13,1011.5,1013.2,1008.9,77,51,1.2,3,4.8,17,0.0
2022/03/14,1010.6,1012.2,1009.3,78,49,0.9,227,4.0,254,0.0
2022/03/15,1010.2,1011.9,1008.4,80,58,0.8,54,4.0,79,0.0
2022/03/16,1010.2,1012.4,1007.9,80,64,1.2,111,6.4,97,0.0
2022/03/17,1007.0,1010.1,1004.4,81,59,0.8,13,4.5,15,0.0
2022/03/18,1006.1,1009.8,1002.8,80,60,1.1,211,8.3,14,0.0
2022/03/19,1009.8,1012.3,1007.6,79,54,1.1,29,4.7,85,4.0
2022/03/20,1012.7,1014.4,1011.1,93,79,0.8,99,6.2,113,7.0
2022/03/21,1011.7,1014.5,1009.3,90,70,0.7,6,4.5,243,6.0
2022/03/22,1012.2,1014.2,1009.8,88,70,0.9,31,6.2,169,0.5
2022/03/23,1013.8,1016.9,1010.1,87,68,0.7,41,4.3,59,14.0
2022/03/24,1015.2,1017.8,1013.4,91,81,0.7,251,3.7,266,0.5
2022/03/25,1009.7,1013.4,1006.5,81,58,0.7,1,4.2,9,0.0
2022/03/26,1009.0,1012.9,1006.2,94,85,0.5,5,5.3,25,16.5
2022/03/27,1014.7,1018.1,1010.9,94,81,0.9,162,4.5,152,15.5
2022/03/28,1018.4,1021.1,1016.2,95,84,1.2,264,5.8,221,27.0
2022/03/29,1017.3,1020.5,1014.8,94,80,0.9,244,5.0,252,11.5
2022/03/30,1014.9,1016.8,1013.3,87,61,0.7,38,4.3,269,1.0
2022/03/31,1016.4,1021.3,1014.1,87,69,0.8,47,6.7,102,0.5
2022/04/01,1022.8,1025.0,1021.1,87,75,1.1,250,5.5,31,0.5
2022/04/02,1022.4,1024.0,1020.6,93,83,1.2,252,4.8,262,13.5
2022/04/03,1022.9,1024.6,1021.2,92,78,1.8,252,8.0,257,14.0
2022/04/04,1022.5,1024.1,1021.3,87,76,1.4,246,4.9,258,1.5
2022/04/05,1018.6,1021.7,1016.0,81,60,0.9,256,5.2,103,0.0
2022/04/06,1016.3,1017.6,1014.9,85,53,1.1,109,7.4,97,2.5
2022/04/07,1016.1,1017.6,1014.8,90,76,1.4,246,6.2,226,2.0
2022/04/08,1015.4,1017.7,1013.6,86,54,1.1,233,6.2,10,4.0
2022/04/09,1012.7,1014.6,1010.6,77,55,1.1,242,5.3,93,0.0
2022/04/10,1011.2,1012.6,1009.6,82,60,1.0,51,4.7,12,0.0
2022/04/11,1009.2,1011.2,1007.2,84,56,0.9,249,4.9,18,0.5
2022/04/12,1007.2,1009.1,1005.2,80,62,0.7,7,3.7,14,0.0
2022/04/13,1005.1,1007.1,1002.9,87,66,0.6,4,4.1,356,0.5
2022/04/14,1006.9,1012.0,1003.7,83,64,0.9,13,7.5,22,0.5
2022/04/15,1012.3,1015.8,1010.5,84,67,1.2,42,6.6,21,0.5
2022/04/16,1014.9,1017.7,1012.8,78,63,1.6,233,5.9,259,0.0
2022/04/17,1015.9,1017.6,1014.6,79,62,1.1,254,4.2,259,0.0
2022/04/18,1015.0,1017.0,1013.6,80,58,0.8,114,3.9,267,0.0
2022/04/19,1017.2,1018.6,1015.4,87,74,1.0,251,4.1,253,0.5
2022/04/20,1014.4,1017.7,1012.1,79,56,1.0,237,7.2,110,0.0
2022/04/21,1011.9,1013.4,1010.1,80,58,0.8,98,4.7,109,0.0
2022/04/22,1011.0,1012.8,1009.1,79,51,1.0,11,4.4,43,0.0
2022/04/23,1008.8,1010.8,1006.8,83,61,0.5,245,5.3,10,0.0
2022/04/24,1008.2,1009.7,1006.7,85,61,0.6,30,4.8,357,0.0
2022/04/25,1007.1,1009.1,1005.3,80,56,0.9,250,4.7,19,0.0
2022/04/26,1005.9,1008.1,1003.5,77,55,0.9,7,4.9,23,0.0
2022/04/27,1008.7,1011.3,1006.5,84,65,0.7,41,5.1,116,0.5
2022/04/28,1009.6,1010.9,1007.8,85,66,0.5,3,4.2,118,0.0
2022/04/29,1010.5,1015.5,1007.7,84,58,0.9,45,8.0,38,1.5
2022/04/30,1013.0,1014.7,1010.7,95,82,0.4,24,2.9,56,2.5
2022/05/01,1013.6,1016.2,1011.6,90,78,0.8,21,5.3,29,5.0
2022/05/02,1015.5,1017.1,1014.3,94,83,0.7,247,3.3,260,12.0
2022/05/03,1016.2,1017.0,1015.3,96,86,1.3,248,6.2,250,18.5
2022/05/04,1013.6,1016.3,1011.6,96,82,0.7,255,3.6,236,11.0
2022/05/05,1009.5,1012.0,1007.6,88,67,0.7,49,4.2,6,0.5
2022/05/06,1009.8,1011.5,1008.4,81,57,0.8,258,4.7,99,0.0
2022/05/07,1011.6,1013.1,1010.2,79,54,0.7,75,5.2,112,0.0
2022/05/08,1011.8,1013.3,1010.2,85,65,0.6,260,3.6,253,0.5
2022/05/09,1011.5,1012.9,1010.1,94,79,0.6,258,4.8,38,21.0
2022/05/10,1009.2,1011.3,1006.9,92,73,0.6,257,3.2,98,30.0
2022/05/11,1007.8,1009.2,1006.5,90,73,0.6,24,4.1,110,1.0
2022/05/12,1006.6,1008.5,1004.9,88,66,0.5,224,3.0,261,5.0
2022/05/13,1004.1,1006.7,1002.3,90,68,0.4,26,3.0,101,1.0
2022/05/14,1009.1,1011.2,1006.6,97,93,0.6,52,4.5,57,29.5
2022/05/15,1011.5,1014.2,1009.1,93,78,0.8,37,6.3,22,8.5
2022/05/16,1012.4,1013.7,1011.0,97,86,0.7,263,4.2,253,23.5
2022/05/17,1013.3,1015.3,1011.3,90,70,1.3,246,4.3,224,7.5
2022/05/18,1014.1,1015.5,1012.7,92,75,1.1,8,4.4,255,5.0
2022/05/19,1009.8,1013.6,1006.5,95,80,0.9,2,6.2,11,16.5
2022/05/20,1005.9,1007.9,1004.1,83,59,0.8,44,6.8,159,0.0
2022/05/21,1007.1,1008.9,1005.1,83,67,0.9,38,4.8,26,0.0
2022/05/22,1007.3,1008.4,1006.1,89,72,0.7,233,3.2,250,0.0
2022/05/23,1006.7,1008.6,1005.5,85,64,0.6,31,3.3,112,0.0
2022/05/24,1009.1,1010.9,1007.8,90,70,0.6,52,4.9,104,22.0
2022/05/25,1007.7,1009.3,1005.8,97,83,0.4,247,2.2,5,45.0
2022/05/26,1004.1,1006.4,1001.7,93,65,0.6,51,5.6,91,16.0
2022/05/27,1004.6,1006.3,1003.0,96,86,0.4,258,3.8,264,24.0
2022/05/28,1004.9,1006.8,1003.8,91,69,0.4,17,3.5,45,3.0
2022/05/29,1004.4,1005.7,1003.2,85,61,0.6,1,3.7,15,0.0
2022/05/30,1004.3,1006.4,1002.2,84,61,0.9,265,4.6,256,2.5
2022/05/31,1006.5,1008.1,1004.3,92,75,0.7,209,3.8,34,19.5
2022/06/01,1005.1,1007.7,1002.7,83,61,0.8,243,4.0,7,0.0
2022/06/02,1004.4,1006.1,1003.2,90,63,0.8,230,5.7,84,73.5
2022/06/03,1005.0,1006.4,1004.0,87,62,0.8,247,3.9,106,3.5
2022/06/04,1004.9,1006.1,1003.5,85,56,0.7,249,4.2,30,1.5
2022/06/05,1001.2,1004.4,999.2,82,59,0.8,38,4.2,17,0.0
2022/06/06,1000.2,1003.7,998.1,84,58,0.6,9,3.3,258,7.5
,1004.0,--,--,95,--,0.6,57,--,--,16.0
2022/06/08,1008.4,1009.2,1007.3,97,90,0.7,11,3.3,4,12.5
2022/06/09,1006.9,1008.3,1005.5,91,72,0.6,255,3.9,114,1.5
2022/06/10,1004.7,1006.9,1003.4,89,62,0.5,247,3.0,259,0.0
2022/06/11,1006.2,1009.1,1004.1,89,62,0.8,263,6.0,35,7.5
2022/06/12,1007.1,1008.5,1005.5,92,78,0.3,189,2.2,24,14.5
2022/06/13,1003.5,1006.4,1001.7,82,62,0.8,16,3.5,17,0.0
2022/06/14,1004.6,1007.6,1002.8,81,58,0.8,266,4.1,260,0.0
2022/06/15,1007.8,1009.7,1006.2,94,82,0.4,24,2.7,24,3.5
2022/06/16,1008.1,1009.4,1007.3,89,72,0.7,253,4.9,113,9.0
2022/06/17,1006.7,1008.0,1005.7,87,63,0.7,44,4.0,4,0.0
2022/06/18,1006.0,1007.4,1005.3,83,58,0.8,252,5.7,104,0.0
2022/06/19,1005.5,1006.6,1004.3,82,61,0.9,2,5.8,9,0.0
2022/06/20,1003.7,1005.4,1002.0,81,59,0.8,71,4.9,29,0.0
2022/06/21,1005.3,1007.9,1002.5,82,55,0.9,259,5.4,101,1.5
2022/06/22,1008.3,1010.5,1006.5,78,53,0.6,43,4.5,354,0.0
2022/06/23,1008.5,1010.3,1006.1,77,54,1.0,242,5.8,9,0.0
2022/06/24,1006.8,1008.4,1004.5,76,49,1.2,253,6.2,260,0.5
2022/06/25,1006.7,1008.3,1004.8,74,50,0.9,262,5.4,276,0.0
2022/06/26,1008.5,1009.9,1006.8,75,52,0.9,226,6.7,105,0.0
2022/06/27,1007.1,1008.9,1005.2,78,53,1.0,230,5.9,4,0.5
2022/06/28,1004.1,1006.0,1002.0,73,49,1.0,243,5.6,109,0.0
2022/06/29,1002.9,1005.1,1000.9,72,50,1.1,117,8.3,106,0.0
2022/06/30,1003.6,1005.5,1001.8,71,50,1.4,109,10.2,100,0.0
