date,Neihu_StnPres,Neihu_StnPresMax,Neihu_StnPresMin,Neihu_RH,Neihu_RHMin,Neihu_WS,Neihu_WD,Neihu_WSGust,Neihu_WDGust,Neihu_Precp
2018/01/01,1018.9,1021.1,1017.0,73,63,1.9,111,11.5,82,0.0
2018/01/02,1016.8,1019.3,1014.0,71,53,1.7,89,8.2,99,0.0
2018/01/03,1015.8,1017.8,1013.7,67,51,1.8,93,8.8,93,0.0
2018/01/04,1013.5,1015.6,1011.1,77,59,1.0,95,27.0,209,0.0
2018/01/05,1014.6,1016.4,1012.3,89,79,1.1,87,9.3,69,1.0
2018/01/06,1014.0,1016.2,1008.3,92,88,2.1,86,10.4,75,27.0
2018/01/07,1013.0,1016.1,1006.9,94,80,1.0,86,7.7,66,70.5
2018/01/08,1011.8,1018.3,1005.4,93,78,0.7,87,7.7,98,67.5
2018/01/09,1020.4,1022.8,1014.2,81,59,0.6,85,7.7,91,15.5
2018/01/10,1023.4,1025.3,1020.5,63,32,0.6,6,8.2,63,0.0
2018/01/11,1024.9,1027.8,1022.4,59,42,1.1,81,11.0,55,0.0
2018/01/12,1027.0,1028.4,1024.3,50,40,1.1,77,9.9,63,0.0
2018/01/13,1024.9,1027.2,1022.5,59,39,1.5,92,11.0,89,0.0
2018/01/14,1019.1,1023.3,1015.1,67,48,1.5,88,8.8,75,0.0
2018/01/15,1014.5,1017.8,1011.1,64,49,1.2,88,8.8,85,0.0
2018/01/16,1011.0,1014.3,1008.2,73,25,0.6,227,5.5,229,0.0
2018/01/17,1012.1,1014.3,1009.6,77,48,1.5,86,9.3,60,0.0
2018/01/18,1014.0,1016.1,1012.3,87,79,1.9,85,9.9,76,0.0
2018/01/19,1015.7,1018.3,1013.3,93,87,1.1,111,6.6,77,7.5
2018/01/20,1014.0,1016.1,1011.5,91,85,2.0,86,9.3,74,4.0
2018/01/21,1011.7,1015.2,1008.9,89,81,1.5,105,9.9,84,0.0
2018/01/22,1011.9,1014.0,1008.5,81,65,1.7,97,11.5,75,0.5
2018/01/23,1013.1,1014.9,1010.5,73,60,2.2,87,10.4,106,0.0
2018/01/24,1014.8,1016.5,1012.7,81,67,2.1,89,9.9,81,0.0
2018/01/25,1014.5,1016.8,1012.1,84,72,2.2,103,9.9,78,0.0
2018/01/26,1017.2,1019.5,1014.2,87,77,2.1,92,13.2,67,0.0
2018/01/27,1014.6,1018.4,1011.1,79,69,2.0,92,11.0,76,0.0
2018/01/28,1012.6,1016.8,1007.6,88,72,0.7,95,7.1,94,8.5
2018/01/29,1018.4,1020.5,1015.8,86,81,1.7,88,11.0,60,7.0
2018/01/30,1018.3,1021.2,1015.6,91,84,1.7,88,9.3,78,5.5
2018/01/31,1016.7,1020.2,1013.0,92,84,1.1,114,7.1,88,12.5
2018/02/01,1020.0,1022.1,1017.8,87,80,1.0,90,7.1,77,1.0
2018/02/02,1021.1,1023.7,1018.6,88,79,1.1,84,6.6,79,0.5
2018/02/03,1023.5,1024.9,1017.4,86,80,1.1,81,8.2,53,13.0
2018/02/04,1023.8,1025.0,1017.8,90,82,0.5,89,7.7,54,18.5
2018/02/05,1024.2,1026.0,1022.4,88,73,0.1,100,5.5,76,9.5
2018/02/06,1022.4,1024.6,1020.5,58,52,1.4,65,8.8,86,0.0
2018/02/07,1018.7,1021.5,1013.6,84,58,1.6,96,8.8,63,14.5
2018/02/08,1017.2,1019.5,1011.7,86,66,1.8,105,8.2,88,8.5
2018/02/09,1013.7,1015.9,1011.1,95,84,0.4,90,7.7,88,4.0
2018/02/10,1015.4,1020.2,1012.6,97,87,0.5,83,8.8,68,1.5
2018/02/11,1021.9,1024.7,1019.9,85,63,1.0,101,8.2,105,2.0
2018/02/12,1024.3,1026.5,1021.8,54,40,1.7,87,9.9,90,0.0
2018/02/13,1021.3,1024.6,1018.1,57,49,1.7,89,9.9,66,0.0
2018/02/14,1016.0,1019.5,1011.7,67,29,0.3,81,3.8,18,0.0
2018/02/15,1013.1,1015.6,1009.0,64,26,0.3,77,5.5,250,0.0
2018/02/16,1012.2,1014.9,1009.6,86,61,0.8,85,8.2,83,0.0
2018/02/17,1015.9,1018.6,1014.3,83,76,2.1,87,11.0,62,0.0
2018/02/18,1014.3,1017.4,1011.1,75,38,0.6,230,5.5,228,0.0
2018/02/19,1012.8,1015.8,1008.5,75,38,0.6,79,5.5,290,0.0
2018/02/20,1012.2,1014.6,1009.3,89,73,0.9,105,6.6,106,0.0
2018/02/21,1013.6,1015.1,1011.8,91,78,1.2,98,8.2,64,0.0
2018/02/22,1016.2,1018.9,1011.5,92,88,1.2,90,8.8,48,13.5
2018/02/23,1017.7,1019.7,1015.8,81,69,1.8,82,10.4,83,0.0
2018/02/24,1016.0,1019.3,1014.6,87,75,0.3,104,7.1,278,0.0
2018/02/25,1016.7,1019.5,1014.3,98,90,0.5,84,4.9,77,7.5
2018/02/26,1017.9,1019.9,1016.5,77,68,1.5,86,8.8,58,0.0
2018/02/27,1013.7,1016.7,1011.8,75,41,0.7,80,6.0,85,0.0
2018/02/28,1010.3,1012.0,1004.9,93,83,0.4,311,9.9,341,20.5
2018/03/01,1010.1,1012.4,1008.0,84,68,1.7,87,9.3,83,0.0
2018/03/02,1008.8,1010.8,1006.3,80,56,0.4,79,5.5,74,0.0
2018/03/03,1007.8,1009.5,1005.8,90,74,0.6,74,4.1,250,0.0
2018/03/04,1008.5,1010.5,1006.6,87,65,0.3,60,6.0,274,0.0
2018/03/05,1010.7,1017.3,1007.3,89,74,1.2,89,12.6,99,0.5
2018/03/06,1017.5,1019.6,1016.5,90,86,1.7,85,8.8,82,0.0
2018/03/07,1013.7,1017.4,1009.5,84,66,1.3,85,8.8,86,1.0
2018/03/08,1017.8,1022.2,1009.0,85,71,0.6,118,6.0,52,15.0
2018/03/09,1021.0,1022.5,1018.9,57,43,1.5,68,11.5,58,0.0
2018/03/10,1019.9,1021.6,1017.3,53,37,1.7,87,11.0,86,0.0
2018/03/11,1018.4,1020.9,1015.9,46,29,1.3,87,8.2,79,0.0
2018/03/12,1015.4,1017.8,1012.3,55,17,0.5,88,4.9,183,0.0
2018/03/13,1013.6,1016.4,1011.1,66,36,0.4,225,4.9,223,0.0
2018/03/14,1012.2,1014.9,1010.5,68,26,0.6,81,7.7,95,0.0
2018/03/15,1010.8,1012.9,1009.2,78,55,0.5,77,6.6,289,0.5
2018/03/16,1013.0,1017.5,1008.5,87,66,1.3,87,10.4,82,0.5
2018/03/17,1015.9,1017.8,1014.5,87,80,1.5,95,9.9,83,0.0
2018/03/18,1012.3,1014.6,1010.2,78,44,0.6,110,6.6,288,0.0
2018/03/19,1008.6,1011.2,1005.1,74,39,0.5,77,6.6,296,0.0
2018/03/20,1008.8,1013.2,1006.1,89,81,1.0,89,7.1,44,6.0
2018/03/21,1014.1,1016.7,1012.1,72,49,0.5,77,6.0,12,0.0
2018/03/22,1015.2,1017.3,1012.9,59,39,1.4,85,9.3,72,0.0
2018/03/23,1016.3,1018.0,1014.5,56,29,1.1,86,8.8,85,0.0
2018/03/24,1016.7,1017.4,1013.6,53,37,1.6,93,7.1,109,0.0
2018/03/25,1016.4,1018.7,1014.0,52,37,1.3,91,7.1,88,0.0
2018/03/26,1014.2,1014.6,1013.6,59,69,0.7,86,2.2,80,0.0
,1012.7,--,--,73,--,0.8,89,--,--,0.0
2018/03/28,1010.9,1012.6,1008.8,70,53,1.6,88,9.9,83,0.0
2018/03/29,1010.6,1012.4,1005.2,56,33,1.5,85,8.2,75,0.0
2018/03/30,1012.3,1014.6,1008.2,61,44,2.0,87,9.9,130,0.0
2018/03/31,1011.8,1014.0,1009.2,61,41,1.9,85,10.4,105,0.0
2018/04/01,1010.0,1012.1,1007.3,49,30,1.3,94,6.0,192,0.0
2018/04/02,1009.7,1011.5,1007.3,60,35,0.5,76,6.6,12,0.0
2018/04/03,1010.6,1011.7,1009.5,70,44,0.7,95,7.7,297,0.0
2018/04/04,1009.8,1011.7,1007.9,70,44,0.6,79,4.9,116,0.0
2018/04/05,1008.4,1009.9,1006.7,66,48,0.5,2,6.0,320,0.0
2018/04/06,1014.0,1022.1,1007.3,75,58,1.5,91,12.6,78,1.0
2018/04/07,1021.6,1023.7,1019.0,62,36,0.7,86,8.2,79,3.0
2018/04/08,1017.4,1020.9,1014.6,52,38,1.5,89,7.7,78,0.0
2018/04/09,1014.7,1017.4,1011.7,56,24,0.7,109,6.0,118,0.0
2018/04/10,1011.9,1014.6,1009.3,59,29,0.5,92,5.5,323,0.0
2018/04/11,1008.9,1011.1,1006.4,66,51,0.6,99,7.1,112,0.0
2018/04/12,1008.7,1010.8,1006.9,82,60,0.4,82,6.6,83,4.0
2018/04/13,1009.1,1011.0,1006.9,76,41,0.4,69,6.0,106,0.0
2018/04/14,1007.4,1009.0,1005.7,88,64,0.4,53,6.0,94,14.0
2018/04/15,1012.9,1015.5,1005.4,83,69,1.8,86,10.4,105,13.0
2018/04/16,1013.9,1015.8,1008.9,62,48,2.3,86,11.0,96,4.5
2018/04/17,1015.4,1017.4,1011.7,81,65,1.1,81,6.6,110,12.0
2018/04/18,1013.1,1015.2,1011.5,68,57,1.9,82,9.9,88,0.0
2018/04/19,1011.6,1012.9,1009.6,64,46,1.2,92,9.3,92,0.0
2018/04/20,1011.5,1012.9,1010.1,63,49,1.5,72,6.6,87,0.0
2018/04/21,1009.9,1011.8,1007.9,65,43,0.4,91,4.1,66,0.0
2018/04/22,1008.2,1010.5,1005.8,66,40,0.4,74,7.7,71,0.0
2018/04/23,1005.5,1007.4,1003.2,65,41,0.5,116,6.0,305,0.0
2018/04/24,1007.0,1011.2,1000.6,82,67,1.3,87,7.7,79,14.5
2018/04/25,1011.2,1012.7,1007.4,68,49,1.7,85,9.3,75,0.0
2018/04/26,1010.7,1012.4,1008.9,64,51,1.8,106,8.8,47,0.0
2018/04/27,1012.3,1014.6,1010.1,73,55,1.2,88,8.8,89,0.0
2018/04/28,1011.9,1013.9,1009.8,70,61,1.7,86,7.7,85,0.0
2018/04/29,1009.6,1011.8,1007.3,73,53,0.5,87,4.9,304,0.0
2018/04/30,1009.7,1011.8,1008.3,73,50,0.5,69,4.9,225,0.0
2018/05/01,1009.1,1011.1,1003.0,74,52,0.5,89,11.0,284,0.0
2018/05/02,1008.4,1010.5,1005.7,73,51,1.0,83,7.1,123,0.0
2018/05/03,1014.2,1016.2,1009.9,74,66,2.3,84,12.6,73,0.0
2018/05/04,1014.1,1015.8,1012.9,59,47,2.1,87,8.8,80,0.0
2018/05/05,1012.5,1014.3,1010.5,62,43,0.5,62,5.5,81,0.0
2018/05/06,1008.3,1011.7,1005.7,67,45,0.7,86,5.5,18,0.0
2018/05/07,1004.2,1006.4,1001.9,74,51,0.7,110,7.7,77,0.0
2018/05/08,1006.2,1011.5,999.4,79,55,1.5,72,12.1,322,32.0
2018/05/09,1013.4,1016.2,1010.4,68,58,1.7,85,8.8,62,0.0
2018/05/10,1014.1,1016.7,1012.0,61,45,2.0,87,10.4,93,0.0
2018/05/11,1010.5,1013.0,1008.3,59,43,1.2,85,8.2,85,0.0
2018/05/12,1008.0,1009.8,1006.1,68,49,0.6,80,5.5,95,0.0
2018/05/13,1007.0,1008.5,1005.4,70,53,0.8,87,6.6,73,0.0
2018/05/14,1007.0,1009.5,1004.4,69,44,0.7,86,6.0,20,0.0
2018/05/15,1006.5,1008.2,1005.1,72,52,0.5,96,5.5,79,0.0
2018/05/16,1005.3,1007.0,1004.2,75,52,0.7,44,5.5,110,0.0
2018/05/17,1004.1,1005.7,1002.3,74,48,0.6,89,6.0,264,0.0
2018/05/18,1003.5,1005.2,1001.6,72,41,0.7,113,6.6,108,0.0
2018/05/19,1004.8,1006.1,1003.5,74,52,0.9,79,7.1,75,0.0
2018/05/20,1005.5,1008.3,1003.6,70,52,0.9,319,7.1,56,0.0
2018/05/21,1006.7,1008.3,1004.1,73,49,1.4,90,9.3,78,0.0
2018/05/22,1006.5,1008.8,1004.1,71,49,1.1,86,6.6,338,0.0
2018/05/23,1007.6,1009.0,1005.2,74,55,1.8,87,10.4,88,0.0
2018/05/24,1007.0,1008.9,1005.4,69,56,1.4,96,8.2,77,0.0
2018/05/25,1004.2,1006.9,1001.9,70,52,0.6,90,6.6,279,0.0
2018/05/26,1003.4,1005.1,1002.0,65,50,1.1,307,7.7,344,0.0
2018/05/27,1004.9,1006.6,1002.9,66,35,1.1,94,8.2,75,0.0
2018/05/28,1005.4,1007.4,1004.5,69,49,0.8,14,6.6,290,0.0
2018/05/29,1006.6,1008.2,1005.1,71,50,0.6,34,7.7,277,2.0
2018/05/30,1006.8,1008.3,1000.8,73,53,0.5,3,6.6,63,13.0
2018/05/31,1006.3,1008.2,1004.4,70,51,1.0,319,7.1,41,0.0
2018/06/01,1009.0,1010.7,1006.9,79,69,1.9,90,11.0,81,0.0
2018/06/02,1008.5,1010.2,1007.0,73,61,2.0,84,9.9,63,0.0
2018/06/03,1006.0,1007.4,1004.4,80,68,1.4,107,8.2,98,0.0
2018/06/04,1005.7,1007.1,1004.1,76,53,1.6,88,9.9,81,0.0
2018/06/05,1005.8,1007.7,1002.7,73,41,0.9,89,7.7,119,3.0
2018/06/06,1005.7,1007.3,1003.6,78,50,0.9,94,9.9,73,1.0
2018/06/07,1004.0,1005.5,1001.9,75,57,2.1,90,9.9,25,0.5
2018/06/08,1000.6,1003.6,998.6,75,61,1.9,87,11.5,43,0.0
2018/06/09,997.4,999.5,994.8,74,56,1.8,107,9.3,94,0.0
2018/06/10,997.0,998.5,991.5,81,61,1.2,91,6.6,78,20.0
2018/06/11,998.3,1001.7,995.3,85,72,0.9,87,9.3,65,5.0
2018/06/12,1000.5,1002.3,998.6,57,30,1.5,105,9.3,74,0.0
2018/06/13,997.8,999.8,995.9,61,48,2.1,91,11.5,113,0.0
2018/06/14,995.1,996.6,994.0,84,69,2.1,91,9.9,77,2.5
2018/06/15,997.2,1001.6,991.0,89,76,0.7,40,7.1,97,9.0
2018/06/16,1002.2,1003.8,1000.8,77,59,1.3,87,9.3,69,0.0
2018/06/17,1001.3,1003.2,999.2,79,60,1.3,78,9.3,65,0.5
2018/06/18,1000.7,1002.0,999.2,80,65,0.8,86,7.1,99,5.0
2018/06/19,1000.2,1002.2,998.9,70,53,1.0,72,11.0,293,0.0
2018/06/20,1001.3,1003.2,999.4,62,50,0.9,297,8.2,293,0.0
2018/06/21,1002.8,1004.5,1001.3,71,50,0.9,309,8.2,234,4.0
2018/06/22,1004.2,1006.0,1002.7,83,57,0.5,102,7.1,43,1.0
2018/06/23,1004.5,1006.3,1003.0,74,56,0.7,294,8.8,305,0.0
2018/06/24,1006.1,1007.6,1004.7,72,54,0.7,252,6.6,297,0.0
2018/06/25,1007.2,1008.6,1005.7,71,49,0.6,88,6.6,93,0.0
2018/06/26,1007.6,1009.2,1005.8,67,45,0.9,79,7.1,88,0.0
2018/06/27,1005.9,1007.6,1003.8,61,42,0.7,91,6.6,71,0.0
2018/06/28,1002.7,1005.4,1000.3,62,39,0.9,237,7.7,212,0.0
2018/06/29,1000.6,1001.7,998.9,69,47,0.7,64,5.5,293,0.0
2018/06/30,1001.2,1003.0,996.3,70,47,0.7,240,6.6,119,3.5
2018/07/01,1000.0,1002.0,997.8,68,49,1.6,310,9.3,41,0.0
2018/07/02,998.1,999.5,996.0,57,40,1.6,263,8.8,298,0.0
2018/07/03,997.4,998.8,995.9,54,44,1.5,288,13.2,311,0.0
2018/07/04,997.2,998.6,995.3,51,40,1.7,276,12.1,280,0.0
2018/07/05,997.7,999.5,996.4,57,46,1.2,296,9.3,19,0.0
2018/07/06,999.1,1001.0,997.0,62,38,1.1,87,7.7,97,0.0
2018/07/07,1001.3,1003.6,1000.0,73,55,0.5,67,5.5,309,2.5
2018/07/08,1002.9,1004.9,1001.6,65,44,0.7,93,6.0,99,0.0
2018/07/09,1003.9,1005.8,1001.7,61,36,1.6,85,8.8,54,0.0
2018/07/10,999.0,1004.5,983.6,79,67,1.2,15,14.8,322,68.0
2018/07/11,995.3,1002.9,979.6,83,70,1.7,86,18.2,299,80.5
2018/07/12,1002.9,1004.4,1001.1,67,52,1.7,113,10.4,164,0.0
2018/07/13,1003.5,1004.7,1002.2,60,50,2.2,106,9.9,170,0.0
2018/07/14,1003.2,1004.5,1001.6,60,48,2.0,90,9.9,116,0.0
2018/07/15,1003.1,1004.2,1002.0,60,45,2.5,86,11.0,97,0.0
2018/07/16,1002.2,1003.6,1000.3,73,60,2.7,88,11.0,97,0.0
2018/07/17,1001.3,1002.6,999.7,65,52,2.7,84,14.3,95,0.0
2018/07/18,1002.0,1003.6,1000.1,65,50,2.2,90,10.4,73,0.0
2018/07/19,1002.7,1004.1,1000.8,72,60,2.1,84,9.9,80,0.0
2018/07/20,1000.8,1002.6,999.4,71,48,1.9,94,9.9,103,0.0
2018/07/21,997.6,999.8,992.6,82,59,0.6,89,7.7,306,20.0
2018/07/22,997.4,999.7,992.5,74,49,0.8,65,6.0,162,1.0
2018/07/23,999.7,1003.0,996.9,71,60,0.7,63,4.9,257,0.5
2018/07/24,1002.9,1004.5,1001.9,74,56,0.5,73,8.2,87,0.0
2018/07/25,1003.4,1005.4,1001.3,70,49,0.6,141,6.0,87,0.0
2018/07/26,1003.1,1005.2,1001.0,69,53,0.9,59,8.2,108,0.0
2018/07/27,1003.2,1004.7,1001.6,70,53,0.7,55,6.0,123,0.5
2018/07/28,1002.7,1004.8,1000.4,68,48,1.1,257,7.7,73,0.0
2018/07/29,1001.4,1003.0,999.2,63,42,1.0,295,6.0,320,0.0
2018/07/30,1001.0,1002.5,998.6,66,49,1.3,311,7.7,8,0.0
2018/07/31,1000.6,1002.7,998.2,60,43,1.4,286,9.9,28,0.0
2018/08/01,999.7,1001.7,997.5,69,49,1.5,307,8.2,13,0.0
2018/08/02,998.6,1000.3,996.3,65,42,1.5,309,8.2,284,0.0
2018/08/03,999.8,1002.2,993.8,72,38,0.6,96,8.8,110,27.5
2018/08/04,1001.8,1003.3,995.7,74,48,0.6,89,7.1,103,0.0
2018/08/05,1002.6,1004.5,996.2,69,48,0.9,85,8.2,65,0.0
2018/08/06,1001.8,1004.1,995.1,64,49,1.2,85,8.2,82,0.0
2018/08/07,1001.1,1002.9,994.4,63,42,1.6,88,10.4,57,0.0
2018/08/08,1001.3,1002.7,995.4,66,46,1.8,81,8.8,62,0.0
2018/08/09,1001.4,1003.0,995.4,65,41,1.1,87,7.7,76,0.0
2018/08/10,1000.2,1001.9,993.5,66,39,1.0,80,7.1,105,0.0
2018/08/11,997.1,999.8,993.7,69,51,0.5,28,5.5,235,1.5
2018/08/12,993.4,995.7,988.2,82,69,0.6,322,7.7,15,51.0
2018/08/13,995.5,997.3,993.1,74,59,1.2,86,9.9,86,0.0
2018/08/14,996.5,997.8,992.6,83,72,0.7,253,5.5,230,14.5
2018/08/15,997.6,998.9,995.6,75,65,1.4,313,8.2,308,0.0
2018/08/16,996.9,998.5,993.2,70,54,1.0,302,7.7,264,0.5
2018/08/17,996.3,998.8,990.6,74,39,0.6,13,8.8,290,31.5
2018/08/18,998.9,1000.4,992.9,83,67,0.4,114,11.0,344,25.0
2018/08/19,1000.6,1002.6,999.1,80,54,0.7,10,8.8,81,6.5
2018/08/20,999.8,1002.0,997.9,78,54,0.5,75,6.6,74,1.0
2018/08/21,997.2,999.1,995.3,74,55,0.7,93,6.0,70,0.0
2018/08/22,995.1,997.2,992.1,70,54,1.4,89,8.8,86,0.0
2018/08/23,992.5,994.4,990.1,75,61,2.2,88,11.0,84,0.0
2018/08/24,993.9,995.7,988.7,84,69,0.6,87,4.9,77,17.0
2018/08/25,995.1,996.6,989.9,76,59,1.0,92,7.7,78,0.5
2018/08/26,997.0,999.8,994.7,79,63,0.8,87,6.0,78,4.5
2018/08/27,1000.8,1004.1,994.3,77,53,0.6,73,5.5,171,7.0
2018/08/28,1003.1,1005.1,997.3,83,55,0.6,100,7.7,115,7.0
2018/08/29,1003.9,1006.3,997.5,79,52,0.4,86,4.9,71,1.0
2018/08/30,1007.1,1009.6,1000.6,84,56,0.3,113,5.5,80,24.5
2018/08/31,1008.9,1010.4,1002.5,79,47,0.6,77,6.0,114,0.5
2018/09/01,1007.0,1009.6,1000.1,75,47,0.6,250,5.5,73,0.0
2018/09/02,1003.9,1006.3,996.9,71,50,0.8,82,5.5,296,0.0
2018/09/03,1001.4,1004.2,994.1,62,35,1.3,242,8.2,280,0.0
2018/09/04,1000.4,1002.3,997.8,60,38,1.1,75,7.1,236,0.0
2018/09/05,1002.1,1003.9,996.9,68,43,0.9,96,6.6,105,0.0
2018/09/06,1002.3,1004.1,996.7,73,50,0.4,2,7.1,202,14.5
2018/09/07,1003.0,1005.1,1000.7,80,58,0.5,86,6.6,261,13.0
2018/09/08,1005.0,1007.0,1000.6,83,60,0.6,13,9.3,83,127.0
2018/09/09,1008.0,1011.1,1002.5,91,80,1.2,91,12.1,106,30.0
2018/09/10,1008.2,1011.0,1002.5,91,81,1.8,87,12.1,63,38.0
2018/09/11,1004.7,1006.6,1002.5,69,51,1.4,90,10.4,83,0.0
2018/09/12,1005.8,1007.3,1004.4,72,56,0.7,52,6.0,54,0.0
2018/09/13,1006.3,1007.9,1003.8,65,43,1.4,84,9.3,110,0.0
2018/09/14,1006.4,1008.0,1000.6,74,57,2.3,85,11.0,57,0.0
2018/09/15,1003.4,1006.1,998.9,79,67,3.1,102,13.7,119,8.5
2018/09/16,1004.8,1008.6,998.5,71,62,2.4,105,11.5,180,4.5
2018/09/17,1008.7,1011.8,1001.9,61,35,0.8,96,5.5,111,0.0
2018/09/18,1010.4,1012.4,1004.1,64,38,1.5,91,7.7,94,0.0
2018/09/19,1008.7,1010.8,1002.5,59,38,1.6,90,6.6,108,0.0
2018/09/20,1006.9,1008.9,1003.9,62,41,0.8,54,6.0,13,0.0
2018/09/21,1008.3,1010.8,1005.7,69,49,0.9,89,6.6,90,0.0
2018/09/22,1010.5,1011.8,1005.4,73,50,0.8,88,4.9,86,18.5
2018/09/23,1009.4,1011.4,1007.0,77,58,1.0,88,9.3,91,0.0
2018/09/24,1007.6,1009.8,1003.6,79,62,1.3,69,13.2,57,18.0
2018/09/25,1006.2,1008.0,1003.8,70,56,2.0,70,11.5,47,6.5
2018/09/26,1005.9,1007.4,1001.1,83,69,0.6,248,12.1,61,13.5
2018/09/27,1005.6,1006.9,1001.3,80,57,1.3,62,9.3,67,10.5
2018/09/28,1004.6,1006.3,1000.1,81,75,1.2,348,11.0,53,9.0
2018/09/29,1003.9,1006.3,998.6,77,57,0.5,81,5.5,264,5.0
2018/09/30,1008.4,1011.2,1005.2,65,43,0.8,68,8.8,81,0.0
2018/10/01,1011.6,1013.4,1009.6,57,23,1.5,88,10.4,69,0.0
2018/10/02,1013.3,1015.9,1011.1,54,41,1.3,83,9.3,54,0.0
2018/10/03,1012.3,1014.6,1009.9,63,51,1.4,91,11.0,81,0.0
2018/10/04,1008.5,1011.8,1003.0,79,55,0.7,74,9.3,75,8.0
2018/10/05,1006.5,1009.0,1003.6,68,45,1.1,295,7.1,318,1.0
2018/10/06,1010.7,1012.9,1004.4,68,49,1.5,87,9.9,82,0.0
2018/10/07,1012.2,1014.3,1007.1,77,62,1.3,90,7.1,75,0.5
2018/10/08,1011.1,1012.6,1006.0,84,73,0.9,88,7.1,103,1.0
2018/10/09,1010.1,1011.7,1004.7,86,76,1.0,96,6.6,89,7.0
2018/10/10,1011.9,1013.7,1006.3,84,66,1.2,85,9.3,77,20.0
2018/10/11,1015.6,1017.8,1009.2,86,74,1.2,87,8.2,88,4.5
2018/10/12,1017.4,1019.0,1012.4,89,75,1.3,83,7.7,94,28.0
2018/10/13,1015.8,1018.1,1010.1,87,78,1.8,106,8.8,98,1.0
2018/10/14,1012.7,1015.1,1007.0,86,74,1.6,88,9.3,89,0.0
2018/10/15,1011.2,1013.9,1005.4,84,68,1.3,88,9.3,78,0.0
2018/10/16,1009.5,1011.0,1003.9,82,59,0.7,97,4.9,231,0.0
2018/10/17,1010.5,1012.4,1005.4,91,83,0.5,109,3.5,100,25.0
2018/10/18,1013.4,1015.8,1007.6,71,47,1.5,86,10.4,72,0.0
2018/10/19,1016.9,1018.6,1011.0,79,59,1.5,97,9.3,76,6.0
2018/10/20,1017.0,1019.5,1011.8,68,56,1.6,93,9.3,70,0.0
2018/10/21,1014.3,1017.3,1008.3,69,48,1.4,89,9.3,75,0.0
2018/10/22,1012.1,1014.2,1005.5,73,47,0.5,83,4.9,253,0.0
2018/10/23,1013.8,1015.6,1008.3,86,75,0.6,107,6.6,60,1.5
2018/10/24,1014.2,1015.6,1009.0,78,67,1.6,82,8.8,84,0.0
2018/10/25,1013.1,1015.3,1011.0,74,58,1.3,84,7.7,81,0.0
2018/10/26,1012.8,1015.1,1010.1,75,53,0.9,82,7.7,87,0.0
2018/10/27,1017.1,1019.3,1014.6,55,40,1.7,87,10.4,89,0.0
2018/10/28,1014.9,1018.3,1012.3,54,33,0.9,84,9.3,57,0.0
2018/10/29,1013.0,1014.8,1010.1,52,32,1.1,109,10.4,102,0.0
2018/10/30,1013.2,1015.3,1011.4,61,43,2.5,91,14.3,70,0.5
2018/10/31,1015.4,1018.1,1012.9,83,72,1.9,89,11.0,77,5.0
2018/11/01,1016.8,1018.1,1015.2,87,76,2.0,100,10.4,90,7.0
2018/11/02,1014.4,1016.2,1011.2,92,89,2.4,90,12.1,58,15.5
2018/11/03,1013.0,1014.3,1008.5,91,84,0.6,101,6.0,114,2.0
2018/11/04,1013.8,1015.5,1012.1,86,68,0.8,111,7.1,72,0.0
2018/11/05,1014.1,1015.6,1009.9,93,86,1.0,88,8.2,76,10.5
2018/11/06,1014.4,1017.1,1012.4,81,66,1.8,84,8.2,72,0.0
2018/11/07,1013.5,1015.8,1011.1,74,53,1.0,85,5.5,74,0.0
2018/11/08,1013.1,1014.3,1014.0,78,93,0.7,86,3.0,83,0.0
2018/11/09,1015.4,1016.8,1014.2,85,75,1.8,89,9.9,92,0.0
2018/11/10,1015.3,1017.8,1013.0,81,68,2.0,89,11.0,80,2.5
2018/11/11,1013.2,1016.4,1010.7,74,47,0.7,92,4.9,214,0.0
2018/11/12,1011.5,1013.7,1008.9,80,60,0.9,71,6.6,79,0.0
2018/11/13,1012.8,1014.6,990.6,79,66,1.7,89,10.4,43,0.0
2018/11/14,1014.4,1016.2,1012.7,72,65,2.1,96,9.9,82,0.0
2018/11/15,1013.7,1015.6,1010.2,69,56,1.9,86,8.8,46,0.0
2018/11/16,1013.1,1014.6,1010.5,74,52,1.1,84,7.7,107,0.0
2018/11/17,1014.2,1016.5,1012.9,88,84,1.3,111,9.3,98,7.0
2018/11/18,1012.5,1014.5,1009.2,80,55,0.9,89,5.5,60,0.0
2018/11/19,1016.0,1017.8,1008.9,86,75,1.2,83,7.1,72,8.0
2018/11/20,1015.3,1017.4,1013.4,70,61,1.8,86,8.8,53,0.0
2018/11/21,1013.1,1015.8,1009.9,72,48,0.6,70,5.5,102,0.0
2018/11/22,1018.8,1021.1,1015.5,82,74,1.5,89,7.7,106,3.0
2018/11/23,1018.2,1020.2,1013.6,87,82,1.6,108,9.9,68,3.5
2018/11/24,1016.9,1018.6,1014.2,78,66,1.8,94,9.9,81,0.5
2018/11/25,1014.6,1017.3,1012.1,59,35,1.2,101,8.2,102,0.0
2018/11/26,1015.9,1017.5,1011.2,85,59,0.5,106,5.5,111,2.5
2018/11/27,1016.7,1018.0,1014.9,80,70,1.2,86,7.7,68,0.0
2018/11/28,1017.2,1019.9,1014.9,79,71,0.7,84,6.6,106,0.5
2018/11/29,1019.3,1021.6,1017.1,66,53,1.6,85,10.4,78,0.0
2018/11/30,1017.5,1020.5,1014.5,57,39,1.5,99,8.2,82,0.0
2018/12/01,1016.2,1018.6,996.4,61,38,0.8,86,6.6,78,0.0
2018/12/02,X,1014.8,1009.5,59,37,0.9,93,6.6,192,0.0
2018/12/03,X,1015.8,1010.5,66,26,0.5,28,4.1,122,0.0
2018/12/04,1014.4,1016.1,1011.7,68,49,0.9,3,14.8,307,0.0
2018/12/05,1015.0,1017.5,1011.1,83,76,1.9,85,9.3,65,0.0
2018/12/06,1013.2,1015.9,1010.4,79,49,1.0,88,9.9,79,0.0
2018/12/07,1019.4,1021.5,1015.9,86,77,1.8,90,10.4,59,0.0
2018/12/08,1020.9,1023.0,1019.5,88,82,2.2,93,12.1,78,0.5
2018/12/09,1020.0,1022.8,1017.4,91,87,1.8,91,11.0,49,1.0
2018/12/10,1015.9,1017.8,1013.9,91,79,0.9,89,7.1,71,0.5
2018/12/11,1016.6,1021.2,1013.6,89,80,1.0,88,9.3,107,1.5
2018/12/12,1023.1,1025.0,1020.9,83,79,1.7,86,8.2,92,0.0
2018/12/13,1022.8,1024.1,1020.6,90,83,1.7,111,9.9,71,1.0
2018/12/14,1023.6,1025.5,1021.6,92,87,2.0,107,9.9,92,2.0
2018/12/15,1021.1,1024.1,1017.7,86,75,2.3,88,10.4,74,0.0
2018/12/16,1017.9,1019.9,1015.8,82,68,0.7,86,7.1,95,0.0
2018/12/17,1021.4,1023.4,1018.6,63,43,0.9,86,8.8,78,0.0
2018/12/18,1020.8,1023.1,1017.4,59,38,1.5,92,9.3,87,0.0
2018/12/19,1017.1,1019.7,1014.2,56,31,0.9,110,6.0,75,0.0
2018/12/20,1014.3,1016.4,1010.8,65,27,0.4,184,4.9,85,0.0
2018/12/21,1014.2,1016.5,1012.0,78,67,1.4,91,9.9,80,0.0
2018/12/22,1014.1,1016.2,1012.1,80,54,0.7,108,5.5,89,0.0
2018/12/23,1016.4,1019.3,1013.2,93,88,1.5,93,13.2,53,14.5
2018/12/24,1017.5,1020.5,1014.8,95,91,2.0,102,10.4,60,16.0
2018/12/25,1012.1,1015.1,1009.2,94,78,1.7,91,10.4,80,1.0
2018/12/26,1011.3,1013.2,1009.2,97,90,0.5,107,4.1,75,2.5
2018/12/27,1016.4,1020.3,1012.6,92,86,1.4,96,13.2,85,2.0
2018/12/28,1023.0,1025.8,1019.6,92,85,2.1,85,12.6,41,4.5
2018/12/29,1026.7,1029.1,1024.1,86,75,2.1,92,11.5,72,2.5
2018/12/30,1024.6,1026.5,1021.8,95,84,2.0,92,13.7,88,5.0
2018/12/31,1025.1,1026.8,1022.8,97,94,1.8,95,9.9,77,3.5
2019/01/01,1025.1,1027.2,1023.1,98,94,2.1,90,10.4,68,3.5
2019/01/02,1023.8,1026.3,1021.2,99,94,2.0,91,11.0,92,7.0
2019/01/03,1023.3,1025.8,1021.2,99,97,1.9,100,10.4,72,7.5
2019/01/04,1019.1,1021.4,1016.5,89,62,1.3,89,8.2,55,0.0
2019/01/05,1018.3,1020.0,1016.5,96,85,0.6,105,8.2,78,8.0
2019/01/06,1020.2,1022.5,1017.7,98,92,1.2,103,8.2,88,3.5
2019/01/07,1018.1,1020.5,1015.8,93,79,1.7,105,9.3,79,0.0
2019/01/08,1019.6,1022.1,1017.4,96,86,1.6,98,8.2,79,0.0
2019/01/09,1021.1,1019.2,1018.4,96,91,2.4,88,7.7,75,0.5
2019/01/10,1016.8,1018.9,1013.2,88,62,0.9,83,7.7,50,0.0
2019/01/11,1015.4,1017.4,1013.2,96,71,0.5,90,4.9,259,0.0
2019/01/12,1016.8,1018.9,1014.6,97,88,1.3,94,9.9,70,0.0
2019/01/13,1017.9,1019.3,1016.4,94,83,1.5,97,12.1,60,0.0
2019/01/14,1016.8,1019.3,1014.3,83,64,1.9,86,11.0,100,0.0
2019/01/15,1016.2,1019.0,1014.2,92,82,1.0,88,7.1,67,1.0
2019/01/16,1018.8,1021.4,1015.3,99,98,1.8,86,9.3,77,12.0
2019/01/17,1021.1,1023.7,1017.5,93,77,1.3,86,7.7,81,3.0
2019/01/18,1020.4,1023.6,1016.2,60,45,2.0,104,10.4,105,0.0
2019/01/19,1017.3,1019.5,1015.3,70,48,0.5,86,4.9,351,0.0
2019/01/20,1018.2,1021.6,1015.9,91,72,1.6,75,13.2,47,0.5
2019/01/21,1020.2,1022.1,1018.1,96,92,1.3,80,8.8,61,1.0
2019/01/22,1019.8,1021.2,1018.4,78,59,0.5,89,5.5,119,0.0
2019/01/23,1018.5,1020.0,1017.0,63,50,1.5,95,8.8,118,0.0
2019/01/24,1018.3,1020.3,1016.5,64,50,2.0,87,10.4,47,0.0
2019/01/25,1018.7,1021.9,1016.1,73,57,1.5,92,9.3,82,0.0
2019/01/26,1024.0,1025.9,1021.8,60,50,2.0,82,11.5,44,0.0
2019/01/27,1022.6,1025.5,1019.6,64,54,1.6,86,8.2,85,0.0
2019/01/28,1018.9,1021.1,1016.7,68,51,1.5,87,7.7,82,0.0
2019/01/29,1019.3,1021.6,1017.1,71,58,1.7,93,7.7,96,0.0
2019/01/30,1017.8,1020.3,1015.5,65,34,0.5,85,6.0,95,0.0
2019/01/31,1017.2,1022.7,1013.9,73,43,1.4,73,16.0,293,0.0
2019/02/01,1021.9,1024.6,1019.0,84,77,2.0,103,9.9,81,0.0
2019/02/02,1015.8,1019.2,1013.2,72,43,0.8,88,7.7,87,0.0
2019/02/03,1015.0,1017.1,1012.6,76,44,0.5,108,6.6,17,0.0
2019/02/04,1017.7,1020.9,1015.2,90,81,1.4,91,9.3,86,0.0
2019/02/05,1014.3,1016.8,1010.8,92,75,0.8,100,6.6,70,0.0
2019/02/06,1011.9,1015.2,1008.6,81,55,0.9,92,8.8,88,0.0
2019/02/07,1012.7,1015.8,1009.0,77,22,1.2,94,8.8,103,0.0
2019/02/08,1015.7,1018.3,1013.6,88,78,1.3,83,7.1,88,0.0
2019/02/09,1018.2,1021.1,1014.8,94,88,1.2,111,8.2,103,0.0
2019/02/10,1020.8,1022.7,1019.0,93,81,1.3,109,8.2,81,0.0
2019/02/11,1023.5,1024.9,1021.9,90,74,1.9,110,9.3,65,0.0
2019/02/12,1020.8,1023.4,1017.4,90,72,1.8,90,9.9,79,0.0
2019/02/13,1020.5,1022.5,1019.3,95,83,1.4,116,7.7,77,0.0
2019/02/14,1019.4,1021.4,1017.7,97,88,1.2,108,6.6,98,0.0
2019/02/15,1017.3,1019.5,1014.0,92,55,0.9,86,10.4,123,0.0
2019/02/16,1017.7,1019.3,1016.4,95,86,1.8,104,8.8,87,0.0
2019/02/17,1018.1,1020.3,1015.8,95,84,2.0,88,8.8,58,0.0
2019/02/18,1013.4,1017.3,1011.0,98,89,1.0,110,6.6,105,2.0
2019/02/19,1015.7,1018.3,1012.4,93,73,1.0,279,9.3,299,0.0
2019/02/20,1017.1,1018.9,1014.9,92,55,0.9,127,4.9,250,0.0
2019/02/21,1015.6,1018.1,1012.9,96,77,1.8,112,6.6,129,0.0
2019/02/22,1015.7,1018.9,1013.2,98,91,1.0,113,10.4,69,3.0
2019/02/23,1017.5,1018.9,1014.9,95,81,1.7,87,9.3,89,2.5
2019/02/24,1015.0,1017.3,1012.7,100,99,1.2,100,7.7,113,49.5
2019/02/25,1015.6,1017.8,1013.6,97,87,1.0,106,7.7,86,0.0
2019/02/26,1015.9,1018.6,1013.2,92,79,1.7,114,11.0,95,0.0
2019/02/27,1013.1,1015.9,1009.5,91,59,0.3,96,3.8,230,0.0
2019/02/28,1014.1,1016.8,1012.0,97,93,1.4,92,8.8,63,0.0
2019/03/01,1014.6,1016.5,1012.4,97,87,1.7,110,11.0,84,0.0
2019/03/02,1010.3,1013.7,1007.4,90,63,0.6,83,6.0,245,0.0
2019/03/03,1008.7,1012.1,1006.1,100,98,0.5,84,7.7,320,14.0
2019/03/04,1014.0,1016.2,1011.2,82,62,1.9,88,12.1,84,0.0
2019/03/05,1011.6,1015.2,1007.0,80,56,2.0,87,10.4,158,0.0
2019/03/06,1012.8,1017.4,1010.2,95,85,0.9,90,7.7,80,9.0
2019/03/07,1018.0,1020.0,1015.8,98,93,1.7,96,9.9,94,24.0
2019/03/08,1016.0,1019.2,1012.3,100,97,1.7,91,9.3,82,18.0
2019/03/09,1009.8,1013.2,1006.3,100,97,0.3,230,3.0,308,37.0
2019/03/10,1010.8,1014.0,1007.4,99,91,0.8,102,4.9,108,20.0
2019/03/11,1012.9,1014.8,1011.0,82,69,1.1,88,7.1,55,0.0
2019/03/12,1014.0,1015.8,1011.1,61,33,0.9,88,8.2,95,0.0
2019/03/13,1016.7,1018.9,1014.8,58,43,1.6,95,9.3,102,0.0
2019/03/14,1016.8,1019.6,1014.6,65,46,1.1,95,7.1,96,0.0
2019/03/15,1020.0,1021.8,1018.3,74,40,1.0,110,9.3,70,5.5
2019/03/16,1018.3,1020.3,1016.2,51,37,2.0,87,8.8,68,0.0
2019/03/17,1016.7,1018.7,1014.9,93,78,1.2,84,8.8,87,1.5
2019/03/18,1013.5,1015.8,1011.4,91,73,0.7,315,6.6,338,0.0
2019/03/19,1013.4,1015.9,1012.1,87,68,1.7,89,9.9,58,0.0
2019/03/20,1009.6,1012.6,1006.7,77,49,0.6,87,13.2,230,0.0
2019/03/21,1007.7,1010.2,1004.9,79,41,0.9,82,7.1,315,0.0
2019/03/22,1012.4,1015.8,1009.5,90,81,1.6,91,9.3,92,0.0
2019/03/23,1018.5,1021.2,1015.1,89,81,1.8,88,8.8,104,3.5
2019/03/24,1016.3,1020.2,1013.7,92,82,1.6,108,8.8,109,5.5
2019/03/25,1014.0,1017.0,1011.2,99,94,0.5,111,5.5,333,20.0
2019/03/26,1017.1,1019.2,1015.8,80,64,2.0,86,10.4,88,0.0
2019/03/27,1013.8,1017.3,1011.1,81,56,0.5,272,4.9,238,0.0
2019/03/28,1007.8,1011.4,1004.1,77,49,0.9,252,7.1,7,0.0
2019/03/29,1007.2,1012.3,1004.9,89,71,1.2,90,6.6,310,14.0
2019/03/30,1012.2,1014.8,1009.2,86,71,1.1,89,8.2,117,3.5
2019/03/31,1017.6,1020.2,1014.3,79,66,2.5,90,13.2,76,0.0
2019/04/01,1019.9,1021.6,1017.5,91,77,2.1,109,9.3,65,5.0
2019/04/02,1015.6,1019.0,1013.0,88,77,1.5,88,8.8,89,0.0
2019/04/03,1015.0,1017.0,1013.4,97,92,0.7,266,7.7,87,0.5
2019/04/04,1012.1,1015.3,1008.8,86,56,1.5,86,8.2,64,0.0
2019/04/05,1010.9,1012.0,1009.0,87,61,1.3,90,7.7,78,0.0
2019/04/06,1009.6,1011.4,1007.7,74,45,0.7,91,6.0,262,0.0
2019/04/07,1008.9,1011.0,1006.6,78,49,0.8,93,7.7,276,0.0
2019/04/08,1009.1,1011.0,1007.4,74,50,0.6,106,7.1,114,0.0
2019/04/09,1006.9,1009.3,1004.1,77,42,0.8,59,5.5,346,0.0
2019/04/10,1007.7,1010.7,1005.5,81,36,1.9,94,9.9,61,0.0
2019/04/11,1008.9,1013.3,1005.2,91,70,1.4,88,8.8,136,17.0
2019/04/12,1013.9,1015.6,1012.1,84,76,1.8,104,8.2,96,0.0
2019/04/13,1012.3,1014.6,1010.7,89,66,0.6,68,7.1,58,0.5
2019/04/14,1012.3,1015.2,1010.2,86,78,0.9,77,8.2,82,3.0
2019/04/15,1013.8,1015.8,1011.8,79,59,2.0,89,10.4,87,3.0
2019/04/16,1009.9,1011.8,1007.9,98,90,0.7,315,6.6,66,21.5
2019/04/17,1009.5,1011.4,1007.6,70,37,1.2,90,8.8,98,0.0
2019/04/18,1008.4,1010.5,1006.6,71,48,0.7,58,5.5,3,0.0
2019/04/19,1006.6,1008.5,1004.5,84,49,0.4,3,5.5,88,6.0
2019/04/20,1005.9,1007.7,1004.2,85,67,0.7,324,6.0,84,9.0
2019/04/21,1005.8,1007.3,1003.9,87,73,0.6,87,6.0,116,37.5
2019/04/22,1006.4,1008.9,1003.3,79,50,0.4,10,5.5,199,28.5
2019/04/23,1006.0,1008.2,1004.2,71,50,0.7,87,6.6,335,0.0
2019/04/24,1005.5,1008.0,1002.7,82,52,0.7,91,5.5,132,0.0
2019/04/25,1005.0,1008.6,1001.9,75,34,1.0,310,9.3,79,0.0
2019/04/26,1009.2,1012.7,1006.7,82,61,2.1,87,9.9,71,0.0
2019/04/27,1011.9,1014.2,1010.1,91,84,2.4,91,12.6,72,0.0
2019/04/28,1010.2,1011.7,1008.9,83,68,0.9,88,6.6,94,0.0
2019/04/29,1007.8,1010.4,1005.4,77,47,0.5,88,5.5,293,0.0
2019/04/30,1004.0,1006.9,1001.7,80,48,0.9,307,7.7,11,0.0
2019/05/01,1007.4,1011.4,1001.3,96,89,0.9,123,5.5,121,42.0
2019/05/02,1011.6,1013.6,1009.2,90,77,1.6,106,7.7,85,8.5
2019/05/03,1012.9,1014.6,1011.2,68,44,1.7,80,11.5,44,1.5
2019/05/04,1011.7,1013.2,1009.9,68,56,1.6,109,7.1,121,0.5
2019/05/05,1008.8,1011.0,1005.8,62,49,1.7,89,8.8,128,0.0
2019/05/06,1008.9,1010.4,1006.9,92,73,1.8,112,9.3,88,13.5
2019/05/07,1010.1,1011.7,1007.1,92,79,1.9,111,9.3,85,2.5
2019/05/08,1007.3,1009.2,1004.8,93,86,1.0,123,8.2,83,1.5
2019/05/09,1006.6,1008.2,1004.8,98,94,1.1,84,8.2,73,11.5
2019/05/10,1007.8,1009.2,1006.1,90,71,2.0,89,9.3,46,0.0
2019/05/11,1008.9,1010.1,1007.4,90,78,2.1,84,9.9,111,0.0
2019/05/12,1008.0,1009.6,1006.1,85,66,1.9,91,11.0,63,0.0
2019/05/13,1006.8,1008.3,1004.5,75,47,0.8,104,5.5,4,0.0
2019/05/14,1006.4,1008.2,1004.8,82,67,1.4,310,7.1,302,0.0
2019/05/15,1006.5,1008.6,1003.3,89,57,0.8,92,27.0,280,0.0
2019/05/16,1003.2,1005.8,1000.0,84,61,1.1,310,6.6,310,0.5
2019/05/17,1001.7,1004.1,998.4,97,87,0.5,10,6.0,335,51.0
2019/05/18,1001.7,1003.8,1000.0,89,73,1.0,305,8.8,276,6.0
2019/05/19,1003.4,1005.2,1001.3,78,53,0.6,88,6.6,287,0.0
2019/05/20,1006.0,1009.9,1002.0,93,81,1.0,117,9.9,10,131.0
2019/05/21,1008.8,1010.2,1007.6,62,34,1.6,103,8.8,81,0.0
2019/05/22,1007.4,1008.8,1005.8,62,49,1.2,90,6.6,76,0.0
2019/05/23,1009.0,1011.0,1007.0,87,69,1.2,89,8.2,91,4.0
2019/05/24,1009.2,1010.8,1007.7,71,57,1.7,97,7.7,174,0.0
2019/05/25,1008.1,1009.6,1007.0,59,48,1.3,92,8.8,217,0.0
2019/05/26,1006.8,1008.2,1005.2,64,46,0.7,85,6.0,81,0.0
2019/05/27,1006.2,1007.4,1004.2,79,54,0.4,84,6.6,181,47.0
2019/05/28,1007.7,1010.8,1005.2,95,89,1.0,100,8.2,78,25.5
2019/05/29,1009.3,1010.5,1008.0,73,62,1.4,87,7.1,78,0.0
2019/05/30,1007.0,1009.0,1003.5,82,61,0.9,95,6.6,89,5.0
2019/05/31,1005.9,1007.4,1004.2,82,52,0.9,86,6.6,343,0.0
2019/06/01,1004.7,1006.6,1001.1,91,66,0.9,87,8.2,274,24.0
2019/06/02,1002.5,1004.8,1000.4,66,48,0.9,299,10.4,282,0.5
2019/06/03,1004.0,1005.5,1002.7,77,57,0.6,305,8.2,337,2.0
2019/06/04,1005.9,1007.7,1004.1,87,67,0.4,81,4.9,349,3.5
2019/06/05,1007.5,1008.8,1006.3,79,50,0.5,230,6.0,318,0.0
2019/06/06,1007.4,1008.6,1006.3,79,58,0.6,70,6.6,320,0.0
2019/06/07,1006.9,1008.2,1005.7,74,45,0.7,98,8.2,52,0.0
2019/06/08,1004.4,1006.7,1002.2,74,48,0.8,87,6.6,337,0.0
2019/06/09,1000.7,1002.6,999.1,65,41,1.2,269,11.5,292,0.0
2019/06/10,1000.2,1001.9,998.2,78,55,0.5,94,5.5,319,10.5
2019/06/11,1002.1,1005.4,998.4,99,99,0.7,87,5.5,51,83.5
2019/06/12,1004.4,1005.7,1002.9,91,79,1.3,90,7.7,83,28.5
2019/06/13,1000.5,1003.3,997.3,99,98,0.4,100,3.8,101,31.5
2019/06/14,999.7,1003.0,995.0,94,84,0.9,90,5.5,326,50.5
2019/06/15,1003.8,1005.1,1002.3,71,45,1.5,93,8.2,53,0.0
2019/06/16,1004.5,1007.0,1002.7,61,46,1.3,103,7.7,64,0.0
2019/06/17,1007.0,1008.8,1005.5,77,50,0.6,87,6.0,58,0.0
2019/06/18,1006.2,1008.0,1004.8,81,59,0.7,63,6.0,15,0.0
2019/06/19,1003.9,1006.0,1001.7,69,50,1.4,307,9.9,315,0.0
2019/06/20,1002.4,1004.1,1000.6,63,43,1.3,281,7.7,301,0.0
2019/06/21,1000.9,1002.5,999.2,62,41,1.3,82,9.3,307,0.0
2019/06/22,1000.4,1001.6,999.1,67,54,1.2,311,6.6,268,4.0
2019/06/23,1002.1,1005.4,999.1,97,94,0.7,90,6.6,311,45.0
2019/06/24,1005.9,1007.7,1003.8,99,98,1.3,112,6.6,117,7.0
2019/06/25,1005.0,1006.9,1002.2,81,52,0.9,70,8.2,183,21.0
2019/06/26,1001.5,1003.9,998.1,78,58,0.6,69,7.7,345,13.5
2019/06/27,999.6,1000.6,997.8,87,52,0.5,86,6.0,119,10.5
2019/06/28,999.8,1001.1,997.3,82,49,0.4,315,7.1,289,17.0
2019/06/29,999.3,1000.8,997.0,87,59,0.4,31,5.5,89,0.5
2019/06/30,1000.1,1002.2,998.8,82,63,0.5,54,6.0,46,0.0
2019/07/01,1000.1,1001.7,998.2,76,53,1.2,91,8.2,119,0.0
2019/07/02,1000.2,1003.9,997.6,84,60,1.0,95,8.2,72,120.5
2019/07/03,1004.6,1006.9,1002.6,85,65,0.8,90,8.2,79,19.0
2019/07/04,1004.5,1006.0,1002.6,76,51,0.5,79,4.9,322,0.0
2019/07/05,1000.1,1003.3,997.8,59,39,1.4,288,11.5,305,0.0
2019/07/06,998.9,1000.3,997.6,58,47,1.2,268,9.3,284,0.0
2019/07/07,1001.0,1003.8,999.1,61,39,1.2,3,8.8,300,0.0
2019/07/08,1002.5,1003.9,1001.1,74,48,0.6,74,6.6,310,0.0
2019/07/09,1000.0,1002.2,997.8,67,39,0.9,282,9.9,250,0.0
2019/07/10,1000.3,1003.9,998.2,68,41,0.8,67,7.7,65,0.0
2019/07/11,1005.5,1007.3,1003.0,86,53,0.7,97,7.1,280,1.5
2019/07/12,1005.1,1007.0,1002.7,72,46,0.6,92,9.3,96,35.5
2019/07/13,1001.1,1003.9,998.6,61,41,1.2,104,10.4,251,0.0
2019/07/14,1000.9,1003.2,998.8,66,46,1.1,283,8.2,276,0.0
2019/07/15,1002.3,1003.3,1001.1,76,48,0.9,91,6.6,79,0.0
2019/07/16,1002.1,1004.1,999.8,70,47,1.5,91,10.4,82,0.0
2019/07/17,998.1,1001.9,994.4,87,73,2.2,88,12.1,70,7.0
2019/07/18,993.2,996.2,991.6,95,80,1.3,90,8.2,251,8.0
2019/07/19,995.8,999.7,992.1,80,58,0.7,307,6.6,9,38.5
2019/07/20,1001.7,1004.8,999.2,79,46,0.6,113,9.9,120,12.0
2019/07/21,1003.7,1005.2,1001.6,72,46,0.7,96,6.6,158,5.5
2019/07/22,1004.2,1005.7,1000.8,75,56,0.6,92,8.2,229,35.5
2019/07/23,1004.1,1005.5,1001.6,74,55,0.3,68,6.0,89,11.0
2019/07/24,1004.4,1005.8,1001.9,78,53,0.5,236,7.1,16,1.5
2019/07/25,1004.8,1006.7,1003.0,78,52,0.8,86,6.0,119,0.0
2019/07/26,1003.2,1004.8,1001.0,81,47,0.6,89,6.0,77,16.5
2019/07/27,1003.4,1005.7,1000.4,87,47,0.4,4,6.6,256,6.5
2019/07/28,1005.0,1006.6,1002.6,75,59,1.0,83,8.2,89,0.0
2019/07/29,1004.9,1006.3,1002.9,70,49,0.8,84,6.6,198,0.0
2019/07/30,1003.9,1005.5,1002.0,66,45,1.1,110,8.2,190,0.0
2019/07/31,1003.3,1004.9,1001.6,60,45,1.8,84,9.9,125,0.0
2019/08/01,1003.5,1004.8,1002.0,58,43,1.7,90,8.8,184,0.0
2019/08/02,1002.5,1004.2,1000.6,69,51,1.7,92,10.4,88,0.0
2019/08/03,1000.2,1002.0,998.6,76,48,1.8,91,9.3,76,0.0
2019/08/04,999.0,1000.4,997.8,77,50,2.1,91,9.3,125,0.0
2019/08/05,999.5,1000.8,997.0,83,63,2.2,88,9.3,88,0.0
2019/08/06,999.5,1000.8,996.9,79,50,2.0,88,9.9,95,0.0
2019/08/07,996.6,999.4,993.2,90,69,1.6,91,9.3,85,22.0
2019/08/08,991.1,994.5,987.4,92,73,1.3,88,12.1,64,34.0
2019/08/09,984.2,987.5,979.5,87,56,2.1,292,14.3,281,63.5
2019/08/10,989.0,993.8,983.8,60,38,1.8,271,13.2,290,0.0
2019/08/11,995.4,997.5,992.3,63,50,1.4,295,9.9,331,0.0
2019/08/12,997.8,999.2,996.4,72,49,0.7,307,8.2,274,0.0
2019/08/13,998.0,1000.1,995.6,67,41,1.2,314,8.8,258,0.0
2019/08/14,998.0,999.5,995.6,68,48,1.3,306,7.7,321,0.0
2019/08/15,997.2,998.5,993.4,65,48,1.2,283,7.1,286,0.0
2019/08/16,998.8,1001.6,995.9,67,44,1.1,271,8.2,274,0.0
2019/08/17,1000.9,1002.7,997.3,63,42,1.4,308,8.2,306,0.0
2019/08/18,1002.3,1003.6,1000.3,74,50,0.7,70,18.7,218,53.0
2019/08/19,1002.7,1003.9,1001.4,89,71,0.6,83,7.1,82,7.0
2019/08/20,1002.2,1003.6,1000.7,82,54,1.0,96,8.2,80,0.5
2019/08/21,1002.1,1003.3,1000.3,73,54,0.7,65,7.1,71,50.0
2019/08/22,1003.2,1005.1,1001.7,68,49,1.2,89,8.2,164,0.0
2019/08/23,1003.4,1005.1,1001.9,78,59,2.1,92,9.3,102,5.0
2019/08/24,999.1,1002.6,996.3,90,71,3.1,92,15.4,121,18.5
2019/08/25,1002.7,1007.1,997.8,75,57,1.1,111,11.5,95,0.5
2019/08/26,1006.5,1008.8,1004.7,76,55,0.8,86,7.1,95,0.0
2019/08/27,1005.6,1007.6,1003.0,67,41,1.1,101,7.7,93,0.0
2019/08/28,1003.1,1004.9,1000.3,63,49,2.0,89,11.0,181,0.0
2019/08/29,1003.6,1005.8,1001.7,71,48,0.9,86,6.0,268,0.0
2019/08/30,1005.7,1007.1,1004.5,86,60,0.7,109,8.2,341,2.0
2019/08/31,1004.9,1006.1,1003.3,72,53,2.3,91,9.3,63,0.0
2019/09/01,1005.1,1006.6,1003.8,61,47,1.7,87,9.3,183,0.0
2019/09/02,1005.5,1007.1,1003.0,62,47,1.7,86,9.3,176,0.0
2019/09/03,1004.0,1005.2,1001.7,68,50,2.3,88,10.4,101,0.0
2019/09/04,1002.8,1004.4,1000.6,93,81,1.0,113,9.3,23,30.0
2019/09/05,1000.0,1002.6,997.9,96,91,0.4,64,6.6,80,47.5
2019/09/06,998.3,1000.0,996.0,68,43,0.8,82,6.0,275,12.5
2019/09/07,1000.7,1002.6,998.8,80,49,0.7,286,5.5,184,2.0
2019/09/08,1002.4,1003.8,1000.3,81,48,0.7,110,7.1,80,1.0
2019/09/09,1003.4,1005.1,1001.7,68,46,0.8,86,6.0,114,0.0
2019/09/10,1006.1,1008.5,1003.8,63,44,1.2,90,7.7,64,0.0
2019/09/11,1008.2,1009.3,1006.3,70,46,2.1,90,10.4,85,0.0
2019/09/12,1007.1,1008.8,1004.9,81,55,2.0,88,10.4,60,0.0
2019/09/13,1005.0,1006.4,1003.0,80,56,1.9,90,9.3,77,0.0
2019/09/14,1005.2,1006.7,1003.5,81,51,1.2,91,8.2,78,0.0
2019/09/15,1005.3,1006.4,1002.7,97,86,0.3,88,6.6,86,24.0
2019/09/16,1005.1,1006.7,1003.8,89,74,0.7,89,10.4,37,1.5
2019/09/17,1007.0,1009.0,1004.9,81,59,0.9,78,9.9,61,0.0
2019/09/18,1009.0,1011.4,1006.6,73,62,1.1,73,12.1,95,2.0
2019/09/19,1008.5,1010.1,1006.9,67,53,1.1,90,9.9,63,0.0
2019/09/20,1004.1,1006.9,1000.8,94,71,0.6,18,8.2,98,41.0
2019/09/21,1002.1,1006.0,998.6,99,99,0.8,241,7.7,282,49.0
2019/09/22,1008.8,1013.2,1003.5,83,56,0.2,96,3.8,33,0.0
2019/09/23,1014.2,1016.2,1011.5,76,53,0.9,82,7.7,75,0.0
2019/09/24,1015.4,1017.0,1014.0,69,51,1.2,83,8.2,81,0.0
2019/09/25,1015.0,1016.2,1012.7,62,50,1.6,87,9.9,85,0.0
2019/09/26,1014.4,1015.8,1012.1,92,75,1.7,94,9.9,86,2.5
2019/09/27,1013.3,1015.1,1010.4,98,93,1.4,95,8.2,60,65.5
2019/09/28,1011.4,1013.2,1009.5,99,99,0.9,112,6.6,99,100.5
2019/09/29,1009.1,1011.1,1006.7,88,77,1.9,88,10.4,84,29.0
2019/09/30,1001.3,1007.9,991.5,94,80,3.0,90,21.5,59,117.0
2019/10/01,1002.4,1006.6,993.1,62,38,1.7,276,12.1,216,18.0
2019/10/02,1007.9,1009.3,1006.3,75,43,0.7,87,6.0,30,0.0
2019/10/03,1009.5,1011.5,1007.4,75,44,0.9,89,6.6,89,0.0
2019/10/04,1009.3,1011.2,1006.0,70,41,0.8,77,6.0,67,0.0
2019/10/05,1010.9,1013.7,1008.5,69,44,1.8,90,9.3,61,0.0
2019/10/06,1013.5,1014.9,1011.5,75,53,2.2,90,9.9,69,0.0
2019/10/07,1013.2,1014.5,1009.9,74,42,2.1,86,9.3,50,0.0
2019/10/08,1013.8,1015.5,1012.1,78,57,2.2,81,10.4,10,1.5
2019/10/09,1012.6,1014.3,1010.4,78,61,1.9,89,9.9,66,0.0
2019/10/10,1010.6,1013.2,1008.3,67,48,1.4,111,7.1,106,0.0
2019/10/11,1008.9,1011.1,1006.3,74,52,1.1,113,7.1,113,0.0
2019/10/12,1009.9,1012.1,1007.7,77,56,1.2,88,9.3,89,0.0
2019/10/13,1013.2,1015.5,1011.4,74,56,1.4,88,7.1,65,0.0
2019/10/14,1017.1,1020.0,1014.8,67,45,1.3,77,9.9,98,0.5
2019/10/15,1019.1,1020.6,1017.5,61,48,1.9,88,12.1,52,0.0
2019/10/16,1016.4,1019.2,1014.3,76,60,1.1,90,7.7,81,0.5
2019/10/17,1015.4,1016.7,1013.7,66,51,1.8,92,9.9,59,0.0
2019/10/18,1015.3,1016.5,1013.3,70,49,0.8,71,8.8,76,0.0
2019/10/19,1015.5,1016.8,1014.0,80,67,1.1,91,9.9,55,1.0
2019/10/20,1014.3,1016.4,1012.7,64,48,1.0,66,7.1,76,0.0
2019/10/21,1011.9,1013.7,1009.9,65,53,0.9,93,6.6,72,0.0
2019/10/22,1010.0,1012.1,1007.6,63,40,1.2,88,8.8,89,0.0
2019/10/23,1010.2,1012.4,1008.0,70,56,1.2,110,6.6,83,0.0
2019/10/24,1013.5,1015.6,1011.5,65,45,1.2,89,8.2,91,0.0
2019/10/25,1015.3,1017.1,1012.6,63,42,1.7,107,8.8,60,0.0
2019/10/26,1015.1,1017.1,1013.2,65,50,1.9,100,9.3,74,0.0
2019/10/27,1012.8,1014.6,1010.4,77,62,1.9,89,8.8,93,0.0
2019/10/28,1011.1,1013.2,1009.0,80,58,1.2,98,7.7,334,0.0
2019/10/29,1013.7,1015.8,1011.5,88,69,1.1,99,8.2,74,0.0
2019/10/30,1015.5,1017.3,1013.9,81,70,2.1,86,9.9,79,0.0
2019/10/31,1014.4,1015.8,1012.4,95,95,2.5,90,11.0,64,13.5
2019/11/01,1014.0,1015.9,1012.6,78,64,2.7,88,11.0,83,0.0
2019/11/02,1012.0,1013.6,1010.2,74,67,2.2,89,11.0,72,0.0
2019/11/03,1012.0,1014.0,1010.1,80,68,2.0,80,9.9,64,0.0
2019/11/04,1013.4,1015.3,1012.0,67,60,2.2,73,12.6,39,0.0
2019/11/05,1012.2,1014.2,1010.5,74,61,2.1,87,11.0,40,1.0
2019/11/06,1009.5,1011.5,1007.0,61,53,1.9,96,10.4,93,0.0
2019/11/07,1010.8,1014.0,1008.0,68,55,2.0,82,11.5,75,0.5
2019/11/08,1015.3,1017.0,1013.0,71,44,2.0,91,11.5,75,2.5
2019/11/09,1016.7,1019.2,1015.1,57,44,1.8,86,11.5,78,0.0
2019/11/10,1012.8,1015.3,1008.9,59,45,1.3,90,7.7,39,0.0
2019/11/11,1013.2,1014.9,1011.0,65,39,1.4,88,7.7,110,0.0
2019/11/12,1014.3,1016.5,1012.4,58,48,1.8,87,8.8,86,0.0
2019/11/13,1015.7,1019.3,1013.3,63,39,1.3,90,8.8,77,0.0
2019/11/14,1018.1,1020.3,1016.4,65,55,2.1,92,10.4,53,0.0
2019/11/15,1014.7,1017.0,1012.0,60,45,2.0,90,8.8,82,0.0
2019/11/16,1012.5,1014.2,1010.5,60,44,1.7,111,8.2,70,0.0
2019/11/17,1012.0,1013.7,1009.2,70,44,0.7,116,6.6,105,0.0
2019/11/18,1014.6,1018.9,1011.0,94,83,1.6,86,14.8,87,0.5
2019/11/19,1018.7,1020.5,1016.8,83,62,2.3,92,10.4,99,2.5
2019/11/20,1018.6,1020.8,1016.7,85,72,2.1,106,11.5,81,1.5
2019/11/21,1015.1,1018.1,1012.7,93,84,1.5,96,9.3,89,17.5
2019/11/22,1013.0,1014.3,1011.4,X,99,0.2,85,3.5,126,7.5
2019/11/23,1013.2,1015.2,1011.5,89,75,0.3,97,3.0,277,0.0
2019/11/24,1015.5,1018.1,1013.0,78,60,1.2,100,7.7,88,0.0
2019/11/25,1019.8,1022.2,1017.1,84,71,2.5,93,11.0,73,4.0
2019/11/26,1020.0,1022.4,1018.0,84,71,2.2,99,9.9,74,0.0
2019/11/27,1018.6,1020.5,1016.1,89,78,2.1,88,11.0,83,0.0
2019/11/28,1021.5,1023.6,1019.5,86,75,1.7,88,8.8,110,1.0
2019/11/29,1020.9,1023.0,1018.9,76,52,1.7,87,10.4,82,1.5
2019/11/30,1016.6,1019.2,1014.5,76,65,1.4,112,8.2,78,0.0
2019/12/01,1015.1,1017.1,1011.4,77,39,0.7,171,8.2,111,0.0
2019/12/02,1020.8,1024.1,1016.7,67,50,1.4,76,9.9,95,0.0
2019/12/03,1022.0,1023.3,1020.3,54,44,2.2,87,10.4,71,0.0
2019/12/04,1022.8,1024.6,1020.8,57,49,2.3,86,12.1,49,0.0
2019/12/05,1022.9,1024.9,1020.6,93,77,1.6,83,9.9,67,37.5
2019/12/06,1022.0,1024.1,1018.9,94,87,2.0,82,13.2,45,44.0
2019/12/07,1023.2,1024.7,1021.4,73,44,1.3,79,11.0,76,2.5
2019/12/08,1022.6,1024.6,1020.6,56,32,0.8,92,11.5,59,0.0
2019/12/09,1018.6,1021.8,1015.8,64,52,1.2,89,9.3,83,0.0
2019/12/10,1014.6,1016.8,1012.3,72,48,0.6,257,5.5,62,0.0
2019/12/11,1016.2,1019.5,1013.7,76,46,1.4,88,10.4,76,0.0
2019/12/12,1020.1,1021.9,1018.0,57,46,2.4,90,11.5,70,0.0
2019/12/13,1020.1,1022.2,1018.4,73,57,1.6,109,8.8,72,0.0
2019/12/14,1019.7,1021.9,1018.3,77,64,2.0,92,11.0,71,0.0
2019/12/15,1017.9,1020.3,1015.3,67,46,1.5,95,6.6,115,0.0
2019/12/16,1015.3,1018.0,1012.7,69,39,0.6,95,4.9,115,0.0
2019/12/17,1015.3,1018.4,1013.0,70,41,0.4,229,4.9,256,0.0
2019/12/18,1017.1,1019.2,1014.8,91,78,1.4,114,7.7,92,0.0
2019/12/19,1018.0,1020.5,1015.9,90,73,1.8,112,9.9,89,0.0
2019/12/20,1018.3,1020.3,1015.8,96,86,1.6,107,8.8,87,7.0
2019/12/21,1014.5,1017.5,1012.4,97,85,0.5,225,4.9,308,0.0
2019/12/22,1013.0,1014.8,1011.2,90,76,0.8,310,6.6,66,0.0
2019/12/23,1014.7,1016.5,1012.8,83,69,1.5,109,25.3,135,0.0
2019/12/24,1015.4,1017.1,1013.9,91,70,0.8,82,4.9,74,0.0
2019/12/25,1013.1,1016.0,1009.7,86,62,1.3,113,7.7,80,0.0
2019/12/26,1014.3,1018.9,1011.6,85,66,1.5,90,11.0,42,0.0
2019/12/27,1020.2,1022.4,1018.8,70,62,2.0,89,9.3,114,0.0
2019/12/28,1017.8,1020.4,1015.8,71,61,2.5,95,10.4,18,0.0
2019/12/29,1015.8,1017.4,1014.1,92,64,0.5,87,5.5,93,15.5
2019/12/30,1018.2,1021.7,1014.8,100,0,0.7,86,6.0,62,15.0
2019/12/31,1025.9,1028.7,1021.0,X,0,2.1,84,11.0,85,1.0
2020/01/01,1024.8,1027.0,1023.6,X,0,2.0,94,8.2,78,0.0
2020/01/02,1021.8,1024.3,1018.9,X,0,1.9,92,8.2,91,0.0
2020/01/03,1019.2,1019.6,1016.1,69,36,1.5,94,6.0,165,0.0
2020/01/04,1017.6,1019.8,1014.5,69,48,1.1,90,7.7,67,0.0
2020/01/05,1018.1,1019.9,1015.8,71,54,1.9,91,9.3,189,0.0
2020/01/06,1016.4,1019.1,1014.2,73,51,0.7,101,4.9,113,0.0
2020/01/07,1013.8,1015.7,1011.4,72,47,0.7,272,6.6,281,0.0
2020/01/08,1018.5,1021.5,1015.1,71,59,2.3,101,21.5,310,0.0
2020/01/09,1016.4,1019.5,1013.6,68,57,2.3,90,9.9,76,0.0
2020/01/10,1012.9,1015.5,1010.3,71,47,1.2,79,8.2,87,0.0
2020/01/11,1012.3,1013.5,1010.0,78,61,0.7,248,6.0,341,0.0
2020/01/12,1015.7,1017.7,1012.9,77,70,1.5,90,23.1,285,0.0
2020/01/13,1015.5,1018.3,1013.5,82,68,1.2,110,7.1,100,6.0
2020/01/14,1017.5,1020.1,1015.8,82,68,1.3,95,19.3,111,0.0
2020/01/15,1017.0,1019.3,1014.7,83,76,1.8,91,10.4,73,0.0
2020/01/16,1015.3,1016.0,1012.6,81,67,0.5,332,6.0,146,0.0
2020/01/17,1017.7,1019.5,1015.4,80,74,1.0,85,7.1,85,0.5
2020/01/18,1018.5,1020.4,1017.0,75,66,0.8,83,7.1,73,0.0
2020/01/19,1018.7,1020.4,1016.7,85,79,0.6,99,5.5,108,0.0
2020/01/20,1020.6,1022.7,1018.6,73,59,1.3,84,9.3,92,0.0
2020/01/21,1020.4,1023.6,1017.6,66,52,1.7,88,10.4,54,0.0
2020/01/22,1016.5,1018.8,1013.6,70,44,0.3,225,3.8,259,0.0
2020/01/23,1015.5,1017.3,1013.5,77,54,0.4,75,5.5,107,0.0
2020/01/24,1016.7,1018.6,1014.5,84,63,0.8,86,8.2,97,0.0
2020/01/25,1014.7,1017.4,1013.3,87,76,0.8,104,6.0,57,0.5
2020/01/26,1009.8,1013.3,1006.7,96,84,0.7,306,8.8,290,19.5
2020/01/27,1012.6,1015.2,1009.7,87,74,0.4,38,4.9,265,1.5
2020/01/28,1015.7,1018.9,1012.6,77,69,0.7,83,6.0,58,0.5
2020/01/29,1018.1,1019.3,1016.6,69,61,0.4,8,6.0,79,0.0
2020/01/30,1019.1,1021.1,1016.6,55,32,0.7,326,6.0,310,0.0
2020/01/31,1020.8,1022.4,1019.1,59,40,1.0,108,9.3,76,0.0
2020/02/01,1021.3,1023.3,1019.2,61,45,1.5,85,10.4,44,0.0
2020/02/02,1019.8,1022.0,1017.0,63,42,1.1,77,7.7,72,0.0
2020/02/03,1018.8,1019.9,1017.0,75,55,0.7,18,9.3,64,0.0
2020/02/04,1017.8,1019.3,1016.0,90,76,0.3,72,4.1,58,9.5
2020/02/05,1020.2,1022.0,1018.3,86,70,1.2,86,8.2,106,4.5
2020/02/06,1017.2,1021.7,1013.8,80,68,1.7,95,9.3,73,0.0
2020/02/07,1019.3,1022.0,1016.4,88,77,0.5,92,5.5,304,2.5
2020/02/08,1022.9,1024.6,1021.4,72,64,1.3,86,8.2,83,0.0
2020/02/09,1023.8,1026.1,1022.3,75,66,1.0,97,9.3,80,0.0
2020/02/10,1020.7,1023.2,1019.1,61,49,1.7,85,10.4,95,0.0
2020/02/11,1018.7,1021.2,1016.6,70,50,0.2,82,3.8,72,0.0
2020/02/12,1015.2,1017.7,1012.2,68,33,0.4,79,4.9,251,0.0
2020/02/13,1012.8,1015.1,1008.9,76,47,0.9,118,6.0,79,0.0
2020/02/14,1012.5,1015.7,1008.8,85,60,0.7,84,7.1,83,0.5
2020/02/15,1011.9,1015.5,1008.8,83,66,0.7,93,8.2,89,0.0
2020/02/16,1018.5,1024.0,1010.4,81,65,1.6,80,9.9,70,4.5
2020/02/17,1025.6,1028.1,1022.3,57,38,1.4,70,11.0,72,0.0
2020/02/18,1025.3,1028.0,1023.0,56,39,1.6,85,11.0,82,0.0
2020/02/19,1021.4,1023.6,1018.8,59,42,1.2,88,8.2,36,0.0
2020/02/20,1022.8,1024.2,1020.7,79,58,1.5,89,9.9,98,0.0
2020/02/21,1022.7,1024.5,1019.8,71,45,1.3,89,9.9,187,0.0
2020/02/22,1024.1,1025.9,1022.7,85,67,1.6,83,11.5,73,0.0
2020/02/23,1022.9,1025.8,1019.9,74,61,2.1,87,10.4,88,0.0
2020/02/24,1017.1,1020.2,1014.5,69,46,1.0,105,8.2,168,0.0
2020/02/25,1015.0,1017.3,1012.5,67,40,0.6,228,6.0,291,0.0
2020/02/26,1015.7,1018.3,1013.0,76,49,1.1,84,9.3,84,0.0
2020/02/27,1018.6,1021.0,1017.3,85,72,2.1,85,11.0,5,0.0
2020/02/28,1014.4,1017.4,1012.9,83,61,0.9,88,7.7,84,0.0
2020/02/29,1011.5,1013.8,1009.4,73,46,0.5,227,6.0,103,0.0
2020/03/01,1011.7,1016.4,1008.9,82,67,1.2,77,9.3,72,0.0
2020/03/02,1017.9,1020.4,1016.3,80,71,1.9,97,9.9,77,0.0
2020/03/03,1016.4,1018.5,1013.5,79,63,1.9,89,8.2,68,0.0
2020/03/04,1017.0,1020.8,1013.5,86,77,1.6,84,9.9,88,1.5
2020/03/05,1019.3,1021.8,1017.0,88,78,1.8,105,9.9,67,12.5
2020/03/06,1014.1,1018.2,1011.1,75,59,1.6,78,9.3,56,0.0
2020/03/07,1011.2,1013.8,1008.2,78,57,0.9,249,6.0,100,0.0
2020/03/08,1008.6,1011.3,1006.2,84,68,1.6,86,9.9,32,0.5
2020/03/09,1004.4,1007.6,1002.2,83,62,1.0,302,6.0,234,1.5
2020/03/10,1011.9,1018.2,1003.8,85,70,1.3,93,9.3,343,57.0
2020/03/11,1017.4,1019.1,1015.5,64,52,2.0,88,9.9,69,0.0
2020/03/12,1013.2,1016.4,1010.6,79,67,0.6,86,6.0,58,1.0
2020/03/13,1013.3,1015.5,1011.1,97,90,0.4,98,4.9,351,43.5
2020/03/14,1016.9,1018.8,1014.7,78,63,1.1,84,8.2,71,1.5
2020/03/15,1017.7,1019.8,1014.9,56,29,1.2,85,8.2,78,0.0
2020/03/16,1018.2,1020.4,1016.0,45,25,1.9,103,11.0,111,0.0
2020/03/17,1016.0,1017.7,1013.8,60,29,0.5,123,6.0,312,0.0
2020/03/18,1012.9,1015.2,1010.8,75,53,0.2,61,3.8,298,0.5
2020/03/19,1011.9,1014.5,1009.8,89,79,0.4,258,4.1,261,4.5
2020/03/20,1012.9,1014.7,1010.6,80,69,1.4,86,9.3,72,0.0
2020/03/21,1011.6,1014.5,1008.4,72,47,0.6,108,5.5,93,0.0
2020/03/22,1009.9,1012.9,1006.5,71,41,1.0,17,7.1,235,2.0
2020/03/23,1012.8,1016.0,1010.8,82,70,1.8,92,8.8,67,0.5
2020/03/24,1012.7,1014.2,1011.3,79,67,2.0,85,11.0,70,0.0
2020/03/25,1010.8,1012.9,1008.5,77,56,0.7,77,7.7,183,0.0
2020/03/26,1010.6,1013.0,1007.2,70,44,0.6,306,4.9,96,0.0
2020/03/27,1011.0,1013.0,1009.1,82,50,1.1,87,10.4,77,16.0
2020/03/28,1012.9,1017.7,1008.1,88,75,1.1,109,7.1,105,29.5
2020/03/29,1013.4,1017.6,1008.9,78,67,1.5,90,9.3,83,0.0
2020/03/30,1010.8,1012.6,1008.8,83,67,0.7,87,4.9,114,0.0
2020/03/31,1010.1,1012.8,1007.6,87,71,1.1,107,8.2,83,1.0
2020/04/01,1014.7,1017.7,1009.4,83,72,1.2,82,7.7,59,2.0
2020/04/02,1016.0,1018.6,1013.2,86,73,1.8,85,9.3,88,13.5
2020/04/03,1015.3,1017.7,1012.8,85,70,0.8,90,8.8,70,1.0
2020/04/04,1017.1,1019.8,1013.8,81,65,1.1,83,7.7,80,0.5
2020/04/05,1018.1,1019.3,1016.9,70,57,1.3,92,7.7,93,1.0
2020/04/06,1014.7,1017.7,1012.5,79,68,1.4,98,8.8,87,5.5
2020/04/07,1013.5,1015.1,1010.6,83,68,0.5,32,5.5,70,1.0
2020/04/08,1013.6,1015.5,1012.5,78,66,0.9,102,6.6,52,0.0
2020/04/09,1015.4,1017.4,1012.8,77,55,1.2,89,7.7,72,1.5
2020/04/10,1015.6,1017.9,1013.6,64,47,1.8,103,9.9,90,0.0
2020/04/11,1011.6,1014.2,1008.4,80,58,0.5,267,5.5,285,12.5
2020/04/12,1014.6,1017.0,1010.0,76,40,0.5,77,5.5,63,11.5
2020/04/13,1016.4,1018.8,1014.2,53,28,1.0,82,9.9,59,0.0
2020/04/14,1014.4,1017.9,1011.6,52,32,1.0,97,7.1,85,0.0
2020/04/15,1012.2,1013.8,1009.7,59,40,0.8,88,7.7,310,0.0
2020/04/16,1011.8,1013.2,1009.1,58,25,0.6,83,6.0,288,0.0
2020/04/17,1011.9,1014.1,1010.3,67,43,0.7,85,19.3,184,0.0
2020/04/18,1011.6,1013.8,1009.8,73,50,0.8,94,6.0,94,0.0
2020/04/19,1008.4,1010.1,1006.3,79,63,0.5,80,5.5,281,0.0
2020/04/20,1010.5,1013.2,1008.5,82,71,2.0,84,10.4,85,0.0
2020/04/21,1010.6,1013.2,1008.8,82,74,1.0,81,20.9,91,0.0
2020/04/22,1014.5,1016.3,1011.7,88,78,2.1,86,11.5,82,2.5
2020/04/23,1016.2,1018.3,1012.9,87,63,2.2,107,11.0,73,12.5
2020/04/24,1016.9,1018.5,1014.8,86,62,2.1,92,9.9,70,5.5
2020/04/25,1013.9,1016.4,1012.3,79,72,1.0,86,6.6,74,0.0
2020/04/26,1013.9,1015.5,1012.3,83,71,0.6,87,5.5,55,0.0
2020/04/27,1014.3,1016.0,1012.6,75,58,1.5,85,9.9,64,1.0
2020/04/28,1015.4,1017.7,1013.8,63,39,2.1,85,11.0,39,0.0
2020/04/29,1013.2,1014.9,1011.6,59,41,1.1,93,8.2,182,0.0
2020/04/30,1011.9,1014.4,1009.5,58,17,0.7,298,4.9,269,0.0
2020/05/01,1009.2,1011.7,1006.9,62,37,0.6,49,4.1,244,0.0
2020/05/02,1006.2,1008.4,1004.4,65,44,0.6,325,5.5,285,0.0
2020/05/03,1004.7,1006.5,1003.1,72,58,0.7,319,6.0,294,0.0
2020/05/04,1006.2,1007.8,1004.8,72,46,0.8,72,5.5,317,0.0
2020/05/05,1004.4,1006.9,1001.8,75,48,1.1,84,7.1,285,0.0
2020/05/06,1005.3,1008.5,1001.8,78,60,1.3,107,8.2,340,0.0
2020/05/07,1007.0,1008.5,1005.1,85,72,0.9,102,5.5,99,8.5
2020/05/08,1005.9,1007.5,1004.1,76,52,0.5,92,6.0,278,0.0
2020/05/09,1004.8,1006.5,1002.6,72,48,0.6,87,6.6,350,0.0
2020/05/10,1006.0,1008.5,1004.1,80,54,0.7,86,7.7,84,3.0
2020/05/11,1007.4,1009.1,1005.6,86,73,2.1,109,9.3,57,0.0
2020/05/12,1008.3,1010.8,1005.9,88,77,1.3,107,7.7,85,10.0
2020/05/13,1010.7,1012.6,1009.4,68,38,2.3,89,10.4,68,0.0
2020/05/14,1008.1,1010.4,1005.6,66,44,0.9,79,6.0,62,0.0
2020/05/15,1005.7,1007.3,1004.4,68,48,0.6,84,6.0,339,0.0
2020/05/16,1005.4,1006.9,1004.3,78,51,0.6,312,7.7,77,21.0
2020/05/17,1001.8,1004.4,999.0,69,49,0.7,76,11.5,69,0.5
2020/05/18,1000.5,1002.8,998.4,81,68,1.0,306,8.2,284,16.5
2020/05/19,1004.0,1006.3,1001.2,89,78,0.7,82,7.1,87,17.0
2020/05/20,1006.0,1007.2,1005.0,88,73,1.2,85,7.1,97,2.5
2020/05/21,1003.7,1006.2,1000.4,91,73,1.0,90,9.3,91,53.5
2020/05/22,1000.6,1002.6,998.4,99,93,0.4,83,5.5,75,64.5
2020/05/23,1003.2,1005.4,1000.6,97,90,0.6,99,4.9,88,12.0
2020/05/24,1006.1,1007.6,1004.7,84,61,1.3,86,8.2,94,0.0
2020/05/25,1006.8,1008.5,1005.7,86,64,1.1,81,7.7,77,0.0
2020/05/26,1004.5,1006.5,1002.5,78,58,0.6,309,9.3,352,9.0
2020/05/27,1006.6,1008.9,1003.8,94,80,1.4,84,8.2,110,10.5
2020/05/28,1008.5,1010.1,1005.7,99,95,1.1,107,5.5,139,108.5
2020/05/29,1008.2,1009.5,1006.0,94,66,0.4,76,8.2,82,35.0
2020/05/30,1007.3,1008.8,1005.4,82,59,0.4,74,5.5,72,0.0
2020/05/31,1007.6,1009.5,1005.6,78,53,1.2,87,8.2,267,0.0
2020/06/01,1007.7,1009.1,1005.4,80,55,0.7,329,7.7,120,12.5
2020/06/02,1006.4,1008.9,1004.3,77,61,0.6,327,6.6,35,0.5
2020/06/03,1004.6,1006.7,1001.8,67,47,1.0,289,7.7,277,0.0
2020/06/04,1004.0,1005.4,1002.5,63,44,1.1,286,9.9,267,0.0
2020/06/05,1003.8,1005.4,1001.2,66,43,0.8,83,7.1,288,0.0
2020/06/06,1002.8,1004.4,1000.7,65,49,1.0,89,9.3,248,0.0
2020/06/07,1004.1,1005.4,1001.9,85,61,0.8,303,7.1,322,24.0
2020/06/08,1005.3,1006.7,1003.7,87,75,0.6,67,6.6,325,0.5
2020/06/09,1006.3,1007.8,1004.8,81,57,0.5,90,4.9,5,0.0
2020/06/10,1005.8,1007.3,1004.0,70,44,0.6,71,6.6,340,0.0
2020/06/11,1004.5,1006.2,1002.6,77,63,0.4,78,4.9,79,0.5
2020/06/12,1003.3,1005.3,1001.5,70,53,0.7,85,7.1,75,0.0
2020/06/13,1004.4,1007.8,1001.6,71,51,0.4,64,5.5,54,0.0
2020/06/14,1008.5,1011.1,1005.7,81,55,0.5,17,8.2,230,30.0
2020/06/15,1008.3,1010.6,1006.2,72,51,1.0,233,6.6,271,0.0
2020/06/16,1005.1,1007.3,1002.8,62,43,1.3,289,9.3,6,0.0
2020/06/17,1003.6,1005.0,1001.9,56,42,1.3,293,7.7,299,0.0
2020/06/18,1003.6,1005.7,1001.3,55,40,1.3,279,8.8,256,0.0
2020/06/19,1004.4,1005.6,1002.9,59,45,1.2,78,8.8,260,0.0
2020/06/20,1004.0,1005.7,1001.6,64,44,1.1,90,7.1,252,0.0
2020/06/21,1001.4,1003.5,998.7,64,43,1.0,80,7.7,225,0.0
2020/06/22,1001.6,1003.4,1000.3,59,44,1.4,304,8.8,261,0.0
2020/06/23,1002.4,1003.4,1000.9,60,38,1.0,111,8.2,256,0.0
2020/06/24,1002.1,1003.4,1000.0,64,40,0.9,90,7.7,83,0.0
2020/06/25,1003.1,1005.0,1001.5,71,42,1.1,86,6.0,239,4.5
2020/06/26,1005.6,1007.6,1004.1,77,42,0.6,75,8.8,110,4.5
2020/06/27,1005.2,1006.6,1003.7,72,45,0.7,95,6.6,303,0.0
2020/06/28,1004.2,1005.6,1002.9,70,38,0.8,94,7.7,343,0.0
2020/06/29,1002.1,1004.1,1000.6,70,47,0.8,85,7.1,87,0.0
2020/06/30,1001.3,1002.8,1000.0,74,50,0.9,78,7.7,284,0.0
2020/07/01,1002.3,1005.0,1000.6,84,55,0.5,78,8.8,349,35.0
2020/07/02,1004.7,1007.6,1001.3,87,59,0.6,57,6.0,283,48.5
2020/07/03,1006.3,1007.9,1005.0,77,46,0.5,6,6.0,26,0.0
2020/07/04,1005.6,1007.5,1003.2,70,52,0.8,239,6.0,7,0.0
2020/07/05,1003.4,1005.0,1002.1,68,47,1.0,286,6.0,284,0.0
2020/07/06,1003.5,1005.6,1001.8,68,48,0.9,89,8.2,270,0.0
2020/07/07,1005.4,1006.6,1004.3,69,49,0.8,306,6.6,275,0.0
2020/07/08,1002.6,1005.3,1000.0,71,47,0.9,104,7.1,346,0.0
2020/07/09,999.8,1001.3,998.4,65,45,0.7,91,7.7,286,0.0
2020/07/10,1002.7,1005.0,1000.6,62,36,0.9,75,7.1,252,0.0
2020/07/11,1004.8,1006.2,1002.9,63,45,0.9,78,7.1,298,0.0
2020/07/12,1004.4,1006.3,1001.8,60,40,1.0,86,6.0,78,0.0
2020/07/13,1003.5,1005.1,1001.6,59,38,0.9,84,6.6,88,0.0
2020/07/14,1002.3,1004.1,999.9,60,45,1.0,87,7.1,69,0.0
2020/07/15,1001.9,1003.5,1000.2,72,54,0.8,306,6.6,80,1.0
2020/07/16,1002.5,1004.1,1001.3,60,43,1.0,260,8.2,275,0.0
2020/07/17,1004.1,1005.6,1002.6,62,44,1.1,82,7.1,78,0.0
2020/07/18,1004.2,1005.4,1002.8,66,36,1.0,78,7.7,82,0.0
2020/07/19,1004.6,1006.5,1002.9,74,42,0.4,9,11.5,88,42.0
2020/07/20,1006.9,1008.8,1005.3,76,45,0.5,31,7.1,260,9.0
2020/07/21,1008.2,1009.1,1007.0,72,46,0.3,98,5.5,331,0.0
2020/07/22,1006.8,1008.5,1005.1,67,51,0.6,82,8.8,90,0.0
2020/07/23,1005.8,1007.3,1004.1,73,52,0.5,64,7.7,172,20.0
2020/07/24,1004.2,1006.2,1001.8,65,46,1.0,85,6.6,234,0.0
2020/07/25,1004.0,1005.3,1002.3,79,62,0.5,43,8.2,337,9.0
2020/07/26,1003.9,1005.1,1001.0,79,56,0.7,234,8.2,208,73.5
2020/07/27,1004.2,1005.7,1002.2,83,47,0.3,7,8.8,112,36.0
2020/07/28,1005.3,1006.7,1003.7,73,57,0.8,93,7.7,93,0.0
2020/07/29,1004.9,1006.7,1002.6,65,48,1.6,101,9.9,121,0.0
2020/07/30,1005.0,1006.3,1003.5,68,60,2.1,88,9.3,94,0.0
2020/07/31,1004.3,1005.9,1002.6,59,44,1.6,91,9.3,128,0.0
2020/08/01,1005.0,1006.9,1002.9,57,45,1.7,87,10.4,167,0.0
2020/08/02,1004.2,1006.9,1001.6,70,49,1.2,88,9.3,53,7.5
2020/08/03,999.8,1002.8,996.9,93,82,0.8,72,8.8,250,162.5
2020/08/04,1003.6,1008.4,1000.0,82,58,0.4,68,4.9,100,5.0
2020/08/05,1007.7,1009.4,1006.0,73,51,0.8,86,6.6,81,0.5
2020/08/06,1007.4,1009.1,1005.3,62,43,0.7,87,7.1,52,0.0
2020/08/07,1005.0,1007.0,1002.5,62,42,0.8,55,7.1,115,0.0
2020/08/08,1002.4,1004.4,1000.3,66,50,0.8,87,7.7,45,0.0
2020/08/09,1000.3,1001.6,998.7,67,56,0.7,305,6.6,332,0.0
2020/08/10,1002.3,1003.8,1000.6,73,49,0.5,17,7.7,109,5.5
2020/08/11,1006.3,1009.8,1002.2,86,58,0.5,82,7.1,338,91.0
2020/08/12,1010.3,1012.3,1008.4,78,52,0.5,1,6.0,260,5.5
2020/08/13,1009.0,1011.7,1006.9,77,49,0.5,86,7.1,96,6.0
2020/08/14,1006.5,1008.5,1003.4,73,46,0.8,84,16.0,40,23.5
2020/08/15,1006.0,1008.1,1003.4,69,48,0.7,111,6.0,86,0.0
2020/08/16,1006.3,1007.8,1004.0,65,40,1.0,90,7.1,164,0.0
2020/08/17,1005.5,1007.2,1004.1,64,48,2.0,102,8.8,124,0.0
2020/08/18,1005.2,1006.7,1002.6,65,48,2.2,84,11.5,78,0.0
2020/08/19,1005.2,1006.5,1003.4,60,42,1.5,86,8.8,113,0.0
2020/08/20,1005.7,1007.3,1003.7,60,41,1.8,86,9.3,185,0.0
2020/08/21,1005.2,1007.3,1003.1,64,47,1.8,85,10.4,72,0.0
2020/08/22,1002.9,1005.1,1000.0,86,62,1.2,78,8.8,92,22.0
2020/08/23,1001.6,1002.8,1000.0,74,50,1.7,309,10.4,339,6.5
2020/08/24,999.9,1002.3,997.2,66,42,1.3,304,7.7,341,0.0
2020/08/25,998.1,999.7,995.5,60,36,1.4,278,8.8,311,0.0
2020/08/26,998.1,999.6,996.3,61,40,1.1,268,7.7,267,0.0
2020/08/27,999.4,1001.9,997.2,81,49,0.7,81,7.1,103,86.0
2020/08/28,1000.2,1002.1,998.5,79,54,0.6,57,7.1,78,0.0
2020/08/29,1001.8,1002.9,1000.7,79,61,1.1,82,7.1,108,0.0
2020/08/30,1002.3,1003.7,1000.7,74,57,1.5,85,9.9,90,0.0
2020/08/31,1001.3,1003.1,999.1,84,60,0.4,120,6.0,95,15.0
2020/09/01,999.1,1000.6,997.1,74,47,0.8,312,8.8,263,26.0
2020/09/02,1001.2,1003.5,999.4,62,41,1.0,309,7.1,278,0.0
2020/09/03,1005.5,1008.1,1002.8,78,60,0.6,318,7.1,336,7.5
2020/09/04,1006.6,1008.5,1004.5,78,61,1.6,91,9.9,89,0.0
2020/09/05,1004.0,1006.2,1001.5,64,23,0.5,57,7.1,81,0.0
2020/09/06,1002.4,1004.0,1000.3,54,30,1.0,91,7.7,276,0.0
2020/09/07,1005.5,1008.1,1003.4,54,28,0.6,87,7.7,55,0.0
2020/09/08,1008.6,1010.1,1006.5,57,41,0.5,69,6.0,78,0.0
2020/09/09,1006.8,1009.7,1004.4,69,40,0.7,78,6.0,15,29.5
2020/09/10,1004.4,1006.2,1001.9,78,59,0.5,63,6.0,80,0.0
2020/09/11,1005.2,1007.3,1003.5,74,53,0.5,79,5.5,83,0.0
2020/09/12,1008.3,1010.3,1006.2,82,60,1.1,90,7.1,84,0.5
2020/09/13,1009.0,1010.7,1007.3,90,79,0.9,85,6.6,81,19.5
2020/09/14,1007.4,1009.2,1005.1,80,65,1.3,80,8.2,100,0.0
2020/09/15,1006.7,1007.9,1004.7,77,56,0.6,80,5.5,94,0.0
2020/09/16,1006.0,1007.2,1004.8,75,57,0.7,83,6.0,62,1.0
2020/09/17,1005.4,1007.2,1003.7,73,47,0.6,85,6.0,85,0.0
2020/09/18,1008.6,1010.4,1006.9,74,42,0.9,92,7.1,70,0.0
2020/09/19,1009.6,1011.1,1007.9,73,53,0.7,299,6.0,241,0.0
2020/09/20,1009.3,1010.7,1006.9,91,79,0.8,84,6.6,75,27.5
2020/09/21,1009.1,1010.4,1007.2,77,60,1.3,85,8.8,98,0.0
2020/09/22,1008.3,1009.7,1006.6,65,49,1.2,83,8.8,93,0.0
2020/09/23,1007.7,1008.9,1006.0,67,44,1.7,92,8.8,75,0.0
2020/09/24,1008.1,1009.2,1006.0,88,75,0.6,109,4.9,117,4.5
2020/09/25,1008.1,1009.2,1006.6,88,79,0.4,88,3.5,78,0.5
2020/09/26,1008.7,1010.7,1005.9,88,71,0.8,108,6.0,77,5.0
2020/09/27,1009.8,1011.6,1007.3,98,90,1.0,108,6.0,100,44.0
2020/09/28,1008.7,1010.4,1007.2,99,97,0.5,65,6.0,103,17.5
2020/09/29,1006.2,1008.5,1003.7,85,59,0.8,80,6.6,107,3.0
2020/09/30,1007.3,1009.1,1004.1,93,80,0.3,116,4.1,94,3.0
2020/10/01,1007.9,1010.0,1005.7,76,51,1.4,85,11.0,54,0.0
2020/10/02,1008.2,1010.0,1005.9,76,62,1.9,85,12.6,31,0.0
2020/10/03,1007.7,1009.4,1005.0,69,45,1.7,84,8.2,89,0.0
2020/10/04,1006.6,1008.9,1002.6,69,40,1.3,108,7.7,74,0.0
2020/10/05,1010.7,1013.3,1008.2,92,84,1.7,85,8.8,57,6.5
2020/10/06,1013.5,1015.1,1012.0,78,63,1.2,86,9.3,66,0.0
2020/10/07,1013.3,1014.9,1011.7,68,57,1.1,86,8.8,38,0.0
2020/10/08,1013.1,1014.4,1011.7,73,58,1.4,74,10.4,67,1.5
2020/10/09,1012.8,1014.7,1011.4,83,67,0.7,60,7.1,60,3.0
2020/10/10,1010.5,1012.3,1009.2,84,75,1.5,101,8.8,66,0.0
2020/10/11,1007.8,1009.7,1005.6,94,84,1.9,101,10.4,94,3.0
2020/10/12,1007.8,1010.0,1005.4,94,83,2.7,86,12.6,48,4.0
2020/10/13,1010.9,1013.3,1008.1,96,89,2.7,90,12.1,67,10.5
2020/10/14,1013.5,1014.9,1011.9,87,77,2.5,90,11.5,86,0.5
2020/10/15,1012.8,1014.8,1010.8,84,74,2.6,90,12.1,103,1.0
2020/10/16,1012.0,1014.1,1010.0,89,80,2.4,85,12.1,55,1.0
2020/10/17,1014.1,1015.7,1012.3,86,76,2.0,84,9.9,54,1.5
2020/10/18,1014.4,1016.4,1012.9,90,82,1.6,93,10.4,72,0.0
2020/10/19,1014.3,1016.0,1012.0,85,76,2.0,85,11.5,44,0.5
2020/10/20,1012.5,1014.9,1010.1,89,78,2.4,88,11.5,81,2.0
2020/10/21,1007.1,1010.4,1004.8,96,90,2.2,85,10.4,87,6.5
2020/10/22,1008.7,1012.8,1004.8,92,84,1.1,133,7.7,146,0.5
2020/10/23,1013.1,1014.9,1010.7,76,58,1.6,87,11.0,57,1.0
2020/10/24,1015.1,1017.1,1013.5,62,50,2.6,106,12.1,93,0.0
2020/10/25,1013.7,1015.7,1011.3,68,55,2.3,107,10.4,68,0.0
2020/10/26,1011.5,1013.9,1009.2,67,50,1.9,90,11.0,116,0.0
2020/10/27,1011.5,1013.6,1009.5,69,58,2.0,98,9.3,105,0.0
2020/10/28,1014.0,1016.0,1012.2,74,63,2.2,84,9.9,78,0.0
2020/10/29,1015.9,1017.6,1014.1,81,71,1.8,84,9.9,65,0.0
2020/10/30,1017.6,1019.2,1016.0,65,53,1.5,87,9.9,61,0.0
2020/10/31,1015.5,1018.2,1013.2,64,43,1.4,84,10.4,73,0.0
2020/11/01,1012.2,1013.9,1010.0,74,55,1.6,83,9.9,81,0.0
2020/11/02,1012.7,1015.1,1011.0,73,58,1.9,89,10.4,67,1.5
2020/11/03,1016.0,1018.2,1014.1,71,48,1.8,70,11.0,54,2.0
2020/11/04,1016.7,1018.6,1014.9,63,48,1.8,91,9.9,81,0.0
2020/11/05,1015.1,1017.6,1013.0,79,66,1.6,102,8.2,73,0.5
2020/11/06,1010.2,1013.9,1006.9,86,73,2.4,88,12.6,70,1.0
2020/11/07,1011.2,1015.5,1007.6,73,52,1.4,118,10.4,84,0.0
2020/11/08,1017.5,1019.1,1015.1,86,77,1.4,104,8.8,87,1.0
2020/11/09,1018.1,1019.3,1016.7,72,61,1.8,88,9.9,45,0.0
2020/11/10,1019.2,1020.8,1017.6,76,58,1.9,88,12.1,48,0.0
2020/11/11,1020.3,1022.1,1018.9,64,56,2.4,85,13.7,76,0.0
2020/11/12,1017.6,1019.8,1016.1,84,65,2.1,101,11.5,68,3.0
2020/11/13,1016.3,1018.0,1014.1,93,84,1.7,83,9.9,51,9.0
2020/11/14,1017.5,1018.8,1014.9,84,69,1.6,108,9.3,81,4.5
2020/11/15,1016.3,1018.0,1014.7,77,63,1.8,109,9.9,74,0.0
2020/11/16,1014.7,1017.0,1012.8,76,64,1.9,108,7.7,77,0.0
2020/11/17,1012.6,1014.2,1010.8,72,65,1.8,83,8.8,57,0.0
2020/11/18,1009.8,1011.9,1007.2,69,47,0.6,85,6.0,111,0.0
2020/11/19,1008.9,1011.3,1006.5,70,45,0.6,81,6.0,113,0.0
2020/11/20,1011.0,1013.0,1008.5,80,64,1.3,82,9.9,82,0.0
2020/11/21,1013.0,1014.5,1011.7,91,85,2.0,87,9.9,65,0.5
2020/11/22,1015.1,1019.3,1011.7,84,64,1.0,84,10.4,53,0.0
2020/11/23,1018.5,1020.4,1016.7,88,81,2.3,87,12.6,75,1.0
2020/11/24,1017.7,1019.5,1015.8,78,67,2.5,86,12.6,72,0.0
2020/11/25,1016.1,1017.9,1013.3,76,60,2.2,91,9.3,88,0.0
2020/11/26,1016.3,1018.2,1013.5,70,50,1.6,82,8.2,86,0.0
2020/11/27,1019.0,1021.1,1016.9,79,71,2.2,91,12.6,53,0.0
2020/11/28,1019.9,1021.8,1017.7,85,75,2.2,81,13.7,50,2.5
2020/11/29,1020.4,1022.1,1018.9,90,79,1.9,94,9.3,88,1.5
2020/11/30,1021.3,1023.2,1019.6,89,77,2.0,94,11.5,97,7.0
2020/12/01,1019.7,1021.8,1017.6,91,86,1.8,90,11.0,88,22.5
2020/12/02,1018.4,1020.1,1016.6,82,69,2.2,84,13.2,52,5.0
2020/12/03,1019.9,1021.4,1018.3,87,77,1.5,78,9.3,49,8.5
2020/12/04,1019.1,1020.7,1016.4,92,86,2.0,90,13.7,67,8.5
2020/12/05,1019.4,1021.2,1017.6,92,83,1.6,99,9.9,87,3.0
2020/12/06,1017.7,1019.3,1016.0,94,90,1.8,95,9.3,84,2.5
2020/12/07,1017.8,1019.3,1016.0,94,87,1.6,96,9.3,48,1.5
2020/12/08,1018.1,1019.6,1016.4,93,85,1.6,95,9.3,97,5.0
2020/12/09,1015.3,1018.2,1012.5,96,92,1.5,107,8.2,111,27.0
2020/12/10,1013.8,1015.7,1011.7,95,85,1.2,112,8.8,73,5.0
2020/12/11,1013.0,1014.8,1010.4,93,84,1.1,86,6.6,95,7.5
2020/12/12,1013.3,1015.2,1011.6,84,73,1.2,78,7.1,78,0.0
2020/12/13,1012.9,1014.5,1011.0,80,62,0.8,101,7.7,78,0.0
2020/12/14,1017.5,1020.7,1012.9,87,82,1.7,85,10.4,80,1.0
2020/12/15,1020.9,1023.2,1018.6,93,91,1.5,92,8.8,73,17.5
2020/12/16,1021.6,1023.7,1020.1,94,91,1.7,100,9.9,79,12.5
2020/12/17,1019.6,1022.4,1017.0,92,85,1.9,109,9.9,81,2.5
2020/12/18,1017.7,1019.6,1015.5,94,87,0.7,89,6.0,66,0.0
2020/12/19,1022.0,1024.0,1019.1,99,86,1.4,104,9.3,77,2.0
2020/12/20,1022.5,1024.2,1020.7,100,99,1.9,88,10.4,80,5.5
2020/12/21,1020.9,1023.0,1018.5,100,99,1.9,109,9.9,70,4.0
2020/12/22,1017.4,1020.2,1014.7,100,100,2.0,105,9.9,98,0.5
2020/12/23,1013.5,1016.0,1009.8,100,98,0.8,76,8.8,74,22.5
2020/12/24,1013.8,1016.6,1010.8,100,99,0.7,111,5.5,66,4.5
2020/12/25,1017.4,1019.2,1015.7,100,99,1.4,91,8.8,110,1.5
2020/12/26,1015.4,1018.5,1012.5,100,95,0.9,79,7.1,111,0.0
2020/12/27,1013.9,1015.5,1010.4,99,93,0.4,76,5.5,112,0.5
2020/12/28,1013.3,1016.1,1009.1,99,98,1.9,84,9.9,81,2.0
2020/12/29,1010.8,1013.6,1007.2,99,93,0.5,230,6.6,93,0.0
2020/12/30,1023.0,1027.3,1012.2,94,75,1.6,79,13.7,74,3.0
2020/12/31,1026.4,1028.4,1022.9,80,69,1.4,68,8.8,55,0.0
2021/01/01,1022.3,1025.4,1017.9,83,71,1.0,85,7.7,48,0.0
2021/01/02,1021.1,1022.6,1018.3,98,90,1.5,91,8.8,81,0.0
2021/01/03,1019.6,1021.7,1015.8,96,78,1.2,109,9.9,95,0.0
2021/01/04,1017.6,1020.2,1014.8,100,99,0.4,105,6.0,91,8.0
2021/01/05,1017.9,1020.2,1016.1,100,99,1.0,105,6.6,80,0.0
2021/01/06,1017.7,1020.2,1014.7,100,99,1.5,98,8.8,74,4.0
2021/01/07,1020.6,1023.7,1017.0,100,99,1.7,87,10.4,55,8.0
2021/01/08,1024.1,1025.4,1021.2,99,92,0.5,96,7.7,68,3.5
2021/01/09,1023.9,1025.6,1020.4,88,81,0.8,70,7.7,70,0.0
2021/01/10,1021.6,1024.2,1017.7,83,70,1.4,89,9.3,94,0.0
2021/01/11,1021.6,1023.3,1018.5,99,99,0.6,114,6.6,88,9.0
2021/01/12,1020.6,1023.2,1017.7,93,75,0.7,84,6.0,71,1.0
2021/01/13,1016.9,1019.2,1012.6,86,52,0.7,85,6.0,48,0.0
2021/01/14,1014.8,1017.1,1011.9,84,61,0.8,89,6.6,82,0.0
2021/01/15,1013.1,1015.4,1009.4,86,37,0.6,90,7.7,93,0.0
2021/01/16,1016.1,1020.7,1013.8,93,64,1.9,82,13.2,83,0.0
2021/01/17,1023.2,1025.4,1020.5,100,98,1.8,91,9.9,81,0.0
2021/01/18,1020.9,1023.0,1018.3,86,74,1.9,84,10.4,75,0.0
2021/01/19,1018.7,1020.8,1017.0,85,71,2.2,93,9.9,83,0.0
2021/01/20,1015.7,1018.2,1013.0,94,80,1.9,106,9.3,68,0.0
2021/01/21,1012.1,1014.9,1008.5,89,62,1.0,100,7.1,193,0.0
2021/01/22,1008.8,1010.7,1006.5,100,99,1.6,88,8.8,58,0.5
2021/01/23,1010.7,1015.4,1007.6,100,99,0.7,85,7.7,89,0.5
2021/01/24,1016.1,1017.6,1014.7,100,100,2.1,87,9.9,101,0.0
2021/01/25,1015.4,1017.7,1013.2,97,80,0.8,106,7.1,79,0.0
2021/01/26,1014.2,1015.8,1011.6,100,90,0.6,74,6.6,85,1.0
2021/01/27,1015.3,1017.1,1013.0,100,99,1.7,88,7.7,70,0.0
2021/01/28,1019.0,1023.0,1015.4,99,87,0.6,60,8.2,55,0.5
2021/01/29,1022.3,1024.3,1020.2,79,68,2.1,85,12.1,81,0.0
2021/01/30,1020.3,1022.3,1017.1,82,64,1.7,86,9.9,52,0.0
2021/01/31,1018.6,1021.0,1015.8,86,65,0.7,89,7.1,178,0.0
2021/02/01,1016.1,1018.6,1013.0,83,54,0.6,91,6.0,344,0.0
2021/02/02,1019.4,1021.7,1015.5,99,88,1.6,82,10.4,91,0.0
2021/02/03,1019.8,1022.3,1016.1,81,67,1.8,88,9.9,85,0.0
2021/02/04,1019.2,1021.8,1017.0,87,69,1.7,109,9.3,80,0.0
2021/02/05,1016.0,1018.2,1012.5,83,62,1.0,97,7.1,290,0.0
2021/02/06,1014.8,1016.9,1012.6,92,63,1.0,109,5.5,216,0.0
2021/02/07,1014.8,1017.0,1012.0,93,74,1.4,85,8.2,91,0.0
2021/02/08,1018.3,1022.0,1014.9,100,99,2.3,87,11.5,82,0.0
2021/02/09,1018.7,1021.1,1014.4,99,99,2.3,101,9.9,74,0.0
2021/02/10,1011.3,1015.8,1006.9,99,99,2.2,87,9.9,53,7.5
2021/02/11,1007.6,1010.1,1004.1,99,99,0.8,79,7.7,80,39.5
2021/02/12,1011.3,1013.8,1008.2,99,99,1.4,89,9.3,71,10.5
2021/02/13,1013.4,1015.1,1010.8,99,99,0.7,88,6.6,61,3.5
2021/02/14,1011.2,1013.2,1007.8,99,99,0.6,307,6.0,319,0.0
2021/02/15,1013.2,1014.9,1010.3,99,99,1.5,89,10.4,71,0.0
2021/02/16,1013.0,1015.5,1008.9,99,91,0.9,90,6.6,73,0.5
2021/02/17,1019.6,1023.4,1013.9,98,94,1.0,88,8.2,106,1.0
2021/02/18,1024.8,1027.3,1022.1,79,57,1.2,84,11.0,79,0.0
2021/02/19,1020.9,1024.9,1016.7,84,66,1.0,89,8.2,114,0.0
2021/02/20,1017.1,1019.6,1014.2,86,50,0.4,85,6.0,116,0.0
2021/02/21,1014.9,1017.3,1012.2,87,58,0.4,87,4.9,318,0.0
2021/02/22,1013.3,1015.5,1009.5,84,57,0.4,74,4.9,310,0.0
2021/02/23,1013.2,1015.4,1010.1,95,73,1.9,85,9.3,70,0.0
2021/02/24,1010.8,1013.5,1007.0,94,77,1.9,85,8.2,91,0.5
2021/02/25,1007.3,1009.5,1003.8,96,78,0.8,105,6.0,80,0.0
2021/02/26,1007.5,1010.6,1003.8,X,99,1.0,106,7.7,75,0.0
2021/02/27,1012.6,1014.9,1008.6,X,99,0.5,232,3.8,87,8.0
2021/02/28,1014.0,1016.1,1010.8,X,99,0.7,113,6.0,90,0.0
2021/03/01,1012.8,1015.5,1009.2,X,99,0.6,230,5.5,325,0.0
2021/03/02,1018.9,1022.1,1011.7,X,99,1.4,93,12.1,54,7.0
2021/03/03,1018.2,1021.2,1014.7,X,99,1.7,90,9.3,66,0.5
2021/03/04,1016.3,1018.0,1012.8,X,99,0.6,301,5.5,229,0.5
2021/03/05,1014.4,1017.6,1010.6,X,99,1.6,88,9.9,69,0.5
2021/03/06,1015.0,1017.7,1012.0,X,99,0.4,231,11.5,301,30.0
2021/03/07,1017.4,1019.5,1014.5,X,99,0.6,108,5.5,121,1.0
2021/03/08,1018.2,1019.9,1015.2,X,99,1.4,98,8.2,81,0.0
2021/03/09,1018.0,1019.9,1014.4,X,99,1.4,93,8.2,41,0.0
2021/03/10,1019.3,1021.2,1016.3,X,99,2.2,97,9.9,79,0.0
2021/03/11,1016.4,1019.2,1012.9,X,99,1.1,89,8.2,100,0.0
2021/03/12,1017.3,1019.2,1014.2,X,99,1.3,84,9.3,58,0.0
2021/03/13,1017.2,1019.2,1014.4,X,94,2.2,81,9.9,68,0.0
2021/03/14,1014.6,1016.9,1011.7,X,87,2.1,86,9.3,66,0.0
2021/03/15,1011.5,1013.6,1008.8,X,71,0.8,291,6.0,166,0.0
2021/03/16,1010.8,1012.8,1007.9,65,43,0.4,72,5.5,73,0.0
2021/03/17,1011.3,1012.5,1009.1,92,70,1.0,224,6.6,223,0.0
2021/03/18,1010.8,1012.9,1007.8,99,83,0.6,95,3.8,95,0.0
2021/03/19,1009.4,1011.4,1007.3,83,60,0.7,223,5.5,224,0.0
2021/03/20,1008.5,1010.8,1004.7,83,53,1.0,86,7.1,95,0.0
2021/03/21,1016.3,1021.7,1009.2,83,63,1.8,87,9.3,61,0.0
2021/03/22,1022.6,1024.3,1020.5,89,61,1.3,98,8.8,87,7.5
2021/03/23,1018.2,1022.3,1014.7,63,59,1.6,91,8.2,96,0.0
2021/03/24,1014.4,1016.6,1012.3,87,59,0.7,305,7.1,292,19.0
2021/03/25,1016.1,1018.8,1014.7,87,59,0.9,102,6.6,167,0.0
2021/03/26,1012.3,1014.9,1010.0,77,50,1.0,88,6.0,155,0.0
2021/03/27,1008.6,1011.4,1005.4,67,44,0.7,104,6.6,259,0.0
2021/03/28,1005.7,1007.2,1004.0,74,53,0.9,109,7.1,306,0.0
2021/03/29,1004.9,1007.6,1001.9,78,51,0.6,107,6.0,96,0.0
2021/03/30,1003.7,1006.7,1002.2,75,58,1.2,108,7.1,327,0.0
2021/03/31,1004.7,1006.6,1003.5,84,63,0.6,73,4.9,305,1.5
2021/04/01,1004.8,1006.7,1002.9,78,54,0.5,83,4.9,308,0.0
2021/04/02,1007.0,1008.8,1005.4,76,51,0.8,84,5.5,95,0.0
2021/04/03,1008.8,1010.7,1006.5,77,51,1.2,108,6.0,99,0.0
2021/04/04,1014.0,1017.9,1009.8,72,55,2.3,87,12.1,87,0.0
2021/04/05,1017.2,1019.6,1015.1,50,35,2.1,87,9.3,76,0.0
2021/04/06,1016.2,1018.6,1014.4,56,47,1.6,85,8.8,94,0.0
2021/04/07,1014.2,1017.6,1011.7,55,45,1.8,84,11.0,65,0.0
2021/04/08,1012.5,1016.3,1009.1,64,53,1.1,84,7.7,82,0.0
2021/04/09,1016.6,1017.9,1013.9,73,69,1.5,101,7.7,74,0.0
2021/04/10,1017.3,1018.6,1015.8,74,59,0.9,109,6.0,65,0.0
2021/04/11,1015.0,1017.3,1012.5,62,43,1.3,109,7.1,112,0.0
2021/04/12,1012.6,1014.9,1010.7,62,39,0.6,228,6.0,285,0.0
2021/04/13,1011.8,1013.2,1010.6,65,41,1.0,84,7.7,90,0.0
2021/04/14,1013.0,1014.4,1011.7,67,56,1.6,97,9.9,58,0.0
2021/04/15,1011.2,1012.9,1008.8,74,62,1.3,115,6.6,153,0.0
2021/04/16,1011.5,1013.2,1009.1,72,56,1.3,109,7.1,115,0.0
2021/04/17,1014.6,1017.0,1011.9,61,34,1.3,107,9.9,91,0.0
2021/04/18,1015.3,1017.3,1013.0,48,40,2.8,90,17.6,85,0.0
2021/04/19,1012.0,1014.2,1010.8,52,44,2.4,88,9.9,80,0.0
2021/04/20,1010.7,1012.2,1009.2,47,35,2.3,100,11.0,102,0.0
2021/04/21,1009.1,1011.1,1007.2,56,36,2.4,89,10.4,66,0.0
2021/04/22,1004.6,1007.3,1001.9,61,48,1.8,86,8.2,81,0.0
2021/04/23,1005.2,1007.9,1002.8,65,50,0.9,94,6.6,340,0.5
2021/04/24,1008.1,1010.4,1006.3,60,47,1.7,91,9.9,78,0.0
2021/04/25,1010.5,1012.9,1007.6,59,51,1.6,81,9.9,83,0.0
2021/04/26,1011.6,1013.5,1009.5,53,41,1.9,93,11.0,87,0.0
2021/04/27,1012.2,1014.5,1011.0,57,38,0.6,68,6.6,349,5.0
2021/04/28,1012.4,1014.2,1009.8,78,68,0.4,59,4.9,111,15.5
2021/04/29,1010.6,1012.8,1008.2,76,51,0.7,96,6.0,107,30.0
2021/04/30,1008.6,1010.7,1006.5,54,22,0.6,78,4.9,271,0.0
2021/05/01,1008.7,1010.7,1007.0,X,33,0.9,102,5.5,95,0.0
2021/05/02,1011.6,1013.2,1010.0,X,32,1.1,86,9.9,69,0.0
2021/05/03,1011.0,1012.9,1009.4,X,45,1.6,89,9.3,77,0.0
2021/05/04,1008.4,1010.1,1005.9,X,37,0.6,83,5.5,118,0.0
2021/05/05,1012.3,1014.9,1008.2,X,54,1.8,87,10.4,71,9.5
2021/05/06,1012.2,1013.9,1010.0,X,54,1.5,81,7.1,49,0.0
2021/05/07,1009.2,1011.4,1006.6,X,46,0.7,356,7.7,256,0.0
2021/05/08,1006.9,1008.4,1005.4,X,51,0.9,287,8.8,1,0.0
2021/05/09,1006.4,1008.8,1004.4,X,43,0.8,89,5.5,110,0.0
2021/05/10,1005.5,1007.3,1004.0,X,45,0.6,21,6.0,13,0.0
2021/05/11,1004.8,1006.7,1003.2,X,30,1.0,83,7.7,82,0.0
2021/05/12,1005.3,1007.6,1003.2,X,28,1.0,84,8.2,88,0.0
2021/05/13,1006.1,1007.5,1004.3,X,44,0.7,315,5.5,1,0.0
2021/05/14,1006.7,1008.6,1005.4,X,44,0.7,82,6.0,74,0.0
2021/05/15,1006.2,1008.5,1004.1,X,38,0.6,84,6.0,77,0.0
2021/05/16,1005.6,1007.0,1003.8,X,33,0.7,81,7.7,51,0.0
2021/05/17,1006.7,1007.9,1005.0,X,38,0.9,91,7.1,78,0.0
2021/05/18,1007.0,1008.4,1005.1,X,46,0.6,102,10.4,156,8.5
2021/05/19,1005.7,1007.3,1003.4,X,44,0.5,74,6.6,76,20.5
2021/05/20,1005.3,1006.6,1003.8,X,40,0.6,98,7.7,79,0.0
2021/05/21,1005.2,1006.5,1003.2,X,38,0.8,312,7.1,309,32.0
2021/05/22,1004.6,1006.5,1002.6,X,45,0.9,305,8.2,291,0.0
2021/05/23,1005.4,1006.9,1003.5,X,40,0.6,83,6.6,305,0.0
2021/05/24,1007.2,1010.6,1004.8,X,43,1.3,86,8.8,22,82.0
2021/05/25,1008.2,1010.6,1006.3,X,50,1.8,93,9.9,76,0.0
2021/05/26,1005.6,1008.1,1003.4,X,45,0.7,22,6.0,223,0.0
2021/05/27,1004.7,1007.2,1003.4,X,27,1.2,292,8.2,314,0.0
2021/05/28,1004.6,1006.7,1001.3,X,26,1.1,304,10.4,278,0.0
2021/05/29,1003.7,1005.6,1001.2,X,53,1.3,87,8.8,74,3.5
2021/05/30,1001.6,1003.5,999.0,X,56,0.5,114,6.6,74,50.5
2021/05/31,1003.4,1004.8,1000.9,X,70,0.9,105,5.5,88,46.5
2021/06/01,1004.6,1006.2,1003.2,X,49,0.5,110,5.5,78,23.0
2021/06/02,1005.0,1006.7,1003.4,94,81,0.4,86,3.3,98,4.0
2021/06/03,1003.0,1005.7,1000.6,76,51,0.7,77,6.0,305,0.0
2021/06/04,1001.3,1002.6,998.7,87,63,0.5,91,7.1,108,182.0
2021/06/05,1000.9,1003.7,998.7,97,93,0.9,92,7.7,87,18.5
2021/06/06,1003.6,1007.0,1001.2,96,90,1.4,111,6.6,100,5.0
2021/06/07,1006.9,1008.4,1005.4,89,73,1.0,83,8.2,57,0.0
2021/06/08,1007.1,1008.8,1004.4,80,55,0.8,120,5.5,111,0.0
2021/06/09,1005.7,1007.6,1003.5,77,62,1.0,71,7.1,116,0.0
2021/06/10,1004.0,1005.7,1002.2,73,47,0.6,41,6.0,58,3.0
2021/06/11,1004.7,1007.3,1003.2,76,59,0.7,86,5.5,83,0.0
2021/06/12,1007.0,1009.4,1005.4,75,51,0.6,67,6.6,302,0.0
2021/06/13,1006.4,1008.9,1003.8,76,63,0.8,96,5.5,272,0.0
2021/06/14,1002.4,1005.1,999.9,68,54,1.2,271,6.6,276,0.0
2021/06/15,999.9,1001.3,997.1,68,56,1.6,279,10.4,288,0.0
2021/06/16,1001.0,1002.8,997.7,63,49,1.8,268,13.2,259,0.0
2021/06/17,1002.3,1004.0,1000.4,63,52,1.6,275,8.2,290,0.0
2021/06/18,1000.9,1002.8,998.2,62,47,1.7,269,9.3,240,0.0
2021/06/19,998.9,1001.0,996.3,61,47,1.6,276,11.0,216,0.0
2021/06/20,998.0,999.3,995.6,64,50,1.3,276,8.8,273,0.0
2021/06/21,998.7,1001.0,997.4,69,52,1.8,306,9.3,279,0.0
2021/06/22,1001.5,1004.5,999.0,88,75,1.0,109,7.1,272,58.0
2021/06/23,1004.4,1006.6,1002.2,94,79,1.1,101,9.9,81,5.0
2021/06/24,1004.2,1005.6,1002.1,90,69,0.5,86,6.0,110,10.5
2021/06/25,1003.9,1005.4,1002.2,88,73,0.4,190,4.9,239,11.0
2021/06/26,1003.6,1005.1,1000.9,78,57,0.8,270,7.7,255,0.0
2021/06/27,1001.9,1004.0,998.4,68,53,1.1,248,8.8,268,0.0
2021/06/28,1000.3,1001.3,997.2,65,49,1.5,296,11.0,302,0.0
2021/06/29,1000.8,1002.1,998.2,63,51,1.7,296,10.4,341,0.0
2021/06/30,1002.2,1003.4,999.6,69,57,1.2,253,10.4,329,0.0
2021/07/01,1002.8,1004.8,999.9,68,47,1.2,312,7.7,342,0.0
2021/07/02,1003.9,1005.3,1001.0,70,50,1.0,304,7.1,336,0.0
2021/07/03,1004.2,1005.9,1001.9,72,54,0.7,87,7.1,86,0.0
2021/07/04,1005.5,1007.6,1003.5,75,62,0.9,84,6.0,83,0.0
2021/07/05,1004.7,1006.3,1002.9,67,51,1.6,101,9.9,115,0.0
2021/07/06,1003.3,1008.5,999.9,76,54,1.5,104,12.1,83,6.0
2021/07/07,1008.5,1010.3,1006.7,80,60,0.6,57,6.6,95,0.0
2021/07/08,1008.3,1010.3,1005.0,74,59,0.6,21,6.0,342,0.0
2021/07/09,1007.0,1008.2,1005.3,70,48,1.0,86,6.6,344,0.0
2021/07/10,1008.0,1010.0,1006.6,73,62,0.7,86,7.1,67,0.0
2021/07/11,1009.0,1010.3,1007.6,73,53,0.6,39,6.6,268,0.0
2021/07/12,1007.9,1009.7,1006.0,74,62,0.6,79,7.1,80,0.0
2021/07/13,1006.6,1008.4,1004.7,72,56,0.7,78,6.6,44,0.0
2021/07/14,1006.1,1007.9,1004.3,71,53,1.2,90,9.9,60,0.0
2021/07/15,1005.8,1007.3,1003.8,65,47,1.5,104,9.3,75,0.0
2021/07/16,1005.4,1006.9,1003.5,67,48,1.6,84,8.2,67,0.0
2021/07/17,1002.6,1004.8,1000.3,71,57,2.0,89,9.9,63,0.0
2021/07/18,1001.4,1002.9,999.7,71,58,2.1,88,11.0,31,0.0
2021/07/19,1001.4,1002.8,999.6,73,58,2.1,84,9.3,80,0.0
2021/07/20,1001.8,1003.1,1000.3,80,60,1.7,85,9.3,66,1.5
2021/07/21,999.4,1001.8,996.8,86,62,0.5,19,8.2,339,31.5
2021/07/22,993.7,996.9,990.8,87,74,0.9,73,11.0,49,30.0
2021/07/23,990.4,992.4,988.1,84,72,1.2,337,14.3,37,30.0
2021/07/24,989.9,992.2,986.2,89,68,1.5,282,13.2,300,125.5
2021/07/25,991.3,993.0,989.0,66,41,2.0,306,13.2,283,3.0
2021/07/26,992.6,994.1,990.3,69,48,1.1,256,8.2,273,0.0
2021/07/27,992.5,993.9,990.3,68,49,0.9,89,6.6,79,0.0
2021/07/28,994.3,996.9,991.9,73,51,0.6,73,7.7,184,0.0
2021/07/29,997.5,999.9,995.5,82,56,0.4,314,6.6,116,21.5
2021/07/30,998.7,999.9,997.2,80,56,0.4,77,5.5,9,0.0
2021/07/31,997.8,999.1,996.0,86,59,0.5,78,8.2,172,56.5
2021/08/01,994.9,996.9,993.4,88,74,0.6,87,5.5,80,0.0
2021/08/02,995.0,996.3,993.0,86,63,0.5,73,5.5,53,64.0
2021/08/03,995.6,997.8,993.7,90,76,0.6,269,4.9,267,32.5
2021/08/04,997.0,998.2,995.3,88,72,0.8,85,8.2,56,0.0
2021/08/05,996.0,997.5,995.0,87,61,0.6,307,6.6,295,1.0
2021/08/06,994.8,996.9,992.1,95,89,0.8,86,5.5,86,11.0
2021/08/07,995.2,1000.6,990.6,98,95,0.8,274,8.2,264,109.5
2021/08/08,1001.3,1004.3,998.8,83,68,0.7,315,6.6,313,0.0
2021/08/09,1003.7,1005.0,1001.9,88,60,0.6,97,8.8,162,21.5
2021/08/10,1004.7,1006.0,1003.4,81,62,0.4,303,7.1,107,1.0
2021/08/11,1006.3,1007.9,1004.7,79,60,0.5,85,6.0,113,0.0
2021/08/12,1005.9,1007.8,1003.7,80,56,0.8,104,8.2,227,0.0
2021/08/13,1003.6,1005.0,1001.6,84,53,0.4,80,7.7,342,37.0
2021/08/14,1004.2,1007.2,1001.9,87,64,0.3,11,4.9,85,35.5
2021/08/15,1007.9,1010.3,1005.7,84,69,0.5,27,6.0,299,1.5
2021/08/16,1009.3,1011.0,1007.3,76,58,0.4,86,6.0,83,0.0
2021/08/17,1007.1,1009.5,1004.3,74,61,0.5,30,6.6,353,0.0
2021/08/18,1005.9,1007.0,1004.1,86,73,0.6,64,7.1,315,17.5
2021/08/19,1006.3,1007.8,1004.4,85,58,0.5,18,7.7,244,27.5
2021/08/20,1006.8,1008.4,1004.8,79,59,0.7,250,6.0,98,0.0
2021/08/21,1005.7,1007.3,1002.2,77,60,0.6,77,7.1,110,0.0
2021/08/22,1004.3,1006.3,1000.7,77,61,0.9,304,6.6,292,0.0
2021/08/23,1004.2,1005.4,1001.6,75,57,0.8,313,5.5,285,0.0
2021/08/24,1005.2,1007.0,1002.2,82,55,0.7,81,7.1,5,8.0
2021/08/25,1006.9,1009.5,1004.1,82,59,0.4,79,6.6,75,0.0
2021/08/26,1008.9,1010.3,1005.7,72,50,1.1,132,8.8,180,0.0
2021/08/27,1008.6,1010.0,1005.3,67,48,0.8,92,5.5,167,0.0
2021/08/28,1008.1,1009.4,1005.6,68,51,1.4,86,8.8,179,0.0
2021/08/29,1008.2,1010.0,1006.2,68,51,1.8,86,7.7,106,0.0
2021/08/30,1008.5,1010.1,1006.9,70,53,1.8,91,8.2,83,0.0
2021/08/31,1008.0,1009.1,1006.7,70,54,1.6,88,8.2,75,0.0
2021/09/01,1006.9,1008.8,1004.8,66,48,1.1,95,7.1,179,0.0
2021/09/02,1005.9,1007.8,1003.8,72,59,0.7,72,6.0,97,0.0
2021/09/03,1004.7,1006.3,1003.1,76,57,0.7,82,7.1,338,18.5
2021/09/04,1006.2,1008.1,1004.5,82,56,0.5,27,4.9,345,24.0
2021/09/05,1006.4,1008.5,1004.4,73,56,1.3,84,7.1,91,0.0
2021/09/06,1007.9,1009.5,1006.3,75,58,0.7,60,6.0,72,0.0
2021/09/07,1007.3,1009.4,1004.8,72,53,1.1,85,7.7,64,0.0
2021/09/08,1006.2,1007.5,1003.7,69,47,1.4,87,8.8,55,0.0
2021/09/09,1006.3,1007.8,1004.4,65,36,1.8,83,7.7,71,0.0
2021/09/10,1004.8,1006.9,1003.2,69,51,2.0,89,7.7,189,0.0
2021/09/11,999.4,1004.1,995.8,84,59,2.1,104,11.0,73,2.5
2021/09/12,993.3,998.2,987.7,93,80,2.2,88,12.1,260,69.0
2021/09/13,1002.0,1006.3,997.4,70,57,1.4,284,10.4,264,0.0
2021/09/14,1007.3,1009.1,1005.6,74,62,0.9,257,6.6,312,0.0
2021/09/15,1007.6,1008.9,1005.3,81,62,1.0,323,8.2,81,29.0
2021/09/16,1006.3,1007.9,1004.3,77,60,0.7,85,7.1,278,13.5
2021/09/17,1007.4,1009.2,1005.3,83,60,1.0,83,8.2,64,9.0
2021/09/18,1008.8,1010.4,1006.9,80,62,1.5,86,8.2,66,0.0
2021/09/19,1008.2,1009.7,1005.7,72,50,0.4,79,5.5,37,0.0
2021/09/20,1007.3,1009.7,1004.5,73,51,0.7,84,6.6,65,0.0
2021/09/21,1006.5,1008.4,1003.8,73,53,0.7,14,6.6,1,0.0
2021/09/22,1008.8,1011.1,1006.5,72,51,0.8,251,6.6,60,0.0
2021/09/23,1011.0,1013.0,1008.9,71,55,1.4,83,9.9,98,0.0
2021/09/24,1011.9,1013.3,1010.3,83,68,2.0,86,10.4,86,8.5
2021/09/25,1010.8,1012.5,1009.5,77,61,2.0,81,10.4,39,0.0
2021/09/26,1009.4,1011.0,1007.0,80,64,2.1,89,9.9,61,0.0
2021/09/27,1007.5,1009.1,1005.3,83,64,1.9,87,9.9,72,0.0
2021/09/28,1006.2,1007.8,1004.1,81,56,1.5,88,9.9,65,0.0
2021/09/29,1004.5,1006.3,1001.8,79,54,0.8,106,6.6,93,0.0
2021/09/30,1005.0,1006.9,1003.2,79,56,1.3,86,8.8,85,0.0
2021/10/01,1006.7,1009.1,1004.7,83,63,1.2,85,9.9,79,4.0
2021/10/02,1009.2,1011.0,1007.5,78,67,1.9,88,9.3,69,0.0
2021/10/03,1010.5,1012.0,1008.6,69,47,2.0,91,10.4,93,0.0
2021/10/04,1010.7,1012.3,1009.1,70,48,2.5,89,10.4,110,0.0
2021/10/05,1010.0,1011.7,1007.6,75,57,2.2,86,10.4,99,0.0
2021/10/06,1007.2,1010.0,1004.3,79,65,2.5,95,11.5,112,2.0
2021/10/07,1005.4,1007.5,1003.8,71,57,2.0,85,9.9,102,0.0
2021/10/08,1006.4,1008.5,1004.8,73,61,2.2,93,11.0,102,0.0
2021/10/09,1007.9,1009.5,1006.0,76,59,2.4,87,12.1,78,0.0
2021/10/10,1006.4,1008.5,1004.4,78,58,2.3,84,10.4,59,1.0
2021/10/11,1002.2,1005.7,999.1,95,85,3.3,86,17.6,70,88.5
2021/10/12,1001.2,1005.0,997.4,92,74,3.0,88,16.0,73,39.5
2021/10/13,1006.0,1008.4,1003.7,89,78,2.1,89,10.4,102,11.5
2021/10/14,1008.0,1010.0,1006.2,85,75,1.8,88,7.7,98,1.0
2021/10/15,1008.3,1010.0,1006.3,74,57,2.2,100,11.5,95,0.0
2021/10/16,1011.8,1017.0,1008.6,82,62,2.5,85,18.2,62,22.5
2021/10/17,1018.5,1020.4,1015.8,85,72,1.9,67,16.0,61,6.0
2021/10/18,1016.3,1017.9,1014.7,83,68,0.9,106,7.7,69,0.0
2021/10/19,1015.8,1017.9,1013.8,80,64,1.2,91,8.2,91,0.0
2021/10/20,1013.6,1016.0,1011.3,88,76,1.2,83,8.2,77,0.0
2021/10/21,1012.8,1016.0,1009.8,93,83,0.8,110,6.0,77,2.0
2021/10/22,1017.4,1019.8,1014.5,97,92,1.1,107,9.3,82,9.5
2021/10/23,1018.3,1019.8,1016.9,96,85,1.6,107,9.3,100,5.5
2021/10/24,1016.1,1018.0,1014.2,98,95,0.5,107,4.9,76,21.0
2021/10/25,1014.9,1016.1,1013.3,96,82,0.5,103,6.0,75,1.5
2021/10/26,1014.0,1015.5,1012.5,83,76,1.9,108,8.8,79,0.0
2021/10/27,1015.3,1017.0,1013.8,77,64,1.7,98,10.4,102,0.0
2021/10/28,1016.7,1018.8,1015.1,71,58,1.2,112,7.7,76,0.0
2021/10/29,1016.7,1018.8,1015.4,78,61,0.8,85,8.2,66,0.0
2021/10/30,1017.2,1018.8,1015.2,85,75,0.3,61,6.6,84,1.5
2021/10/31,1016.9,1018.2,1014.5,81,74,1.2,90,8.8,77,0.0
2021/11/01,1017.3,1018.8,1015.7,81,70,1.4,95,8.8,83,0.0
2021/11/02,1016.3,1018.5,1014.4,83,73,1.4,125,8.2,86,0.0
2021/11/03,1014.7,1016.4,1013.2,85,76,1.9,109,8.8,71,0.0
2021/11/04,1013.1,1014.8,1010.7,87,78,1.8,87,8.8,87,0.0
2021/11/05,1009.2,1012.2,1005.6,82,58,0.5,82,5.5,117,0.0
2021/11/06,1007.8,1010.3,1004.4,82,68,1.0,312,6.6,270,0.0
2021/11/07,1009.7,1012.0,1007.3,82,67,1.1,83,8.8,86,0.0
2021/11/08,1014.9,1019.3,1008.9,85,72,1.6,80,11.0,84,17.5
2021/11/09,1017.8,1020.4,1015.1,70,5,1.5,87,9.9,46,0.0
2021/11/10,1016.6,1018.5,1014.5,72,57,0.6,73,6.0,89,0.0
2021/11/11,1016.1,1016.7,1013.6,68,51,1.2,76,8.8,52,0.0
2021/11/12,1017.6,1021.0,1015.8,72,0,1.8,108,7.7,83,3.5
2021/11/13,1016.6,1018.3,1014.1,88,0,1.2,85,9.3,82,21.0
2021/11/14,1016.6,1018.6,1014.9,76,66,0.9,108,7.1,80,0.0
2021/11/15,1015.1,1017.6,1013.5,68,0,1.7,91,11.5,65,0.0
2021/11/16,1014.7,1016.4,1012.2,X,62,1.3,88,5.5,99,0.0
2021/11/17,1013.2,1015.4,1011.0,X,0,1.6,86,8.2,82,0.0
2021/11/18,1010.6,1013.5,1008.4,92,82,0.3,88,3.8,243,1.0
2021/11/19,1009.3,1009.8,1007.6,92,77,1.0,79,9.3,80,1.5
2021/11/20,1010.6,1012.2,1008.7,X,0,1.7,84,8.2,84,2.0
2021/11/21,1010.1,1011.7,1008.1,X,0,0.4,313,4.9,119,0.0
2021/11/22,1015.0,1019.7,1009.7,X,75,1.1,93,8.8,69,0.0
2021/11/23,1019.3,1020.7,1018.0,X,79,1.3,116,7.1,61,1.5
2021/11/24,1017.8,1019.2,1016.0,77,53,1.7,87,9.9,64,0.0
2021/11/25,1015.4,1017.0,1014.1,87,79,1.3,85,8.2,74,0.0
2021/11/26,1017.2,1021.4,1014.4,99,81,1.3,98,7.1,77,2.5
2021/11/27,1019.7,1021.6,1017.6,100,98,1.6,105,12.1,87,17.5
2021/11/28,1016.9,1019.2,1014.8,98,85,2.0,87,8.2,67,0.5
2021/11/29,1013.1,1015.3,1010.6,88,70,1.6,89,9.9,84,0.0
2021/11/30,1014.3,1019.8,1011.0,86,64,1.2,69,13.2,72,0.0
2021/12/01,1020.8,1022.6,1018.6,58,48,1.5,88,11.5,89,0.0
2021/12/02,1018.4,1019.9,1015.6,69,54,1.1,79,8.8,46,0.0
2021/12/03,1020.0,1022.4,1017.3,62,34,0.7,75,8.8,95,0.0
2021/12/04,1020.7,1022.6,1018.9,60,38,1.5,85,8.8,56,0.0
2021/12/05,1018.2,1020.2,1016.3,88,66,1.1,86,7.7,89,0.0
2021/12/06,1017.0,1018.8,1015.4,100,100,1.0,84,9.9,36,25.5
2021/12/07,1020.1,1022.0,1016.0,78,59,2.1,86,10.4,85,0.5
2021/12/08,1020.7,1022.9,1018.3,63,44,1.6,80,10.4,65,0.0
2021/12/09,1018.8,1020.1,1017.6,81,72,1.2,107,6.6,94,0.0
2021/12/10,1017.9,1019.8,1016.1,81,68,1.7,85,9.3,88,1.5
2021/12/11,1017.7,1020.1,1015.4,83,59,1.5,84,8.2,50,0.5
2021/12/12,1019.0,1021.4,1016.6,98,82,0.7,85,9.3,103,7.5
2021/12/13,1019.9,1022.0,1017.8,100,98,1.6,85,8.2,61,6.0
2021/12/14,1015.9,1018.5,1013.2,92,77,1.9,84,9.9,54,0.0
2021/12/15,1013.4,1015.6,1010.4,81,55,0.9,110,8.8,170,0.0
2021/12/16,1013.4,1015.4,1010.7,85,57,0.7,90,6.6,163,0.0
2021/12/17,1019.1,1024.6,1015.1,86,65,1.8,85,11.5,71,0.0
2021/12/18,1022.9,1024.6,1019.4,70,53,1.7,83,10.4,75,0.0
2021/12/19,1020.9,1023.9,1016.9,58,43,2.1,84,10.4,51,0.0
2021/12/20,1016.6,1019.1,1014.7,73,56,1.2,89,8.2,62,0.0
2021/12/21,1012.1,1014.8,1008.8,99,89,0.2,119,3.0,258,11.0
2021/12/22,1014.2,1016.0,1010.4,100,98,0.6,121,4.9,79,5.0
2021/12/23,1013.3,1015.4,1011.0,100,100,0.5,105,5.5,112,0.0
2021/12/24,1013.9,1017.8,1011.2,100,93,0.7,304,11.5,78,0.5
2021/12/25,1021.8,1025.8,1017.5,98,89,2.0,66,10.4,68,3.0
2021/12/26,1026.4,1028.4,1024.6,100,100,1.7,90,8.8,65,4.5
2021/12/27,1026.0,1028.4,1024.2,100,98,1.6,108,8.8,80,3.5
2021/12/28,1021.6,1025.1,1019.1,100,100,1.3,103,8.8,73,0.0
2021/12/29,1020.6,1022.9,1018.6,99,86,0.6,236,4.9,227,0.0
2021/12/30,1023.9,1025.7,1022.0,76,68,1.5,88,8.8,78,0.0
2021/12/31,1023.8,1025.5,1022.0,75,61,1.9,104,9.9,58,0.0
2022/01/01,1022.0,1024.2,1019.9,98,86,0.6,109,5.5,130,0.0
2022/01/02,1020.9,1023.0,1019.1,94,81,0.7,84,8.8,60,0.0
2022/01/03,1019.3,1021.7,1017.2,86,65,1.3,112,7.1,69,0.0
2022/01/04,1018.0,1020.4,1015.8,100,93,1.8,112,11.0,77,1.0
2022/01/05,1015.0,1016.9,1012.9,100,98,0.4,86,4.9,271,0.5
2022/01/06,1019.4,1022.9,1016.3,99,89,1.7,87,10.4,71,6.5
2022/01/07,1020.9,1023.2,1018.9,91,77,1.2,85,7.7,56,4.5
2022/01/08,1018.5,1020.7,1016.6,82,75,1.7,87,9.3,83,0.0
2022/01/09,1015.3,1016.9,1012.2,86,75,1.4,87,9.9,56,0.0
2022/01/10,1014.2,1016.1,1011.5,96,75,1.4,108,8.8,76,0.5
2022/01/11,1018.8,1022.1,1013.8,82,57,1.2,11,9.3,81,0.0
2022/01/12,1018.9,1020.8,1017.2,88,58,1.1,90,10.4,74,0.0
2022/01/13,1020.0,1022.0,1017.8,82,62,0.8,92,9.3,41,0.0
2022/01/14,1019.1,1021.9,1015.7,62,49,1.7,86,9.9,47,0.0
2022/01/15,1018.4,1021.0,1015.8,83,62,0.9,84,6.6,99,0.0
2022/01/16,1018.2,1019.9,1015.7,92,73,1.1,89,9.3,81,0.0
2022/01/17,1018.9,1020.7,1017.2,100,100,1.2,108,7.1,78,3.5
2022/01/18,1018.3,1020.2,1016.6,100,98,1.9,105,9.9,64,1.5
2022/01/19,1016.9,1018.6,1015.1,100,100,1.8,106,8.8,70,0.0
2022/01/20,1017.4,1019.5,1015.4,98,91,2.2,92,12.1,92,0.5
2022/01/21,1016.8,1019.9,1012.6,99,97,2.0,91,9.9,71,32.0
2022/01/22,1012.2,1016.3,1007.1,99,98,1.3,91,10.4,77,45.5
2022/01/23,1008.9,1011.0,1005.0,99,98,0.5,296,6.6,282,0.0
2022/01/24,1012.7,1014.7,1008.8,100,98,0.6,115,6.6,107,1.0
2022/01/25,1014.6,1016.9,1012.6,99,91,1.7,90,8.8,90,0.0
2022/01/26,1014.1,1016.1,1011.5,96,76,1.2,87,8.2,70,0.0
2022/01/27,1014.6,1016.6,1011.9,96,77,1.0,88,8.8,75,0.0
2022/01/28,1014.6,1016.4,1012.2,100,97,1.6,91,12.1,69,0.0
2022/01/29,1011.7,1014.7,1009.4,100,98,1.4,111,8.2,87,4.5
2022/01/30,1015.6,1020.7,1010.6,95,81,0.6,112,7.7,73,0.5
2022/01/31,1018.8,1020.2,1017.5,69,56,1.9,87,10.4,82,0.0
2022/02/01,1016.8,1018.8,1013.8,94,74,0.8,93,8.2,62,9.0
2022/02/02,1016.9,1018.9,1015.1,100,100,0.9,106,7.7,86,2.5
2022/02/03,1015.2,1016.6,1012.0,100,98,0.5,102,5.5,111,18.5
2022/02/04,1018.7,1021.9,1014.7,100,98,0.9,107,8.2,38,0.5
2022/02/05,1022.3,1023.5,1021.1,100,100,1.4,111,8.2,91,0.0
2022/02/06,1021.7,1024.6,1018.9,100,96,2.2,89,10.4,81,0.0
2022/02/07,1014.8,1019.1,1008.5,94,73,1.6,87,8.8,98,2.5
2022/02/08,1018.2,1020.5,1016.6,96,84,1.2,66,8.2,100,0.0
2022/02/09,1016.5,1019.4,1014.7,100,98,0.9,108,7.7,95,14.5
2022/02/10,1016.2,1018.6,1014.2,100,100,1.0,86,7.7,71,0.0
2022/02/11,1013.9,1016.4,1011.9,94,72,0.9,79,8.8,82,0.0
2022/02/12,1013.5,1015.8,1012.3,100,100,0.8,87,5.5,116,1.0
2022/02/13,1011.8,1014.7,1009.1,100,98,1.4,87,9.3,81,11.5
2022/02/14,1015.9,1017.9,1012.3,98,78,0.7,104,6.0,71,27.5
2022/02/15,1015.5,1017.6,1012.9,82,65,1.7,86,8.8,85,0.5
2022/02/16,1014.6,1016.4,1012.6,98,85,1.5,94,10.4,92,0.5
2022/02/17,1013.6,1015.7,1011.2,100,100,1.6,96,11.0,40,3.0
2022/02/18,1013.7,1016.3,1009.8,100,98,0.5,102,6.0,87,8.0
2022/02/19,1015.6,1020.2,1011.3,100,98,1.1,86,8.8,65,11.5
2022/02/20,1022.5,1025.1,1018.6,100,98,1.7,82,11.5,51,22.0
2022/02/21,1021.2,1023.5,1018.2,100,98,1.8,91,9.9,65,31.5
2022/02/22,1020.2,1022.0,1018.0,100,98,2.0,89,11.5,55,17.0
2022/02/23,1022.3,1025.1,1018.6,100,98,1.4,93,8.2,69,26.0
2022/02/24,1024.3,1026.3,1022.7,100,100,1.3,118,7.7,54,0.5
2022/02/25,1021.0,1023.6,1018.5,99,94,1.3,87,7.7,90,0.0
2022/02/26,1018.3,1021.7,1015.7,97,81,0.3,72,3.8,254,0.0
2022/02/27,1018.0,1020.8,1015.7,77,47,1.5,92,10.4,81,0.0
2022/02/28,1015.3,1018.8,1011.9,68,35,0.5,274,4.9,354,0.0
2022/03/01,1013.9,1016.7,1011.5,77,50,0.7,4,6.0,289,0.0
2022/03/02,1015.7,1017.6,1013.8,94,80,1.7,87,10.4,60,0.0
2022/03/03,1013.8,1017.2,1010.6,87,65,1.5,84,11.5,94,0.0
2022/03/04,1010.9,1013.6,1008.8,80,55,1.0,90,6.6,317,0.0
2022/03/05,1012.0,1015.0,1009.5,78,60,1.9,84,9.9,55,0.0
2022/03/06,1013.9,1016.4,1011.7,80,55,2.3,110,11.0,93,1.5
2022/03/07,1014.2,1018.3,1008.5,99,92,0.7,86,7.7,84,21.0
2022/03/08,1015.8,1018.3,1013.4,68,40,1.4,106,9.9,64,0.0
2022/03/09,1014.4,1017.0,1012.0,58,35,1.4,92,8.8,112,0.0
2022/03/10,1012.9,1015.7,1010.9,61,41,0.8,85,5.5,82,0.0
2022/03/11,1011.5,1014.4,1009.4,68,31,0.9,80,6.6,94,0.0
2022/03/12,1010.3,1012.3,1007.8,65,43,1.4,82,8.2,169,0.0
2022/03/13,1009.9,1012.3,1006.5,64,35,0.8,111,6.0,113,0.0
2022/03/14,1009.1,1011.7,1006.0,63,35,0.7,83,5.5,92,0.0
2022/03/15,1008.3,1010.3,1004.4,73,50,1.3,86,9.9,72,0.0
2022/03/16,1008.1,1009.8,1004.4,68,48,1.2,93,7.7,148,0.0
2022/03/17,1005.8,1008.7,1001.5,74,42,0.5,9,5.5,305,2.5
2022/03/18,1006.2,1008.5,1002.4,86,66,1.6,108,7.7,97,0.0
2022/03/19,1008.2,1010.4,1005.4,80,46,1.4,95,8.8,88,0.0
2022/03/20,1010.6,1013.4,1007.9,77,56,1.5,89,8.2,192,0.0
2022/03/21,1010.8,1013.4,1008.1,93,74,0.6,53,4.9,233,2.0
2022/03/22,1012.3,1014.7,1009.5,95,84,1.2,86,6.6,113,4.0
2022/03/23,1013.4,1015.7,1009.7,100,85,1.3,109,6.0,81,20.0
2022/03/24,1012.8,1015.1,1010.7,91,80,1.4,94,8.2,80,0.0
2022/03/25,1007.8,1010.9,1004.3,84,53,0.5,84,6.6,317,0.5
2022/03/26,1007.5,1012.5,1005.0,96,83,1.1,89,10.4,62,6.0
2022/03/27,1013.1,1016.1,1008.2,97,80,1.9,85,10.4,61,30.0
2022/03/28,1016.6,1019.4,1012.8,99,86,1.4,114,8.8,75,61.5
2022/03/29,1014.7,1018.3,1012.2,94,83,1.7,89,9.3,81,11.5
2022/03/30,1013.3,1015.1,1010.9,89,61,0.8,90,7.1,317,0.0
2022/03/31,1015.4,1020.4,1012.0,93,83,2.1,84,10.4,40,0.0
2022/04/01,1021.2,1023.2,1019.2,82,70,2.0,87,10.4,60,0.0
2022/04/02,1020.9,1022.3,1018.0,95,68,1.2,78,6.6,45,20.0
2022/04/03,1021.1,1022.4,1018.2,83,68,1.1,86,8.8,49,10.5
2022/04/04,1020.1,1022.0,1018.9,66,58,2.2,89,11.5,68,0.0
2022/04/05,1016.1,1019.2,1012.9,66,46,1.3,86,7.7,77,0.0
2022/04/06,1014.2,1016.1,1012.6,72,51,1.3,137,11.0,55,0.0
2022/04/07,1014.1,1015.7,1012.6,79,61,1.3,112,8.2,94,0.0
2022/04/08,1013.0,1014.7,1011.2,71,59,2.1,104,9.9,95,0.0
2022/04/09,1010.1,1012.2,1007.5,61,41,1.6,85,7.7,49,0.0
2022/04/10,1008.7,1011.0,1006.6,64,22,0.8,85,6.0,99,0.0
2022/04/11,1007.0,1010.1,1005.0,69,39,0.6,121,5.5,107,0.0
2022/04/12,1005.2,1007.8,1003.1,65,34,0.6,215,5.5,340,0.0
2022/04/13,1003.2,1005.1,1000.9,70,42,0.6,82,5.5,316,0.0
2022/04/14,1006.2,1011.2,1001.9,86,74,1.0,22,6.6,243,41.5
2022/04/15,1011.6,1014.4,1009.5,96,88,0.8,75,7.7,92,0.5
2022/04/16,1013.2,1015.7,1011.2,67,55,1.8,78,11.0,65,0.0
2022/04/17,1014.1,1015.5,1012.6,76,61,1.4,109,7.1,62,0.5
2022/04/18,1013.9,1016.4,1012.0,84,75,1.2,107,7.1,80,0.0
2022/04/19,1015.5,1016.9,1014.2,85,69,1.3,82,6.6,80,2.0
2022/04/20,1012.3,1016.0,1009.8,82,63,1.2,83,11.5,72,3.0
2022/04/21,1010.5,1012.8,1006.3,93,65,0.2,0,3.0,110,0.0
2022/04/22,1009.4,1011.7,1005.3,79,46,0.6,229,5.5,75,0.0
2022/04/23,1007.3,1009.2,1002.9,85,54,0.7,81,6.0,308,0.0
2022/04/24,1006.4,1008.1,1002.9,90,61,0.6,83,8.2,71,2.0
2022/04/25,1005.9,1007.6,1002.4,89,60,0.5,251,4.9,311,9.5
2022/04/26,1004.5,1006.6,1000.3,84,49,0.7,80,6.6,278,0.0
2022/04/27,1007.2,1009.8,1004.1,89,68,0.9,89,7.1,275,0.0
2022/04/28,1008.3,1009.8,1006.5,93,75,1.0,86,6.0,73,0.0
2022/04/29,1009.1,1013.5,1006.2,91,69,1.5,96,11.5,87,0.0
2022/04/30,1011.3,1013.3,1009.2,97,89,2.0,88,11.0,74,0.0
2022/05/01,1012.4,1015.1,1010.4,98,91,1.2,88,6.6,52,4.5
2022/05/02,1013.7,1015.4,1011.7,100,95,1.5,90,8.2,81,20.5
2022/05/03,1013.7,1014.7,1012.6,96,85,1.7,105,11.0,81,0.5
2022/05/04,1011.2,1013.3,1009.4,95,84,2.1,89,9.9,86,1.0
2022/05/05,1008.3,1009.5,1007.0,89,73,1.1,85,6.6,85,0.0
2022/05/06,1008.9,1010.4,1007.5,92,74,1.1,87,8.2,69,0.0
2022/05/07,1010.4,1012.3,1009.0,82,57,1.1,85,7.7,73,0.0
2022/05/08,1010.2,1011.7,1008.4,92,78,1.1,87,8.2,66,0.0
2022/05/09,1009.7,1011.6,1008.4,94,79,1.3,85,7.7,71,0.0
2022/05/10,1007.1,1009.1,1005.0,86,53,1.1,86,6.6,75,2.5
2022/05/11,1006.4,1008.2,1004.4,97,73,0.5,78,4.1,6,19.5
2022/05/12,1005.0,1006.8,1001.6,95,62,0.6,79,6.6,13,50.5
2022/05/13,1002.9,1006.2,1000.7,96,75,1.0,65,8.2,316,4.0
2022/05/14,1007.8,1010.1,1003.5,100,98,1.2,95,7.1,90,23.0
2022/05/15,1010.1,1012.2,1006.5,99,85,1.5,106,9.9,77,13.5
2022/05/16,1010.7,1011.9,1009.1,100,98,1.5,106,9.9,86,36.0
2022/05/17,1011.4,1013.5,1008.5,84,57,1.4,115,8.8,58,7.0
2022/05/18,1011.7,1013.3,1010.3,90,81,2.1,91,9.3,60,0.0
2022/05/19,1008.2,1010.7,1005.3,97,88,1.8,84,11.5,77,0.5
2022/05/20,1005.4,1007.2,1003.5,97,88,1.0,85,6.0,92,0.0
2022/05/21,1005.8,1007.5,1003.7,95,81,1.0,84,7.1,88,1.0
2022/05/22,1005.5,1006.6,1002.5,99,98,1.4,108,8.2,81,0.5
2022/05/23,1005.7,1008.1,1001.8,99,98,0.6,304,5.5,226,0.5
2022/05/24,1008.1,1010.0,1004.7,99,98,0.3,91,4.9,97,46.0
2022/05/25,1006.1,1008.4,1001.8,99,98,0.4,105,4.9,73,120.5
2022/05/26,1002.5,1005.3,998.7,99,98,0.8,91,7.7,83,69.0
2022/05/27,1003.1,1005.1,999.4,99,98,0.9,103,5.5,120,46.0
2022/05/28,1003.4,1005.0,1002.1,100,98,0.5,304,6.0,342,0.5
2022/05/29,1002.8,1004.0,1001.2,85,60,0.8,287,7.7,260,0.0
2022/05/30,1002.9,1005.3,1001.0,90,67,0.9,88,8.2,310,0.0
2022/05/31,1005.1,1006.8,1002.4,100,98,0.4,82,4.9,248,26.5
2022/06/01,1003.5,1005.7,1000.7,90,76,0.6,313,6.6,334,0.0
2022/06/02,1002.5,1004.1,1000.5,82,51,0.9,117,7.7,277,0.0
2022/06/03,1003.4,1004.9,1001.9,82,49,0.7,81,6.6,1,0.0
2022/06/04,1003.3,1005.0,1001.6,88,61,0.8,80,7.1,311,0.0
2022/06/05,999.6,1002.9,997.1,70,38,1.4,291,11.5,322,0.0
2022/06/06,999.1,1002.9,996.8,80,50,1.3,222,9.3,244,15.5
2022/06/07,1003.7,1006.0,1000.0,100,98,0.9,107,7.7,97,52.5
2022/06/08,1006.0,1006.9,1003.4,100,98,1.4,84,7.7,100,48.0
2022/06/09,1005.2,1006.3,1003.7,100,100,0.6,86,6.0,94,8.0
2022/06/10,1003.1,1005.1,1001.5,99,89,0.3,106,4.9,75,2.0
2022/06/11,1004.7,1007.5,1002.5,95,67,0.9,105,7.1,303,1.0
2022/06/12,1005.4,1006.5,1003.8,100,98,0.3,89,6.0,82,11.5
2022/06/13,1002.1,1004.4,999.9,84,55,0.7,288,8.2,286,0.0
2022/06/14,1003.3,1006.6,1001.2,82,44,1.3,302,8.2,3,0.5
2022/06/15,1006.3,1008.4,1004.4,100,98,0.2,0,4.9,287,10.5
2022/06/16,1006.7,1009.4,1003.4,97,80,0.4,2,7.1,328,12.5
2022/06/17,1005.0,1006.2,1004.1,92,71,0.6,106,6.6,330,0.0
2022/06/18,1004.2,1005.6,1002.7,80,47,0.7,87,6.6,282,0.0
2022/06/19,1004.1,1005.1,1002.2,85,51,0.7,91,6.6,133,0.0
2022/06/20,1002.2,1003.7,1000.5,77,46,0.6,248,7.1,288,0.0
2022/06/21,1003.6,1006.0,1000.7,77,58,0.5,88,6.0,352,0.0
2022/06/22,1006.6,1008.8,1004.6,76,43,1.0,86,6.6,221,0.0
2022/06/23,1007.1,1009.2,1005.0,77,42,0.7,4,7.7,65,0.0
2022/06/24,1005.5,1007.0,1002.5,86,46,0.7,7,7.1,336,24.0
2022/06/25,1005.5,1006.9,1002.9,92,49,0.4,61,12.6,83,70.5
2022/06/26,1007.0,1008.8,1005.4,78,52,0.5,149,6.0,343,0.0
2022/06/27,1005.5,1007.5,1003.8,78,54,0.7,88,5.5,185,1.5
2022/06/28,1002.5,1004.4,1000.5,70,52,0.8,81,6.6,62,0.0
2022/06/29,1001.3,1003.2,999.4,71,55,0.8,113,7.7,82,3.0
2022/06/30,1001.5,1003.1,1000.0,65,48,1.8,88,9.3,93,0.0
