date,Renwu_StnPres,Renwu_StnPresMax,Renwu_StnPresMin,Renwu_RH,Renwu_RHMin,Renwu_WS,Renwu_WD,Renwu_WSGust,Renwu_WDGust,Renwu_Precp
2018/01/01,1014.0,1016.1,1011.1,77,52,1.7,344,6.5,307,0.0
2018/01/02,1013.7,1024.5,1011.3,82,52,1.6,239,6.9,286,0.0
2018/01/03,1013.8,1015.9,1011.1,87,55,1.3,348,6.5,252,0.0
2018/01/04,1012.0,1014.2,1010.2,88,61,1.4,355,7.2,316,11.0
2018/01/05,1010.1,1012.0,1007.9,95,81,1.9,1,7.6,337,7.5
2018/01/06,1010.2,1011.6,1008.4,99,92,1.5,360,7.5,348,7.5
2018/01/07,1009.3,1010.9,1007.3,91,70,1.6,1,6.8,355,0.0
2018/01/08,1008.9,1011.2,1006.6,87,69,2.4,359,11.4,4,0.5
2018/01/09,1014.5,1017.5,1010.8,94,71,2.7,356,10.7,16,0.5
2018/01/10,1017.8,1020.2,1015.3,80,61,2.3,358,9.0,7,2.5
2018/01/11,1018.8,1020.8,1016.4,62,53,2.1,352,7.5,355,0.0
2018/01/12,1019.9,1021.7,1017.2,62,39,2.5,359,7.8,10,0.0
2018/01/13,1019.6,1021.8,1016.8,65,36,1.6,2,7.3,269,0.0
2018/01/14,1016.5,1019.6,1013.7,69,31,1.5,3,7.7,310,0.0
2018/01/15,1012.8,1015.6,1010.0,78,32,1.8,1,6.0,283,0.0
2018/01/16,1009.1,1011.6,1006.6,65,22,1.8,360,8.2,343,0.0
2018/01/17,1008.6,1010.0,1007.2,80,57,1.2,357,4.6,352,0.0
2018/01/18,1010.7,1012.3,1008.5,87,63,1.3,345,6.4,264,0.0
2018/01/19,1011.6,1013.3,1009.5,89,66,1.5,2,6.5,250,0.0
2018/01/20,1010.8,1012.6,1008.8,89,68,1.6,340,6.9,293,0.0
2018/01/21,1009.4,1011.8,1007.2,90,67,1.6,2,5.3,1,0.0
2018/01/22,1007.6,1009.7,1004.5,83,49,2.3,1,7.9,7,0.0
2018/01/23,1009.5,1010.8,1007.3,81,62,1.9,359,6.4,250,0.0
2018/01/24,1009.6,1011.5,1007.0,81,48,1.6,350,6.6,321,0.0
2018/01/25,1009.8,1011.8,1007.7,79,46,2.1,4,6.9,1,0.0
2018/01/26,1010.4,1012.2,1008.3,80,50,2.6,355,8.3,4,0.0
2018/01/27,1011.0,1013.2,1008.6,77,58,1.7,2,7.0,315,0.0
2018/01/28,1008.3,1010.3,1005.7,84,54,2.2,1,8.6,1,0.0
2018/01/29,1011.1,1013.8,1007.7,89,69,2.4,354,8.1,360,0.0
2018/01/30,1013.5,1015.4,1011.0,90,71,1.6,358,7.1,346,6.5
2018/01/31,1012.3,1014.1,1009.5,86,56,2.3,351,10.1,2,0.0
2018/02/01,1013.9,1016.6,1011.7,89,72,2.3,355,8.2,4,3.5
2018/02/02,1015.9,1018.0,1013.5,83,56,3.2,357,12.1,327,0.0
2018/02/03,1017.1,1019.0,1015.1,81,66,2.7,350,8.5,333,0.0
2018/02/04,1017.7,1019.3,1015.8,81,65,2.7,352,8.6,1,0.0
2018/02/05,1018.1,1020.1,1015.7,80,70,3.1,359,8.5,331,0.0
2018/02/06,1015.6,1018.7,1012.8,67,45,2.2,360,7.3,336,0.0
2018/02/07,1014.0,1015.8,1011.2,87,67,1.7,351,8.1,355,0.5
2018/02/08,1012.1,1014.4,1010.0,95,78,1.7,2,6.8,332,0.5
2018/02/09,1010.6,1012.4,1008.0,90,63,2.0,358,6.8,2,0.0
2018/02/10,1011.0,1013.2,1008.0,90,58,2.6,360,9.1,337,0.0
2018/02/11,1015.4,1018.9,1012.4,90,71,2.4,353,8.4,349,2.5
2018/02/12,1018.9,1021.3,1016.7,77,61,1.6,1,6.2,360,0.0
2018/02/13,1018.0,1020.2,1015.3,71,46,2.0,2,6.8,288,0.0
2018/02/14,1014.3,1017.4,1011.1,66,30,1.3,144,5.6,236,0.0
2018/02/15,1011.3,1013.5,1008.3,66,36,1.5,1,7.7,232,0.0
2018/02/16,1009.3,1011.1,1007.5,83,51,1.1,5,6.8,14,0.0
2018/02/17,1011.2,1013.3,1009.0,87,69,1.8,2,6.5,251,0.0
2018/02/18,1012.6,1015.0,1009.9,84,43,2.0,1,7.3,259,0.0
2018/02/19,1011.2,1013.5,1008.7,72,38,1.3,329,7.3,295,0.0
2018/02/20,1009.4,1011.4,1007.3,76,55,1.5,5,7.0,278,0.0
2018/02/21,1008.8,1010.5,1006.5,79,50,2.2,339,7.4,347,0.0
2018/02/22,1011.4,1014.3,1009.8,90,68,2.1,344,8.5,353,2.0
2018/02/23,1013.5,1015.3,1011.6,87,64,1.9,2,6.7,355,0.0
2018/02/24,1013.9,1016.4,1011.4,86,60,1.5,353,6.3,133,0.0
2018/02/25,1011.9,1013.6,1009.7,79,51,2.3,347,9.2,339,0.0
2018/02/26,1012.9,1014.7,1011.0,84,60,2.1,359,7.4,242,0.0
2018/02/27,1012.0,1014.5,1009.2,78,48,1.8,360,8.0,273,0.0
2018/02/28,1008.6,1010.8,1007.2,78,56,1.3,359,7.5,338,0.0
2018/03/01,1007.6,1009.0,1005.9,74,52,1.4,262,7.0,266,0.0
2018/03/02,1007.3,1009.3,1005.0,77,53,1.3,262,6.1,283,0.0
2018/03/03,1006.7,1008.1,1004.9,81,60,1.3,307,8.0,303,0.0
2018/03/04,1007.8,1009.3,1006.4,86,56,2.0,118,8.2,241,0.0
2018/03/05,1008.0,1009.5,1006.5,83,61,2.6,160,9.4,60,0.0
2018/03/06,1011.6,1013.3,1009.1,82,70,1.9,346,6.1,278,0.0
2018/03/07,1011.0,1013.4,1008.2,79,54,2.0,360,8.2,2,0.0
2018/03/08,1011.2,1015.0,1008.7,90,75,3.1,350,10.1,341,7.5
2018/03/09,1014.8,1016.6,1013.0,78,57,1.9,353,7.9,360,2.5
2018/03/10,1015.9,1017.2,1014.1,68,45,1.5,257,7.0,273,0.0
2018/03/11,1016.0,1017.6,1014.5,66,39,1.5,72,9.0,300,0.0
2018/03/12,1014.0,1015.9,1011.5,65,36,1.4,333,7.9,311,0.0
2018/03/13,1012.3,1014.1,1010.5,57,25,1.3,8,7.6,330,0.0
2018/03/14,1010.7,1012.6,1008.8,52,30,1.4,127,7.7,285,0.0
2018/03/15,1009.0,1011.1,1006.8,74,51,1.6,355,7.9,7,17.0
2018/03/16,1009.5,1012.1,1006.8,86,52,1.8,4,8.4,315,0.5
2018/03/17,1012.2,1013.5,1010.3,83,56,2.0,357,7.3,252,0.0
2018/03/18,1011.1,1012.9,1009.0,84,59,1.7,360,6.7,283,0.0
2018/03/19,1007.6,1010.4,1004.2,79,51,1.8,210,9.5,156,0.0
2018/03/20,1006.1,1008.5,1004.3,84,55,2.4,352,10.3,350,0.0
2018/03/21,1009.1,1011.3,1007.2,70,51,3.5,355,10.3,5,0.0
2018/03/22,1010.8,1012.2,1009.1,60,38,1.9,2,6.9,268,0.0
2018/03/23,1013.4,1015.1,1011.7,58,38,1.8,2,8.3,303,0.0
2018/03/24,1014.7,1016.6,1012.3,48,23,1.5,302,7.9,267,0.0
2018/03/25,1014.5,1016.4,1012.6,58,33,1.6,4,9.0,288,0.0
2018/03/26,1012.7,1015.1,1010.3,66,39,1.6,2,8.6,269,0.0
2018/03/27,1010.3,1012.2,1007.9,71,49,1.6,325,9.2,314,0.0
2018/03/28,1009.1,1010.4,1007.0,71,44,1.5,1,8.1,309,0.0
2018/03/29,1009.0,1010.3,1007.4,69,39,1.5,2,8.4,306,0.0
2018/03/30,1009.4,1011.0,1007.9,73,54,1.6,77,8.7,233,0.0
2018/03/31,1008.7,1010.4,1006.4,74,48,2.2,25,8.7,259,0.0
2018/04/01,1008.6,1010.4,1006.9,69,48,1.7,303,7.7,261,0.0
2018/04/02,1008.9,1010.2,1007.4,72,53,1.6,3,8.3,332,0.0
2018/04/03,1009.4,1010.9,1008.0,70,49,1.8,71,8.4,290,0.0
2018/04/04,1008.4,1010.0,1006.7,76,50,1.6,2,8.9,263,0.0
2018/04/05,1007.5,1009.1,1005.7,75,58,2.1,231,7.9,261,0.0
2018/04/06,1008.7,1013.1,1005.8,74,58,2.6,354,11.1,355,0.0
2018/04/07,1015.3,1017.5,1012.9,59,49,2.1,1,8.4,339,0.0
2018/04/08,1014.7,1016.6,1012.9,60,42,1.9,339,7.9,295,0.0
2018/04/09,1013.3,1015.4,1011.3,60,33,1.5,355,8.4,286,0.0
2018/04/10,1010.5,1012.7,1008.2,61,37,1.1,1,6.7,203,0.0
2018/04/11,1007.8,1009.7,1005.4,76,52,1.9,148,8.4,281,0.0
2018/04/12,1007.3,1009.2,1005.2,76,46,1.9,93,8.1,307,0.0
2018/04/13,1008.1,1009.6,1005.9,80,61,2.2,212,7.9,217,0.0
2018/04/14,1007.0,1009.0,1005.1,80,57,2.5,130,7.4,224,0.0
2018/04/15,1007.0,1009.5,1005.0,78,55,2.5,357,9.3,355,0.0
2018/04/16,1009.6,1011.5,1007.9,75,57,2.2,266,9.4,274,0.0
2018/04/17,1010.6,1012.5,1008.1,73,48,2.7,358,8.2,354,0.0
2018/04/18,1010.2,1011.9,1008.3,70,50,1.7,335,8.4,294,0.0
2018/04/19,1009.6,1010.9,1008.3,69,53,1.4,349,8.3,350,0.0
2018/04/20,1009.5,1010.8,1007.8,64,43,1.8,3,7.9,310,0.0
2018/04/21,1008.8,1010.3,1007.0,65,47,1.6,1,7.2,270,0.0
2018/04/22,1007.0,1008.9,1004.9,72,53,1.7,339,10.1,239,0.0
2018/04/23,1004.8,1006.1,1002.4,75,50,3.1,125,11.4,213,0.0
2018/04/24,1005.0,1006.5,1003.2,87,73,1.9,327,7.0,347,0.0
2018/04/25,1006.6,1008.3,1004.8,86,72,1.5,110,6.8,293,0.0
2018/04/26,1008.4,1010.7,1006.1,79,61,2.2,252,7.5,301,0.0
2018/04/27,1010.1,1011.7,1008.4,73,52,1.7,94,8.6,313,0.0
2018/04/28,1010.1,1011.4,1007.9,78,55,1.7,59,7.7,348,0.0
2018/04/29,1008.9,1010.4,1006.6,77,60,1.7,287,8.3,312,0.0
2018/04/30,1008.9,1010.5,1007.5,75,52,1.5,268,7.4,234,0.0
2018/05/01,1008.5,1010.0,1007.0,79,61,2.1,61,8.0,230,0.0
2018/05/02,1008.0,1010.1,1006.1,77,54,1.9,84,7.8,271,0.0
2018/05/03,1009.4,1011.4,1007.6,72,52,2.1,357,8.2,268,0.0
2018/05/04,1011.3,1013.3,1009.7,72,55,1.6,5,8.8,296,0.0
2018/05/05,1011.3,1013.2,1009.4,74,47,1.6,343,7.6,283,0.0
2018/05/06,1008.1,1010.8,1005.6,75,56,2.8,139,10.2,170,0.0
2018/05/07,1005.3,1007.1,994.6,72,47,1.8,79,7.9,217,0.0
2018/05/08,1005.1,1007.4,1002.9,85,68,1.5,141,10.2,352,40.5
2018/05/09,1008.9,1011.5,1005.7,92,69,1.7,318,9.0,314,22.0
2018/05/10,1010.3,1011.5,1009.0,89,71,1.9,141,8.2,282,0.0
2018/05/11,1009.3,1011.2,1007.5,75,53,1.8,73,8.0,268,0.0
2018/05/12,1007.6,1009.2,1005.5,79,62,1.8,334,7.0,303,0.0
2018/05/13,1007.0,1008.1,1005.3,78,62,1.7,339,7.6,311,0.0
2018/05/14,1006.4,1008.3,1004.3,76,51,1.6,148,7.8,218,0.0
2018/05/15,1005.8,1007.1,1004.4,76,49,2.3,223,8.7,242,0.0
2018/05/16,1004.9,1006.4,1003.6,79,60,2.7,173,8.7,162,0.0
2018/05/17,1004.4,1006.0,1003.0,82,58,2.3,158,8.1,258,0.0
2018/05/18,1003.8,1005.5,1002.5,79,46,2.0,1,9.3,307,0.0
2018/05/19,1004.1,1005.6,1002.6,76,55,1.7,86,7.3,282,0.0
2018/05/20,1004.7,1006.3,1002.8,76,55,2.0,52,8.6,270,0.0
2018/05/21,1005.5,1006.8,1004.2,74,57,1.9,1,8.7,290,0.0
2018/05/22,1006.0,1007.9,1004.0,71,51,1.8,327,7.5,285,0.0
2018/05/23,1005.6,1006.6,1004.0,73,52,1.7,307,8.2,298,0.0
2018/05/24,1005.5,1007.2,1004.1,75,55,1.7,68,8.1,292,0.0
2018/05/25,1004.3,1006.2,1001.8,73,51,2.2,232,8.3,205,0.0
2018/05/26,1004.4,1006.1,1002.8,75,44,2.2,74,8.6,300,0.0
2018/05/27,1005.0,1006.4,1002.8,78,54,1.8,267,8.7,317,0.0
2018/05/28,1004.9,1006.5,1003.2,79,50,2.1,253,8.3,262,0.0
2018/05/29,1006.0,1007.8,1004.0,80,60,2.1,260,8.3,256,9.5
2018/05/30,1006.3,1007.7,1004.2,78,54,2.2,250,8.3,213,0.0
2018/05/31,1005.7,1014.5,1004.1,72,47,2.3,2,8.1,249,0.0
2018/06/01,1005.4,1007.1,1003.8,80,55,1.7,359,7.9,303,0.0
2018/06/02,1005.5,1006.6,1004.1,76,55,1.9,6,8.9,276,0.0
2018/06/03,1004.1,1005.8,1001.6,70,49,2.0,71,7.9,281,0.0
2018/06/04,1004.4,1006.2,1002.2,78,56,1.8,6,9.1,284,1.0
2018/06/05,1004.8,1006.3,1003.1,71,45,2.0,79,7.7,289,0.0
2018/06/06,1004.0,1005.3,1001.8,77,48,1.8,334,9.9,62,20.0
2018/06/07,1002.5,1003.8,1000.5,75,50,1.6,7,8.1,264,0.0
2018/06/08,998.8,1002.0,996.5,76,54,1.9,88,8.6,287,0.0
2018/06/09,996.3,997.5,993.9,74,49,1.8,4,8.1,308,0.0
2018/06/10,995.8,996.8,994.1,76,61,2.5,220,8.7,217,30.5
2018/06/11,996.6,999.7,994.5,91,78,1.8,1,8.2,176,27.5
2018/06/12,998.6,1000.4,997.1,73,45,2.1,6,8.2,273,0.0
2018/06/13,995.1,997.5,993.1,71,53,2.0,78,8.6,293,0.5
2018/06/14,991.3,994.3,988.1,93,75,4.5,151,16.1,168,99.5
2018/06/15,992.7,997.9,987.9,97,91,2.8,153,15.9,166,78.5
2018/06/16,998.8,1000.7,996.3,97,76,2.9,81,12.4,178,21.0
2018/06/17,1000.2,1001.9,998.6,98,87,2.9,143,11.6,172,90.5
2018/06/18,1000.7,1002.2,999.0,100,98,4.0,139,14.5,151,32.0
2018/06/19,1002.8,1005.3,1000.5,100,100,1.9,142,8.1,273,182.5
2018/06/20,1003.6,1005.4,1002.7,95,79,1.8,75,7.0,172,104.5
2018/06/21,1003.8,1004.7,1002.4,86,66,1.4,95,12.3,294,21.0
2018/06/22,1004.4,1005.6,1002.9,84,68,2.1,127,8.1,205,1.5
2018/06/23,1004.9,1006.1,1003.3,79,56,2.0,258,7.2,214,0.5
2018/06/24,1005.9,1007.4,1004.8,76,53,1.5,136,6.7,282,0.0
2018/06/25,1006.7,1008.1,1004.9,71,54,1.9,40,7.5,248,0.0
2018/06/26,1006.8,1007.7,1005.6,75,60,1.7,268,9.1,315,1.5
2018/06/27,1005.6,1007.1,1004.1,79,55,1.4,119,9.4,343,5.0
2018/06/28,1003.0,1005.6,1001.0,74,56,2.0,82,7.2,222,0.0
2018/06/29,1000.4,1002.1,998.4,75,57,1.7,125,7.8,266,9.5
2018/06/30,1000.6,1002.2,999.0,77,58,1.8,328,8.0,265,8.5
2018/07/01,1000.6,1002.0,998.9,79,61,1.7,67,11.6,287,1.0
2018/07/02,1000.7,1002.1,999.1,92,80,1.6,70,9.7,86,165.5
2018/07/03,1000.7,1001.7,999.3,92,81,2.0,68,9.4,220,129.5
2018/07/04,1000.3,1002.2,998.7,91,71,1.5,70,12.6,350,94.5
2018/07/05,1000.3,1001.7,999.0,88,73,1.4,87,8.3,67,44.0
2018/07/06,1000.2,1002.2,998.8,82,63,1.3,113,7.4,76,23.0
2018/07/07,1001.0,1002.6,999.7,81,67,2.0,66,9.1,175,9.0
2018/07/08,1001.6,1003.5,999.9,73,45,1.2,72,6.4,2,1.5
2018/07/09,1002.1,1003.9,999.7,74,56,1.5,75,9.6,259,0.0
2018/07/10,998.7,1002.3,995.8,76,54,2.3,338,11.7,3,3.5
2018/07/11,997.7,1001.6,994.5,73,59,3.1,182,8.5,212,0.0
2018/07/12,1001.5,1003.6,1000.2,78,55,1.4,2,9.0,165,21.0
2018/07/13,1002.0,1003.2,999.6,78,56,1.9,1,8.0,336,8.5
2018/07/14,1001.7,1002.7,999.9,77,59,1.5,285,9.7,1,0.0
2018/07/15,1001.3,1002.5,1000.1,77,57,1.7,2,7.6,293,0.0
2018/07/16,999.1,1000.9,997.7,75,52,1.7,266,7.4,295,0.0
2018/07/17,998.0,999.5,996.1,72,52,2.0,267,8.2,279,0.0
2018/07/18,1000.0,1001.8,998.4,75,57,1.9,338,9.5,292,0.0
2018/07/19,1001.5,1003.1,999.9,80,56,2.0,67,10.8,75,94.0
2018/07/20,999.6,1001.6,997.6,83,61,1.8,76,8.0,272,16.0
2018/07/21,996.6,999.2,994.3,82,64,1.6,77,8.5,265,0.0
2018/07/22,997.3,1000.0,995.5,82,65,1.3,67,7.5,271,1.0
2018/07/23,1000.1,1002.4,998.2,78,57,1.9,241,7.2,305,0.0
2018/07/24,1002.3,1003.5,1001.0,85,67,1.4,69,7.3,283,7.0
2018/07/25,1002.9,1003.8,1001.3,81,63,1.3,63,7.1,89,1.0
2018/07/26,1002.6,1003.8,1000.9,77,57,1.4,5,8.8,291,0.0
2018/07/27,1002.8,1004.7,1001.4,87,69,1.5,2,6.7,94,74.0
2018/07/28,1002.3,1004.1,1000.7,81,64,1.5,2,8.5,154,0.5
2018/07/29,1001.4,1003.3,999.4,75,57,1.6,310,8.7,244,0.0
2018/07/30,1001.3,1002.4,999.9,75,51,1.6,360,9.2,305,0.0
2018/07/31,1001.1,1002.6,998.9,76,59,1.7,290,9.3,323,0.0
2018/08/01,1000.4,1001.9,998.1,77,58,1.8,28,7.8,280,0.0
2018/08/02,1000.1,1001.8,998.0,84,65,1.3,3,7.5,249,25.0
2018/08/03,1000.4,1001.5,998.9,84,57,1.4,29,9.5,315,19.5
2018/08/04,1001.3,1002.8,999.6,77,62,1.5,83,11.5,82,0.0
2018/08/05,1002.0,1003.1,1000.2,76,56,1.3,2,8.6,70,7.5
2018/08/06,1001.2,1002.9,999.0,76,51,1.2,3,7.9,293,4.5
2018/08/07,1000.4,1001.5,998.4,80,60,1.8,246,8.3,256,6.0
2018/08/08,1000.7,1003.0,999.1,83,61,1.6,332,7.6,266,51.5
2018/08/09,1001.0,1002.5,999.2,79,53,1.4,3,7.4,312,2.0
2018/08/10,999.8,1002.1,997.3,83,64,1.7,23,8.7,272,2.5
2018/08/11,996.6,999.4,994.4,80,64,1.5,82,8.0,290,0.0
2018/08/12,993.3,995.7,990.6,74,53,1.9,266,8.0,315,0.0
2018/08/13,995.4,997.0,993.4,92,76,1.8,8,8.6,208,59.5
2018/08/14,996.2,998.1,995.0,90,69,2.4,79,10.6,235,35.0
2018/08/15,998.3,999.4,996.6,96,83,1.6,98,5.0,131,40.5
2018/08/16,997.7,999.1,995.9,86,62,1.5,324,7.0,265,15.0
2018/08/17,997.0,998.5,995.3,87,73,1.3,92,5.6,277,12.5
2018/08/18,998.7,1000.3,997.5,89,70,1.6,104,11.3,255,2.0
2018/08/19,1000.1,1001.4,998.9,92,77,1.4,103,7.5,211,22.0
2018/08/20,999.0,1000.4,997.4,91,71,1.5,83,7.2,215,17.5
,998.2,--,--,100,--,1.7,115,--,--,3.5
,--,--,--,--,--,--,--,--,--,&
2018/08/23,994.3,997.3,994.5,98,83,3.4,86,14.3,86,232.0
2018/08/24,996.2,997.8,/,100,96,1.6,85,13.8,86,158.0
2018/08/25,995.1,996.3,993.2,97,84,1.8,86,7.0,86,87.5
2018/08/26,996.7,998.9,994.7,96,85,2.7,86,7.9,86,19.0
2018/08/27,1000.6,1003.7,997.4,99,91,3.6,86,13.7,86,178.5
2018/08/28,1003.2,1004.5,1001.0,100,98,2.8,85,14.8,86,286.5
2018/08/29,1003.6,1005.6,1001.7,100,96,3.3,86,13.1,86,137.0
2018/08/30,1005.7,1007.7,1004.6,98,94,2.0,86,3.6,86,13.0
2018/08/31,1007.0,1008.3,1005.8,85,64,1.5,86,6.4,86,0.0
2018/09/01,1005.5,1007.7,1003.2,85,60,1.2,85,7.7,263,0.0
2018/09/02,1002.8,1005.2,1001.0,86,56,1.1,84,8.4,263,0.0
2018/09/03,1001.4,1002.7,999.6,85,66,1.8,85,8.7,355,0.0
2018/09/04,1000.5,1001.8,998.3,90,71,2.2,85,8.6,86,1.0
2018/09/05,1000.6,1002.3,998.3,92,67,1.5,86,6.7,263,1.0
2018/09/06,1001.0,1002.8,999.2,94,70,1.3,85,9.3,355,33.0
2018/09/07,1001.7,1003.6,999.3,89,66,1.3,86,7.8,86,16.5
2018/09/08,1002.9,1004.5,1000.9,92,67,1.4,86,8.3,263,8.0
2018/09/09,1003.3,1005.0,1001.3,90,62,1.7,85,7.9,26,0.0
2018/09/10,1002.6,1100.0,1000.9,94,69,1.1,85,5.5,355,5.5
2018/09/11,1003.0,1004.9,1001.2,94,76,1.7,86,7.1,263,4.5
2018/09/12,1004.0,1005.3,1002.2,93,70,1.4,86,8.2,355,4.0
2018/09/13,1003.9,1005.4,1002.3,93,72,1.6,85,7.1,263,0.0
2018/09/14,1001.5,1004.0,998.6,100,30,1.5,85,7.9,263,0.0
2018/09/15,995.5,998.9,992.3,100,100,1.0,86,9.5,86,2.0
2018/09/16,1001.1,1006.5,995.6,100,100,3.0,86,13.6,86,0.5
2018/09/17,1007.4,1010.5,1005.7,92,45,1.6,351,7.6,263,4.0
2018/09/18,1008.4,1010.3,1005.8,100,100,1.1,85,8.3,355,2.5
2018/09/19,1006.9,1008.6,1005.0,88,69,1.5,85,7.3,259,0.0
2018/09/20,1005.6,1007.1,1003.6,83,59,1.5,79,7.3,355,0.0
2018/09/21,1006.6,1009.1,1004.6,79,53,1.5,86,7.5,262,0.0
2018/09/22,1008.2,1009.8,1006.2,84,57,1.6,85,10.0,264,0.0
2018/09/23,1007.4,1009.3,1005.0,91,62,1.7,85,8.1,263,0.0
2018/09/24,1003.2,1006.5,1000.8,91,59,1.6,85,10.6,86,0.0
2018/09/25,1001.0,1002.3,999.0,91,65,1.6,85,7.6,263,0.0
2018/09/26,1000.5,1002.1,998.3,85,54,1.9,15,10.1,263,0.0
2018/09/27,1000.7,1002.2,998.7,80,56,2.0,14,9.0,355,0.0
2018/09/28,1000.0,1001.7,997.7,86,51,2.6,15,9.4,12,0.0
2018/09/29,999.2,1007.5,997.1,66,45,3.0,11,14.7,14,0.0
2018/09/30,1003.7,1006.3,1001.3,65,48,1.9,86,6.7,353,0.0
2018/10/01,1007.0,1008.8,1005.5,84,54,1.7,86,8.5,264,0.0
2018/10/02,1007.7,1009.2,1005.8,75,52,1.8,85,8.0,355,0.0
2018/10/03,1007.4,1009.0,-3098.2,76,46,1.6,20,8.7,355,0.0
2018/10/04,X,1003.2,999.1,81,55,3.1,13,12.2,10,0.0
2018/10/05,1007.1,1007.3,1001.6,67,45,3.1,7,12.8,355,0.0
2018/10/06,1007.5,1009.1,1006.2,68,52,1.3,86,7.5,355,0.0
2018/10/07,1008.2,1009.7,1006.3,83,51,1.3,85,8.1,263,0.0
2018/10/08,1007.8,1009.5,1005.7,82,56,1.4,85,7.0,355,0.0
2018/10/09,1007.4,1008.8,1005.3,86,57,1.6,85,8.1,263,0.0
2018/10/10,1007.9,1009.5,1006.1,89,68,1.5,85,7.4,355,0.0
2018/10/11,1009.4,1011.1,1007.3,81,56,1.7,14,7.8,17,0.0
2018/10/12,1011.1,1012.7,1009.6,89,57,1.4,4,6.4,26,0.0
2018/10/13,1010.7,1012.5,1008.8,82,57,1.4,19,7.1,353,0.0
2018/10/14,1009.2,1011.1,1007.5,79,50,1.4,86,6.8,355,0.0
2018/10/15,1008.4,1010.0,1006.5,83,59,1.5,13,7.0,355,0.0
2018/10/16,1006.9,1008.8,1004.7,87,52,2.1,15,8.6,264,0.0
2018/10/17,1006.1,1007.7,1004.1,85,52,1.7,7,9.6,355,0.0
2018/10/18,1008.2,1010.1,1006.1,89,58,1.5,86,7.4,355,0.5
2018/10/19,1011.1,1013.0,1009.3,86,58,1.6,86,7.2,355,0.0
2018/10/20,1012.6,1014.8,1010.3,80,53,1.5,14,7.8,263,0.0
2018/10/21,1011.5,1013.5,1009.7,80,58,1.4,86,7.3,263,0.0
2018/10/22,1010.3,1012.2,1008.2,81,59,1.7,86,7.6,262,0.0
2018/10/23,1010.6,1012.3,1008.7,81,48,1.6,15,7.5,263,0.0
2018/10/24,1010.6,1012.1,1009.1,82,51,1.6,86,7.5,263,0.0
2018/10/25,1010.9,1012.7,1009.5,85,58,1.3,85,7.5,355,0.0
2018/10/26,1010.1,1012.0,1007.7,82,47,1.9,18,9.5,355,0.0
2018/10/27,1010.4,1012.0,1008.5,76,48,1.6,15,8.5,15,0.0
2018/10/28,1009.3,1012.1,1007.0,61,36,1.9,19,7.6,86,0.0
2018/10/29,1007.2,1008.5,1004.8,61,41,1.7,85,7.3,355,0.0
2018/10/30,1006.3,1007.8,1004.8,64,31,1.4,8,6.9,355,0.0
2018/10/31,1007.0,1008.7,1005.7,93,68,1.7,14,6.6,11,0.0
2018/11/01,1006.9,1008.7,1005.5,93,72,2.4,14,9.5,13,0.5
2018/11/02,1008.6,1010.5,1005.6,97,71,1.5,357,6.7,355,0.5
2018/11/03,1010.1,1011.6,1008.5,86,10,1.2,357,6.0,263,0.0
2018/11/04,1010.5,1012.6,1008.3,100,100,1.5,18,5.9,355,0.0
2018/11/05,1010.8,1012.3,1008.7,100,84,1.4,5,7.1,355,0.0
2018/11/06,1011.8,1013.5,1010.2,86,61,1.2,83,6.7,264,0.0
2018/11/07,1011.8,1013.7,1010.0,89,58,1.2,86,6.5,355,0.0
2018/11/08,1011.0,1012.6,1009.0,89,58,1.4,86,7.3,355,0.0
2018/11/09,1011.3,1012.8,101.1,85,48,1.6,12,7.6,355,0.0
2018/11/10,X,1014.5,1010.5,89,62,1.5,18,7.6,86,0.0
2018/11/11,X,1013.7,1009.0,86,56,1.1,85,6.5,263,0.0
2018/11/12,X,1011.5,1006.3,83,47,1.1,3,6.8,263,0.0
2018/11/13,1007.8,1009.2,1005.3,81,58,1.6,2,5.4,319,0.0
2018/11/14,1009.9,1011.7,1008.0,82,52,1.3,1,6.4,301,0.0
2018/11/15,1010.9,1012.8,1008.7,79,55,1.2,55,6.6,301,0.0
2018/11/16,1010.2,1012.0,1007.8,79,48,1.0,79,5.9,298,0.0
2018/11/17,1010.2,1012.0,1008.2,85,59,1.2,355,6.3,304,0.0
2018/11/18,1010.6,1012.3,1008.5,86,58,1.4,2,6.2,316,0.0
2018/11/19,1010.8,1012.8,1009.0,82,45,2.1,3,9.4,338,0.0
2018/11/20,1011.7,1013.3,1009.6,82,57,1.3,3,6.4,296,0.0
2018/11/21,1010.8,1012.3,1008.3,82,49,1.5,3,7.1,302,0.0
2018/11/22,1012.1,1014.1,1009.8,78,44,1.7,355,8.1,2,0.0
2018/11/23,1013.1,1015.2,1010.6,74,44,1.6,1,7.1,4,0.0
2018/11/24,1013.1,1014.5,1011.0,79,46,1.3,304,6.1,317,0.0
2018/11/25,1012.1,1013.7,1009.8,75,44,1.7,354,10.9,11,0.0
2018/11/26,1012.8,1014.2,1011.5,81,61,1.6,357,10.7,2,0.0
2018/11/27,1012.5,1014.0,1010.8,80,49,1.3,4,5.4,347,0.0
2018/11/28,1013.0,1014.7,1011.0,93,63,1.3,347,6.5,348,0.0
,1014.7,--,--,82,--,1.1,355,--,--,0.0
2018/11/30,1014.7,1016.6,1012.8,83,60,1.3,349,7.1,286,0.0
2018/12/01,1012.9,1015.0,1010.5,85,45,1.3,79,7.8,302,0.0
,1011.4,--,--,83,--,1.4,2,--,--,0.0
,1011.4,--,--,71,--,1.1,359,--,--,0.0
2018/12/04,1010.9,1013.3,1008.8,69,33,0.9,1,8.1,355,0.0
2018/12/05,1009.9,1011.7,1007.6,76,49,1.0,2,5.1,303,0.0
,1009.9,--,--,87,--,1.4,1,--,--,0.0
,1011.8,--,--,93,--,1.8,2,--,--,0.0
,1013.3,--,--,84,--,1.9,1,--,--,0.0
,1013.1,--,--,82,--,1.9,3,--,--,0.0
,1011.5,--,--,85,--,1.6,2,--,--,0.0
,1011.4,--,--,90,--,1.8,341,--,--,0.0
,1015.2,--,--,83,--,1.8,2,--,--,0.0
,1016.9,--,--,77,--,1.6,359,--,--,0.0
2018/12/14,1017.4,1019.3,1015.3,83,51,1.5,360,6.3,308,0.0
2018/12/15,1016.2,1018.3,1014.0,83,55,1.2,3,5.4,300,0.0
2018/12/16,1014.5,1016.8,1011.3,94,69,1.4,351,7.2,2,0.0
,1014.6,--,--,77,--,2.0,357,--,--,0.0
,1015.7,--,--,70,--,1.2,2,--,--,0.0
,1015.0,--,--,75,--,0.9,295,--,--,0.0
2018/12/20,1012.0,1014.7,1009.3,59,17,0.9,3,6.3,339,0.0
2018/12/21,1011.3,1013.3,1009.3,65,34,1.5,4,7.3,312,0.0
2018/12/22,1011.3,1013.0,1008.7,83,45,1.4,359,7.7,336,0.0
2018/12/23,1010.4,1012.0,1008.5,96,15,1.6,4,6.1,6,0.0
2018/12/24,1009.8,1012.2,1007.6,84,58,1.8,1,6.2,312,0.0
2018/12/25,1008.1,1010.8,1005.8,85,55,1.9,2,6.7,6,0.0
2018/12/26,1006.9,1009.0,1004.3,93,57,2.3,359,8.6,11,0.0
2018/12/27,1009.0,1011.6,1006.7,93,73,2.6,1,8.8,3,0.0
2018/12/28,1013.4,1015.8,1011.0,76,51,2.2,1,6.9,2,0.0
,1017.4,--,--,68,--,2.1,345,--,--,0.0
,1017.7,--,--,69,--,1.7,358,--,--,0.0
2018/12/31,1018.4,1020.0,1016.1,80,56,2.1,2,7.7,360,0.0
2019/01/01,1017.8,1020.0,1015.5,93,66,1.5,3,5.8,354,0.0
2019/01/02,1017.7,1019.6,1015.5,X,100,1.4,3,6.3,353,0.5
2019/01/03,1017.8,1020.0,1015.6,X,100,1.6,1,6.0,12,0.0
2019/01/04,1017.2,1019.5,1015.0,X,100,1.1,8,6.0,360,0.0
,1014.7,--,--,X,--,0.9,2,--,--,0.0
2019/01/06,1014.5,1016.1,1012.6,X,100,1.9,2,7.5,2,0.0
2019/01/07,1014.8,1016.6,1012.8,X,100,1.6,1,6.7,306,0.0
2019/01/08,1014.6,1016.5,1011.7,X,100,2.0,3,7.7,6,0.0
2019/01/09,1015.4,1017.6,1013.0,X,100,1.7,356,6.5,287,0.0
2019/01/10,1014.4,1016.2,1012.7,X,100,1.5,1,7.1,304,0.0
2019/01/11,1013.0,1015.0,1010.3,X,100,1.4,7,6.2,290,0.0
2019/01/12,1012.3,1013.7,1010.6,X,100,1.4,2,6.9,308,0.0
2019/01/13,1012.4,1014.3,1010.3,X,100,2.0,3,7.0,295,0.0
2019/01/14,1012.0,1013.8,1009.7,X,100,1.8,5,6.8,293,0.0
2019/01/15,1012.4,1014.3,1010.5,X,100,1.7,2,6.2,300,0.0
2019/01/16,1012.7,1014.5,1010.7,X,100,2.4,1,8.1,12,0.5
2019/01/17,1014.3,1016.5,1012.5,X,100,2.4,355,8.0,360,0.0
,1015.9,--,--,X,--,1.8,6,--,--,0.0
2019/01/19,1014.6,1016.5,1012.5,X,100,1.2,4,6.6,334,0.0
2019/01/20,1013.2,1015.0,1011.2,X,100,1.6,3,7.4,25,0.5
2019/01/21,1013.8,1016.0,1012.1,X,100,2.4,349,8.3,8,0.0
,1014.4,--,--,X,--,3.1,340,--,--,0.0
2019/01/23,1013.9,1015.8,1012.5,X,96,2.1,336,7.1,14,0.0
2019/01/24,1014.2,1015.7,1012.2,X,61,1.7,3,6.2,280,0.0
2019/01/25,1014.8,1016.0,1012.5,59,32,1.9,3,8.9,309,0.0
2019/01/26,1016.2,1017.7,1014.3,69,45,2.1,345,7.0,5,0.0
2019/01/27,1017.4,1020.0,1015.6,62,48,1.9,3,6.4,15,0.0
2019/01/28,1015.9,1018.0,1013.8,68,44,1.2,8,7.2,299,0.0
,1015.8,--,--,62,--,1.3,1,--,--,0.0
2019/01/30,1015.4,1018.0,1013.1,65,33,1.5,1,7.7,297,0.0
2019/01/31,1013.1,1015.1,1011.0,57,39,2.1,319,8.9,305,0.0
2019/02/01,1015.4,1017.5,1013.6,64,51,1.9,339,6.8,302,0.0
,1013.6,--,--,69,--,1.4,2,--,--,0.0
2019/02/03,1012.5,1014.1,1011.0,74,46,1.9,2,10.2,208,0.0
2019/02/04,1012.7,1014.8,1010.6,77,60,1.3,2,6.8,360,0.0
2019/02/05,1011.5,1014.0,1009.0,78,54,1.9,1,8.4,14,2.0
2019/02/06,1009.8,1011.6,1008.0,78,50,1.4,2,7.0,224,0.0
2019/02/07,1010.1,1012.6,1007.2,67,22,1.3,354,8.1,305,0.0
2019/02/08,1010.9,1012.5,1008.7,74,47,2.2,1,8.8,5,0.0
2019/02/09,1013.0,1015.5,1011.1,68,45,1.9,354,8.4,318,0.0
,1015.7,--,--,71,--,2.3,2,--,--,0.0
2019/02/11,1017.6,1019.0,1016.0,71,45,2.1,2,7.7,316,0.0
2019/02/12,1017.7,1019.5,1016.1,74,49,2.0,1,6.7,353,0.0
2019/02/13,1015.8,1018.0,1012.5,71,45,1.6,350,7.7,298,0.0
2019/02/14,1015.2,1016.8,1013.3,73,48,2.0,2,7.9,287,0.0
2019/02/15,1014.6,1017.0,1012.1,77,54,1.6,3,7.4,220,0.0
,1013.1,--,--,73,--,1.9,1,--,--,0.0
2019/02/17,1012.6,1014.2,1010.0,74,48,2.3,2,8.3,291,0.0
2019/02/18,1010.9,1013.0,1007.8,73,50,2.9,182,11.6,187,0.0
2019/02/19,1013.1,1015.3,1011.2,71,40,1.6,268,7.0,276,0.0
2019/02/20,1014.5,1016.6,1012.7,74,51,1.9,208,8.4,209,0.0
2019/02/21,1012.7,1015.0,1010.8,73,52,2.1,1,9.5,218,0.0
2019/02/22,1011.0,1012.6,1008.7,80,50,2.3,1,10.3,295,0.0
2019/02/23,1010.8,1012.6,1007.8,72,57,2.1,2,8.0,355,0.0
,1010.0,--,--,76,--,1.9,359,--,--,0.0
2019/02/25,1011.2,1013.1,1009.0,81,49,2.4,355,8.6,351,4.0
2019/02/26,1012.1,1014.0,1010.5,78,55,1.9,11,7.0,308,0.0
2019/02/27,1010.3,1012.5,1007.5,75,50,2.1,357,6.8,2,0.0
,1009.6,--,--,70,--,1.9,357,--,--,0.0
2019/03/01,1011.1,1012.7,1009.6,81,63,2.1,2,7.5,276,0.0
2019/03/02,1008.2,1011.5,1005.8,80,58,1.8,217,7.5,231,0.0
2019/03/03,1005.9,1008.1,1004.3,71,56,1.7,112,10.0,11,0.0
2019/03/04,1009.2,1011.1,1006.7,75,53,1.7,4,7.7,252,0.0
2019/03/05,1008.0,1010.8,1005.2,64,34,2.8,351,10.0,151,2.0
2019/03/06,1008.5,1011.1,1006.6,81,54,2.3,351,8.9,285,1.5
2019/03/07,1010.5,1012.8,1008.8,90,79,2.2,337,8.2,335,0.5
2019/03/08,1011.3,1013.8,1009.5,90,63,1.6,5,7.6,11,0.5
2019/03/09,1007.0,1010.2,1003.8,84,61,1.4,96,10.7,236,0.5
,1007.5,--,--,85,--,1.9,1,--,--,12.5
2019/03/11,1008.6,1010.7,1006.8,89,67,1.5,3,7.7,303,5.5
2019/03/12,1010.6,1012.8,1008.8,74,47,1.5,265,7.2,265,0.0
2019/03/13,1013.1,1014.7,1011.5,71,48,1.5,266,7.7,291,0.0
2019/03/14,1013.3,1015.3,1010.5,71,50,2.2,354,8.7,302,0.0
2019/03/15,1013.8,1015.1,1011.8,76,63,2.2,360,8.4,351,0.0
2019/03/16,1013.8,1015.3,1012.0,67,49,1.7,122,8.0,253,0.0
2019/03/17,1013.6,1015.5,1011.1,67,45,1.4,1,7.1,231,0.0
,1011.3,--,--,75,--,1.7,2,--,--,0.0
,1009.8,--,--,74,--,1.5,4,--,--,0.0
,1008.7,--,--,78,--,2.0,175,--,--,0.0
2019/03/21,1007.3,1009.0,1005.3,78,50,1.5,1,7.1,273,0.0
,1008.1,--,--,74,--,2.0,6,--,--,0.0
2019/03/23,1011.7,1013.5,1009.2,90,83,2.1,360,7.4,7,3.5
2019/03/24,1012.6,1014.2,1011.1,86,73,1.0,359,5.0,338,0.0
2019/03/25,1011.1,1012.7,1009.3,79,54,1.5,356,8.3,2,0.0
2019/03/26,1013.2,1015.1,1011.5,77,55,2.0,1,6.6,355,0.0
2019/03/27,1012.2,1015.0,1009.6,77,47,1.6,3,6.6,260,0.0
,1007.7,--,--,80,--,1.4,1,--,--,0.0
2019/03/29,1005.7,1008.6,1004.2,80,62,1.9,72,8.7,303,0.0
2019/03/30,1008.4,1010.8,1006.6,76,56,1.8,358,9.0,1,0.0
2019/03/31,1011.4,1014.0,1009.6,74,60,1.9,325,9.0,265,0.0
2019/04/01,1013.5,1015.2,1012.0,76,56,2.0,4,7.4,2,0.0
2019/04/02,1012.6,1015.0,1010.0,73,52,1.6,348,6.8,304,0.0
2019/04/03,1011.2,1013.7,1008.3,77,48,2.4,1,10.8,18,0.0
2019/04/04,1010.5,1012.1,1008.0,79,60,1.6,8,6.8,275,0.0
2019/04/05,1007.8,1010.2,1005.3,79,55,2.2,353,9.5,289,0.0
2019/04/06,1008.3,1010.0,1006.5,78,59,1.6,4,8.7,274,0.0
,1007.8,--,--,76,--,1.9,317,--,--,0.0
,1007.8,--,--,75,--,1.4,262,--,--,0.0
,1006.7,--,--,75,--,2.3,200,--,--,0.0
2019/04/10,1006.5,1008.2,1004.3,81,60,1.3,1,7.7,305,0.0
2019/04/11,1006.0,1007.6,1004.0,76,53,2.0,4,7.9,6,0.0
2019/04/12,1008.7,1011.7,1006.6,76,63,2.1,2,7.8,276,0.0
2019/04/13,1009.4,1011.2,1007.5,73,52,1.9,359,7.3,336,0.0
,1008.2,--,--,74,--,2.1,4,--,--,0.0
2019/04/15,1008.3,1010.0,1006.6,77,59,1.4,234,6.7,265,0.0
2019/04/16,1007.2,1009.8,1005.0,90,74,1.7,3,7.7,1,14.5
2019/04/17,1006.5,1008.0,1005.0,80,49,2.1,248,8.5,294,0.0
,1006.4,--,--,75,--,1.3,5,--,--,0.0
2019/04/19,1005.3,1007.5,1003.0,86,69,2.0,333,15.1,290,77.0
2019/04/20,1004.0,1006.1,1002.0,65,42,1.7,1,6.6,250,0.0
2019/04/21,1004.8,1006.5,1002.7,85,68,1.2,86,6.2,246,14.0
2019/04/22,1005.4,1008.0,1003.3,83,72,1.7,260,8.4,307,0.0
2019/04/23,1005.8,1007.5,1002.7,85,66,2.0,339,8.5,295,0.0
2019/04/24,1005.5,1007.5,1004.1,86,66,1.6,311,7.3,268,0.0
2019/04/25,1005.1,1006.5,1003.6,71,49,1.6,330,8.1,339,0.0
2019/04/26,1006.3,1008.7,1004.5,76,54,1.9,91,8.5,298,0.0
2019/04/27,1007.7,1009.5,1005.6,86,59,1.7,296,8.1,2,0.0
2019/04/28,1008.1,1009.8,1006.3,81,68,1.5,334,7.9,283,0.0
2019/04/29,1006.1,1008.2,1003.3,79,44,1.7,218,9.7,200,0.0
2019/04/30,1003.8,1005.3,1001.5,82,55,2.3,264,8.1,274,0.0
2019/05/01,1003.9,1005.8,1002.0,89,86,1.2,101,11.9,238,46.5
2019/05/02,1006.3,1008.5,1004.0,89,76,1.6,359,9.1,360,3.0
2019/05/03,1008.1,1009.5,1006.2,90,82,1.2,359,5.9,2,0.5
2019/05/04,1008.5,1009.8,1007.2,96,90,0.8,79,5.1,296,9.5
2019/05/05,1005.9,1008.6,1003.1,85,61,1.1,3,5.7,296,0.5
2019/05/06,1003.8,1005.3,1002.3,X,100,1.5,2,6.2,15,32.5
2019/05/07,1004.4,1006.5,1002.5,X,100,1.1,1,6.1,3,2.0
2019/05/08,1004.3,1006.0,1002.2,90,73,1.2,4,7.7,264,1.5
2019/05/09,1003.0,1004.5,1001.0,90,80,1.2,351,6.0,268,0.5
2019/05/10,1004.0,1005.5,1002.6,89,80,1.6,2,7.9,293,1.0
2019/05/11,1005.7,1007.6,1003.5,80,65,1.5,2,7.8,271,0.0
2019/05/12,1005.9,1007.3,1004.1,83,72,1.5,3,8.7,314,0.0
2019/05/13,1005.4,1007.0,1003.5,78,61,1.5,5,8.0,293,0.0
2019/05/14,1004.8,1006.1,1003.0,80,60,1.6,308,6.8,305,0.0
2019/05/15,1004.9,1006.7,1003.5,90,76,0.8,101,6.6,155,13.5
2019/05/16,1003.6,1005.3,1001.3,91,81,1.7,286,7.9,293,0.0
2019/05/17,1002.3,1003.8,1000.5,93,85,1.7,83,9.6,294,0.0
2019/05/18,1002.2,1004.3,1000.6,96,90,2.8,254,9.5,266,4.5
2019/05/19,1003.9,1005.2,1002.5,97,89,2.0,265,8.8,276,0.0
2019/05/20,1003.4,1005.1,1002.1,X,100,2.0,262,10.6,265,69.5
2019/05/21,1004.8,1007.0,1003.6,X,100,1.7,127,8.0,287,1.0
2019/05/22,1005.3,1006.7,1003.8,87,76,1.7,333,7.0,306,5.0
2019/05/23,1006.2,1007.6,1004.7,94,89,1.2,1,6.3,287,0.0
2019/05/24,1007.1,1008.1,1005.7,96,90,1.6,65,7.5,276,0.5
2019/05/25,1006.0,1007.3,1004.2,90,82,1.3,2,7.6,288,0.0
2019/05/26,1004.8,1006.5,1002.8,76,57,1.3,86,5.7,203,0.0
,1004.7,--,--,91,--,1.1,3,--,--,20.5
2019/05/28,1004.6,1006.1,1002.8,95,86,1.4,8,6.8,316,1.5
2019/05/29,1004.8,1006.5,1003.5,94,88,1.5,2,8.7,288,3.0
2019/05/30,1005.2,1006.3,1003.2,89,79,1.5,3,7.5,263,0.0
2019/05/31,1004.4,1005.6,1002.6,87,74,1.4,91,7.1,284,0.0
2019/06/01,1003.9,1005.5,1002.0,89,75,1.9,82,7.4,215,0.0
2019/06/02,1003.6,1005.3,1002.0,86,68,1.7,84,9.0,289,0.0
2019/06/03,1004.0,1005.2,1002.5,83,52,1.7,286,7.6,334,0.0
2019/06/04,1005.1,1007.1,1003.5,91,81,1.1,84,6.4,1,27.0
2019/06/05,1006.0,1007.7,1004.7,89,75,1.4,76,6.2,290,0.0
2019/06/06,1006.4,1007.5,1005.1,84,66,2.9,211,10.3,159,0.0
2019/06/07,1006.2,1007.6,1004.3,91,80,2.2,134,7.6,244,0.0
2019/06/08,1004.4,1006.0,1002.6,87,74,1.8,40,7.9,268,0.0
2019/06/09,1002.6,1004.2,1000.8,82,66,1.3,332,8.5,270,0.0
2019/06/10,1001.1,1002.5,999.1,83,0,1.6,79,11.3,328,81.5
2019/06/11,1001.1,1002.5,999.7,X,0,1.4,84,9.4,360,55.0
2019/06/12,1002.0,1004.0,1000.8,X,0,1.3,83,6.9,273,29.5
2019/06/13,999.8,1000.0,998.0,X,0,1.9,76,9.0,344,56.0
2019/06/14,997.5,999.3,995.5,X,0,1.7,80,10.5,172,35.5
2019/06/15,1000.2,1002.5,998.1,X,0,1.6,2,7.6,286,0.0
2019/06/16,1002.7,1005.2,1001.0,X,0,1.6,43,7.9,226,0.0
,1005.0,--,--,X,--,1.9,154,--,--,0.0
2019/06/18,1005.4,1006.5,1004.1,X,0,1.9,242,7.0,157,0.0
2019/06/19,1004.2,1005.5,1002.0,X,0,2.1,286,7.5,295,0.0
2019/06/20,1003.0,1003.5,1001.7,72,55,1.8,11,8.8,303,0.0
2019/06/21,1002.5,1003.7,1001.1,70,53,2.1,86,9.4,298,0.0
2019/06/22,1001.3,1002.5,999.7,68,48,1.7,64,7.3,284,0.5
2019/06/23,1002.0,1003.6,1000.1,79,66,1.0,80,12.1,271,20.5
2019/06/24,1003.6,1005.3,1002.1,74,61,1.0,83,6.0,293,0.0
2019/06/25,1003.8,1006.8,1002.6,79,51,1.3,41,9.8,264,51.5
2019/06/26,1001.2,1002.8,999.0,86,71,1.5,66,8.2,227,6.5
2019/06/27,999.4,1000.6,998.0,87,70,1.4,69,5.0,159,23.5
2019/06/28,999.4,1000.4,997.7,77,57,2.2,86,7.2,223,0.0
2019/06/29,999.2,1000.5,997.6,85,71,1.2,122,6.6,171,51.5
2019/06/30,999.0,1000.7,997.4,75,63,2.6,155,11.6,154,0.0
2019/07/01,997.7,999.8,995.0,75,57,1.7,6,10.2,17,27.0
2019/07/02,1000.3,1003.7,997.0,88,76,3.1,162,10.5,159,48.0
2019/07/03,1005.1,1007.3,1002.4,88,65,2.4,129,18.8,166,95.5
2019/07/04,1005.7,1007.0,1003.7,81,64,1.3,132,8.2,216,5.0
2019/07/05,1003.0,1004.9,1000.7,84,65,1.1,79,6.4,76,12.0
2019/07/06,1001.2,1002.7,999.6,79,65,1.2,89,8.5,208,3.0
2019/07/07,1003.0,1005.2,1001.4,82,60,1.8,96,12.4,255,10.5
2019/07/08,1004.2,1005.2,1002.8,86,76,1.5,144,9.2,209,17.0
2019/07/09,1002.1,1004.1,1000.4,90,78,1.5,82,15.5,266,63.0
2019/07/10,1002.5,1006.2,1000.5,87,73,2.0,83,12.1,277,76.5
2019/07/11,1006.4,1008.2,1004.1,89,70,1.7,69,7.1,165,68.5
2019/07/12,1005.6,1007.9,1003.2,75,59,1.9,223,6.4,241,0.0
2019/07/13,1003.3,1005.5,1001.0,74,53,1.7,77,7.4,284,0.0
2019/07/14,1001.5,1002.8,999.9,72,58,2.0,281,8.9,248,0.0
2019/07/15,1001.0,1002.5,999.3,73,57,1.6,4,8.5,312,0.0
2019/07/16,999.7,1001.5,997.5,73,58,1.7,360,9.3,296,0.0
2019/07/17,993.4,998.1,989.8,75,48,1.6,245,7.1,303,0.0
2019/07/18,991.9,993.4,990.5,82,66,2.1,160,9.8,183,26.5
2019/07/19,996.6,1002.0,991.1,89,77,1.7,68,9.5,188,195.0
2019/07/20,1003.1,1004.9,1000.7,91,85,1.3,90,12.3,261,41.5
2019/07/21,1004.0,1006.4,1002.6,83,65,1.2,69,6.0,1,44.5
2019/07/22,1003.2,1004.5,1001.9,76,60,2.3,213,10.2,176,0.0
2019/07/23,1002.9,1004.0,1001.3,76,59,1.8,121,8.4,221,0.0
2019/07/24,1003.6,1005.0,1002.3,75,59,1.9,82,8.8,250,0.0
2019/07/25,1004.4,1005.5,1002.7,74,58,1.9,94,8.0,316,0.0
2019/07/26,1002.7,1002.9,1000.7,76,60,1.8,85,8.0,271,0.0
2019/07/27,1002.6,1004.1,1001.0,75,62,1.5,89,8.2,277,0.0
2019/07/28,1003.4,1005.1,1001.7,79,57,0.9,10,7.5,265,5.5
2019/07/29,1003.5,1004.8,1001.6,72,52,1.8,2,8.5,261,0.0
2019/07/30,1002.6,1004.4,1000.6,73,55,1.6,6,8.4,311,0.5
2019/07/31,1001.7,1003.5,999.2,71,54,1.3,5,7.4,344,0.0
2019/08/01,1002.4,1003.8,1001.0,80,65,1.0,20,8.0,163,25.0
2019/08/02,1000.9,1002.5,999.7,84,58,1.1,1,10.5,275,8.5
2019/08/03,998.6,1000.7,997.0,79,60,1.6,78,8.3,296,0.5
2019/08/04,997.5,998.5,996.4,77,60,1.5,83,8.1,293,0.0
2019/08/05,997.6,999.1,996.1,79,51,1.6,123,7.8,266,1.5
2019/08/06,997.1,998.3,995.3,80,64,1.5,21,8.9,296,11.0
2019/08/07,993.9,996.6,991.4,82,63,1.7,96,6.8,303,3.0
2019/08/08,988.9,992.3,985.8,78,59,1.6,4,9.1,14,0.5
2019/08/09,988.0,991.9,987.8,81,61,3.8,348,13.4,235,0.5
2019/08/10,994.5,997.7,991.0,80,76,5.0,249,14.6,253,0.5
2019/08/11,997.7,998.7,996.4,81,73,3.7,251,12.1,260,7.0
2019/08/12,998.5,1000.1,997.0,81,60,1.7,248,10.9,308,11.5
2019/08/13,998.7,1001.0,996.4,88,73,1.3,3,12.2,17,150.0
2019/08/14,999.1,1000.4,996.7,85,67,1.6,75,9.5,282,44.5
2019/08/15,998.6,1000.0,996.7,83,72,3.6,229,14.1,285,19.0
2019/08/16,1000.5,1003.1,998.6,88,77,2.1,83,11.6,245,41.0
2019/08/17,1003.1,1005.4,1001.4,93,87,1.5,70,9.2,8,135.5
2019/08/18,1003.0,1004.5,1001.5,94,87,1.1,72,5.0,1,62.5
2019/08/19,1001.8,1003.3,1000.3,91,84,1.4,136,6.0,175,28.5
2019/08/20,1001.2,1002.1,999.9,90,74,1.4,145,7.9,176,5.5
2019/08/21,1001.1,1002.8,999.2,87,72,2.1,80,6.7,171,6.5
2019/08/22,1001.8,1003.3,1000.1,77,62,1.5,73,7.7,329,0.0
2019/08/23,1000.3,1003.0,998.0,80,65,1.6,5,7.7,303,0.0
2019/08/24,990.7,998.2,980.5,89,78,4.0,352,19.6,184,62.0
2019/08/25,1002.0,1005.5,995.9,88,79,4.5,145,16.9,206,38.0
2019/08/26,1005.1,1007.3,1003.6,72,56,3.3,81,10.8,186,0.0
2019/08/27,1004.0,1006.2,1002.1,78,68,1.6,1,8.6,309,0.0
2019/08/28,1001.7,1003.5,999.8,76,55,1.4,3,7.5,267,0.0
2019/08/29,1002.9,1005.1,1001.3,77,62,1.7,83,6.6,210,4.0
2019/08/30,1004.3,1005.6,1003.2,84,70,1.1,6,7.2,309,5.5
2019/08/31,1003.1,1004.9,1001.4,78,64,1.2,1,6.3,260,2.0
2019/09/01,1003.5,1005.3,1002.2,82,66,1.2,2,7.4,1,7.0
2019/09/02,1004.1,1005.8,1001.8,77,58,1.5,281,8.3,283,0.0
2019/09/03,1001.9,1003.7,999.6,79,56,1.5,2,8.0,272,0.0
2019/09/04,1001.0,1003.1,999.5,88,72,1.0,76,5.7,77,46.0
2019/09/05,998.6,1000.1,996.9,81,64,1.7,78,8.1,251,8.0
2019/09/06,997.6,999.9,995.7,84,61,2.2,81,8.0,202,36.0
2019/09/07,999.9,1002.2,998.1,80,59,1.5,71,5.9,293,2.5
2019/09/08,1001.0,1002.5,999.1,77,59,1.4,80,7.4,244,0.0
2019/09/09,1002.0,1004.2,1000.1,78,59,1.2,89,7.1,261,8.5
2019/09/10,1005.3,1007.9,1002.9,87,76,1.2,8,8.8,2,18.5
2019/09/11,1006.5,1008.2,1004.5,77,58,1.3,82,6.1,276,0.0
2019/09/12,1004.2,1006.3,1002.1,76,57,1.5,308,7.6,313,0.0
2019/09/13,1002.7,1004.0,1000.9,75,53,1.6,82,7.4,308,0.0
2019/09/14,1002.5,1004.0,1000.9,76,61,2.2,209,6.9,131,29.0
2019/09/15,1002.4,1003.7,1000.4,78,63,1.8,111,8.8,293,0.0
2019/09/16,1001.6,1002.6,1000.3,79,60,1.4,117,5.6,283,2.0
2019/09/17,1002.5,1004.0,1001.1,74,60,1.7,59,8.5,272,0.0
2019/09/18,1003.2,1004.5,1001.6,75,61,1.8,1,6.5,218,0.0
2019/09/19,1002.8,1004.4,1001.0,72,58,1.5,3,6.5,309,0.0
2019/09/20,999.1,1002.2,996.6,72,58,2.9,357,12.4,7,0.0
2019/09/21,999.1,1003.1,996.2,62,52,3.4,357,15.6,339,0.0
2019/09/22,1006.0,1009.7,1002.5,66,45,2.1,5,9.4,295,0.0
2019/09/23,1010.4,1012.4,1008.5,71,54,1.5,5,6.3,226,0.0
2019/09/24,1011.3,1012.8,1009.6,71,58,1.6,266,7.3,244,0.0
2019/09/25,1011.0,1012.1,1009.4,67,55,1.4,30,7.4,300,0.0
2019/09/26,1011.0,1012.1,1009.5,69,54,1.3,81,7.1,309,0.0
2019/09/27,1009.9,1011.3,1008.7,74,62,1.1,1,5.8,257,0.0
2019/09/28,1008.2,1009.7,1006.3,76,58,1.5,86,7.0,300,0.0
2019/09/29,1005.1,1008.0,1002.4,73,54,1.5,20,7.2,302,0.0
2019/09/30,996.7,1002.9,993.4,80,70,2.0,349,11.3,2,0.0
2019/10/01,1004.1,1006.7,997.7,72,51,3.0,319,11.6,338,0.0
2019/10/02,1007.2,1008.6,1005.7,70,47,1.7,265,7.7,270,0.0
2019/10/03,1007.9,1009.5,1005.6,77,60,1.3,1,7.2,302,0.0
2019/10/04,1007.6,1009.2,1005.5,72,54,1.6,49,8.1,327,0.0
2019/10/05,1008.5,1010.4,1006.9,76,60,1.3,3,5.9,266,0.0
2019/10/06,1009.9,1011.2,1008.4,80,63,1.3,134,6.5,301,0.0
2019/10/07,1010.6,1012.1,1009.0,74,55,1.5,9,7.1,303,0.0
2019/10/08,1010.1,1011.5,1008.5,76,55,1.3,53,7.1,298,0.0
2019/10/09,1009.1,1010.5,1007.0,74,56,1.8,68,8.3,306,0.0
2019/10/10,1007.7,1009.4,1005.7,76,63,1.6,69,6.6,257,0.0
2019/10/11,1006.3,1007.9,1004.0,75,63,1.6,207,6.8,299,0.0
2019/10/12,1007.1,1009.1,1005.5,77,66,1.6,242,7.1,260,18.5
2019/10/13,1009.0,1010.4,1007.6,77,62,1.8,132,8.4,274,0.0
2019/10/14,1010.9,1012.7,1009.2,74,62,1.7,264,7.9,282,2.0
2019/10/15,1011.9,1013.4,1010.1,68,55,1.5,209,6.9,259,0.0
2019/10/16,1011.4,1012.8,1009.7,71,58,1.5,255,7.5,282,0.0
2019/10/17,1010.3,1011.8,1008.2,70,57,1.4,4,6.9,316,0.0
2019/10/18,1010.3,1011.7,1008.5,70,61,1.5,6,7.3,262,0.0
2019/10/19,1010.5,1012.0,1008.5,71,52,1.5,4,6.9,270,0.0
2019/10/20,1009.7,1011.5,1007.9,73,58,1.6,9,6.4,279,0.0
2019/10/21,1007.9,1009.7,1005.9,71,56,1.4,336,7.0,266,0.0
2019/10/22,1006.6,1008.3,1004.7,68,54,1.2,298,7.4,314,0.0
2019/10/23,1007.0,1009.0,1005.2,68,51,1.4,2,7.4,286,0.0
2019/10/24,1009.4,1011.3,1007.7,73,57,1.2,231,6.2,278,0.0
2019/10/25,1011.3,1012.9,1009.6,75,67,1.4,138,7.4,255,0.0
2019/10/26,1011.4,1013.1,1009.3,75,58,1.5,255,6.6,276,0.0
2019/10/27,1009.6,1011.5,1006.9,74,57,1.4,2,6.5,7,0.0
2019/10/28,1008.6,1010.2,1006.3,77,51,1.9,354,9.4,342,0.0
2019/10/29,1009.0,1010.7,1007.1,77,58,2.0,2,8.9,353,0.0
2019/10/30,1010.1,1011.5,1008.7,74,60,1.5,1,6.4,246,0.0
2019/10/31,1010.0,1010.9,1008.4,76,60,1.3,7,6.9,291,0.0
2019/11/01,1009.3,1011.2,1007.4,75,60,1.4,9,7.5,337,0.0
2019/11/02,1008.1,1009.5,1006.4,76,59,1.6,4,7.0,310,0.0
2019/11/03,1007.4,1009.3,1005.5,77,53,1.5,1,7.9,289,0.0
2019/11/04,1006.9,1008.7,1005.6,81,73,1.3,2,6.0,37,0.5
2019/11/05,1005.5,1007.2,1003.7,74,57,1.4,2,5.4,336,0.0
2019/11/06,1005.2,1006.7,1003.3,75,58,1.4,1,6.6,305,0.0
2019/11/07,1006.2,1007.9,1004.2,76,56,1.5,4,5.9,246,0.0
2019/11/08,1009.1,1011.4,1007.2,72,52,1.8,2,8.4,5,0.0
2019/11/09,1010.8,1012.7,1008.6,71,51,1.5,1,6.5,281,0.0
2019/11/10,1009.8,1011.9,1007.5,71,50,1.3,213,7.4,258,0.0
2019/11/11,1009.9,1011.8,1008.2,70,48,1.3,3,7.0,251,0.0
2019/11/12,1011.6,1013.6,1009.7,67,46,1.1,298,6.9,292,0.0
2019/11/13,1012.5,1014.7,1010.0,72,53,1.3,6,6.6,294,0.0
2019/11/14,1011.2,1013.2,1009.2,72,55,1.7,3,8.4,7,0.0
2019/11/15,1010.6,1012.2,1008.9,72,58,1.3,1,6.7,272,0.0
2019/11/16,1010.3,1012.1,1008.5,72,53,1.1,1,6.3,315,0.0
2019/11/17,1009.5,1011.1,1006.8,71,44,1.8,5,7.9,341,0.0
2019/11/18,1008.4,1010.2,1006.7,72,48,1.6,2,8.2,360,0.0
2019/11/19,1009.2,1011.1,1007.3,72,61,1.7,2,6.4,360,0.0
2019/11/20,1010.8,1012.8,1009.1,71,60,1.1,5,6.1,360,0.0
2019/11/21,1009.9,1011.9,1007.7,75,58,1.7,4,8.1,4,0.0
2019/11/22,1009.3,1010.3,1007.7,79,58,1.9,6,7.0,1,0.0
2019/11/23,1010.9,1013.0,1009.3,79,56,1.3,358,7.1,295,0.0
2019/11/24,1011.8,1013.7,1009.8,80,55,1.3,327,7.2,304,0.0
2019/11/25,1013.5,1015.0,1011.7,78,62,1.4,2,5.7,202,0.0
2019/11/26,1014.0,1015.8,1012.2,77,63,1.4,6,7.1,248,0.0
2019/11/27,1013.6,1015.7,1011.1,78,60,1.4,4,5.8,283,0.0
2019/11/28,1014.3,1015.9,1012.2,77,58,1.8,2,6.8,15,0.0
2019/11/29,1015.4,1016.8,1014.0,72,58,1.4,233,6.4,247,0.0
2019/11/30,1014.2,1016.0,1012.1,76,54,1.4,1,6.8,284,0.0
2019/12/01,1012.3,1014.3,1009.9,80,48,1.7,359,6.1,281,0.0
2019/12/02,1012.8,1014.6,1010.8,73,52,2.8,2,9.4,3,0.0
2019/12/03,1014.5,1015.8,1012.7,67,52,1.5,2,5.7,1,0.0
2019/12/04,1015.4,1016.8,1013.6,79,60,1.4,6,6.4,5,0.5
2019/12/05,1015.3,1016.6,1013.3,89,76,2.3,2,8.9,45,4.5
2019/12/06,1014.4,1015.5,1012.7,95,90,2.0,1,7.3,5,6.0
2019/12/07,1015.7,1018.0,1013.2,84,72,2.1,2,8.6,1,0.0
2019/12/08,1017.0,1018.7,1014.8,74,53,1.2,360,6.6,303,0.0
2019/12/09,1015.4,1017.6,1013.2,67,48,1.1,346,6.4,306,0.0
2019/12/10,1012.4,1014.7,1009.6,66,36,1.8,5,8.4,13,0.0
2019/12/11,1011.7,1014.0,1009.6,73,50,1.6,356,6.7,306,0.0
2019/12/12,1014.9,1017.3,1013.1,75,51,1.3,2,8.4,330,0.0
2019/12/13,1016.7,1018.9,1014.8,72,40,2.1,3,8.7,323,0.0
2019/12/14,1015.8,1018.2,1013.2,70,45,1.2,2,7.1,314,0.0
2019/12/15,1014.8,1016.9,1012.6,74,50,1.0,2,6.8,287,0.0
2019/12/16,1013.1,1015.0,1009.9,76,46,1.2,2,5.9,327,0.0
2019/12/17,1012.9,1015.1,1010.5,70,45,0.9,1,6.6,360,0.0
2019/12/18,1013.2,1014.9,1010.7,73,51,1.6,1,7.2,311,0.0
2019/12/19,1013.7,1015.3,1011.9,84,62,1.9,2,8.8,19,0.0
2019/12/20,1013.2,1014.3,1011.2,85,75,2.0,1,7.3,2,0.0
2019/12/21,1011.8,1013.7,1009.4,83,53,1.4,360,6.6,319,0.0
2019/12/22,1009.9,1011.6,1007.2,82,56,1.9,351,9.8,353,0.0
2019/12/23,1011.3,1013.2,1009.0,81,61,1.8,2,6.1,332,0.0
2019/12/24,1012.4,1014.5,1009.9,82,57,1.7,7,7.1,5,0.0
2019/12/25,1010.7,1013.0,1008.3,78,56,1.3,359,5.6,353,0.0
2019/12/26,1009.6,1011.4,1006.9,75,50,1.9,3,8.8,4,0.0
2019/12/27,1013.2,1015.4,1010.4,73,63,1.7,1,7.9,2,0.0
2019/12/28,1014.1,1016.0,1011.9,73,62,1.2,2,4.9,3,2.0
2019/12/29,1013.3,1015.1,1011.6,94,86,1.3,357,6.4,9,18.5
2019/12/30,1014.6,1016.4,1012.3,83,59,2.0,2,10.1,9,0.5
2019/12/31,1018.3,1020.3,1016.2,86,76,1.9,5,6.0,334,0.0
2019/12/01,1012.3,1014.3,1009.9,80,48,1.7,359,6.1,281,0.0
2019/12/02,1012.8,1014.6,1010.8,73,52,2.8,2,9.4,3,0.0
2019/12/03,1014.5,1015.8,1012.7,67,52,1.5,2,5.7,1,0.0
2019/12/04,1015.4,1016.8,1013.6,79,60,1.4,6,6.4,5,0.5
2019/12/05,1015.3,1016.6,1013.3,89,76,2.3,2,8.9,45,4.5
2019/12/06,1014.4,1015.5,1012.7,95,90,2.0,1,7.3,5,6.0
2019/12/07,1015.7,1018.0,1013.2,84,72,2.1,2,8.6,1,0.0
2019/12/08,1017.0,1018.7,1014.8,74,53,1.2,360,6.6,303,0.0
2019/12/09,1015.4,1017.6,1013.2,67,48,1.1,346,6.4,306,0.0
2019/12/10,1012.4,1014.7,1009.6,66,36,1.8,5,8.4,13,0.0
2019/12/11,1011.7,1014.0,1009.6,73,50,1.6,356,6.7,306,0.0
2019/12/12,1014.9,1017.3,1013.1,75,51,1.3,2,8.4,330,0.0
2019/12/13,1016.7,1018.9,1014.8,72,40,2.1,3,8.7,323,0.0
2019/12/14,1015.8,1018.2,1013.2,70,45,1.2,2,7.1,314,0.0
2019/12/15,1014.8,1016.9,1012.6,74,50,1.0,2,6.8,287,0.0
2019/12/16,1013.1,1015.0,1009.9,76,46,1.2,2,5.9,327,0.0
2019/12/17,1012.9,1015.1,1010.5,70,45,0.9,1,6.6,360,0.0
2019/12/18,1013.2,1014.9,1010.7,73,51,1.6,1,7.2,311,0.0
2019/12/19,1013.7,1015.3,1011.9,84,62,1.9,2,8.8,19,0.0
2019/12/20,1013.2,1014.3,1011.2,85,75,2.0,1,7.3,2,0.0
2019/12/21,1011.8,1013.7,1009.4,83,53,1.4,360,6.6,319,0.0
2019/12/22,1009.9,1011.6,1007.2,82,56,1.9,351,9.8,353,0.0
2019/12/23,1011.3,1013.2,1009.0,81,61,1.8,2,6.1,332,0.0
2019/12/24,1012.4,1014.5,1009.9,82,57,1.7,7,7.1,5,0.0
2019/12/25,1010.7,1013.0,1008.3,78,56,1.3,359,5.6,353,0.0
2019/12/26,1009.6,1011.4,1006.9,75,50,1.9,3,8.8,4,0.0
2019/12/27,1013.2,1015.4,1010.4,73,63,1.7,1,7.9,2,0.0
2019/12/28,1014.1,1016.0,1011.9,73,62,1.2,2,4.9,3,2.0
2019/12/29,1013.3,1015.1,1011.6,94,86,1.3,357,6.4,9,18.5
2019/12/30,1014.6,1016.4,1012.3,83,59,2.0,2,10.1,9,0.5
2019/12/31,1018.3,1020.3,1016.2,86,76,1.9,5,6.0,334,0.0
2020/02/01,1017.1,1019.0,1014.8,64,41,1.0,5,6.0,311,0.0
2020/02/02,1017.2,1020.0,1014.6,65,34,1.3,2,7.3,299,0.0
2020/02/03,1015.7,1017.5,1013.3,70,40,1.4,2,8.5,348,0.0
2020/02/04,1014.3,1015.6,1012.2,78,50,1.7,358,8.4,2,0.0
2020/02/05,1014.3,1015.8,1011.8,78,56,2.2,1,7.2,355,0.0
2020/02/06,1014.2,1015.7,1012.0,79,62,1.9,307,7.9,340,0.0
2020/02/07,1014.6,1016.5,1012.2,83,58,2.7,354,9.7,1,0.0
2020/02/08,1016.8,1019.5,1014.5,79,56,2.1,2,8.0,353,0.0
2020/02/09,1018.4,1020.3,1016.0,75,58,1.8,5,6.7,289,0.0
2020/02/10,1017.3,1019.0,1015.1,73,55,1.4,2,6.8,300,0.0
2020/02/11,1016.7,1018.8,1014.7,72,56,0.6,73,5.0,341,0.0
2020/02/12,1013.3,1016.1,1010.5,68,45,2.3,185,12.0,183,0.0
2020/02/13,1011.4,1013.2,1009.1,78,67,2.2,79,10.1,206,0.0
2020/02/14,1010.0,1012.0,1008.1,77,63,2.0,6,10.4,197,0.0
2020/02/15,1009.5,1011.8,1006.1,76,58,2.9,206,13.3,207,0.0
2020/02/16,1011.9,1015.6,1009.6,77,62,2.1,346,10.1,346,0.0
2020/02/17,1018.5,1020.7,1015.2,79,64,2.0,3,8.1,5,1.0
2020/02/18,1019.6,1021.7,1017.5,65,53,1.7,5,6.0,303,0.0
2020/02/19,1018.9,1020.6,1017.2,71,50,1.8,2,7.7,275,0.0
2020/02/20,1019.6,1021.6,1017.7,73,45,1.6,2,6.3,293,0.0
2020/02/21,1020.9,1023.0,1019.0,78,51,1.5,1,6.8,301,0.0
2020/02/22,1020.0,1021.8,1018.0,80,61,1.6,1,6.9,279,0.0
2020/02/23,1018.6,1021.2,1016.7,80,59,1.1,3,5.9,348,0.0
2020/02/24,1015.6,1017.8,1013.5,77,57,1.3,319,8.5,296,0.0
2020/02/25,1012.9,1015.1,1010.6,71,47,1.5,1,7.2,306,0.0
2020/02/26,1012.7,1014.6,1010.5,73,52,1.6,352,9.1,293,0.0
2020/02/27,1013.7,1015.2,1012.2,80,63,1.7,1,6.5,259,0.0
2020/02/28,1012.4,1014.5,1010.2,75,59,1.5,1,7.7,271,0.0
2020/02/29,1009.7,1012.1,1007.2,73,55,1.3,318,7.8,148,0.0
2020/03/01,1008.8,1010.5,1006.8,77,48,2.0,3,10.2,305,0.0
2020/03/02,1011.9,1014.1,1009.7,79,67,2.0,5,7.5,299,0.0
2020/03/03,1012.8,1015.1,1009.6,68,50,2.0,3,7.3,299,0.0
2020/03/04,1011.7,1014.0,1008.6,73,56,1.9,359,8.1,336,0.0
2020/03/05,1012.7,1014.7,1010.5,79,62,1.8,356,7.7,354,0.0
2020/03/06,1012.0,1014.6,1009.3,74,56,1.4,9,8.7,269,0.0
2020/03/07,1009.0,1011.8,1005.7,73,55,1.6,1,6.7,289,0.0
2020/03/08,1006.6,1008.7,1004.3,76,60,1.6,267,7.9,294,0.0
2020/03/09,1005.0,1006.8,1002.3,76,63,2.1,9,9.7,212,0.0
2020/03/10,1007.6,1011.6,1005.0,83,73,1.8,349,12.7,283,17.5
2020/03/11,1012.7,1014.6,1011.0,72,60,1.7,4,6.5,261,0.0
2020/03/12,1011.3,1013.6,1008.2,73,56,1.6,183,9.4,179,0.0
2020/03/13,1010.4,1012.5,1008.2,79,64,2.0,345,8.3,307,0.0
2020/03/14,1010.9,1013.8,1008.7,90,76,1.7,351,7.1,350,7.5
2020/03/15,1013.8,1015.7,1011.8,64,52,2.2,239,7.6,219,0.0
2020/03/16,1015.1,1017.0,1013.2,67,50,1.4,61,8.2,284,0.0
2020/03/17,1014.2,1016.3,1011.7,64,46,1.5,23,8.3,251,0.0
2020/03/18,1010.9,1013.5,1009.0,72,56,1.2,5,7.0,293,0.0
2020/03/19,1009.5,1011.3,1007.5,71,56,1.4,135,7.8,337,0.0
2020/03/20,1010.2,1011.6,1008.5,73,54,1.5,358,7.1,273,0.0
2020/03/21,1010.6,1013.0,1008.7,76,60,1.1,2,6.0,327,0.0
2020/03/22,1009.3,1011.5,1007.3,77,60,1.7,345,7.4,310,0.0
2020/03/23,1009.0,1010.6,1007.1,75,51,2.0,294,7.9,332,0.0
2020/03/24,1009.8,1011.5,1008.2,76,62,1.4,1,7.1,339,0.0
2020/03/25,1009.1,1010.8,1007.1,76,57,1.4,351,6.7,296,0.0
2020/03/26,1009.0,1010.8,1006.2,69,47,3.0,179,12.7,183,0.0
2020/03/27,1008.8,1010.6,1006.6,74,61,2.4,153,9.2,214,0.0
2020/03/28,1007.6,1009.8,1005.1,78,57,2.3,356,10.8,3,14.0
2020/03/29,1009.4,1011.5,1006.5,74,61,2.1,1,7.3,290,0.0
2020/03/30,1008.0,1009.6,1006.0,69,46,1.6,3,7.1,328,0.0
2020/03/31,1008.1,1010.2,1005.8,78,57,1.7,5,7.5,269,0.0
2020/04/01,1009.1,1011.7,1007.0,76,62,2.1,2,7.3,312,0.0
2020/04/02,1012.3,1015.5,1009.7,78,64,1.5,1,8.6,1,0.0
2020/04/03,1012.0,1013.8,1009.8,78,61,2.0,5,7.6,295,0.0
2020/04/04,1011.7,1013.7,1009.8,74,53,1.9,345,9.2,1,0.0
2020/04/05,1012.5,1014.3,1010.5,71,55,1.8,2,8.0,293,0.0
2020/04/06,1010.8,1013.1,1008.0,85,79,1.5,345,7.1,1,23.0
2020/04/07,1009.0,1010.6,1007.0,81,59,2.1,358,8.5,360,22.0
2020/04/08,1010.1,1012.2,1008.1,76,60,1.6,3,6.7,299,0.0
2020/04/09,1011.2,1013.0,1009.7,71,53,1.6,2,6.9,314,0.0
2020/04/10,1012.7,1014.5,1011.0,75,62,1.3,57,7.4,282,0.0
2020/04/11,1009.7,1013.0,1007.3,75,52,1.6,354,8.0,3,0.0
2020/04/12,1009.2,1012.8,1007.0,69,51,3.7,352,12.3,14,0.0
2020/04/13,1012.3,1014.8,1010.6,44,32,2.2,2,9.9,7,0.0
2020/04/14,1012.1,1013.7,1010.0,59,44,1.3,314,7.6,283,0.0
2020/04/15,1010.2,1012.2,1008.1,61,40,1.9,1,10.2,294,0.0
2020/04/16,1010.3,1011.6,1008.8,66,44,1.0,6,6.8,315,0.0
2020/04/17,1010.3,1012.0,1008.3,68,48,1.2,310,7.5,266,0.0
2020/04/18,1009.4,1011.3,1006.8,71,50,1.6,212,7.6,215,0.0
2020/04/19,1007.8,1009.7,1006.1,78,56,1.8,79,7.7,171,0.0
2020/04/20,1008.3,1010.5,1006.8,76,57,1.4,3,7.5,289,0.0
2020/04/21,1008.0,1009.5,1006.0,75,60,1.8,355,7.7,268,0.0
2020/04/22,1009.0,1011.5,1006.8,77,64,2.1,2,7.4,240,0.0
2020/04/23,1010.8,1011.6,1009.6,75,67,1.9,352,7.5,19,0.0
2020/04/24,1012.0,1013.5,1010.3,77,69,1.5,1,7.0,346,0.0
2020/04/25,1011.5,1013.1,1009.6,73,56,1.5,302,7.4,289,0.0
2020/04/26,1010.4,1012.2,1008.0,70,50,2.0,355,8.6,321,0.0
2020/04/27,1010.6,1012.0,1009.2,69,53,1.4,239,7.2,285,0.0
2020/04/28,1011.0,1012.2,1009.5,69,51,1.7,259,7.7,265,0.0
2020/04/29,1011.1,1012.5,1009.6,72,57,1.8,291,7.9,261,0.0
2020/04/30,1010.1,1012.0,1008.3,64,46,1.5,299,7.4,303,0.0
2020/05/01,1007.5,1009.7,1005.1,63,48,1.6,293,8.9,298,0.0
2020/05/02,1005.1,1007.2,1003.1,72,57,1.9,111,8.5,202,0.0
2020/05/03,1004.5,1006.0,1003.1,78,64,2.0,128,8.7,288,0.0
2020/05/04,1005.8,1007.0,1004.6,74,55,1.8,266,8.1,274,0.0
2020/05/05,1005.1,1006.2,1003.3,75,58,2.0,74,7.9,237,0.0
2020/05/06,1005.0,1006.5,1003.5,73,63,1.8,2,8.1,310,0.0
2020/05/07,1005.3,1006.7,1004.0,72,57,1.8,276,9.2,270,0.0
2020/05/08,1005.2,1006.6,1003.5,74,60,1.9,262,8.6,267,0.0
2020/05/09,1005.0,1006.5,1003.6,75,60,2.0,285,9.2,315,0.0
2020/05/10,1005.2,1006.5,1003.0,78,59,2.1,260,8.6,276,0.0
2020/05/11,1004.9,1006.8,1002.6,76,51,1.6,3,7.2,297,0.0
2020/05/12,1005.4,1007.3,1003.7,79,66,1.7,2,10.5,302,1.0
2020/05/13,1007.5,1009.0,1006.1,76,58,1.6,251,7.6,260,0.0
2020/05/14,1006.9,1008.6,1005.0,71,57,1.6,288,7.8,287,0.0
2020/05/15,1004.0,1005.8,1001.6,67,52,2.1,84,10.8,167,0.0
2020/05/16,1002.9,1004.8,1000.5,65,37,2.7,1,14.7,196,0.0
2020/05/17,1000.2,1002.1,997.0,71,51,2.2,305,10.7,335,0.0
2020/05/18,1000.8,1002.5,999.0,76,61,2.0,144,9.6,273,3.0
2020/05/19,1002.7,1004.1,1000.0,84,67,1.1,134,8.8,1,20.0
2020/05/20,1004.1,1005.2,1002.0,83,65,1.3,128,10.6,202,18.0
2020/05/21,1002.9,1004.5,1001.1,92,84,1.6,124,6.8,130,94.0
2020/05/22,1000.3,1002.3,998.1,96,86,1.8,8,11.2,243,380.5
2020/05/23,1001.3,1003.5,998.8,91,85,1.0,74,5.2,226,8.5
2020/05/24,1004.4,1006.5,1002.6,85,65,1.3,71,6.5,290,0.0
2020/05/25,1005.8,1006.7,1004.6,77,57,1.5,4,6.5,287,0.0
2020/05/26,1005.2,1006.7,1003.5,83,70,2.2,249,10.6,266,51.0
2020/05/27,1005.3,1007.1,1003.3,91,80,1.5,137,7.5,162,112.5
2020/05/28,1006.7,1008.3,1005.0,85,63,1.6,137,8.0,5,59.5
2020/05/29,1007.1,1008.5,1005.0,84,74,1.7,188,7.0,199,1.5
2020/05/30,1008.1,1009.5,1007.0,78,60,1.6,240,7.0,293,0.0
2020/05/31,1007.6,1009.0,1005.2,77,60,1.9,268,7.6,306,0.0
2020/06/01,1007.1,1008.7,1004.6,75,52,1.8,78,7.5,265,0.0
2020/06/02,1006.0,1007.8,1004.0,76,58,1.6,264,8.6,282,0.0
2020/06/03,1005.3,1006.8,1003.0,74,57,1.9,289,8.1,293,0.0
2020/06/04,1004.9,1006.5,1003.5,71,51,1.7,8,8.3,335,0.0
2020/06/05,1004.7,1006.0,1003.1,73,57,1.6,79,10.4,282,0.0
2020/06/06,1004.0,1005.2,1003.0,80,61,1.5,94,11.7,269,36.0
2020/06/07,1003.7,1005.0,1002.5,76,51,1.9,264,11.3,303,5.5
2020/06/08,1004.7,1006.2,1002.3,82,62,1.5,141,18.0,212,12.5
2020/06/09,1005.6,1007.0,1004.3,73,57,1.1,89,4.6,127,0.0
2020/06/10,1005.5,1007.0,1004.0,73,61,1.7,86,8.1,269,0.0
2020/06/11,1003.6,1005.6,1001.3,71,53,1.7,54,6.8,332,0.0
2020/06/12,1001.5,1003.1,999.5,75,51,1.6,357,8.5,308,0.0
2020/06/13,1003.0,1007.0,1000.2,70,51,3.3,5,15.6,154,0.0
2020/06/14,1007.5,1010.1,1005.7,71,54,3.0,146,11.0,176,0.0
2020/06/15,1008.1,1010.0,1006.5,68,51,2.0,5,8.7,267,0.0
2020/06/16,1005.5,1007.7,1003.6,71,61,1.6,283,10.2,267,0.0
2020/06/17,1004.5,1005.6,1003.5,71,57,1.8,308,7.9,281,0.0
2020/06/18,1004.7,1006.0,1003.5,71,53,1.7,271,8.8,293,0.0
2020/06/19,1005.0,1006.1,1003.5,71,53,2.0,277,8.5,308,0.0
2020/06/20,1004.3,1006.0,1002.5,72,54,1.7,271,8.7,304,0.0
2020/06/21,1002.5,1003.8,1000.7,73,54,1.5,89,8.4,281,0.0
2020/06/22,1002.7,1004.1,1001.5,73,58,2.0,79,8.9,276,0.0
2020/06/23,1003.2,1004.0,1002.0,72,57,1.9,92,8.8,261,0.0
2020/06/24,1002.9,1004.0,1001.1,75,59,2.3,99,8.4,274,8.0
2020/06/25,1003.7,1005.6,1001.7,71,53,2.0,82,8.2,268,0.0
2020/06/26,1005.2,1006.5,1004.3,74,59,1.6,78,6.8,283,7.0
2020/06/27,1005.1,1006.5,1003.7,73,56,2.8,220,10.3,158,0.0
2020/06/28,1004.0,1005.6,1002.0,70,56,2.4,83,9.0,184,0.0
2020/06/29,1002.7,1004.6,1001.0,77,56,2.3,257,10.6,178,22.5
2020/06/30,1002.2,1004.0,1001.0,83,64,2.4,134,9.1,259,13.5
2020/07/01,1002.4,1004.5,1001.0,84,66,2.0,135,10.6,208,29.5
2020/07/02,1004.0,1006.6,1002.0,80,63,1.9,86,9.0,207,0.0
2020/07/03,1005.9,1008.0,1004.5,74,59,2.1,107,9.5,182,0.0
2020/07/04,1005.3,1007.2,1003.1,75,63,1.6,263,7.2,248,0.0
2020/07/05,1003.5,1005.5,1002.1,74,58,1.6,73,7.4,302,0.0
2020/07/06,1004.2,1006.3,1002.3,74,59,1.8,136,7.9,263,9.5
2020/07/07,1006.0,1007.1,1005.0,75,56,1.7,252,8.7,252,5.0
2020/07/08,1003.6,1005.5,1001.8,73,55,1.9,74,8.4,271,0.0
2020/07/09,1001.7,1002.7,1001.0,71,55,1.9,80,7.8,299,0.5
2020/07/10,1003.4,1004.5,1001.2,69,50,1.8,238,7.6,317,0.0
2020/07/11,1004.2,1005.6,1002.5,71,59,1.8,76,7.8,287,0.0
2020/07/12,1003.7,1005.3,1001.1,70,54,1.8,326,8.9,299,0.0
2020/07/13,1002.9,1004.0,1001.2,68,52,1.5,7,7.8,268,0.0
2020/07/14,1001.5,1002.6,1000.1,75,54,1.4,215,8.3,303,1.5
2020/07/15,1002.4,1004.3,999.5,87,77,1.0,118,5.6,132,43.0
2020/07/16,1003.7,1005.0,1002.5,78,56,1.4,3,9.9,308,5.5
2020/07/17,1005.0,1006.6,1003.5,77,55,1.6,87,8.0,4,9.5
2020/07/18,1004.7,1006.0,1003.5,72,50,1.8,256,7.6,260,0.0
2020/07/19,1004.7,1006.5,1003.1,75,59,1.7,73,8.0,297,9.0
2020/07/20,1006.0,1007.5,1004.6,75,53,1.6,25,8.1,247,0.5
2020/07/21,1006.5,1007.7,1004.7,71,53,1.4,7,7.5,299,0.0
2020/07/22,1005.5,1007.0,1003.7,76,54,1.5,251,7.4,266,0.0
2020/07/23,1004.8,1005.6,1003.5,78,54,1.3,355,9.3,251,1.0
2020/07/24,1003.9,1005.8,1001.7,74,59,1.7,20,7.1,260,0.0
2020/07/25,1003.2,1004.5,1001.5,75,62,1.8,135,6.6,274,0.0
2020/07/26,1003.1,1004.0,1001.3,76,61,1.6,147,8.1,274,0.0
2020/07/27,1003.0,1004.5,1001.5,74,56,1.8,82,7.2,207,0.5
2020/07/28,1004.1,1005.5,1002.2,81,62,1.7,84,7.6,267,9.5
2020/07/29,1003.6,1005.5,1001.6,79,53,1.2,1,7.3,256,0.0
2020/07/30,1002.5,1005.3,1000.5,77,61,0.8,79,4.7,20,0.5
2020/07/31,1002.7,1004.6,1001.5,83,71,1.0,1,4.6,1,1.0
2020/08/01,1003.6,1004.8,1001.8,78,58,1.4,74,7.4,334,0.0
2020/08/02,1003.1,1004.5,1001.5,83,65,1.4,262,8.4,342,33.0
2020/08/03,1001.7,1003.0,1000.5,93,83,1.6,75,8.9,223,69.5
2020/08/04,1004.0,1006.3,1001.7,93,83,1.9,113,14.1,186,73.0
2020/08/05,1005.7,1008.1,1004.0,77,59,1.0,3,8.0,1,0.0
2020/08/06,1006.2,1008.0,1004.3,80,63,1.5,77,8.0,259,0.0
2020/08/07,1004.0,1006.5,1002.1,78,56,1.3,262,7.5,281,0.0
2020/08/08,1000.9,1003.6,998.1,77,60,1.5,89,9.9,340,0.0
2020/08/09,999.6,1001.3,998.0,78,64,1.9,303,9.2,303,0.0
2020/08/10,1000.8,1002.2,999.5,76,54,3.3,163,14.2,166,4.0
2020/08/11,1005.5,1009.5,1001.0,81,65,3.9,144,15.4,159,16.5
2020/08/12,1008.2,1010.3,1006.1,72,54,2.8,210,12.0,199,0.0
2020/08/13,1007.5,1009.5,1005.5,79,61,1.4,71,10.4,322,65.5
2020/08/14,1005.6,1008.0,1003.3,82,60,1.1,34,8.3,310,88.5
2020/08/15,1005.1,1006.6,1003.5,84,63,1.1,354,7.5,256,8.5
2020/08/16,1004.8,1006.0,1003.2,80,57,1.1,21,8.5,6,0.0
2020/08/17,1003.7,1006.0,1002.5,80,65,1.0,1,7.3,200,0.0
2020/08/18,1003.3,1004.7,1001.6,79,57,1.3,259,10.3,282,0.0
2020/08/19,1003.9,1005.5,1002.0,76,53,1.2,76,8.0,280,1.0
2020/08/20,1004.3,1006.0,1002.5,76,59,2.0,7,8.5,271,0.0
2020/08/21,1003.4,1004.8,1001.6,84,65,1.2,149,8.7,134,21.5
2020/08/22,1001.6,1003.1,1000.2,91,83,1.4,108,8.9,259,45.5
2020/08/23,1002.6,1004.3,1001.1,83,63,2.0,296,9.4,300,27.5
2020/08/24,1000.9,1003.2,998.5,85,69,2.1,88,8.2,311,42.0
2020/08/25,1000.2,1001.6,998.8,87,69,1.3,85,7.6,250,47.0
2020/08/26,1000.7,1002.6,999.1,95,90,1.6,69,8.4,52,246.5
2020/08/27,1000.1,1001.8,998.0,93,83,1.9,123,10.2,245,94.0
2020/08/28,1000.6,1002.1,999.5,86,69,2.2,132,8.6,201,7.5
2020/08/29,1000.4,1001.7,998.7,77,61,1.4,112,9.0,280,0.0
2020/08/30,1000.4,1001.7,998.3,80,59,1.6,13,9.8,332,6.0
2020/08/31,999.4,1001.1,997.0,85,62,1.3,85,6.8,321,13.5
2020/09/01,998.9,1001.7,997.2,80,65,2.1,319,10.8,326,0.0
2020/09/02,1002.2,1004.0,1000.8,81,69,1.8,60,7.8,237,0.5
2020/09/03,1004.5,1006.7,1002.6,82,70,1.9,85,8.7,293,12.0
2020/09/04,1004.5,1006.5,1002.5,77,60,1.5,68,7.4,275,0.0
2020/09/05,1001.5,1004.3,999.1,75,61,1.5,7,8.6,308,0.0
2020/09/06,1000.0,1002.5,998.0,61,33,1.7,359,10.6,6,0.0
2020/09/07,1004.2,1007.2,1002.0,62,32,1.3,239,6.6,198,0.0
2020/09/08,1007.3,1009.0,1006.2,68,48,1.6,338,7.4,293,0.0
2020/09/09,1005.5,1007.8,1003.1,73,55,1.6,258,8.6,266,0.0
2020/09/10,1003.1,1004.5,1000.8,75,62,1.6,83,8.0,264,0.0
2020/09/11,1004.4,1006.5,1003.0,76,63,1.5,75,6.7,211,0.0
2020/09/12,1006.7,1008.0,1005.0,81,67,1.2,327,6.2,273,8.0
2020/09/13,1006.8,1008.0,1004.6,77,59,1.3,79,8.2,309,0.0
2020/09/14,1005.7,1007.2,1003.0,76,58,1.1,98,6.9,317,0.0
2020/09/15,1005.2,1006.8,1003.1,77,57,1.4,103,8.0,302,0.0
2020/09/16,1004.5,1005.8,1003.2,73,58,1.5,111,7.4,292,0.0
2020/09/17,1004.2,1006.5,1002.5,70,56,1.5,66,7.5,293,0.0
2020/09/18,1007.3,1009.8,1005.3,77,56,1.2,229,11.2,93,13.5
2020/09/19,1008.4,1010.0,1006.5,79,62,1.5,94,8.0,287,0.0
2020/09/20,1006.6,1008.7,1004.1,81,62,1.4,340,8.4,133,13.0
2020/09/21,1005.4,1007.1,1003.6,78,62,1.3,257,7.5,266,0.0
2020/09/22,1004.8,1005.8,1003.1,77,65,1.8,3,7.3,281,0.0
2020/09/23,1005.2,1006.6,1003.6,74,61,1.5,5,6.4,347,0.0
2020/09/24,1004.9,1006.3,1003.1,77,57,1.5,2,7.9,355,0.0
2020/09/25,1004.1,1005.5,1002.5,79,63,1.8,3,6.6,196,0.0
2020/09/26,1004.4,1006.1,1002.7,75,62,1.8,7,7.7,282,0.0
2020/09/27,1005.6,1007.3,1003.5,74,59,1.6,3,7.6,286,0.0
2020/09/28,1005.3,1007.0,1003.0,75,57,1.7,355,8.1,322,0.0
2020/09/29,1003.2,1006.0,1001.0,74,62,1.7,4,6.6,286,0.0
2020/09/30,1002.5,1003.7,1000.8,70,58,1.2,67,7.3,287,0.0
2020/10/01,1004.0,1006.0,1002.5,75,64,1.8,256,7.6,272,0.0
2020/10/02,1005.7,1007.6,1004.0,74,53,1.7,82,8.3,280,0.0
2020/10/03,1005.8,1007.3,1003.3,74,58,1.4,64,7.3,301,0.0
2020/10/04,1004.6,1006.8,1002.2,74,57,1.5,7,7.3,286,0.0
2020/10/05,1005.2,1007.0,1003.6,71,58,1.5,257,7.3,264,0.0
2020/10/06,1006.7,1008.3,1005.0,72,57,1.9,1,7.7,226,0.0
2020/10/07,1007.3,1009.2,1005.3,70,64,1.4,1,6.4,6,0.0
2020/10/08,1007.7,1009.3,1006.1,72,62,1.1,133,4.0,332,0.0
2020/10/09,1007.4,1009.0,1005.3,71,57,1.6,356,7.2,281,0.0
2020/10/10,1005.8,1007.6,1004.0,74,55,1.4,1,5.9,316,0.0
2020/10/11,1004.3,1006.0,1001.8,77,58,1.5,4,6.7,303,0.0
2020/10/12,1004.5,1006.5,1002.8,78,62,1.4,332,8.3,259,0.0
2020/10/13,1006.9,1009.0,1005.1,78,61,1.4,10,7.4,310,0.0
2020/10/14,1008.5,1009.7,1007.0,78,62,1.6,5,7.8,306,0.0
2020/10/15,1008.1,1009.6,1006.0,75,56,1.6,8,7.1,277,0.0
2020/10/16,1008.2,1009.7,1006.5,74,59,1.2,281,7.1,305,0.0
2020/10/17,1008.6,1010.1,1007.2,78,60,1.3,65,7.5,267,0.0
2020/10/18,1009.2,1011.0,1007.7,78,60,1.6,1,6.4,279,0.0
2020/10/19,1008.5,1010.1,1006.2,76,61,1.8,1,6.6,1,0.0
2020/10/20,1006.6,1009.1,1004.3,76,57,1.3,6,7.0,315,0.0
2020/10/21,1003.0,1005.5,1001.0,81,62,1.4,2,5.9,225,0.0
2020/10/22,1002.4,1005.5,1000.2,84,71,2.2,357,9.8,360,6.0
2020/10/23,1005.5,1007.6,1002.8,89,76,1.5,4,7.3,349,1.5
2020/10/24,1008.3,1010.0,1006.1,82,64,1.2,79,6.1,274,0.0
2020/10/25,1009.1,1010.8,1007.0,78,64,1.6,265,5.7,298,0.0
2020/10/26,1007.4,1009.5,1004.7,78,65,1.3,5,6.1,292,0.0
2020/10/27,1007.3,1009.3,1004.8,75,60,1.2,1,6.1,296,0.0
2020/10/28,1009.8,1011.2,1008.0,76,60,1.4,9,6.3,324,0.0
2020/10/29,1011.1,1012.8,1009.0,76,59,1.3,259,6.7,303,0.0
2020/10/30,1011.1,1012.2,1009.5,74,60,1.4,2,6.8,360,0.0
2020/10/31,1010.5,1012.6,1008.3,70,59,1.5,254,6.4,225,0.0
2020/11/01,1009.1,1011.0,1007.1,71,48,1.4,46,7.3,319,0.0
2020/11/02,1007.8,1009.1,1005.5,74,53,1.3,2,7.3,269,0.0
2020/11/03,1009.2,1010.8,1007.1,73,57,1.7,5,6.7,327,0.0
2020/11/04,1010.5,1012.0,1008.6,69,58,1.4,1,7.7,256,0.0
2020/11/05,1010.4,1012.5,1008.5,71,56,1.4,2,7.3,299,0.0
2020/11/06,1006.4,1010.0,1002.6,86,69,1.9,4,10.7,345,7.0
2020/11/07,1009.0,1011.0,1006.7,90,76,2.3,4,10.8,150,23.5
2020/11/08,1010.5,1012.8,1008.8,86,73,2.0,342,6.8,355,0.0
2020/11/09,1010.9,1012.6,1009.3,88,84,1.5,357,6.1,10,2.0
2020/11/10,1012.5,1013.8,1011.1,83,64,1.6,3,6.0,8,0.0
2020/11/11,1013.1,1014.5,1011.5,77,57,1.5,3,6.3,301,0.0
2020/11/12,1011.3,1013.1,1009.5,74,60,1.2,341,4.7,317,0.0
2020/11/13,1010.0,1011.5,1008.6,82,70,1.4,1,6.6,3,0.0
2020/11/14,1011.5,1013.6,1009.2,86,73,1.0,7,5.3,2,0.0
2020/11/15,1013.1,1014.7,1012.0,85,68,1.0,319,5.4,286,0.0
2020/11/16,1011.6,1013.3,1009.5,82,68,1.0,309,6.5,302,0.0
2020/11/17,1010.1,1011.5,1008.6,78,62,1.1,5,7.1,304,0.0
2020/11/18,1008.3,1010.1,1006.2,77,60,1.1,76,6.8,300,0.0
2020/11/19,1007.5,1009.2,1005.5,75,58,1.1,48,6.0,293,0.0
2020/11/20,1008.1,1009.5,1006.5,73,58,1.2,2,6.7,323,0.0
2020/11/21,1009.7,1011.5,1008.0,82,70,1.5,256,6.1,283,0.0
2020/11/22,1012.0,1013.6,1010.5,81,60,1.4,360,6.2,306,0.0
2020/11/23,1013.2,1014.6,1011.7,82,65,1.5,355,6.9,296,0.0
2020/11/24,1013.4,1015.3,1011.2,78,60,1.6,1,6.0,347,0.0
2020/11/25,1012.8,1014.5,1010.5,79,62,1.4,5,6.6,292,0.0
2020/11/26,1013.1,1015.0,1011.1,81,61,1.1,316,6.9,298,0.0
2020/11/27,1013.6,1015.5,1011.5,77,60,1.6,316,6.5,297,0.0
2020/11/28,1014.1,1016.0,1012.0,77,59,1.8,3,5.9,7,0.0
2020/11/29,1014.4,1016.0,1012.6,77,63,1.6,2,6.5,299,0.0
2020/11/30,1014.6,1016.1,1012.5,75,60,1.3,1,5.6,271,0.0
2020/12/01,1013.5,1015.7,1011.5,77,59,1.2,347,7.4,277,0.0
2020/12/02,1011.5,1013.6,1009.0,75,52,1.4,345,6.4,346,0.0
2020/12/03,1011.2,1012.7,1009.3,72,56,2.0,1,8.4,10,0.0
2020/12/04,1011.4,1013.5,1009.2,75,62,1.5,1,7.5,353,0.0
2020/12/05,1012.3,1014.0,1010.5,75,58,1.7,1,6.7,7,0.0
2020/12/06,1011.9,1013.5,1010.0,79,62,1.6,3,5.7,1,0.0
2020/12/07,1012.3,1014.0,1009.8,80,63,1.6,343,6.4,299,0.0
2020/12/08,1011.7,1014.0,1009.7,84,70,2.1,1,7.9,13,0.0
2020/12/09,1010.6,1012.5,1008.7,88,79,1.0,1,5.8,6,4.0
2020/12/10,1010.1,1011.6,1008.0,88,72,1.8,2,7.9,16,0.0
2020/12/11,1009.2,1011.5,1006.7,87,67,1.3,2,6.5,6,0.0
2020/12/12,1009.1,1011.0,1007.0,84,65,1.7,3,5.9,233,0.0
2020/12/13,1009.7,1011.8,1007.5,78,45,1.4,355,6.5,218,0.0
2020/12/14,1012.1,1014.3,1010.0,79,60,1.7,343,8.1,350,0.0
2020/12/15,1014.7,1016.5,1012.6,78,61,2.1,2,6.9,23,0.0
2020/12/16,1015.2,1017.3,1013.3,78,60,1.6,3,5.5,11,0.0
2020/12/17,1014.3,1016.1,1012.0,78,59,1.8,3,6.5,285,0.0
2020/12/18,1014.0,1015.5,1011.1,79,56,2.2,3,7.9,342,0.0
2020/12/19,1014.7,1016.3,1012.5,81,64,2.3,2,8.6,360,0.0
2020/12/20,1015.5,1017.7,1013.3,76,63,1.8,5,6.7,3,0.0
2020/12/21,1014.6,1016.5,1013.0,89,80,1.1,356,5.0,360,0.5
2020/12/22,1012.8,1015.0,1010.6,84,63,1.5,4,5.4,260,0.0
2020/12/23,1010.3,1013.0,1008.0,88,73,1.8,6,8.2,3,1.5
2020/12/24,1008.9,1011.1,1006.6,82,62,2.4,360,7.5,2,0.0
2020/12/25,1012.3,1014.5,1010.0,78,60,1.6,3,5.3,7,0.0
2020/12/26,1012.4,1015.1,1009.3,70,43,2.1,2,8.5,4,0.0
2020/12/27,1010.2,1012.0,1007.7,74,47,1.7,359,7.3,354,0.0
2020/12/28,1008.5,1010.0,1006.5,78,55,1.4,2,6.2,207,0.0
2020/12/29,1007.9,1009.7,1005.5,79,55,1.9,2,8.3,331,0.0
2020/12/30,1013.5,1017.7,1008.8,74,58,3.0,1,12.0,3,0.0
2020/12/31,1018.6,1020.3,1017.0,66,58,1.6,1,6.2,22,0.0
2021/01/01,1018.0,1020.3,1015.5,70,49,1.8,4,6.9,327,0.0
2021/01/02,1016.2,1018.0,1013.5,74,51,1.5,6,6.4,289,0.0
2021/01/03,1016.0,1018.1,1013.1,74,44,2.0,360,8.9,4,0.0
2021/01/04,1014.4,1016.6,1011.8,80,50,2.2,2,7.5,13,0.0
2021/01/05,1012.9,1015.0,1010.5,79,54,2.5,340,10.0,3,0.0
2021/01/06,1012.6,1014.8,1009.8,78,68,1.4,346,5.5,12,0.0
2021/01/07,1013.3,1015.3,1011.5,87,75,2.0,349,9.4,10,0.0
2021/01/08,1016.5,1018.0,1015.0,79,72,2.7,1,9.1,131,0.0
2021/01/09,1017.0,1018.8,1014.7,66,54,1.8,3,6.4,360,0.0
2021/01/10,1016.5,1018.3,1013.7,68,47,1.4,3,6.9,284,0.0
2021/01/11,1016.4,1018.7,1014.0,74,60,2.2,357,9.2,10,0.0
2021/01/12,1015.5,1017.6,1013.2,72,53,2.7,357,10.2,353,0.0
2021/01/13,1013.4,1015.2,1010.6,66,41,1.6,4,6.5,351,0.0
2021/01/14,1012.5,1014.3,1010.1,65,42,0.8,297,5.6,285,0.0
2021/01/15,1010.7,1012.8,1007.6,67,42,1.2,3,6.1,13,0.0
2021/01/16,1011.3,1013.5,1009.1,71,41,1.3,359,6.7,360,0.0
2021/01/17,1015.3,1017.8,1013.0,74,51,2.3,359,7.3,16,0.0
2021/01/18,1016.1,1017.8,1013.5,74,57,1.7,1,5.9,353,0.0
2021/01/19,1014.4,1015.7,1012.7,73,56,1.4,4,7.6,352,0.0
2021/01/20,1012.8,1014.7,1010.7,78,51,1.5,1,6.7,306,0.0
2021/01/21,1009.9,1012.2,1007.5,78,49,1.1,3,4.5,265,0.0
2021/01/22,1006.3,1008.2,1004.2,86,71,1.1,3,7.1,321,2.0
2021/01/23,1008.0,1010.8,1005.7,90,75,1.4,338,5.9,339,0.0
2021/01/24,1011.6,1013.3,1010.0,85,71,1.3,1,6.3,322,0.0
2021/01/25,1012.0,1014.5,1009.5,78,47,1.8,1,6.9,5,0.0
2021/01/26,1011.4,1013.5,1009.3,80,59,1.1,5,6.5,308,0.0
2021/01/27,1012.0,1013.8,1009.5,86,65,1.5,1,5.8,298,0.0
2021/01/28,1013.9,1016.0,1011.5,80,55,2.8,1,10.9,335,0.0
2021/01/29,1015.9,1017.6,1014.5,72,59,1.7,6,7.1,298,0.0
2021/01/30,1017.5,1019.0,1015.7,76,56,1.4,6,6.3,306,0.0
2021/01/31,1017.0,1019.3,1014.7,72,54,1.2,76,8.0,284,0.0
2021/02/01,1014.5,1016.8,1012.0,54,19,1.3,70,7.6,284,0.0
2021/02/02,1014.3,1016.1,1012.2,63,29,1.2,2,7.7,289,0.0
2021/02/03,1016.2,1018.3,1014.1,78,59,1.1,359,8.3,312,0.0
2021/02/04,1016.1,1018.6,1014.0,75,54,1.2,322,6.7,296,0.0
2021/02/05,1014.5,1016.7,1012.5,80,53,1.1,258,6.2,301,0.0
2021/02/06,1012.8,1015.3,1010.7,74,53,1.1,4,6.5,289,0.0
2021/02/07,1012.6,1014.6,1010.1,74,49,1.3,3,6.5,302,0.0
2021/02/08,1013.5,1015.8,1012.0,80,68,1.3,340,7.6,315,0.0
2021/02/09,1013.2,1015.3,1011.1,79,64,1.8,300,8.0,314,0.0
2021/02/10,1008.8,1012.2,1006.0,82,68,1.6,1,6.1,321,0.0
2021/02/11,1005.3,1007.5,1002.8,87,64,2.8,353,11.4,336,16.5
2021/02/12,1008.6,1010.5,1006.7,85,64,2.1,2,6.8,303,0.0
2021/02/13,1010.1,1011.8,1008.5,83,66,1.6,2,6.9,294,0.0
2021/02/14,1009.4,1011.3,1007.3,87,64,1.4,315,8.8,307,0.0
2021/02/15,1010.0,1011.2,1009.0,83,58,1.5,360,7.1,274,0.0
2021/02/16,1010.8,1012.5,1008.6,73,43,1.4,303,8.1,316,0.0
2021/02/17,1013.1,1016.3,1011.2,72,52,1.9,359,7.4,333,0.0
2021/02/18,1017.7,1019.6,1016.0,69,59,1.7,1,7.0,233,0.0
2021/02/19,1017.8,1019.8,1016.0,71,58,1.1,288,7.9,288,0.0
2021/02/20,1015.3,1017.6,1013.3,68,41,1.1,2,7.5,315,0.0
2021/02/21,1013.2,1015.7,1011.0,60,43,1.2,3,7.6,304,0.0
2021/02/22,1011.2,1013.1,1009.0,64,44,1.2,3,7.5,314,0.0
2021/02/23,1009.5,1011.8,1007.6,76,50,1.6,6,6.2,307,0.5
2021/02/24,1008.4,1010.5,1006.3,86,71,1.3,307,6.0,2,0.0
2021/02/25,1006.0,1008.2,1003.6,80,64,2.1,3,7.5,3,0.0
2021/02/26,1004.8,1007.0,1002.5,77,57,1.7,1,8.7,2,0.0
2021/02/27,1008.3,1011.0,1006.3,81,61,1.7,350,8.5,343,0.0
2021/02/28,1010.6,1012.5,1008.8,79,61,1.5,7,8.2,304,0.0
2021/03/01,1011.2,1013.1,1009.5,73,53,1.4,328,7.9,307,0.0
2021/03/02,1012.0,1015.1,1010.0,73,61,1.8,334,9.7,305,0.0
2021/03/03,1014.6,1016.2,1012.7,75,62,1.6,2,8.2,287,0.0
2021/03/04,1013.5,1015.5,1011.8,75,57,1.6,306,7.1,319,0.0
2021/03/05,1011.7,1013.6,1009.5,77,62,1.5,1,7.1,315,0.0
2021/03/06,1011.6,1013.2,1009.6,78,63,1.7,251,7.3,269,0.0
2021/03/07,1012.5,1014.5,1010.5,79,65,2.0,2,6.9,335,0.0
2021/03/08,1013.9,1015.7,1011.5,79,66,1.9,4,7.2,281,0.0
2021/03/09,1014.2,1016.1,1011.6,79,59,1.8,353,6.8,303,0.0
2021/03/10,1014.7,1016.5,1012.5,81,68,1.5,1,7.2,304,0.0
2021/03/11,1014.7,1016.8,1012.5,79,65,1.3,10,6.8,284,0.0
2021/03/12,1013.4,1015.3,1010.8,73,50,1.5,316,9.2,289,0.0
2021/03/13,1012.7,1014.5,1010.6,76,65,1.5,259,7.9,298,0.0
2021/03/14,1011.2,1013.0,1009.1,73,57,1.4,8,6.8,325,0.0
2021/03/15,1009.9,1012.0,1007.3,71,59,1.5,306,8.4,298,0.0
2021/03/16,1008.6,1010.1,1006.7,66,51,1.3,293,7.8,288,0.0
2021/03/17,1008.1,1009.5,1006.0,65,49,1.4,307,8.0,305,0.0
2021/03/18,1008.2,1010.0,1006.3,77,57,1.5,1,7.0,317,0.0
2021/03/19,1007.6,1010.0,1005.2,75,61,1.5,299,7.4,282,0.0
2021/03/20,1006.3,1007.8,1004.3,74,59,1.5,5,7.1,322,0.0
2021/03/21,1009.4,1013.8,1006.2,76,61,2.8,349,9.9,339,0.0
2021/03/22,1015.5,1017.5,1013.0,75,66,2.0,360,7.2,360,0.0
2021/03/23,1014.4,1017.0,1011.7,75,56,1.2,1,6.1,303,0.0
2021/03/24,1011.1,1013.7,1008.5,85,69,2.0,2,9.8,2,4.0
2021/03/25,1011.1,1013.5,1009.1,72,48,1.8,341,7.1,281,0.0
2021/03/26,1010.0,1012.6,1007.3,73,53,1.5,343,7.7,320,0.0
2021/03/27,1007.2,1009.7,1004.3,74,57,1.2,358,6.6,292,0.0
2021/03/28,1004.6,1006.6,1002.3,77,67,1.5,4,8.8,302,0.0
2021/03/29,1003.8,1005.6,1001.3,79,65,1.5,1,6.9,321,0.0
2021/03/30,1002.9,1004.3,1001.5,83,70,1.6,304,8.1,301,0.0
2021/03/31,1003.2,1004.8,1001.5,80,63,1.4,322,7.2,317,0.0
2021/04/01,1004.0,1006.0,1002.1,78,57,1.3,15,7.1,264,0.0
2021/04/02,1005.5,1007.5,1004.0,78,61,1.6,1,8.1,323,0.0
2021/04/03,1006.7,1008.0,1005.0,77,58,1.6,3,8.0,292,0.0
2021/04/04,1008.0,1009.7,1006.3,75,56,1.9,296,7.8,1,0.0
2021/04/05,1011.1,1012.7,1009.5,72,64,2.1,216,7.5,280,0.0
2021/04/06,1011.8,1013.6,1010.1,74,64,1.8,131,6.7,167,0.0
2021/04/07,1010.5,1013.0,1008.7,77,70,1.4,2,7.8,299,0.0
2021/04/08,1008.7,1010.6,1006.3,75,57,1.9,343,8.6,16,0.0
2021/04/09,1010.6,1012.6,1008.6,74,59,1.8,1,6.9,11,0.0
2021/04/10,1012.9,1014.3,1011.0,74,55,2.1,1,7.3,261,0.0
2021/04/11,1013.4,1015.0,1011.7,75,55,1.5,2,7.5,259,0.0
2021/04/12,1011.4,1013.8,1008.8,72,54,1.4,348,7.0,284,0.0
2021/04/13,1009.3,1011.0,1007.3,76,63,1.9,298,7.9,298,0.0
2021/04/14,1008.3,1010.0,1006.2,75,59,2.1,1,7.7,283,0.0
2021/04/15,1007.7,1009.3,1005.0,74,56,2.2,1,7.9,274,0.0
2021/04/16,1008.4,1009.7,1006.8,76,60,1.7,295,7.4,302,0.0
2021/04/17,1009.0,1010.3,1007.0,70,54,1.8,356,7.8,306,0.0
2021/04/18,1008.7,1010.0,1006.1,73,59,2.5,260,8.6,266,0.0
2021/04/19,1007.6,1009.0,1006.2,76,63,1.8,116,7.5,245,0.0
2021/04/20,1007.1,1008.5,1005.3,74,59,1.6,305,8.5,309,0.0
2021/04/21,1005.8,1007.8,1003.7,70,62,1.5,3,7.2,308,0.0
2021/04/22,1003.0,1005.0,1000.8,78,65,1.7,2,7.9,286,0.0
2021/04/23,1002.1,1004.0,999.6,77,57,2.0,360,10.7,292,0.0
2021/04/24,1005.1,1007.0,1003.2,75,61,2.6,230,9.7,217,0.0
2021/04/25,1007.3,1009.2,1005.0,85,72,1.3,212,7.6,271,9.5
2021/04/26,1009.4,1011.5,1007.6,90,83,1.2,320,6.0,258,4.0
2021/04/27,1010.9,1012.3,1009.5,84,69,1.3,128,7.7,337,3.0
2021/04/28,1010.3,1012.1,1008.3,80,61,1.3,2,7.4,308,0.0
2021/04/29,1007.8,1009.3,1006.2,88,78,1.0,2,6.4,349,10.0
2021/04/30,1007.6,1009.0,1006.3,80,61,1.4,7,7.3,276,0.0
2021/05/01,1008.1,1009.7,1006.6,73,56,1.4,1,6.7,273,0.0
2021/05/02,1009.5,1011.0,1007.8,70,54,1.3,301,6.7,293,0.0
2021/05/03,1009.1,1011.0,1007.1,82,62,1.0,335,5.8,276,0.5
2021/05/04,1007.3,1009.0,1005.0,75,55,3.0,173,12.1,206,0.0
2021/05/05,1008.4,1010.3,1006.8,76,59,2.0,169,8.3,301,0.0
2021/05/06,1010.0,1011.5,1008.3,74,63,1.8,291,7.2,307,0.0
2021/05/07,1008.3,1010.5,1005.6,73,58,1.4,1,8.1,256,0.0
2021/05/08,1005.6,1007.2,1003.3,75,50,2.3,78,7.9,148,0.0
2021/05/09,1005.1,1007.2,1002.5,75,62,1.9,4,7.9,296,0.0
2021/05/10,1005.1,1007.1,1002.8,73,61,1.7,68,6.8,293,0.0
2021/05/11,1005.0,1006.8,1003.1,75,50,2.0,150,7.6,275,0.0
2021/05/12,1004.9,1006.5,1002.6,74,51,2.0,112,8.0,303,0.0
2021/05/13,1005.2,1006.6,1003.0,76,57,2.4,136,6.7,229,0.0
2021/05/14,1005.3,1006.5,1003.5,64,46,2.7,211,9.7,238,0.0
2021/05/15,1005.1,1006.6,1003.5,66,51,3.6,188,11.3,166,0.0
2021/05/16,1005.6,1007.2,1003.6,72,58,3.1,180,10.2,209,0.0
2021/05/17,1006.0,1007.7,1004.5,76,54,2.2,99,7.8,311,0.0
2021/05/18,1005.9,1007.8,1003.6,74,61,2.7,132,8.8,224,0.0
2021/05/19,1004.7,1006.2,1002.5,75,55,3.4,157,12.1,218,0.0
2021/05/20,1005.3,1006.5,1003.3,72,48,2.5,38,8.9,176,0.0
2021/05/21,1004.7,1006.3,1002.6,75,58,2.1,127,8.8,261,0.0
2021/05/22,1003.7,1005.5,1001.7,74,56,1.9,263,8.1,297,0.0
2021/05/23,1004.4,1006.0,1003.0,74,56,1.9,68,9.1,277,0.0
2021/05/24,1005.6,1007.1,1003.6,73,52,2.1,260,8.6,271,0.0
2021/05/25,1005.9,1007.5,1004.0,73,56,1.6,81,7.9,271,0.0
2021/05/26,1005.5,1007.0,1003.5,76,61,2.4,106,8.0,250,0.0
2021/05/27,1005.3,1006.7,1003.6,74,61,2.1,82,10.1,274,0.0
2021/05/28,1005.3,1007.1,1003.5,77,61,2.1,257,8.7,253,0.0
2021/05/29,1003.6,1004.6,1002.0,79,55,1.4,237,8.9,271,13.5
2021/05/30,1001.7,1003.6,1000.1,91,80,1.2,94,7.3,2,50.0
2021/05/31,1001.4,1003.5,1000.0,86,70,1.2,85,6.6,310,2.5
2021/06/01,1003.2,1004.5,1001.7,84,70,1.9,68,10.5,163,62.0
2021/06/02,1004.0,1005.5,1002.0,74,58,2.0,236,7.7,229,0.0
2021/06/03,1002.3,1004.6,999.6,72,52,2.8,82,10.4,181,0.0
2021/06/04,999.9,1002.1,996.7,77,61,3.0,204,9.4,152,0.0
2021/06/05,1000.7,1003.0,999.0,92,78,1.9,148,11.6,245,60.0
2021/06/06,1002.3,1005.0,999.0,95,87,2.6,68,14.9,277,205.5
2021/06/07,1005.3,1007.2,1003.5,82,67,1.3,93,11.4,232,2.0
2021/06/08,1005.3,1006.6,1002.7,75,55,1.3,6,8.3,199,0.0
2021/06/09,1004.1,1005.5,1002.0,77,61,1.6,8,7.9,296,4.0
2021/06/10,1002.6,1004.5,1000.1,76,60,1.3,3,7.5,286,0.5
2021/06/11,1003.4,1006.6,1001.8,74,59,1.4,49,7.4,313,0.0
2021/06/12,1005.9,1007.7,1004.1,75,56,1.8,3,9.7,206,2.0
2021/06/13,1005.6,1007.5,1002.8,76,57,1.6,135,7.9,258,0.0
2021/06/14,1002.9,1005.2,1001.0,75,60,2.1,61,8.7,287,0.0
2021/06/15,1001.4,1002.5,1000.2,79,66,1.7,258,7.4,305,7.0
2021/06/16,1003.6,1005.5,1000.8,88,82,1.2,65,9.1,294,23.0
2021/06/17,1004.8,1006.0,1004.0,82,72,1.2,83,6.9,239,9.5
2021/06/18,1003.5,1005.5,1001.6,84,67,1.4,112,7.4,237,8.0
2021/06/19,1001.6,1003.0,1000.2,89,74,1.7,87,9.0,261,110.0
2021/06/20,1000.0,1002.0,998.8,93,87,1.1,90,8.6,317,123.5
2021/06/21,1000.4,1001.8,998.5,90,80,1.9,84,7.6,287,41.0
2021/06/22,1002.2,1003.5,999.1,92,76,1.4,98,8.2,268,42.0
2021/06/23,1003.5,1005.6,1001.2,88,72,1.4,90,10.6,214,43.5
2021/06/24,1003.6,1005.5,1001.7,86,66,2.1,134,7.0,209,25.5
2021/06/25,1003.6,1005.5,1001.8,87,70,1.5,90,8.6,273,80.0
2021/06/26,1004.9,1006.5,1003.3,85,58,1.4,69,9.0,277,2.5
2021/06/27,1004.2,1006.3,1002.8,92,77,1.1,90,8.3,276,27.5
2021/06/28,1003.4,1004.5,1002.2,94,82,1.5,67,8.9,234,83.0
2021/06/29,1003.9,1005.0,1003.0,92,82,1.3,89,8.8,268,72.0
2021/06/30,1004.4,1005.6,1003.1,82,65,1.8,262,7.4,278,0.0
2021/07/01,1004.2,1005.7,1002.3,78,61,1.5,266,8.5,275,0.0
2021/07/02,1004.3,1005.5,1002.8,78,66,1.8,298,7.9,307,0.0
2021/07/03,1003.8,1005.5,1002.3,77,60,1.8,126,7.8,265,0.0
2021/07/04,1003.7,1005.3,1002.5,78,61,1.9,1,8.8,344,0.0
2021/07/05,1002.8,1004.3,1001.2,82,60,1.4,2,9.2,327,2.0
2021/07/06,1003.0,1007.0,998.5,80,67,2.5,197,9.2,213,5.0
2021/07/07,1007.0,1009.0,1006.0,72,61,3.5,209,11.2,171,0.0
2021/07/08,1007.5,1008.6,1006.0,78,60,1.6,251,7.8,281,0.0
2021/07/09,1006.3,1007.8,1004.6,75,57,1.8,90,8.0,258,0.0
2021/07/10,1006.3,1008.2,1005.0,74,55,1.4,220,7.4,261,0.0
2021/07/11,1007.4,1008.5,1006.0,75,59,1.2,82,8.0,299,0.0
2021/07/12,1006.5,1008.1,1004.3,74,58,1.3,6,6.7,200,0.0
2021/07/13,1004.9,1006.0,1003.2,74,57,1.4,226,8.0,216,0.0
2021/07/14,1004.3,1005.8,1002.0,77,57,1.4,351,9.8,4,25.0
2021/07/15,1004.9,1006.0,1003.5,86,67,1.2,68,7.9,263,32.5
2021/07/16,1004.3,1005.6,1002.8,80,58,1.2,70,7.3,268,0.5
2021/07/17,1001.4,1003.5,999.5,78,60,1.4,84,9.2,153,7.0
2021/07/18,999.8,1001.1,997.7,75,60,1.3,43,8.3,259,0.0
2021/07/19,1000.0,1001.6,998.1,81,64,1.1,295,7.1,5,52.0
2021/07/20,1000.2,1001.3,999.2,91,74,1.4,76,8.8,276,138.5
2021/07/21,994.9,995.5,994.2,77,68,2.0,2,6.4,351,2.5
2021/07/22,991.1,994.3,988.7,82,71,3.7,354,12.8,326,0.0
2021/07/23,989.5,991.0,987.3,83,73,4.1,348,13.6,336,8.5
2021/07/24,992.3,994.7,990.0,82,68,3.3,359,11.9,291,0.0
2021/07/25,994.8,996.6,993.5,88,80,2.0,244,9.5,267,21.5
2021/07/26,994.6,996.3,993.0,84,74,2.5,260,10.3,291,7.5
2021/07/27,992.9,994.3,990.8,81,61,1.9,11,7.1,277,3.0
2021/07/28,994.7,997.0,992.8,86,67,1.8,137,6.9,270,13.5
2021/07/29,998.0,1000.0,995.8,88,70,1.7,3,6.4,70,83.0
2021/07/30,999.6,1001.0,997.8,94,91,1.7,77,6.5,131,85.5
2021/07/31,998.7,1000.5,997.0,96,92,1.6,96,9.2,339,168.5
2021/08/01,995.7,997.5,993.7,93,80,2.2,52,10.4,221,132.0
2021/08/02,995.2,996.7,994.3,96,88,1.5,131,7.9,71,80.5
2021/08/03,996.0,998.0,994.1,91,75,1.9,93,8.9,239,14.0
2021/08/04,996.2,998.0,994.7,92,82,2.7,155,10.5,148,65.5
2021/08/05,996.0,997.7,993.8,95,85,2.8,138,12.6,234,126.5
2021/08/06,995.3,996.6,994.0,91,85,4.5,212,15.4,235,72.0
2021/08/07,997.1,1001.0,993.2,95,90,4.9,244,19.5,290,162.5
2021/08/08,1002.4,1005.0,1000.0,95,90,1.6,99,9.2,263,88.5
2021/08/09,1004.0,1005.2,1002.1,93,78,1.0,78,5.9,2,46.0
2021/08/10,1004.4,1006.1,1003.0,87,74,1.4,112,11.6,178,0.0
2021/08/11,1006.0,1007.5,1004.3,84,65,1.7,76,8.3,283,0.0
2021/08/12,1006.4,1008.3,1004.1,82,68,1.5,239,7.4,281,4.5
2021/08/13,1004.4,1005.8,1003.2,90,76,1.9,155,8.2,212,8.0
2021/08/14,1005.1,1008.0,1003.1,95,82,1.4,88,8.2,218,82.5
2021/08/15,1007.6,1009.7,1006.0,80,62,1.3,231,7.0,276,0.0
2021/08/16,1008.9,1010.1,1007.5,79,64,1.7,83,7.3,259,0.0
2021/08/17,1006.7,1008.8,1004.1,77,59,1.9,59,7.4,274,0.0
2021/08/18,1004.6,1006.1,1002.5,80,65,1.4,244,6.5,139,0.0
2021/08/19,1004.9,1006.2,1003.2,80,60,1.6,92,7.3,216,9.5
2021/08/20,1005.7,1007.1,1004.0,77,61,1.6,68,8.6,311,0.0
2021/08/21,1004.9,1006.1,1003.5,78,62,1.4,100,8.5,262,0.0
2021/08/22,1003.8,1005.0,1001.7,73,59,1.5,9,7.5,318,0.0
2021/08/23,1004.1,1005.6,1002.8,75,54,1.6,246,7.5,250,0.0
2021/08/24,1004.7,1006.7,1003.2,77,60,1.7,86,8.5,206,0.0
2021/08/25,1006.0,1008.5,1004.5,79,62,1.4,86,6.7,260,0.0
2021/08/26,1007.5,1009.0,1005.5,78,58,1.2,7,8.9,303,7.0
2021/08/27,1007.5,1008.5,1005.8,77,53,1.1,4,7.7,291,1.5
2021/08/28,1006.7,1008.2,1005.1,78,62,1.5,275,8.6,309,0.0
2021/08/29,1006.6,1008.0,1005.0,77,60,1.2,1,7.6,304,0.0
2021/08/30,1006.8,1009.5,1005.0,87,78,0.9,4,7.4,360,5.0
2021/08/31,1006.7,1008.5,1005.2,81,68,1.3,353,7.4,38,1.0
2021/09/01,1006.2,1007.5,1004.3,83,66,1.4,67,8.3,265,1.5
2021/09/02,1005.1,1007.1,1003.0,84,66,1.3,75,8.7,297,0.5
2021/09/03,1003.8,1005.6,1002.1,83,68,1.1,133,7.9,301,1.0
2021/09/04,1004.8,1006.3,1002.8,83,59,1.4,4,8.9,316,14.0
2021/09/05,1005.7,1008.8,1003.5,85,60,1.3,1,7.5,316,37.5
2021/09/06,1006.5,1008.5,1004.8,83,60,1.4,5,8.4,300,6.5
2021/09/07,1006.2,1007.7,1004.5,84,61,1.0,5,7.2,300,26.0
2021/09/08,1004.9,1006.7,1003.5,83,64,1.3,307,8.4,310,0.0
2021/09/09,1004.8,1006.0,1003.5,80,68,1.3,290,7.1,318,0.0
2021/09/10,1002.9,1005.2,1000.6,79,64,1.1,5,6.5,283,0.0
2021/09/11,995.7,1000.6,991.8,83,68,1.3,11,6.8,306,0.0
2021/09/12,995.0,1001.5,990.5,86,79,3.4,313,13.9,302,5.0
2021/09/13,1003.9,1007.2,1000.5,90,72,1.0,80,6.2,18,7.0
2021/09/14,1007.6,1009.2,1006.0,87,71,1.5,136,8.2,283,15.5
2021/09/15,1006.7,1008.5,1004.3,82,65,1.5,6,7.9,259,0.0
2021/09/16,1005.0,1007.0,1002.5,78,63,1.6,142,6.7,208,0.0
2021/09/17,1005.6,1007.2,1004.2,78,64,1.5,79,6.1,288,0.0
2021/09/18,1007.2,1008.7,1005.8,80,61,1.2,2,7.9,183,4.0
2021/09/19,1007.4,1008.5,1006.2,78,60,1.2,76,6.7,285,0.0
2021/09/20,1006.5,1008.1,1004.0,76,56,1.3,277,7.3,284,0.0
2021/09/21,1005.5,1007.1,1003.2,80,62,1.0,65,8.7,134,13.0
2021/09/22,1007.0,1009.8,1005.2,80,62,1.3,256,8.2,294,7.0
2021/09/23,1009.6,1011.2,1007.8,79,60,1.3,74,10.6,31,0.5
2021/09/24,1009.3,1011.0,1007.2,78,61,1.4,79,7.5,307,0.0
2021/09/25,1007.7,1009.0,1006.0,77,54,1.6,70,9.3,2,7.0
2021/09/26,1006.5,1008.0,1004.6,78,63,1.2,66,6.0,281,0.0
2021/09/27,1005.1,1006.5,1003.3,75,59,1.6,68,7.3,314,0.0
2021/09/28,1003.8,1005.2,1002.0,75,61,1.4,253,6.9,270,0.0
2021/09/29,1002.8,1004.2,1000.7,77,64,1.6,281,7.1,308,0.0
2021/09/30,1003.5,1006.0,1001.7,78,63,1.5,287,6.7,317,0.0
2021/10/01,1005.1,1007.0,1003.2,78,63,1.3,326,7.7,295,0.0
2021/10/02,1006.9,1008.3,1005.0,78,54,1.2,70,8.8,156,0.5
2021/10/03,1007.9,1009.2,1006.5,79,62,1.3,72,6.7,289,0.0
2021/10/04,1007.7,1009.5,1006.2,77,62,1.3,8,7.5,310,0.0
2021/10/05,1005.9,1007.6,1004.1,76,59,1.4,69,7.6,292,0.0
2021/10/06,1003.7,1006.2,1001.5,76,58,1.7,290,6.3,257,0.0
2021/10/07,1003.2,1004.7,1001.8,83,66,1.4,1,6.8,307,0.0
2021/10/08,1003.8,1005.5,1002.5,81,67,1.2,75,6.0,315,0.5
2021/10/09,1004.1,1006.0,1002.5,81,67,1.5,283,6.8,288,0.0
2021/10/10,1002.1,1004.3,1000.0,79,59,1.2,29,7.2,276,0.0
2021/10/11,993.7,1000.0,990.0,85,73,1.0,10,4.9,139,4.0
2021/10/12,994.8,1000.7,990.0,92,80,1.0,250,5.8,161,10.5
2021/10/13,1003.4,1006.0,999.8,91,77,0.9,95,5.5,107,10.5
2021/10/14,1005.7,1007.7,1004.0,92,83,0.8,73,3.8,138,10.0
2021/10/15,1005.4,1007.0,1004.0,87,76,1.4,111,7.2,311,0.0
2021/10/16,1008.0,1010.6,1005.7,82,57,1.4,273,10.0,354,13.0
2021/10/17,1010.5,1012.0,1008.6,79,56,1.3,4,6.4,277,0.0
2021/10/18,1011.8,1013.6,1009.8,77,66,1.3,8,6.4,266,0.0
2021/10/19,1012.4,1014.2,1010.5,77,62,1.3,2,7.3,210,0.0
2021/10/20,1011.2,1012.8,1009.5,77,61,1.3,261,7.0,294,0.0
2021/10/21,1008.8,1010.5,1006.8,75,56,2.1,4,9.0,7,0.0
2021/10/22,1011.2,1013.0,1009.6,79,62,1.6,3,6.3,2,0.0
2021/10/23,1012.4,1013.7,1011.1,77,60,1.1,2,6.5,295,0.0
2021/10/24,1011.4,1013.0,1008.8,78,61,1.7,2,6.9,10,0.0
2021/10/25,1009.6,1011.3,1007.5,79,59,1.5,358,6.1,301,0.0
2021/10/26,1010.0,1011.5,1008.3,79,56,1.6,1,6.9,263,0.0
2021/10/27,1011.3,1012.7,1009.7,79,62,1.5,5,7.7,267,0.0
2021/10/28,1012.2,1013.6,1010.6,79,66,1.4,278,7.6,280,0.0
2021/10/29,1012.7,1014.7,1010.8,77,62,1.2,357,7.1,279,0.0
2021/10/30,1013.3,1014.5,1012.0,74,59,1.2,240,7.6,315,0.0
2021/10/31,1013.0,1014.5,1011.0,77,59,1.3,1,6.6,317,0.0
2021/11/01,1013.0,1014.6,1011.0,78,57,1.1,5,7.0,317,0.0
2021/11/02,1012.3,1014.3,1010.0,79,57,1.4,359,6.6,312,0.0
2021/11/03,1011.2,1012.7,1009.2,79,63,1.3,255,7.3,300,0.0
2021/11/04,1010.1,1011.6,1008.2,76,63,1.4,359,7.7,299,0.0
2021/11/05,1008.0,1010.6,1005.5,79,59,1.1,2,5.7,213,0.0
2021/11/06,1005.3,1006.7,1003.1,75,55,1.4,359,7.8,311,0.0
2021/11/07,1007.0,1008.6,1005.7,79,59,1.1,4,6.2,255,0.0
2021/11/08,1009.0,1011.5,1007.1,79,66,1.8,356,8.1,342,0.0
2021/11/09,1012.1,1014.5,1010.3,72,55,1.8,1,6.6,355,0.0
2021/11/10,1012.0,1013.5,1009.8,63,39,1.9,2,8.3,11,0.0
2021/11/11,1011.9,1014.0,1009.3,65,46,1.5,4,6.5,43,0.0
2021/11/12,1012.6,1015.0,1011.1,65,55,1.2,354,6.7,26,0.0
2021/11/13,1011.9,1014.2,1009.3,76,56,2.6,359,9.4,317,0.0
2021/11/14,1011.6,1013.8,1008.8,78,55,1.7,358,7.3,354,0.0
2021/11/15,1011.2,1013.0,1009.1,73,58,1.3,1,7.5,266,0.0
2021/11/16,1011.5,1013.0,1009.2,76,53,1.5,1,8.1,299,0.0
2021/11/17,1011.1,1013.0,1009.5,82,60,1.4,4,7.2,8,0.0
2021/11/18,1007.6,1010.5,1004.3,81,52,2.4,359,10.3,3,0.0
2021/11/19,1006.0,1007.6,1004.0,81,61,1.8,2,6.4,355,0.0
2021/11/20,1007.7,1009.5,1006.1,81,62,1.1,3,5.3,310,0.0
2021/11/21,1008.5,1010.0,1006.5,76,55,1.5,3,7.4,276,0.0
2021/11/22,1009.4,1012.5,1007.3,80,61,2.0,352,9.0,346,0.0
2021/11/23,1013.5,1015.5,1011.6,75,65,1.9,3,6.7,17,0.0
2021/11/24,1013.7,1015.5,1011.7,76,58,1.8,4,6.8,247,0.0
2021/11/25,1012.0,1013.7,1010.3,78,62,1.5,2,6.4,4,0.0
2021/11/26,1011.8,1013.5,1009.5,81,58,1.7,2,7.4,26,0.0
2021/11/27,1012.8,1014.0,1011.5,80,64,1.3,4,6.2,17,0.0
2021/11/28,1013.1,1015.1,1011.2,89,78,0.9,2,5.6,2,2.0
2021/11/29,1010.5,1012.3,1008.6,84,61,0.8,337,4.7,37,0.5
2021/11/30,1009.9,1011.7,1007.1,80,63,2.8,359,11.4,8,0.0
2021/12/01,1013.0,1014.8,1011.0,71,59,1.9,1,8.7,342,0.0
2021/12/02,1014.0,1015.5,1011.1,72,47,1.6,3,7.3,334,0.0
2021/12/03,1014.5,1016.6,1012.0,70,44,1.5,2,6.6,12,0.0
2021/12/04,1015.5,1017.1,1013.6,68,49,1.0,359,5.3,274,0.0
2021/12/05,1014.6,1016.6,1012.5,71,44,1.5,2,7.9,300,0.0
2021/12/06,1012.7,1014.0,1010.8,81,53,1.9,360,7.6,351,0.0
2021/12/07,1014.2,1016.1,1012.7,78,59,1.1,3,6.3,264,0.0
2021/12/08,1016.2,1018.0,1014.3,76,59,1.0,358,6.1,298,0.0
2021/12/09,1015.9,1017.6,1014.0,77,55,1.1,358,7.8,12,0.0
2021/12/10,1014.7,1016.2,1013.0,78,55,1.0,2,6.0,293,0.0
2021/12/11,1015.1,1017.5,1012.5,76,51,1.5,4,7.1,326,0.0
2021/12/12,1014.6,1016.6,1012.1,83,52,1.7,1,7.1,265,0.0
2021/12/13,1014.0,1016.0,1011.8,79,59,1.9,3,6.7,7,0.0
2021/12/14,1013.0,1015.1,1010.7,81,60,1.1,2,6.1,287,0.0
2021/12/15,1011.9,1014.2,1009.0,80,56,1.5,1,6.4,289,0.0
2021/12/16,1011.3,1012.5,1009.0,83,59,1.3,3,52.8,56,0.0
2021/12/17,1012.0,1014.6,1009.2,79,55,1.6,355,8.9,360,0.0
2021/12/18,1015.7,1017.3,1013.8,72,60,1.9,3,6.3,3,0.0
2021/12/19,1015.9,1017.7,1014.0,73,57,1.4,5,5.2,2,0.0
2021/12/20,1014.1,1016.0,1012.0,84,66,1.0,360,5.7,360,1.5
2021/12/21,1009.4,1012.0,1006.6,92,78,1.0,353,4.7,174,1.0
2021/12/22,1008.9,1010.7,1007.3,89,75,1.6,337,5.9,7,0.0
2021/12/23,1010.4,1012.1,1008.6,85,68,1.2,1,5.2,282,0.0
2021/12/24,1010.8,1013.0,1009.0,84,62,2.0,1,8.0,339,0.0
2021/12/25,1014.4,1017.3,1012.1,87,77,2.0,4,6.6,360,0.0
2021/12/26,1018.4,1020.3,1016.5,87,77,1.7,359,6.4,345,0.0
2021/12/27,1020.0,1021.8,1018.0,87,76,1.6,1,5.9,340,0.0
2021/12/28,1018.4,1020.6,1015.7,84,59,1.5,2,6.0,22,0.0
2021/12/29,1017.5,1019.1,1015.6,82,55,1.8,2,7.7,322,0.0
2021/12/30,1017.9,1019.6,1015.8,80,58,1.7,353,6.0,348,0.0
2021/12/31,1019.0,1020.5,1016.5,75,58,2.3,357,7.1,1,0.0
2022/01/01,1018.1,1020.1,1015.5,69,43,2.1,359,8.7,2,0.0
2022/01/02,1016.5,1018.3,1014.2,78,43,1.5,3,6.3,354,0.0
2022/01/03,1015.2,1017.1,1012.7,74,44,1.4,2,6.0,2,0.0
2022/01/04,1014.3,1016.7,1012.0,78,57,1.1,356,5.5,5,0.0
2022/01/05,1012.0,1013.7,1009.6,80,55,1.5,360,8.4,11,0.0
2022/01/06,1012.9,1015.7,1011.0,79,62,2.1,354,8.3,5,0.0
2022/01/07,1014.9,1017.0,1012.5,82,59,1.6,341,7.2,360,0.0
2022/01/08,1013.5,1015.5,1011.2,79,61,1.5,341,5.8,313,0.0
2022/01/09,1011.6,1013.5,1009.1,80,61,2.0,4,8.0,9,0.0
2022/01/10,1011.0,1013.1,1008.5,83,58,2.1,6,8.6,1,0.0
2022/01/11,1012.7,1015.5,1010.1,78,65,2.8,350,9.3,352,0.0
2022/01/12,1015.3,1017.2,1013.5,71,57,1.9,351,6.4,5,0.0
2022/01/13,1015.1,1017.3,1012.1,73,41,2.8,3,10.0,297,0.0
2022/01/14,1015.6,1017.6,1013.3,73,46,1.6,2,5.8,348,0.0
2022/01/15,1015.4,1017.5,1012.7,74,51,1.7,6,7.4,337,0.0
2022/01/16,1014.9,1016.8,1012.0,75,50,1.5,4,6.4,308,0.0
2022/01/17,1014.0,1015.7,1011.8,83,59,2.2,3,7.5,343,1.0
2022/01/18,1013.5,1015.0,1011.5,92,85,1.8,360,7.4,6,0.0
2022/01/19,1011.9,1013.7,1009.7,85,64,1.8,3,7.4,332,0.0
2022/01/20,1011.6,1013.5,1010.0,85,65,1.3,1,6.0,265,0.0
2022/01/21,1012.0,1014.0,1010.5,82,59,1.7,2,7.2,293,0.0
2022/01/22,1009.2,1012.0,1006.3,95,89,1.5,359,10.0,5,14.0
2022/01/23,1007.6,1008.8,1005.8,92,75,1.3,344,7.2,354,0.0
2022/01/24,1008.7,1010.5,1007.5,89,65,1.7,1,7.3,2,0.0
2022/01/25,1010.9,1012.8,1008.7,86,55,1.3,5,6.7,304,0.0
2022/01/26,1011.9,1013.6,1010.0,87,67,1.1,4,6.7,284,0.0
2022/01/27,1011.6,1013.3,1009.5,88,66,1.6,1,6.6,302,0.0
2022/01/28,1010.7,1012.1,1008.6,92,77,1.6,1,6.2,3,16.0
2022/01/29,1007.6,1010.8,1005.1,97,94,1.5,359,6.4,6,18.0
2022/01/30,1010.5,1014.3,1007.0,89,77,2.6,355,11.3,337,0.0
2022/01/31,1013.9,1015.5,1012.5,82,61,1.2,4,6.7,282,0.0
2022/02/01,1013.4,1015.1,1011.1,78,59,1.4,1,6.4,279,0.0
2022/02/02,1013.1,1014.8,1011.2,86,66,1.7,3,8.7,12,0.0
2022/02/03,1011.7,1012.7,1009.7,89,69,1.9,356,7.6,296,0.0
2022/02/04,1013.4,1015.8,1011.5,85,63,2.3,354,8.1,5,0.0
2022/02/05,1016.8,1018.3,1015.1,80,64,2.3,1,7.2,1,0.0
2022/02/06,1016.4,1018.7,1013.6,78,54,2.1,1,7.2,293,0.0
2022/02/07,1012.1,1015.5,1008.7,85,64,1.5,1,11.0,351,7.0
2022/02/08,1012.3,1014.8,1010.0,82,64,2.1,1,8.1,336,0.0
2022/02/09,1013.3,1016.2,1010.0,80,52,1.6,2,7.3,323,0.0
2022/02/10,1012.4,1014.8,1009.6,87,62,1.8,4,6.7,353,0.0
2022/02/11,1011.9,1014.8,1009.8,89,68,1.8,1,6.6,5,0.0
2022/02/12,1009.9,1012.5,1007.5,86,56,1.8,359,7.5,360,0.0
2022/02/13,1008.3,1009.7,1005.7,84,65,1.7,345,6.9,14,0.0
2022/02/14,1010.1,1012.6,1008.0,86,76,2.1,343,9.9,355,0.0
2022/02/15,1012.0,1014.6,1010.1,81,65,1.6,5,6.3,347,0.0
2022/02/16,1010.5,1012.7,1007.8,79,52,1.8,1,6.4,333,0.0
2022/02/17,1009.5,1011.0,1007.8,86,69,1.7,1,7.1,334,0.0
2022/02/18,1009.7,1012.3,1007.7,87,67,2.0,344,7.8,342,1.5
2022/02/19,1009.8,1012.0,1007.3,91,68,2.3,2,7.3,339,5.5
2022/02/20,1013.5,1016.6,1010.6,97,94,2.5,354,9.1,10,0.5
2022/02/21,1015.8,1017.3,1014.1,96,90,1.7,2,5.6,2,1.0
2022/02/22,1014.8,1016.6,1013.0,93,82,1.4,358,4.9,327,0.0
2022/02/23,1015.4,1018.1,1013.6,97,88,2.5,356,9.4,330,18.5
2022/02/24,1018.0,1019.6,1016.5,89,75,1.5,360,6.4,13,0.0
2022/02/25,1017.7,1020.3,1015.0,84,63,1.8,1,7.5,3,0.0
2022/02/26,1015.7,1018.5,1013.0,84,57,1.7,303,7.2,319,0.0
2022/02/27,1014.3,1016.7,1011.8,76,52,1.2,282,6.2,267,0.0
2022/02/28,1013.5,1016.3,1011.1,70,50,1.0,5,6.9,270,0.0
2022/03/01,1012.2,1014.6,1009.7,74,53,1.0,15,7.1,284,0.0
2022/03/02,1011.8,1013.5,1009.5,78,52,1.6,6,8.0,283,0.0
2022/03/03,1011.5,1014.2,1008.7,82,56,1.7,2,8.1,294,0.0
2022/03/04,1009.3,1012.0,1007.0,73,52,1.4,328,7.9,298,0.0
2022/03/05,1008.4,1010.2,1006.5,74,53,1.3,359,9.0,290,0.0
2022/03/06,1010.0,1012.2,1007.7,81,58,1.6,1,7.6,276,0.0
2022/03/07,1010.0,1012.0,1007.6,87,76,3.0,360,13.6,327,0.0
2022/03/08,1011.6,1013.2,1009.5,72,50,1.8,2,7.5,312,0.0
2022/03/09,1012.0,1013.8,1009.2,64,42,1.5,354,9.4,275,0.0
2022/03/10,1011.2,1013.5,1008.5,61,42,1.2,1,10.4,342,0.0
2022/03/11,1008.9,1011.0,1006.2,59,41,1.4,3,9.3,288,0.0
2022/03/12,1008.8,1010.1,1007.2,71,48,1.4,261,7.9,299,0.0
2022/03/13,1008.3,1010.3,1005.2,67,41,1.1,243,7.1,264,0.0
2022/03/14,1007.1,1009.6,1004.7,67,45,1.0,279,7.0,305,0.0
2022/03/15,1005.8,1007.3,1003.5,69,51,1.4,2,8.1,309,0.0
2022/03/16,1007.0,1008.5,1004.8,80,64,1.2,5,6.7,287,0.0
2022/03/17,1004.6,1007.5,1002.1,77,59,1.2,1,6.2,3,0.0
2022/03/18,1003.2,1004.8,1001.7,80,68,2.0,4,9.4,297,0.0
2022/03/19,1005.8,1008.2,1004.2,77,59,1.3,3,6.9,265,0.0
2022/03/20,1008.6,1010.5,1007.0,79,63,1.3,1,6.4,296,0.0
2022/03/21,1009.1,1011.5,1007.2,87,74,0.7,3,4.9,152,5.0
2022/03/22,1008.2,1010.0,1006.3,80,69,1.6,4,8.7,286,0.0
2022/03/23,1008.7,1010.5,1006.7,92,82,1.6,3,8.4,355,16.5
2022/03/24,1010.3,1012.5,1008.8,91,81,1.0,343,5.3,343,1.0
2022/03/25,1007.7,1009.7,1005.0,82,58,3.2,169,14.6,170,0.0
2022/03/26,1008.1,1009.6,1006.5,75,53,1.3,116,7.0,298,0.0
2022/03/27,1008.2,1010.2,1006.7,82,70,1.5,267,6.6,282,0.0
2022/03/28,1011.2,1014.0,1008.7,85,71,1.7,335,8.7,6,0.0
2022/03/29,1011.4,1013.2,1008.8,82,64,1.6,1,6.0,277,0.0
2022/03/30,1011.2,1013.1,1008.8,83,63,1.1,1,8.1,288,0.0
2022/03/31,1011.3,1013.5,1009.0,81,66,1.5,296,7.0,276,0.0
2022/04/01,1013.3,1015.2,1011.6,80,69,2.0,344,6.9,350,0.0
2022/04/02,1014.9,1016.1,1013.7,89,77,2.0,2,6.9,11,0.5
2022/04/03,1015.1,1016.5,1013.6,94,83,1.8,356,6.6,360,1.5
2022/04/04,1015.8,1017.1,1014.0,81,58,1.5,5,7.7,288,0.0
2022/04/05,1014.2,1016.7,1010.6,74,43,1.6,2,10.6,174,0.0
2022/04/06,1011.9,1013.7,1009.7,72,50,1.3,4,7.4,295,0.0
2022/04/07,1010.2,1011.8,1008.2,75,49,1.3,1,7.4,277,0.0
2022/04/08,1009.1,1010.5,1007.2,77,63,1.1,293,7.9,288,0.0
2022/04/09,1008.0,1009.5,1006.1,75,60,1.2,3,8.2,296,0.0
2022/04/10,1007.2,1009.0,1004.8,72,42,1.5,285,7.3,312,0.0
2022/04/11,1006.1,1008.0,1004.0,73,60,1.4,107,7.3,293,0.0
2022/04/12,1004.3,1006.3,1002.0,71,52,1.5,316,7.6,323,0.0
2022/04/13,1002.6,1004.1,1000.5,76,60,1.4,295,9.3,312,0.0
2022/04/14,1002.8,1005.0,1000.6,77,65,2.0,1,10.8,295,0.0
2022/04/15,1005.9,1008.3,1004.1,75,57,1.8,4,7.6,164,0.0
2022/04/16,1007.8,1009.8,1006.2,72,57,1.7,1,6.8,294,0.0
2022/04/17,1010.0,1012.0,1008.0,73,59,1.6,1,7.4,254,0.0
2022/04/18,1010.8,1012.3,1009.0,75,61,1.4,310,8.0,300,0.0
2022/04/19,1011.0,1012.3,1009.5,80,67,1.4,358,6.8,341,0.0
2022/04/20,1009.8,1011.8,1008.0,80,65,1.5,338,8.0,301,0.0
2022/04/21,1008.6,1009.8,1007.0,75,62,1.1,6,7.5,285,0.0
2022/04/22,1007.9,1009.7,1005.6,76,61,1.9,235,7.8,270,0.0
2022/04/23,1006.7,1008.8,1004.6,80,52,2.6,174,8.6,177,0.0
2022/04/24,1005.6,1007.0,1003.3,79,64,1.6,244,7.1,296,0.0
2022/04/25,1004.8,1006.6,1002.5,73,55,3.5,210,13.2,207,0.0
2022/04/26,1004.8,1006.5,1003.0,77,60,3.2,185,9.9,187,0.0
2022/04/27,1006.0,1007.8,1004.1,77,59,1.6,293,8.1,311,0.0
2022/04/28,1007.0,1008.1,1005.0,78,63,1.8,217,7.9,210,0.0
2022/04/29,1006.5,1008.8,1004.0,78,66,1.7,299,6.9,295,0.0
2022/04/30,1007.3,1008.8,1005.1,78,64,2.2,2,8.6,5,0.0
2022/05/01,1006.7,1008.6,1005.2,79,65,2.1,3,7.5,2,0.0
2022/05/02,1008.2,1010.2,1006.3,96,82,1.8,3,7.1,9,25.0
2022/05/03,1009.7,1011.0,1008.5,94,83,1.1,5,5.2,336,7.5
2022/05/04,1007.9,1009.6,1006.3,84,64,1.2,1,7.6,294,0.0
2022/05/05,1006.2,1007.5,1004.2,84,64,1.5,357,8.4,295,0.0
2022/05/06,1006.7,1008.1,1005.5,82,67,1.3,240,6.2,229,0.0
2022/05/07,1007.5,1009.0,1005.7,77,55,1.3,359,7.6,307,0.0
2022/05/08,1007.8,1009.0,1006.5,82,67,1.3,1,6.9,292,0.0
2022/05/09,1007.2,1009.0,1005.2,78,59,1.4,360,6.9,301,0.0
2022/05/10,1005.6,1007.3,1003.5,76,54,1.7,3,9.1,189,0.0
2022/05/11,1004.9,1006.8,1003.6,83,64,1.0,94,5.4,96,50.0
2022/05/12,1004.2,1005.3,1003.3,79,67,1.6,80,7.3,208,0.0
2022/05/13,1003.4,1004.8,1002.1,74,64,1.1,84,6.9,209,0.0
2022/05/14,1005.3,1007.1,1002.8,90,79,1.5,77,10.3,221,18.0
2022/05/15,1005.7,1007.0,1004.0,97,93,1.2,136,8.1,218,47.5
2022/05/16,1006.0,1008.0,1004.5,96,91,2.0,360,8.8,1,24.5
2022/05/17,1007.6,1009.5,1006.0,88,73,1.5,1,6.4,7,0.0
2022/05/18,1008.2,1009.6,1006.8,80,65,1.2,5,7.7,318,0.0
2022/05/19,1006.4,1008.3,1004.3,86,67,1.4,1,7.0,206,0.0
2022/05/20,1002.6,1005.5,1000.2,83,65,1.9,303,9.0,304,0.0
2022/05/21,1003.1,1004.6,1002.0,82,68,1.4,4,7.4,238,0.0
2022/05/22,1003.2,1004.3,1001.5,81,70,1.2,1,7.2,284,0.0
2022/05/23,1004.0,1006.2,1002.5,87,65,0.8,82,7.4,265,11.5
2022/05/24,1006.0,1007.5,1005.0,89,72,1.9,130,11.6,179,18.0
2022/05/25,1004.7,1006.5,1002.8,91,72,1.9,158,8.4,180,35.0
2022/05/26,1002.4,1004.2,1000.1,90,76,1.6,132,8.9,172,19.5
2022/05/27,1002.7,1005.0,1001.1,90,82,1.6,83,7.5,213,4.0
2022/05/28,1003.7,1005.0,1002.3,78,58,1.4,254,7.1,278,0.0
2022/05/29,1003.5,1004.5,1002.1,77,60,1.8,265,7.9,281,0.0
2022/05/30,1003.3,1004.8,1001.6,77,59,2.0,141,7.5,296,0.0
2022/05/31,1004.4,1006.1,1002.2,78,59,2.1,148,8.8,181,1.5
2022/06/01,1004.0,1005.3,1002.0,79,59,1.9,256,8.5,306,0.0
2022/06/02,1003.1,1005.0,1001.6,80,65,1.8,284,8.1,264,0.0
2022/06/03,1003.6,1005.0,1001.8,76,60,1.7,262,7.8,305,4.5
2022/06/04,1004.4,1006.0,1003.2,90,78,1.5,84,9.9,235,16.5
2022/06/05,1002.8,1004.2,1001.1,79,63,1.6,79,8.9,289,0.5
2022/06/06,1001.5,1002.6,1000.1,81,63,2.0,71,7.5,288,1.5
2022/06/07,1002.8,1005.2,1000.7,93,79,1.2,18,8.3,293,93.5
2022/06/08,1004.2,1006.0,1003.1,89,70,1.7,108,15.0,265,20.0
2022/06/09,1004.5,1005.6,1002.6,85,68,1.7,213,6.8,172,0.5
2022/06/10,1003.8,1006.0,1002.2,78,60,1.8,127,6.7,232,0.0
2022/06/11,1005.0,1007.5,1003.6,82,69,1.4,73,11.1,168,31.0
2022/06/12,1005.1,1006.7,1003.8,74,51,1.5,7,9.0,338,0.0
2022/06/13,1003.8,1005.1,1002.5,74,60,1.7,239,7.9,271,0.0
2022/06/14,1004.7,1007.0,1003.2,76,64,1.7,308,7.3,256,0.0
2022/06/15,1006.0,1007.7,1004.8,75,56,1.5,58,7.1,329,0.0
2022/06/16,1005.9,1007.3,1004.0,76,55,1.6,263,9.0,264,0.0
2022/06/17,1005.0,1006.1,1003.7,76,59,1.6,79,6.9,291,0.0
2022/06/18,1004.5,1005.6,1003.5,74,59,1.7,261,7.3,271,0.0
2022/06/19,1004.1,1005.1,1003.0,75,58,1.8,267,8.5,266,0.0
2022/06/20,1002.6,1003.7,1001.3,74,54,1.9,77,8.6,277,0.0
2022/06/21,1003.3,1006.0,1001.1,72,57,1.8,85,8.6,263,0.0
2022/06/22,1006.2,1008.5,1004.2,72,56,1.7,53,7.5,200,0.0
2022/06/23,1006.5,1008.1,1004.0,69,51,2.4,130,9.9,230,0.0
2022/06/24,1004.5,1006.5,1002.0,72,53,2.5,192,13.0,210,0.0
2022/06/25,1004.4,1006.5,1002.2,76,61,3.2,184,11.6,222,0.0
2022/06/26,1005.8,1007.5,1003.7,81,67,1.5,31,8.5,287,13.0
2022/06/27,1004.4,1006.0,1002.3,82,66,1.4,69,8.2,295,1.0
2022/06/28,1001.4,1003.5,999.3,79,63,1.3,7,7.5,286,0.0
2022/06/29,1000.1,1001.3,998.7,79,60,1.5,1,10.1,161,0.0
2022/06/30,1000.2,1001.7,998.0,79,59,1.6,4,7.6,286,0.0
