date,Shanhua_StnPres,Shanhua_StnPresMax,Shanhua_StnPresMin,Shanhua_RH,Shanhua_RHMin,Shanhua_WS,Shanhua_WD,Shanhua_WSGust,Shanhua_WDGust,Shanhua_Precp
2018/01/01,1017.5,1020.0,1014.2,71,43,2.6,5,8.3,330,0.0
2018/01/02,1017.1,1019.4,1014.5,85,48,1.4,4,7.4,315,0.0
2018/01/03,1017.2,1019.5,1014.0,86,52,1.5,1,5.6,311,0.0
2018/01/04,1015.7,1017.7,1014.0,93,64,1.6,341,6.9,1,12.5
2018/01/05,1013.8,1015.7,1011.7,93,80,2.8,5,7.9,13,3.0
2018/01/06,1013.8,1015.3,1012.2,99,98,2.0,351,6.4,11,5.0
2018/01/07,1012.7,1014.6,1010.9,93,73,2.3,15,10.3,23,1.0
2018/01/08,1012.4,1015.2,1010.4,89,66,2.6,164,10.9,2,4.5
2018/01/09,1018.7,1021.8,1014.7,99,87,4.0,6,15.5,29,4.5
2018/01/10,1022.0,1024.4,1019.2,68,52,3.7,1,9.7,10,1.0
2018/01/11,1022.9,1024.9,1020.5,62,47,3.8,17,10.4,360,0.0
2018/01/12,1024.1,1026.0,1021.0,61,39,3.4,6,9.6,9,0.0
2018/01/13,1023.5,1026.6,1020.4,70,39,1.6,325,6.1,350,0.0
2018/01/14,1020.3,1023.4,1017.2,80,33,1.7,335,7.1,328,0.0
2018/01/15,1016.5,1019.3,1013.5,84,43,2.2,8,7.4,5,0.0
2018/01/16,1012.7,1015.3,1010.0,73,33,2.3,20,7.6,360,0.0
2018/01/17,1012.0,1013.4,1010.6,77,55,2.0,1,5.9,5,0.0
2018/01/18,1014.2,1016.1,1012.2,89,67,2.2,7,7.3,21,0.0
2018/01/19,1015.2,1017.0,1013.1,93,74,2.4,1,6.4,5,0.0
2018/01/20,1014.2,1016.1,1011.6,89,66,1.9,1,6.3,9,0.0
2018/01/21,1013.0,1015.2,1010.5,90,64,2.0,1,6.2,319,0.0
2018/01/22,1011.4,1013.4,1008.2,85,57,3.2,1,8.4,6,0.5
2018/01/23,1013.0,1014.5,1010.3,79,51,2.3,349,7.4,352,0.0
2018/01/24,1013.2,1015.4,1010.3,82,51,2.4,360,7.4,354,0.0
2018/01/25,1013.5,1015.7,1011.2,81,49,3.1,10,8.4,15,0.0
2018/01/26,1014.2,1016.1,1012.1,81,58,4.0,9,10.5,3,0.0
2018/01/27,1014.7,1017.2,1012.9,78,57,2.5,358,6.4,12,0.0
2018/01/28,1012.2,1014.1,1009.7,88,65,3.4,360,9.4,12,2.5
2018/01/29,1015.1,1018.0,1011.8,87,72,3.8,19,10.4,11,1.5
2018/01/30,1017.4,1019.5,1014.9,90,73,2.6,3,7.3,28,3.5
2018/01/31,1016.4,1018.1,1013.7,90,66,3.1,3,12.4,21,1.0
2018/02/01,1018.0,1020.4,1015.0,88,70,3.5,6,10.2,22,1.0
2018/02/02,1020.0,1022.1,1017.9,82,59,3.9,1,13.2,14,0.5
2018/02/03,1021.4,1023.0,1019.3,79,68,4.0,5,9.8,17,0.0
2018/02/04,1022.0,1023.5,1020.1,78,67,3.5,3,8.6,7,0.0
2018/02/05,1022.5,1024.6,1020.1,75,69,4.4,11,10.6,21,0.0
2018/02/06,1019.8,1023.0,1016.9,65,48,3.0,5,7.9,360,0.0
2018/02/07,1018.0,1019.9,1015.5,86,70,2.1,2,6.7,12,1.5
2018/02/08,1016.1,1018.5,1013.6,97,88,2.2,9,6.5,4,8.0
2018/02/09,1014.5,1016.6,1011.4,93,73,2.5,359,7.9,4,0.0
2018/02/10,1015.0,1017.1,1011.9,94,66,3.4,17,10.4,350,0.5
2018/02/11,1019.4,1022.9,1016.7,86,69,4.1,4,11.6,360,0.5
2018/02/12,1022.8,1025.1,1020.4,73,59,2.9,5,8.8,2,0.0
2018/02/13,1021.7,1024.0,1018.4,68,45,2.0,5,6.8,175,0.0
2018/02/14,1017.9,1021.0,1014.4,80,31,1.4,15,6.8,300,0.0
2018/02/15,1014.6,1016.9,1011.2,73,33,1.8,13,7.2,270,0.0
2018/02/16,1012.7,1014.1,1010.8,83,56,1.8,5,6.0,313,0.0
2018/02/17,1014.7,1017.2,1012.7,87,60,2.6,11,7.0,1,0.0
2018/02/18,1016.1,1018.7,1013.0,81,41,2.4,13,8.4,9,0.0
2018/02/19,1014.5,1017.3,1011.6,77,38,1.7,13,7.2,7,0.0
2018/02/20,1013.0,1015.4,1010.7,83,53,2.3,359,7.1,35,0.0
2018/02/21,1012.5,1014.3,1010.1,82,58,3.2,6,9.9,7,0.5
2018/02/22,1015.3,1018.3,1013.2,95,78,3.1,355,9.5,2,7.0
2018/02/23,1017.1,1019.1,1014.8,87,63,2.3,3,6.8,312,0.0
2018/02/24,1017.4,1020.4,1014.7,87,52,2.3,7,7.4,27,0.0
2018/02/25,1015.7,1017.3,1013.4,85,59,3.1,15,9.7,1,0.0
2018/02/26,1016.7,1018.4,1014.6,82,54,2.9,5,8.6,360,0.0
2018/02/27,1015.7,1018.5,1013.0,82,59,2.4,11,7.3,4,0.0
2018/02/28,1012.1,1014.3,1010.4,85,54,1.8,3,7.7,317,0.0
2018/03/01,1010.9,1012.5,1008.7,82,39,1.6,12,7.1,291,0.0
2018/03/02,1010.6,1012.7,1008.3,83,51,1.7,9,7.4,292,0.0
2018/03/03,1009.9,1011.6,1007.9,85,55,1.4,2,6.7,300,0.0
2018/03/04,1010.8,1012.2,1009.4,86,50,1.9,262,7.6,265,0.0
2018/03/05,1011.1,1013.0,1009.8,81,45,2.5,1,10.1,5,0.0
2018/03/06,1015.2,1017.3,1012.9,79,60,2.8,2,6.7,346,0.0
2018/03/07,1014.6,1016.9,1011.4,79,54,2.5,358,9.4,21,0.0
2018/03/08,1015.3,1019.1,1012.3,88,74,4.6,9,12.1,10,1.5
2018/03/09,1018.5,1020.2,1016.8,70,53,2.9,13,10.5,18,1.0
2018/03/10,1019.5,1021.1,1017.2,72,38,1.5,322,8.4,303,0.0
2018/03/11,1019.6,1021.5,1017.9,77,42,1.6,352,7.0,300,0.0
2018/03/12,1017.5,1019.7,1015.0,77,39,1.4,309,6.6,344,0.0
2018/03/13,1015.8,1017.9,1013.7,72,30,1.3,29,7.0,314,0.0
2018/03/14,1014.1,1016.0,1011.9,71,36,1.0,8,5.9,323,0.0
2018/03/15,1012.4,1014.4,1010.1,80,47,2.0,10,7.2,347,14.5
2018/03/16,1012.9,1015.6,1010.1,86,57,2.7,2,8.8,5,0.0
2018/03/17,1015.7,1017.2,1013.6,84,58,2.6,2,7.8,16,0.0
2018/03/18,1014.5,1016.3,1012.3,84,48,1.9,2,6.7,315,0.0
2018/03/19,1010.7,1013.9,1007.4,80,49,1.7,207,7.9,279,2.0
2018/03/20,1009.7,1012.8,1008.0,88,63,2.8,357,11.8,9,1.5
2018/03/21,1013.2,1015.2,1011.3,69,54,5.4,9,14.8,11,0.0
2018/03/22,1014.3,1015.8,1011.9,62,39,2.2,1,7.0,290,0.0
2018/03/23,1016.7,1018.5,1014.8,63,24,1.7,354,8.2,326,0.0
2018/03/24,1018.0,1020.3,1015.4,61,23,1.5,14,7.2,303,0.0
2018/03/25,1017.9,1019.9,1015.7,70,30,1.4,330,7.3,301,0.0
2018/03/26,1016.0,1018.5,1013.1,73,34,2.0,9,8.9,345,0.0
2018/03/27,1013.8,1015.8,1011.6,78,43,2.2,9,9.3,1,0.0
2018/03/28,1012.4,1013.9,1010.1,77,40,2.0,4,8.9,327,0.0
2018/03/29,1012.2,1013.7,1010.7,80,48,1.9,322,8.5,326,0.0
2018/03/30,1012.4,1014.3,1010.1,76,43,1.6,319,7.6,303,0.0
2018/03/31,1011.7,1013.3,1009.7,75,45,1.9,146,7.5,320,0.0
2018/04/01,1011.7,1013.6,1009.8,75,43,1.7,155,8.2,293,0.0
2018/04/02,1012.0,1013.4,1010.2,73,47,1.3,117,6.9,322,0.0
2018/04/03,1012.5,1014.1,1011.2,73,52,1.4,329,6.8,345,0.0
2018/04/04,1011.4,1013.2,1009.4,74,43,1.9,326,8.4,311,0.0
2018/04/05,1010.6,1012.2,1008.7,70,51,1.6,283,7.2,294,0.0
2018/04/06,1012.2,1017.1,1009.1,71,52,3.2,1,12.8,355,0.0
2018/04/07,1019.1,1020.9,1016.6,56,48,3.6,10,11.8,6,0.0
2018/04/08,1018.2,1020.2,1016.4,56,35,2.1,1,8.3,360,0.0
2018/04/09,1016.7,1018.8,1014.5,65,35,1.4,11,7.5,309,0.0
2018/04/10,1013.7,1015.8,1011.2,63,34,1.4,16,7.4,309,0.0
2018/04/11,1010.8,1012.9,1008.4,76,53,1.8,271,7.3,271,0.0
2018/04/12,1010.3,1012.1,1008.1,77,53,2.2,165,8.6,283,0.0
2018/04/13,1011.1,1012.6,1008.8,78,55,2.2,256,9.3,268,0.0
2018/04/14,1010.0,1011.9,1007.9,80,48,2.4,155,9.0,263,0.0
2018/04/15,1010.4,1013.1,1008.4,82,53,3.2,358,9.9,27,4.0
2018/04/16,1012.9,1015.1,1011.0,73,54,2.6,9,7.7,302,0.0
2018/04/17,1014.4,1016.6,1011.9,81,61,3.3,7,8.5,19,2.0
2018/04/18,1013.5,1015.5,1011.6,74,46,1.8,4,7.2,310,0.0
2018/04/19,1012.9,1014.3,1011.6,74,50,1.6,10,8.2,304,0.0
2018/04/20,1012.8,1014.0,1011.2,72,47,1.5,1,6.1,1,0.0
2018/04/21,1011.9,1013.4,1010.2,75,49,1.5,15,8.6,338,0.0
2018/04/22,1010.1,1012.1,1008.1,72,48,1.3,4,7.7,275,0.0
2018/04/23,1007.7,1009.2,1005.0,73,49,2.9,191,12.5,234,0.0
2018/04/24,1007.9,1009.4,1006.1,82,57,2.3,316,6.3,287,0.0
2018/04/25,1009.7,1011.5,1008.1,77,64,1.6,4,4.9,360,0.0
2018/04/26,1011.4,1013.6,1009.3,69,48,1.8,2,7.8,234,0.0
2018/04/27,1013.3,1014.9,1011.5,72,48,2.0,3,9.0,320,0.0
2018/04/28,1013.0,1014.7,1010.7,74,52,1.4,306,7.6,332,0.0
2018/04/29,1011.8,1013.5,1009.5,74,48,1.6,307,6.5,329,0.0
2018/04/30,1011.9,1013.5,1010.4,75,49,1.4,8,7.4,313,0.0
2018/05/01,1011.4,1013.2,1009.9,76,51,2.3,233,8.3,248,0.0
2018/05/02,1010.9,1013.0,1009.1,74,47,1.8,16,9.0,268,0.0
2018/05/03,1012.5,1014.7,1010.8,70,51,2.8,4,9.7,342,0.0
2018/05/04,1014.3,1016.2,1012.8,70,51,1.6,312,6.9,318,0.0
2018/05/05,1014.4,1016.1,1012.4,70,52,1.6,19,6.6,276,0.0
2018/05/06,1010.9,1013.8,1008.4,71,43,3.1,203,10.3,239,0.0
2018/05/07,1008.1,1010.0,1005.9,70,45,2.7,164,8.8,252,0.0
2018/05/08,1007.9,1010.3,1005.6,85,52,1.9,160,6.2,141,31.5
2018/05/09,1012.1,1014.7,1008.8,91,76,1.8,3,7.1,208,24.5
2018/05/10,1013.3,1014.9,1011.5,80,59,1.9,1,7.0,231,0.0
2018/05/11,1012.3,1014.2,1010.4,80,52,1.7,318,6.8,301,0.0
2018/05/12,1010.6,1012.1,1008.4,80,66,1.4,149,6.5,298,0.0
2018/05/13,1009.9,1011.2,1008.4,79,60,1.7,157,7.2,318,0.0
2018/05/14,1009.5,1011.3,1007.3,78,55,1.7,97,7.7,258,0.0
2018/05/15,1008.8,1010.1,1007.4,76,49,2.1,97,9.1,249,0.0
2018/05/16,1007.8,1009.3,1006.3,79,59,2.7,165,10.2,246,0.0
2018/05/17,1007.3,1008.9,1005.9,80,54,2.4,165,9.0,255,0.0
2018/05/18,1006.7,1008.3,1005.4,77,54,1.8,268,7.6,256,0.0
2018/05/19,1007.0,1008.5,1005.1,76,54,1.8,19,8.0,279,0.0
2018/05/20,1007.7,1009.3,1005.7,76,61,1.6,311,7.5,278,0.0
2018/05/21,1008.5,1010.0,1007.1,74,55,2.0,7,7.9,337,0.0
2018/05/22,1009.0,1011.1,1006.8,73,46,1.4,308,7.1,341,0.0
2018/05/23,1008.6,1009.9,1006.8,75,52,2.0,3,7.8,272,0.0
2018/05/24,1008.5,1010.3,1007.0,71,53,1.6,301,7.1,328,0.0
2018/05/25,1007.1,1009.3,1004.7,71,51,2.4,95,9.2,252,0.0
2018/05/26,1007.3,1009.2,1005.9,75,45,2.0,146,7.7,284,0.0
2018/05/27,1007.9,1009.4,1005.6,75,51,1.8,272,7.9,283,0.0
2018/05/28,1007.7,1009.2,1006.0,74,46,1.9,122,8.5,216,0.0
2018/05/29,1008.8,1010.7,1006.7,74,51,2.1,273,8.1,256,0.0
2018/05/30,1009.1,1010.7,1007.0,74,52,2.3,238,9.5,241,0.0
2018/05/31,1008.6,1010.1,1007.0,72,48,2.1,143,8.7,277,0.0
2018/06/01,1008.4,1010.2,1006.5,73,45,2.7,356,9.0,336,0.0
2018/06/02,1008.5,1009.8,1006.7,71,50,2.2,16,7.1,344,0.0
2018/06/03,1007.1,1009.2,1004.5,69,46,1.9,1,8.0,294,0.0
2018/06/04,1007.3,1009.3,1005.4,76,46,1.6,277,8.3,313,2.0
2018/06/05,1007.8,1009.4,1006.0,72,44,1.9,4,8.4,253,0.0
2018/06/06,1007.0,1008.3,1005.0,76,44,1.4,7,7.7,230,1.0
2018/06/07,1005.5,1006.9,1003.2,79,52,1.6,95,7.1,318,0.0
2018/06/08,1001.9,1005.0,999.5,75,50,1.8,318,7.7,245,0.0
2018/06/09,999.2,1000.4,996.7,74,45,1.8,136,7.8,321,0.0
2018/06/10,998.6,999.9,996.6,71,50,2.5,124,9.6,268,0.0
2018/06/11,999.6,1002.6,997.3,87,65,2.3,165,8.2,12,26.5
2018/06/12,1001.7,1003.6,1000.2,75,53,1.7,4,9.0,259,0.0
2018/06/13,998.1,1000.9,995.7,69,40,2.3,329,8.9,286,0.0
2018/06/14,994.8,997.1,993.3,87,61,2.6,145,9.7,141,64.5
2018/06/15,996.5,1001.2,992.4,87,72,3.1,19,12.8,137,24.0
2018/06/16,1002.2,1004.0,1000.0,89,67,1.9,39,9.8,244,51.0
2018/06/17,1003.3,1004.7,1002.2,94,75,2.8,143,12.3,181,26.0
2018/06/18,1003.7,1005.6,1002.2,94,82,3.9,154,12.6,190,40.5
2018/06/19,1006.0,1008.2,1002.3,98,90,2.6,145,12.2,245,105.0
2018/06/20,1006.9,1008.6,1005.5,96,82,2.4,114,7.6,186,120.0
2018/06/21,1007.1,1008.2,1005.9,94,73,1.7,141,7.3,238,3.5
2018/06/22,1007.6,1008.8,1006.0,90,72,2.2,168,8.6,256,14.5
2018/06/23,1008.1,1009.4,1006.9,88,65,2.0,173,7.6,197,10.0
2018/06/24,1009.2,1010.7,1008.1,84,67,1.9,140,6.0,263,0.0
2018/06/25,1010.1,1011.5,1008.3,79,50,2.0,137,8.0,268,0.0
2018/06/26,1010.3,1011.1,1009.0,76,59,1.7,2,7.2,303,0.0
2018/06/27,1009.0,1010.5,1007.1,83,64,1.8,16,7.6,316,0.5
2018/06/28,1006.4,1008.8,1004.4,80,59,1.9,250,7.2,216,0.0
2018/06/29,1003.7,1005.4,1001.6,77,55,2.1,136,8.1,272,0.0
2018/06/30,1003.9,1005.4,1002.1,78,57,1.8,313,7.1,282,0.0
2018/07/01,1004.0,1005.3,1001.9,85,63,2.1,115,8.7,285,12.5
2018/07/02,1004.0,1005.2,1002.9,98,93,2.0,85,9.2,109,167.5
2018/07/03,1003.9,1005.1,1002.5,94,81,2.4,140,10.8,210,52.0
2018/07/04,1003.6,1005.3,1002.1,92,78,1.8,114,6.7,127,34.5
2018/07/05,1003.6,1005.2,1002.1,88,71,2.2,107,7.4,142,34.0
2018/07/06,1003.5,1005.3,1002.2,83,59,2.4,126,8.6,230,7.0
2018/07/07,1004.3,1006.0,1002.6,84,65,2.0,115,12.0,202,30.5
2018/07/08,1005.2,1006.9,1003.8,78,52,1.5,36,9.7,289,0.0
2018/07/09,1005.5,1007.3,1003.4,77,54,2.2,5,8.2,323,0.0
2018/07/10,1002.1,1005.6,999.3,80,57,2.7,346,11.7,1,0.0
2018/07/11,1000.9,1005.2,997.6,81,64,3.2,140,10.3,190,7.5
2018/07/12,1005.0,1006.8,1003.8,84,63,1.5,18,7.4,16,2.5
2018/07/13,1005.5,1006.6,1004.0,84,58,2.0,4,8.1,338,0.0
2018/07/14,1005.2,1006.1,1003.3,83,59,1.7,115,7.7,137,0.0
2018/07/15,1004.7,1006.1,1003.6,83,55,1.5,27,6.5,333,0.0
2018/07/16,1002.5,1004.3,1000.8,82,51,1.2,19,6.9,290,0.0
2018/07/17,1001.3,1002.8,999.5,79,51,1.6,6,8.1,295,0.0
2018/07/18,1003.2,1005.0,1001.5,77,52,2.0,76,7.9,282,0.0
2018/07/19,1004.7,1006.4,1002.8,81,56,1.9,116,7.9,294,1.0
2018/07/20,1002.8,1004.8,1000.6,84,61,2.2,31,7.1,162,1.0
2018/07/21,999.9,1002.5,997.5,88,64,1.8,137,8.3,142,6.0
2018/07/22,1000.7,1003.2,998.9,89,65,1.3,78,6.7,162,14.0
2018/07/23,1003.4,1005.7,1001.5,83,60,2.4,184,8.5,246,1.5
2018/07/24,1005.6,1007.1,1004.0,87,61,1.8,103,7.2,249,16.5
2018/07/25,1006.2,1007.2,1004.2,83,54,1.6,161,8.8,284,0.0
2018/07/26,1006.0,1007.4,1004.1,82,59,1.4,7,6.8,279,0.0
2018/07/27,1006.2,1008.3,1003.4,86,60,1.7,24,8.8,309,20.0
2018/07/28,1005.8,1007.8,1003.7,85,59,1.7,78,9.0,145,2.0
2018/07/29,1004.8,1006.8,1002.7,78,54,2.0,5,6.8,282,0.5
2018/07/30,1004.6,1005.9,1003.1,79,47,1.9,43,7.1,279,0.0
2018/07/31,1004.4,1006.0,1002.3,81,60,1.8,261,8.0,275,0.0
2018/08/01,1003.7,1005.4,1001.3,81,58,2.0,274,7.7,350,1.0
2018/08/02,1003.3,1005.2,1001.2,85,64,2.1,252,7.3,130,29.0
2018/08/03,1003.6,1004.8,1002.1,88,64,2.1,141,10.7,275,10.0
2018/08/04,1004.6,1006.3,1002.7,81,58,1.8,126,9.2,115,0.0
2018/08/05,1005.3,1006.6,1003.3,81,55,1.4,115,10.6,139,7.5
2018/08/06,1004.6,1006.2,1001.5,84,58,1.7,14,12.2,106,19.5
2018/08/07,1003.7,1004.9,1001.3,86,61,1.5,7,7.8,293,29.5
2018/08/08,1004.0,1005.8,1002.1,82,58,1.7,101,7.5,284,0.5
2018/08/09,1004.4,1005.6,1002.4,79,57,1.9,14,7.6,143,0.0
2018/08/10,1003.0,1005.1,1000.5,81,56,2.2,20,7.6,291,1.0
2018/08/11,999.8,1002.4,997.4,79,57,1.7,6,7.7,313,0.0
2018/08/12,996.5,998.7,993.6,77,50,1.8,2,6.0,315,0.0
2018/08/13,998.3,1000.1,996.6,90,75,3.2,174,9.9,218,34.5
2018/08/14,999.3,1001.2,997.9,86,60,3.0,143,8.4,226,26.5
2018/08/15,1001.5,1002.8,999.9,94,79,2.2,156,5.9,181,15.0
2018/08/16,1000.9,1003.0,999.0,87,59,1.9,137,7.0,289,15.5
2018/08/17,1000.1,1001.7,998.3,83,63,2.2,185,7.5,235,0.0
2018/08/18,1001.9,1003.6,1000.7,89,70,2.0,172,9.1,238,25.0
2018/08/19,1003.4,1004.8,1002.2,90,69,1.9,139,8.3,229,4.5
2018/08/20,1002.4,1003.6,1000.9,91,67,1.4,35,6.5,254,6.0
2018/08/21,999.9,1001.7,997.9,87,63,2.0,126,9.9,171,3.5
2018/08/22,997.8,999.6,996.2,90,69,1.8,98,9.9,169,14.0
2018/08/23,996.4,999.8,994.1,99,94,4.4,173,17.9,270,298.0
2018/08/24,999.4,1000.5,997.8,99,99,3.4,186,11.1,275,368.0
2018/08/25,998.3,999.4,996.2,95,73,2.6,157,8.3,187,12.0
2018/08/26,999.9,1002.1,998.0,92,76,2.9,156,8.0,176,5.0
2018/08/27,1003.9,1006.5,1000.7,98,89,3.8,135,11.0,143,99.0
2018/08/28,1006.8,1007.9,1005.3,99,94,3.6,150,10.5,150,122.5
2018/08/29,1007.4,1009.7,1005.7,99,93,3.3,161,10.5,182,48.5
2018/08/30,1009.7,1011.9,1007.5,98,91,2.0,158,6.4,143,5.0
2018/08/31,1011.3,1012.5,1010.1,89,62,0.9,80,4.8,225,1.5
2018/09/01,1009.7,1011.9,1007.3,87,62,1.3,92,7.4,22,3.5
2018/09/02,1007.0,1009.5,1004.9,83,55,1.2,311,7.1,285,0.0
2018/09/03,1005.6,1006.9,1003.8,81,57,1.6,122,7.4,290,0.5
2018/09/04,1004.5,1005.8,1002.2,83,62,2.0,245,8.5,244,1.5
2018/09/05,1004.6,1006.2,1002.2,84,63,1.6,107,6.0,289,0.0
2018/09/06,1005.0,1006.6,1003.6,90,70,1.4,166,7.5,281,8.5
2018/09/07,1005.7,1007.5,1003.3,87,57,1.4,121,7.5,276,3.5
2018/09/08,1006.9,1008.4,1005.2,91,58,1.4,1,8.7,296,0.5
2018/09/09,1007.5,1009.4,1005.6,85,65,2.8,4,11.0,341,0.5
2018/09/10,1006.9,1008.7,1005.1,83,60,2.1,29,7.0,337,0.0
2018/09/11,1007.1,1008.9,1005.2,86,63,1.6,2,5.5,337,0.0
2018/09/12,1008.0,1009.3,1006.1,86,60,1.9,2,7.9,346,0.0
2018/09/13,1007.9,1009.4,1006.4,86,61,1.5,159,6.8,346,0.0
2018/09/14,1005.5,1007.9,1002.6,81,54,1.8,317,7.0,337,0.0
2018/09/15,999.5,1002.7,996.6,91,66,1.1,8,4.7,189,0.5
2018/09/16,1005.2,1010.5,999.4,81,55,1.6,44,4.9,99,0.0
2018/09/17,1011.5,1014.7,1009.8,84,58,1.6,291,8.4,289,2.5
2018/09/18,1012.5,1014.4,1010.0,82,57,2.7,334,9.4,353,0.0
2018/09/19,1010.9,1012.5,1008.9,80,54,2.0,160,7.7,233,0.0
2018/09/20,1009.7,1011.1,1007.9,75,52,1.7,142,6.9,353,0.0
2018/09/21,1010.7,1013.1,1008.7,75,49,1.3,324,7.4,293,0.0
2018/09/22,1012.4,1014.1,1010.5,71,48,2.3,15,10.9,318,0.0
2018/09/23,1011.4,1013.5,1008.6,76,49,1.6,84,7.7,299,0.0
2018/09/24,1007.2,1010.6,1004.7,78,54,2.3,6,9.3,6,0.0
2018/09/25,1005.1,1006.5,1002.7,78,49,1.8,1,7.9,8,1.0
2018/09/26,1004.9,1006.4,1002.7,76,55,3.5,8,11.9,348,0.0
2018/09/27,1005.0,1006.5,1002.9,73,51,3.9,4,10.9,26,0.0
2018/09/28,1004.5,1006.1,1002.2,76,56,4.3,5,10.9,9,0.0
2018/09/29,1003.7,1006.4,1001.5,63,49,5.4,11,16.0,9,0.0
2018/09/30,1007.8,1010.6,1005.5,61,44,2.3,9,7.6,9,0.0
2018/10/01,1010.9,1012.6,1009.4,69,44,1.6,10,8.3,307,0.0
2018/10/02,1011.8,1013.4,1009.8,70,46,2.3,1,9.5,20,0.0
2018/10/03,1011.2,1013.4,1008.5,65,43,2.6,3,10.1,322,0.0
2018/10/04,1008.3,1011.1,1006.0,70,50,5.4,8,15.8,11,0.0
2018/10/05,1008.1,1011.1,1005.9,63,45,3.7,3,13.1,25,0.0
2018/10/06,1011.3,1013.0,1009.9,71,52,1.8,352,6.6,287,0.0
2018/10/07,1012.0,1013.7,1009.7,76,49,2.0,2,8.6,313,0.0
2018/10/08,1011.6,1013.4,1009.2,79,50,1.6,331,7.2,290,0.0
2018/10/09,1011.1,1012.5,1008.8,78,50,1.6,232,7.5,274,0.0
2018/10/10,1011.7,1013.4,1009.6,81,53,1.7,18,6.4,273,0.0
2018/10/11,1013.6,1015.3,1011.4,76,57,3.0,358,8.6,16,0.0
2018/10/12,1015.4,1017.1,1014.0,84,78,2.4,4,5.9,343,0.0
2018/10/13,1014.7,1016.6,1012.6,78,53,2.1,2,7.1,295,0.0
2018/10/14,1013.1,1014.9,1011.4,75,46,1.8,1,7.3,283,0.0
2018/10/15,1012.3,1014.0,1010.0,83,49,2.0,3,7.5,295,0.0
2018/10/16,1010.9,1012.9,1008.6,84,55,2.7,15,8.9,346,0.0
2018/10/17,1010.1,1011.8,1007.9,83,58,2.5,335,9.7,340,0.0
2018/10/18,1012.0,1013.8,1010.2,78,55,1.8,5,6.3,328,0.0
2018/10/19,1015.1,1017.2,1013.2,79,57,2.0,1,6.3,2,0.0
2018/10/20,1016.5,1018.9,1014.0,76,51,1.9,4,6.8,331,0.0
2018/10/21,1015.4,1017.7,1013.2,76,48,1.6,4,6.4,276,0.0
2018/10/22,1014.1,1016.1,1011.6,78,45,1.7,14,6.6,18,0.0
2018/10/23,1014.5,1016.3,1012.5,79,49,2.5,8,7.1,325,0.0
2018/10/24,1014.5,1016.4,1012.5,82,56,2.1,4,6.7,352,0.0
2018/10/25,1014.7,1016.5,1013.1,82,56,1.4,314,6.7,315,0.0
2018/10/26,1014.1,1016.2,1011.7,83,49,1.9,13,8.3,350,0.0
2018/10/27,1014.5,1016.1,1012.7,72,46,3.1,15,10.2,14,0.0
2018/10/28,1013.4,1016.1,1010.8,57,40,2.9,8,8.9,14,0.0
2018/10/29,1011.1,1012.8,1008.6,61,38,1.9,348,8.2,15,0.0
2018/10/30,1010.2,1011.6,1008.4,70,38,1.5,24,6.0,8,0.0
2018/10/31,1011.2,1012.8,1009.7,86,67,2.3,10,7.9,17,1.0
2018/11/01,1011.2,1012.6,1009.6,89,77,3.5,14,9.1,11,0.0
2018/11/02,1012.5,1014.6,1009.2,92,65,1.5,349,5.6,14,0.5
2018/11/03,1014.0,1015.6,1012.2,89,59,2.1,5,6.9,313,0.0
2018/11/04,1014.4,1016.5,1012.0,91,65,1.7,353,5.7,325,0.0
2018/11/05,1014.7,1016.7,1012.5,90,62,1.8,1,7.3,335,0.0
2018/11/06,1015.6,1017.3,1014.0,89,61,1.2,131,6.0,345,0.0
2018/11/07,1015.8,1017.9,1013.7,93,64,1.6,7,5.8,22,0.0
2018/11/08,1014.9,1016.5,1012.9,86,47,1.6,36,6.4,344,0.0
2018/11/09,1015.3,1016.7,1013.3,87,53,1.7,354,7.9,6,0.0
2018/11/10,1016.3,1018.2,1014.1,88,57,1.6,2,6.6,266,0.0
2018/11/11,1015.2,1017.5,1012.8,88,55,1.4,332,7.0,344,0.0
2018/11/12,1012.7,1015.3,1010.3,85,46,1.7,1,7.7,350,0.0
2018/11/13,1012.0,1013.7,1009.4,82,41,2.5,3,7.1,347,0.0
2018/11/14,1013.8,1015.8,1011.5,82,53,2.2,8,6.7,323,0.0
2018/11/15,1014.8,1016.7,1012.4,82,53,1.4,1,6.3,352,0.0
2018/11/16,1014.1,1016.2,1011.9,85,58,1.7,1,6.1,19,0.0
2018/11/17,1014.3,1015.9,1012.5,87,62,2.4,2,7.0,7,0.0
2018/11/18,1014.5,1016.1,1012.2,87,59,1.9,20,6.3,10,0.0
2018/11/19,1014.9,1016.8,1012.8,81,49,3.5,6,9.6,50,0.5
2018/11/20,1015.7,1017.5,1013.4,84,60,1.7,343,6.4,339,0.0
2018/11/21,1014.7,1016.2,1012.1,84,45,1.9,23,7.9,347,0.0
2018/11/22,1016.2,1018.2,1013.8,79,52,3.7,1,10.3,360,0.0
2018/11/23,1017.2,1019.3,1014.9,82,52,2.3,359,8.4,333,0.0
2018/11/24,1017.1,1018.5,1014.7,84,49,1.4,345,5.6,313,0.0
2018/11/25,1016.0,1017.6,1013.4,81,42,2.1,2,11.6,20,0.0
2018/11/26,1016.9,1018.9,1015.4,92,72,2.7,11,9.7,9,0.0
2018/11/27,1016.5,1018.1,1014.7,85,54,2.2,8,5.9,327,0.0
2018/11/28,1017.2,1018.9,1015.3,94,84,2.6,10,7.9,13,2.0
2018/11/29,1018.7,1020.5,1017.3,84,57,2.0,11,6.2,7,0.0
2018/11/30,1018.6,1020.5,1016.4,84,52,1.2,11,7.0,257,0.0
2018/12/01,1016.9,1019.0,1014.3,88,48,2.0,6,6.7,1,0.0
2018/12/02,1015.3,1016.9,1013.1,88,50,1.3,2,5.9,330,0.0
2018/12/03,1015.4,1017.6,1013.1,82,31,1.4,1,6.3,6,0.0
2018/12/04,1014.9,1017.2,1012.7,77,42,2.1,6,9.4,26,0.0
2018/12/05,1013.8,1015.7,1011.4,83,52,2.4,2,7.0,15,0.0
2018/12/06,1013.8,1015.4,1011.6,89,57,1.9,332,6.2,6,0.0
2018/12/07,1016.0,1018.4,1013.7,83,59,3.6,6,10.4,15,0.0
2018/12/08,1017.6,1019.2,1015.7,78,56,3.3,1,8.3,12,0.0
2018/12/09,1017.2,1019.2,1014.1,80,57,3.1,1,7.4,17,0.0
2018/12/10,1015.6,1017.7,1012.9,88,65,2.6,356,8.5,1,0.0
2018/12/11,1015.6,1017.4,1012.9,89,67,3.1,1,9.5,348,0.0
2018/12/12,1019.6,1021.5,1017.1,77,63,3.6,7,8.5,337,0.0
2018/12/13,1021.1,1022.8,1019.2,77,56,2.5,2,8.5,13,0.0
2018/12/14,1021.4,1023.4,1018.9,83,57,2.1,352,7.8,326,0.0
2018/12/15,1020.3,1022.4,1017.6,84,60,1.9,347,6.5,19,0.0
2018/12/16,1018.5,1020.8,1015.2,84,45,2.7,8,9.3,354,0.0
2018/12/17,1018.8,1020.8,1016.9,67,40,3.5,5,9.1,9,0.0
2018/12/18,1019.7,1021.5,1017.0,68,46,1.2,17,6.0,265,0.0
2018/12/19,1018.9,1021.6,1016.5,80,47,1.0,351,6.4,2,0.0
2018/12/20,1015.9,1018.5,1012.7,68,26,0.9,2,6.0,2,0.0
2018/12/21,1015.3,1017.2,1013.1,79,42,1.9,3,7.9,354,0.0
2018/12/22,1015.1,1017.0,1013.0,88,56,2.9,19,7.1,307,0.0
2018/12/23,1014.5,1016.0,1012.5,90,69,2.9,2,8.2,360,0.0
2018/12/24,1014.1,1016.5,1011.8,82,58,3.3,10,8.3,7,0.0
2018/12/25,1012.2,1014.0,1010.0,84,56,3.0,14,7.7,8,0.0
2018/12/26,1011.0,1012.8,1008.5,89,56,3.8,6,9.5,13,0.0
2018/12/27,1013.3,1016.0,1010.5,77,54,4.4,7,11.6,9,0.0
2018/12/28,1017.7,1020.2,1015.0,71,52,3.5,1,8.3,5,0.0
2018/12/29,1021.8,1024.1,1019.4,69,48,3.5,3,8.4,346,0.0
2018/12/30,1021.7,1023.4,1018.8,73,44,1.9,357,7.4,283,0.0
2018/12/31,1022.5,1024.2,1020.3,80,63,3.6,2,8.6,352,0.0
2019/01/01,1021.9,1024.2,1019.2,83,59,2.9,360,7.7,1,0.0
2019/01/02,1021.7,1023.7,1019.5,87,68,2.4,2,6.0,360,0.0
2019/01/03,1021.8,1024.2,1019.3,90,61,2.9,1,8.9,14,0.5
2019/01/04,1021.2,1023.5,1019.0,92,68,1.3,9,6.5,309,0.0
2019/01/05,1018.7,1020.5,1016.6,85,51,2.0,4,5.9,6,0.0
2019/01/06,1018.7,1020.5,1016.8,86,61,3.3,8,9.5,26,0.0
2019/01/07,1018.7,1020.7,1016.5,88,57,2.5,8,7.3,319,0.0
2019/01/08,1018.6,1020.6,1015.3,86,60,3.3,7,9.0,2,0.0
2019/01/09,1019.5,1021.7,1017.0,84,58,2.8,3,7.1,4,0.0
2019/01/10,1018.5,1020.4,1016.6,89,60,2.3,7,6.2,337,0.0
2019/01/11,1017.1,1018.9,1014.3,90,56,1.9,12,6.4,340,0.0
2019/01/12,1016.5,1018.0,1014.7,88,58,2.1,3,8.3,349,0.0
2019/01/13,1016.6,1018.6,1014.2,85,57,3.2,360,8.3,340,0.0
2019/01/14,1016.1,1018.1,1013.6,81,54,2.9,357,7.8,1,0.0
2019/01/15,1016.4,1018.4,1014.0,87,50,3.0,9,9.4,355,0.0
2019/01/16,1017.0,1018.6,1015.2,97,85,3.6,12,9.3,3,0.5
2019/01/17,1018.8,1020.6,1016.5,90,68,4.0,5,10.5,21,0.0
2019/01/18,1019.8,1022.0,1017.1,82,53,1.9,2,5.6,316,0.0
2019/01/19,1018.6,1020.5,1016.4,80,52,2.3,4,9.3,19,0.0
2019/01/20,1017.2,1019.1,1015.0,85,57,2.5,355,8.1,342,0.0
2019/01/21,1018.3,1020.2,1016.4,88,69,3.9,4,10.0,1,0.0
2019/01/22,1018.8,1020.3,1016.9,78,57,4.4,10,10.9,360,0.0
2019/01/23,1018.2,1020.0,1016.2,73,41,2.7,3,7.2,295,0.0
2019/01/24,1018.2,1019.9,1016.1,79,38,2.0,7,30.4,14,0.0
2019/01/25,1019.0,1020.8,1016.5,83,43,2.6,18,8.3,352,0.0
2019/01/26,1020.5,1022.0,1018.4,75,47,3.7,3,9.8,360,0.0
2019/01/27,1021.6,1024.2,1019.4,67,45,3.0,14,7.5,3,0.0
2019/01/28,1019.9,1022.2,1017.6,80,35,1.7,23,5.6,6,0.0
,1020.0,--,--,81,--,1.9,4,--,--,0.0
,1019.4,--,--,79,--,2.0,6,--,--,0.0
,1017.2,--,--,68,--,2.4,350,--,--,0.0
,1019.7,--,--,77,--,3.5,2,--,--,0.0
,1017.7,--,--,83,--,2.0,17,--,--,0.0
,1016.3,--,--,84,--,2.2,8,--,--,0.0
,1016.8,--,--,93,--,2.1,5,--,--,5.0
,1015.6,--,--,89,--,2.6,10,--,--,0.0
,1013.6,--,--,88,--,1.4,59,--,--,0.0
,1014.2,--,--,80,--,1.7,28,--,--,0.0
,1015.1,--,--,85,--,3.3,8,--,--,0.0
,1017.3,--,--,82,--,2.7,1,--,--,0.0
,1020.2,--,--,84,--,3.1,7,--,--,0.0
,1022.0,--,--,84,--,3.6,4,--,--,0.0
,1021.8,--,--,85,--,2.8,7,--,--,0.0
,1019.8,--,--,82,--,3.2,1,--,--,0.0
2019/02/14,1019.3,1021.1,1017.0,85,53,3.0,356,8.3,19,0.0
2019/02/15,1018.7,1020.9,1016.0,85,49,1.9,1,7.6,290,0.0
2019/02/16,1017.2,1019.6,1015.0,87,47,2.3,8,8.7,348,0.0
2019/02/17,1016.9,1018.6,1014.3,85,59,3.6,4,9.4,332,0.0
2019/02/18,1014.8,1017.2,1011.7,81,54,2.4,7,9.2,182,0.0
2019/02/19,1016.8,1019.1,1014.9,81,40,1.6,239,5.4,265,0.5
2019/02/20,1018.4,1020.5,1016.5,88,51,2.0,3,9.0,282,0.0
2019/02/21,1016.8,1019.1,1014.3,89,66,2.1,3,8.2,352,0.0
2019/02/22,1015.4,1017.0,1013.1,91,64,3.6,4,10.4,336,0.0
2019/02/23,1015.1,1016.9,1011.7,80,60,3.3,360,10.1,3,0.0
2019/02/24,1014.3,1016.0,1012.6,94,81,3.1,4,10.0,2,1.0
2019/02/25,1015.3,1017.4,1012.8,88,58,3.3,4,9.8,16,0.5
2019/02/26,1016.0,1018.0,1014.1,85,55,2.2,1,6.7,307,0.0
2019/02/27,1014.5,1016.8,1011.4,87,57,2.6,2,7.1,350,0.0
2019/02/28,1013.8,1015.8,1011.6,86,55,2.7,10,8.5,336,0.0
2019/03/01,1015.3,1016.9,1013.9,89,60,2.8,12,9.1,331,0.0
2019/03/02,1012.1,1015.4,1009.7,86,57,1.6,31,6.4,279,0.0
2019/03/03,1009.9,1012.1,1007.7,86,49,2.3,16,12.0,12,0.5
2019/03/04,1013.2,1015.2,1011.0,84,48,2.3,4,6.6,337,0.0
2019/03/05,1012.1,1014.6,1009.1,85,55,1.9,20,9.7,25,0.0
2019/03/06,1012.5,1015.3,1008.8,87,55,3.0,17,10.5,19,1.5
2019/03/07,1015.1,1017.2,1012.9,99,99,3.1,5,7.9,20,10.5
2019/03/08,1015.5,1018.3,1012.9,98,79,2.3,1,8.3,54,9.0
2019/03/09,1010.9,1014.3,1007.7,98,76,1.4,144,7.0,325,1.5
2019/03/10,1011.6,1013.7,1009.7,94,66,2.1,44,11.8,11,10.0
2019/03/11,1012.6,1014.8,1010.5,95,72,1.6,7,5.4,21,4.0
2019/03/12,1014.6,1016.8,1012.6,84,50,1.1,9,6.8,261,0.0
,1017.1,--,--,87,--,1.0,342,--,--,0.5
2019/03/14,1017.5,1019.7,1014.7,87,62,2.4,2,7.8,325,0.0
2019/03/15,1018.2,1019.9,1015.9,85,66,3.5,7,12.4,4,0.5
2019/03/16,1017.7,1019.3,1015.8,81,53,1.6,165,7.1,198,0.0
2019/03/17,1017.7,1019.6,1015.1,84,55,1.7,5,8.0,354,0.0
2019/03/18,1015.4,1017.8,1012.9,89,58,1.8,6,6.0,341,0.0
2019/03/19,1013.8,1015.9,1011.4,86,42,1.6,5,6.7,12,0.0
2019/03/20,1012.6,1014.8,1009.8,87,63,1.7,206,8.9,233,0.0
2019/03/21,1011.2,1012.7,1009.0,86,58,1.8,239,6.5,207,0.0
2019/03/22,1012.3,1014.7,1010.3,86,54,2.1,359,8.2,339,0.0
2019/03/23,1015.9,1017.7,1013.4,95,85,3.3,3,8.1,1,1.5
2019/03/24,1016.8,1018.5,1015.2,98,88,1.3,346,5.3,1,0.5
2019/03/25,1015.4,1017.0,1013.6,93,71,2.0,360,6.6,29,0.0
2019/03/26,1017.4,1019.4,1015.3,88,57,2.6,3,7.9,348,0.0
2019/03/27,1016.1,1019.0,1013.1,81,45,1.6,16,9.3,270,0.0
2019/03/28,1011.3,1014.0,1008.3,87,59,1.8,10,7.5,250,0.0
2019/03/29,1009.6,1013.1,1008.0,85,58,2.3,148,12.0,13,0.0
2019/03/30,1012.3,1014.6,1010.1,86,60,2.2,339,10.1,22,0.0
2019/03/31,1015.5,1018.3,1013.5,82,54,2.5,1,9.4,294,0.0
2019/04/01,1017.9,1019.7,1016.4,88,78,3.1,5,7.9,346,0.0
2019/04/02,1016.7,1019.1,1013.8,85,53,1.6,3,6.8,11,0.0
2019/04/03,1015.6,1018.2,1012.7,90,61,4.1,4,11.0,355,0.0
2019/04/04,1014.5,1016.3,1011.9,89,66,2.3,10,7.2,345,0.0
2019/04/05,1012.0,1014.5,1009.6,90,68,2.4,7,8.6,341,0.0
2019/04/06,1012.1,1013.7,1010.1,84,53,1.1,325,8.0,284,0.0
2019/04/07,1011.7,1013.3,1009.9,82,53,1.5,118,7.6,280,0.0
2019/04/08,1011.5,1012.9,1010.0,81,53,1.3,249,6.7,263,0.0
2019/04/09,1010.4,1012.4,1008.2,81,43,2.7,222,10.4,225,0.0
2019/04/10,1010.2,1011.8,1007.9,83,53,1.7,91,7.0,282,0.0
2019/04/11,1009.9,1012.0,1007.9,83,52,2.6,16,9.4,17,0.0
2019/04/12,1012.8,1015.8,1010.7,80,57,2.7,3,9.6,2,0.0
2019/04/13,1013.3,1015.2,1011.5,84,52,2.1,6,10.1,26,0.0
2019/04/14,1012.2,1013.5,1010.4,82,55,2.8,329,8.1,360,0.0
2019/04/15,1012.3,1014.1,1010.4,86,61,2.1,13,6.3,13,0.0
2019/04/16,1011.4,1013.5,1009.4,99,95,2.2,2,7.2,18,10.5
2019/04/17,1010.4,1012.0,1008.5,87,64,2.5,7,8.5,4,0.0
2019/04/18,1010.1,1011.9,1008.7,82,52,1.1,9,7.7,293,0.0
2019/04/19,1009.0,1011.1,1005.7,91,57,2.0,49,15.5,293,60.0
2019/04/20,1007.9,1009.6,1005.5,83,47,1.3,157,5.4,269,0.0
2019/04/21,1008.7,1010.5,1006.5,92,62,1.4,142,6.3,167,34.0
2019/04/22,1009.1,1011.7,1007.0,89,66,1.8,90,7.8,282,0.0
2019/04/23,1009.6,1011.3,1006.3,85,60,1.6,335,6.6,308,0.0
2019/04/24,1009.3,1011.4,1007.9,87,66,1.7,156,6.8,294,0.0
2019/04/25,1009.0,1010.3,1007.4,81,56,1.6,164,7.7,279,0.0
2019/04/26,1010.0,1012.8,1008.1,79,53,1.7,271,6.4,277,0.0
2019/04/27,1011.7,1013.5,1009.4,87,59,1.8,5,7.2,4,0.0
2019/04/28,1012.0,1014.0,1010.2,88,68,1.8,335,6.5,352,0.0
2019/04/29,1010.1,1012.2,1007.3,83,54,1.4,273,6.4,254,0.0
2019/04/30,1007.6,1009.3,1005.0,83,57,2.6,239,8.1,272,0.0
2019/05/01,1007.8,1010.0,1006.2,91,76,2.4,9,7.5,10,24.0
2019/05/02,1010.5,1012.7,1007.7,95,75,1.7,5,8.2,6,19.0
2019/05/03,1012.2,1013.8,1010.3,99,99,1.3,8,4.5,1,0.5
2019/05/04,1012.4,1013.7,1010.3,93,72,1.6,276,6.1,235,2.5
2019/05/05,1009.7,1012.5,1006.9,91,62,1.0,7,4.5,292,2.0
2019/05/06,1007.8,1009.3,1006.3,99,99,2.0,10,5.4,5,15.5
2019/05/07,1008.5,1010.4,1006.6,99,98,2.2,358,5.9,14,2.0
2019/05/08,1008.4,1009.9,1006.1,96,85,1.8,356,5.5,348,1.0
2019/05/09,1007.0,1008.6,1005.0,94,72,1.6,13,5.2,9,0.0
2019/05/10,1008.0,1009.6,1006.7,93,73,2.5,7,7.4,17,6.5
2019/05/11,1009.7,1011.8,1007.3,91,69,1.8,341,7.7,348,0.0
2019/05/12,1009.9,1011.2,1008.2,89,54,1.6,8,6.9,303,0.0
2019/05/13,1009.4,1011.1,1007.5,84,60,1.2,1,6.2,326,0.0
,1008.7,--,--,84,--,1.3,299,--,--,0.0
2019/05/15,1008.9,1010.5,1007.4,92,61,1.1,2,9.0,215,31.5
2019/05/16,1007.4,1009.3,1005.3,92,73,1.1,80,5.8,262,0.5
2019/05/17,1006.2,1007.8,1004.6,90,73,1.9,138,8.2,275,2.5
2019/05/18,1006.0,1008.2,1004.3,95,82,2.8,107,9.7,271,12.5
2019/05/19,1007.8,1009.0,1006.5,94,72,1.4,242,7.3,235,13.5
2019/05/20,1007.4,1009.1,1004.9,97,79,1.8,137,16.9,341,43.0
2019/05/21,1008.5,1010.5,1007.1,93,73,1.5,163,5.0,245,0.0
2019/05/22,1009.0,1010.3,1007.5,84,61,1.6,9,6.1,286,0.0
,1010.3,--,--,92,--,1.9,4,--,--,0.5
2019/05/24,1010.9,1012.0,1009.3,88,68,1.5,17,7.1,283,0.0
,1009.9,--,--,88,--,1.5,135,--,--,0.0
2019/05/26,1008.8,1010.4,1006.7,82,55,1.0,57,6.5,260,0.0
2019/05/27,1008.6,1009.8,1007.0,94,77,1.2,171,6.6,163,2.0
2019/05/28,1008.6,1010.2,1006.8,93,71,1.8,120,7.0,14,0.0
2019/05/29,1008.9,1010.6,1007.2,88,69,2.2,3,6.4,337,0.0
2019/05/30,1009.2,1010.2,1007.2,82,64,1.5,5,6.8,298,0.0
2019/05/31,1008.2,1009.6,1006.2,84,60,1.7,136,7.4,237,0.0
2019/06/01,1007.7,1009.2,1005.5,88,64,2.3,133,8.0,190,6.5
2019/06/02,1007.6,1009.1,1005.7,85,57,1.9,49,7.4,238,2.0
2019/06/03,1008.0,1009.2,1006.6,81,40,1.8,138,6.3,306,0.0
2019/06/04,1009.1,1010.7,1007.4,95,78,1.4,150,9.4,194,15.5
2019/06/05,1009.8,1011.8,1008.5,83,54,1.6,140,6.5,276,0.0
2019/06/06,1010.3,1011.4,1009.0,82,55,2.5,183,9.0,210,0.0
2019/06/07,1010.1,1011.4,1008.3,85,61,2.4,134,8.1,241,0.0
2019/06/08,1008.3,1009.9,1006.6,81,52,1.8,137,8.1,271,0.0
2019/06/09,1006.4,1008.2,1004.7,83,54,1.9,164,10.2,225,1.5
2019/06/10,1004.7,1005.9,1002.4,89,56,2.1,140,11.1,166,27.0
2019/06/11,1004.8,1006.4,1003.3,98,84,1.6,111,7.2,140,65.5
2019/06/12,1005.7,1007.1,1004.4,98,91,1.6,133,7.4,134,45.0
2019/06/13,1003.5,1005.5,1001.6,94,66,1.8,88,9.9,258,40.0
2019/06/14,1001.2,1003.2,999.1,97,89,1.8,360,12.4,240,79.0
2019/06/15,1004.1,1006.4,1002.1,85,58,1.7,335,6.4,355,0.0
2019/06/16,1006.7,1009.3,1004.7,87,57,1.4,238,6.9,234,0.5
2019/06/17,1008.9,1011.2,1007.6,89,63,1.2,3,7.2,238,0.0
2019/06/18,1009.2,1010.2,1008.1,79,51,2.0,156,6.8,179,0.0
2019/06/19,1008.1,1009.4,1006.0,82,55,1.6,23,6.7,265,0.0
2019/06/20,1006.8,1008.1,1005.5,85,60,1.6,105,7.2,285,0.0
2019/06/21,1006.2,1007.4,1004.8,82,56,2.1,136,7.5,262,0.0
2019/06/22,1004.9,1006.3,1003.3,82,48,1.9,263,6.7,250,0.0
2019/06/23,1005.5,1007.2,1003.3,91,57,1.7,170,10.2,345,22.5
2019/06/24,1007.4,1009.1,1005.6,94,75,1.1,142,4.3,181,8.5
2019/06/25,1007.4,1009.7,1006.3,88,56,1.2,217,11.5,230,1.5
2019/06/26,1004.6,1006.7,1002.3,94,82,2.1,128,9.7,203,0.0
2019/06/27,1002.7,1003.8,1001.2,92,67,2.3,176,10.0,234,1.0
2019/06/28,1002.7,1003.9,1001.1,82,61,2.7,245,7.9,254,0.0
2019/06/29,1002.6,1003.6,1001.1,96,75,1.9,157,9.0,182,9.5
2019/06/30,1002.6,1004.3,1001.0,84,65,2.8,208,10.6,205,0.5
2019/07/01,1001.4,1003.9,999.2,80,57,2.9,3,11.4,3,0.0
2019/07/02,1003.5,1007.2,1000.2,96,76,3.8,171,12.5,146,36.0
2019/07/03,1008.8,1011.0,1005.8,99,87,2.5,148,13.5,248,88.0
2019/07/04,1008.9,1010.0,1006.7,92,65,2.0,151,11.4,211,2.5
2019/07/05,1006.2,1008.5,1004.0,95,75,1.7,140,11.3,181,33.5
2019/07/06,1004.6,1005.9,1002.9,89,67,2.3,174,10.7,239,7.0
2019/07/07,1006.2,1008.3,1004.6,90,66,2.5,160,7.2,164,1.0
2019/07/08,1007.3,1008.6,1006.1,95,77,2.0,151,8.9,248,11.0
2019/07/09,1005.4,1007.3,1003.4,98,89,2.0,140,8.0,288,48.5
2019/07/10,1005.8,1009.1,1003.8,98,88,2.2,124,11.5,198,74.5
2019/07/11,1009.4,1011.4,1007.3,94,77,2.1,143,10.9,206,9.5
2019/07/12,1008.9,1011.1,1006.4,88,63,2.6,136,8.8,312,7.5
2019/07/13,1006.7,1008.7,1004.5,88,62,1.8,158,11.7,179,5.0
2019/07/14,1005.0,1006.3,1003.4,86,63,2.1,132,7.4,288,0.0
2019/07/15,1004.7,1006.1,1003.3,85,63,1.4,320,7.1,282,0.0
2019/07/16,1003.5,1005.5,1001.4,85,62,2.2,8,8.5,338,0.0
2019/07/17,997.0,1001.8,993.3,85,58,1.8,29,6.8,296,0.0
2019/07/18,995.5,997.5,994.1,91,64,1.7,140,9.2,201,14.5
2019/07/19,1000.0,1005.5,994.7,98,91,2.4,17,10.1,220,54.5
2019/07/20,1006.5,1008.3,1004.1,99,99,1.8,157,7.3,112,21.0
2019/07/21,1007.4,1009.5,1005.8,95,67,1.9,126,11.4,240,10.0
2019/07/22,1006.6,1008.1,1005.2,88,61,2.7,125,9.1,190,0.0
2019/07/23,1006.5,1007.7,1005.0,87,66,2.2,149,8.3,238,0.0
2019/07/24,1007.3,1008.7,1005.9,86,68,2.0,124,8.1,257,0.0
2019/07/25,1008.0,1009.2,1006.4,85,56,1.6,106,7.1,268,0.0
2019/07/26,1006.3,1007.7,1004.3,86,61,1.8,95,6.8,279,0.0
2019/07/27,1006.2,1007.7,1004.5,90,61,1.9,82,7.5,229,0.0
2019/07/28,1007.3,1008.8,1005.2,92,70,1.4,76,7.4,63,21.0
2019/07/29,1007.2,1008.5,1005.4,84,57,1.9,15,7.8,274,0.0
2019/07/30,1006.3,1008.1,1004.1,88,56,1.5,12,6.8,353,3.5
2019/07/31,1005.5,1007.5,1003.6,91,63,1.3,53,10.0,199,0.0
2019/08/01,1006.1,1007.4,1004.9,94,80,1.5,144,9.9,36,66.0
2019/08/02,1004.5,1006.3,1002.4,93,67,1.9,169,16.1,233,38.5
2019/08/03,1002.1,1004.1,1000.5,90,66,1.5,148,7.1,326,0.0
2019/08/04,1001.1,1001.9,1000.1,89,66,1.7,103,6.5,288,0.0
2019/08/05,1001.1,1002.6,999.4,89,57,1.8,114,6.6,305,0.5
2019/08/06,1000.6,1002.1,998.9,90,62,2.1,304,8.1,293,6.0
2019/08/07,997.4,1000.2,994.9,88,66,2.1,130,7.6,342,4.0
2019/08/08,992.5,993.1,990.0,92,70,2.0,347,9.5,360,3.0
2019/08/09,991.6,995.2,988.1,93,69,4.1,347,13.1,327,3.0
2019/08/10,997.7,1001.0,994.0,94,87,5.8,239,16.1,232,0.5
2019/08/11,1000.9,1001.9,999.1,94,83,4.2,244,11.3,237,3.5
2019/08/12,1001.8,1003.3,1000.4,97,83,2.3,106,7.2,237,7.0
2019/08/13,1002.1,1005.1,999.6,98,87,1.7,135,9.1,141,144.0
2019/08/14,1002.2,1003.5,999.7,92,66,2.5,150,9.2,250,40.5
2019/08/15,1001.7,1003.1,999.7,97,82,3.5,118,12.3,239,43.5
2019/08/16,1003.7,1006.1,1001.7,99,99,2.1,137,12.8,271,13.0
2019/08/17,1006.0,1007.6,1004.3,96,83,2.3,132,9.6,210,37.0
2019/08/18,1006.1,1007.4,1004.1,99,99,2.0,161,7.0,240,59.0
2019/08/19,1004.9,1006.3,1003.0,99,99,1.9,82,7.2,226,18.5
2019/08/20,1004.5,1005.3,1003.0,96,75,1.2,90,8.1,183,20.0
2019/08/21,1004.5,1006.3,1002.5,98,76,1.4,123,6.4,236,13.0
2019/08/22,1005.3,1007.0,1003.8,89,68,1.6,318,6.8,306,0.0
2019/08/23,1003.7,1006.5,1001.0,90,60,1.5,11,7.3,279,0.0
2019/08/24,994.1,1001.4,983.5,99,92,3.8,21,20.5,172,26.5
2019/08/25,1005.2,1008.8,999.5,98,90,4.1,144,13.6,188,33.0
2019/08/26,1008.7,1011.0,1007.1,88,63,2.3,141,9.7,212,0.0
2019/08/27,1007.7,1010.0,1006.1,92,76,1.9,7,8.8,336,0.0
2019/08/28,1005.4,1007.1,1003.2,87,64,1.7,14,7.0,288,0.0
2019/08/29,1006.5,1008.6,1005.0,92,69,1.6,27,7.5,248,0.0
2019/08/30,1008.0,1009.2,1006.6,96,74,1.2,90,10.2,139,18.5
2019/08/31,1006.7,1008.7,1004.7,91,65,1.2,325,6.0,286,0.0
2019/09/01,1007.2,1009.0,1005.8,90,64,1.5,170,7.0,94,5.5
2019/09/02,1007.7,1009.2,1005.0,86,61,1.4,307,6.8,341,0.0
2019/09/03,1005.4,1007.5,1003.1,91,66,1.4,171,6.9,280,13.5
2019/09/04,1004.6,1006.8,1003.0,97,78,1.5,121,7.3,209,14.5
2019/09/05,1002.1,1003.7,1000.4,93,70,1.5,142,7.2,281,0.0
2019/09/06,1001.2,1003.3,998.9,94,61,1.9,149,16.0,138,53.0
2019/09/07,1003.4,1005.6,1001.4,90,69,1.2,90,5.4,315,0.0
2019/09/08,1004.5,1006.3,1002.4,87,62,1.5,330,7.6,275,0.0
2019/09/09,1005.7,1007.8,1003.6,86,58,1.3,5,6.5,313,0.0
2019/09/10,1008.8,1011.5,1006.7,96,71,1.5,337,11.6,346,77.0
2019/09/11,1010.0,1011.8,1007.9,89,57,1.1,294,5.9,277,0.0
2019/09/12,1007.7,1009.7,1005.7,89,65,1.6,154,6.3,330,0.0
2019/09/13,1006.3,1007.7,1004.6,89,66,1.6,175,6.7,287,0.0
2019/09/14,1006.1,1008.0,1004.2,89,61,1.9,158,8.7,354,0.5
2019/09/15,1006.2,1007.7,1004.1,95,74,2.0,94,9.3,19,1.5
2019/09/16,1005.3,1006.3,1003.9,92,65,1.8,132,5.6,37,0.0
2019/09/17,1006.3,1008.2,1004.9,91,75,1.8,1,5.9,23,3.0
2019/09/18,1007.1,1008.6,1005.0,83,68,2.5,5,9.5,360,2.5
2019/09/19,1006.9,1008.4,1004.8,73,55,3.0,3,8.6,347,0.0
2019/09/20,1003.5,1006.1,1001.5,79,63,5.3,4,15.0,9,0.0
2019/09/21,1003.4,1007.4,1000.6,66,54,5.4,10,14.3,4,0.0
2019/09/22,1010.0,1013.5,1006.4,72,47,3.0,9,9.4,10,0.0
2019/09/23,1014.3,1016.2,1012.4,73,40,2.2,3,8.4,353,0.0
2019/09/24,1015.1,1016.7,1013.0,78,48,1.5,12,5.9,332,0.0
2019/09/25,1014.9,1016.1,1013.1,77,54,1.7,4,6.6,337,0.0
2019/09/26,1014.8,1016.2,1012.9,79,52,1.8,360,7.5,281,0.0
2019/09/27,1013.6,1015.3,1012.1,88,60,1.4,21,6.6,299,0.0
2019/09/28,1011.9,1013.6,1009.8,88,64,1.4,45,6.5,149,0.0
2019/09/29,1008.8,1012.0,1005.0,87,64,1.7,15,7.5,334,0.0
2019/09/30,1000.5,1006.6,996.6,92,69,2.4,5,13.1,22,1.0
2019/10/01,1007.9,1010.3,1002.0,80,51,2.7,307,13.2,10,0.5
2019/10/02,1010.8,1012.3,1009.4,84,51,2.2,138,7.5,261,0.0
2019/10/03,1011.5,1013.4,1009.4,81,51,1.5,153,7.4,341,0.0
2019/10/04,1011.3,1012.9,1009.0,81,53,1.8,334,7.3,337,0.0
2019/10/05,1012.2,1014.0,1010.5,90,64,1.3,20,6.4,299,1.0
2019/10/06,1013.5,1014.7,1012.2,91,73,1.1,172,4.6,20,0.0
2019/10/07,1014.2,1015.8,1012.6,84,54,1.7,134,7.3,290,0.0
2019/10/08,1013.7,1015.3,1011.9,84,55,1.5,315,6.2,280,0.0
2019/10/09,1012.6,1014.3,1010.4,82,56,1.6,156,6.0,265,0.0
2019/10/10,1011.3,1013.3,1009.2,83,50,1.3,1,6.9,318,0.0
2019/10/11,1009.9,1011.6,1007.5,82,49,1.3,2,7.1,325,0.0
2019/10/12,1010.7,1012.7,1009.0,86,60,1.5,128,7.0,273,0.0
2019/10/13,1012.6,1014.3,1010.9,83,59,1.9,132,7.9,9,0.0
2019/10/14,1014.7,1016.4,1012.8,75,57,2.2,7,9.2,5,0.0
2019/10/15,1015.8,1017.4,1013.5,66,49,2.3,1,8.7,7,0.0
2019/10/16,1015.3,1016.8,1013.1,75,52,1.9,6,6.7,335,0.0
2019/10/17,1014.2,1015.9,1011.7,73,49,2.4,1,8.6,10,0.0
2019/10/18,1014.2,1015.9,1011.9,71,44,2.7,3,9.0,14,0.0
2019/10/19,1014.5,1016.3,1012.5,77,54,2.7,2,9.7,354,0.0
2019/10/20,1013.6,1015.6,1011.1,78,49,2.1,2,8.8,3,0.0
2019/10/21,1011.8,1013.6,1009.5,78,52,1.8,9,6.7,288,0.0
2019/10/22,1010.4,1012.1,1008.5,75,48,1.7,4,6.7,266,0.0
2019/10/23,1010.9,1013.0,1008.9,78,49,1.9,7,8.2,324,0.0
2019/10/24,1013.3,1015.3,1011.6,79,49,1.9,1,6.4,296,0.0
2019/10/25,1015.0,1016.7,1012.9,80,50,1.6,5,6.7,276,0.0
2019/10/26,1015.2,1016.9,1013.0,78,46,1.7,40,6.2,254,0.0
2019/10/27,1013.4,1015.3,1010.5,83,51,1.8,3,9.2,342,0.0
2019/10/28,1012.7,1014.1,1010.3,87,56,2.7,7,10.2,9,0.0
2019/10/29,1013.2,1015.0,1011.6,85,63,3.5,3,10.2,360,0.0
2019/10/30,1014.0,1015.4,1012.3,82,54,2.4,360,7.0,1,0.0
2019/10/31,1013.8,1015.0,1012.0,87,57,1.6,1,6.5,335,0.0
2019/11/01,1013.1,1014.9,1011.0,86,62,1.6,3,6.3,320,0.0
2019/11/02,1011.9,1013.4,1009.9,85,57,1.8,5,5.9,353,0.0
2019/11/03,1011.4,1013.5,1009.4,86,58,2.8,8,9.0,9,0.0
2019/11/04,1010.9,1012.7,1009.3,78,59,3.4,7,7.9,360,0.0
2019/11/05,1009.4,1011.2,1007.2,74,56,2.5,3,7.9,360,0.0
2019/11/06,1009.0,1010.5,1007.1,80,53,1.7,4,7.0,8,0.0
2019/11/07,1010.1,1011.9,1007.8,81,48,2.3,354,7.8,345,0.0
2019/11/08,1013.2,1015.2,1011.1,75,47,2.8,359,8.6,7,0.0
2019/11/09,1014.7,1016.9,1012.1,76,44,2.0,15,7.6,324,0.0
2019/11/10,1013.6,1015.7,1011.0,77,46,1.4,248,6.7,252,0.0
2019/11/11,1013.7,1015.7,1011.8,78,45,1.0,2,6.2,360,0.0
2019/11/12,1015.4,1017.2,1007.0,78,43,1.2,116,6.6,304,0.0
2019/11/13,1016.3,1018.6,1013.9,81,44,1.5,3,8.3,345,0.0
2019/11/14,1015.1,1017.0,1012.8,76,52,2.0,1,8.4,345,0.0
2019/11/15,1014.4,1016.1,1012.7,79,50,1.4,4,8.2,275,0.0
2019/11/16,1014.3,1016.1,1012.5,86,55,1.0,5,5.1,301,0.0
2019/11/17,1013.4,1015.1,1010.8,83,44,1.9,39,8.5,320,0.0
2019/11/18,1012.5,1014.3,1010.7,86,60,3.0,4,10.2,329,0.0
2019/11/19,1013.5,1015.3,1011.9,74,58,3.6,3,8.8,2,0.0
2019/11/20,1014.8,1017.0,1012.8,71,55,2.3,9,7.5,345,0.0
2019/11/21,1014.0,1015.7,1011.3,83,52,2.2,353,9.2,360,0.0
2019/11/22,1013.1,1014.3,1011.4,88,57,2.4,6,7.5,360,0.0
2019/11/23,1014.8,1017.3,1013.0,91,55,1.5,1,5.6,334,0.0
2019/11/24,1015.7,1017.5,1013.8,91,60,1.9,15,7.7,339,0.0
2019/11/25,1017.3,1019.0,1014.9,87,49,1.7,8,8.6,12,0.0
2019/11/26,1017.9,1019.7,1015.7,83,57,2.1,4,6.8,281,0.0
2019/11/27,1017.5,1019.7,1014.4,89,54,2.0,359,7.1,28,0.0
2019/11/28,1018.4,1020.2,1016.3,81,58,3.2,356,8.2,17,0.0
2019/11/29,1019.2,1020.8,1017.4,74,52,1.6,2,6.0,299,0.0
2019/11/30,1018.1,1020.0,1015.8,87,51,1.9,1,6.6,341,0.0
2019/12/01,1016.2,1018.1,1013.3,85,38,2.8,11,8.3,1,0.0
2019/12/02,1017.1,1018.9,1015.0,76,52,4.5,4,12.5,13,0.0
2019/12/03,1018.5,1019.9,1016.4,64,46,2.5,1,6.5,317,0.0
2019/12/04,1019.4,1020.8,1017.6,81,55,1.8,4,5.2,4,2.0
2019/12/05,1019.6,1021.1,1017.5,98,95,4.0,5,10.8,6,10.5
2019/12/06,1018.6,1019.9,1017.1,99,99,3.5,10,9.0,10,13.0
2019/12/07,1019.9,1022.1,1017.7,88,72,4.2,8,11.7,9,0.0
2019/12/08,1020.9,1022.7,1018.7,75,54,2.0,359,6.1,344,0.0
2019/12/09,1019.3,1021.5,1017.0,80,46,0.9,309,6.4,284,0.0
2019/12/10,1016.5,1018.7,1013.7,81,42,1.9,5,7.4,339,0.0
2019/12/11,1015.8,1018.1,1013.8,89,65,1.9,351,8.1,333,0.0
2019/12/12,1018.9,1021.5,1017.1,86,56,1.5,338,7.5,347,0.0
2019/12/13,1020.9,1023.0,1019.3,82,42,2.5,14,9.2,24,0.0
2019/12/14,1019.9,1022.6,1017.3,88,47,1.9,12,7.9,323,0.0
2019/12/15,1018.8,1020.9,1016.4,91,60,1.8,13,7.8,315,0.0
2019/12/16,1017.2,1019.6,1013.7,91,54,2.0,12,8.0,41,0.0
2019/12/17,1016.9,1019.3,1014.4,86,48,1.5,10,9.3,17,0.0
2019/12/18,1017.2,1019.0,1014.7,91,63,2.1,358,8.4,325,0.0
2019/12/19,1018.0,1019.5,1016.4,98,88,2.8,2,8.2,354,0.0
2019/12/20,1017.4,1018.5,1015.2,99,99,2.5,1,7.8,9,3.5
2019/12/21,1015.8,1018.1,1013.6,98,87,2.1,16,6.4,7,0.0
2019/12/22,1014.1,1015.8,1011.4,96,72,2.4,12,7.6,352,0.0
2019/12/23,1015.4,1017.2,1013.2,95,76,2.4,345,8.1,334,0.0
2019/12/24,1016.6,1018.8,1014.4,97,78,2.4,2,7.9,352,0.0
2019/12/25,1014.7,1017.1,1011.7,93,60,1.8,352,5.5,344,0.0
2019/12/26,1013.7,1015.5,1010.9,88,57,3.4,6,10.7,9,0.0
2019/12/27,1017.4,1019.5,1014.9,87,65,3.5,3,9.5,18,0.0
2019/12/28,1018.1,1020.3,1015.8,93,77,1.8,8,5.2,12,0.0
2019/12/29,1017.4,1019.0,1015.5,99,99,2.3,18,8.1,45,64.0
2019/12/30,1018.7,1020.6,1016.2,98,84,3.8,14,12.3,16,0.0
2019/12/31,1022.5,1024.5,1020.2,99,99,3.1,9,8.4,29,2.0
2020/01/01,1024.3,1026.8,1022.6,98,92,2.1,4,6.4,9,0.0
2020/01/02,1023.6,1025.9,1021.6,97,80,1.1,338,7.1,339,0.0
2020/01/03,1021.7,1023.8,1019.3,97,79,0.9,326,4.9,260,0.0
2020/01/04,1019.7,1022.0,1017.5,99,98,1.4,5,4.9,343,0.0
2020/01/05,1020.2,1021.9,1018.1,98,82,1.6,1,6.3,328,0.0
2020/01/06,1019.0,1021.4,1016.7,99,92,1.8,4,6.7,4,0.0
2020/01/07,1016.4,1018.8,1014.3,96,74,1.6,2,7.9,11,0.0
2020/01/08,1017.5,1019.3,1015.1,96,75,2.2,1,7.7,3,0.0
2020/01/09,1017.2,1019.9,1015.1,97,81,1.8,7,6.7,4,0.0
2020/01/10,1015.5,1018.0,1013.1,97,75,1.6,359,6.7,325,0.0
2020/01/11,1014.2,1016.1,1011.9,98,83,2.0,3,7.9,7,0.0
2020/01/12,1014.7,1016.8,1012.4,97,82,3.7,4,9.8,15,0.0
2020/01/13,1016.4,1018.8,1013.7,92,72,2.9,14,8.2,339,0.0
2020/01/14,1017.8,1020.4,1014.9,89,40,2.6,2,9.7,345,0.0
2020/01/15,1017.9,1020.2,1015.8,94,71,2.1,360,7.9,337,0.0
2020/01/16,1016.8,1018.8,1014.0,95,63,2.4,16,9.1,337,0.0
2020/01/17,1017.4,1018.9,1015.4,96,78,3.7,4,10.6,340,0.0
2020/01/18,1018.2,1019.8,1015.7,93,69,2.7,12,7.5,330,0.0
2020/01/19,1019.3,1021.2,1016.9,93,74,2.7,359,8.4,16,0.0
2020/01/20,1020.1,1021.9,1017.5,89,43,2.9,8,8.3,9,0.0
2020/01/21,1021.3,1024.0,1019.1,87,50,2.1,6,6.0,1,0.0
2020/01/22,1018.6,1020.9,1016.7,85,39,1.6,11,8.5,5,0.0
2020/01/23,1017.1,1018.8,1015.1,90,54,1.4,27,6.6,298,0.0
2020/01/24,1017.9,1019.7,1015.7,95,64,2.7,11,8.3,347,0.0
2020/01/25,1015.5,1018.0,1013.0,98,79,2.8,8,7.5,1,0.0
2020/01/26,1010.8,1013.6,1006.7,99,99,3.0,360,12.6,12,21.5
2020/01/27,1013.1,1017.1,1010.3,96,78,3.8,10,11.7,18,0.0
2020/01/28,1015.6,1018.1,1013.1,99,99,2.7,11,9.4,9,1.0
2020/01/29,1017.2,1019.0,1015.0,88,70,4.2,4,11.5,10,0.0
2020/01/30,1018.3,1020.5,1016.2,61,40,5.5,8,12.4,342,0.0
2020/01/31,1020.1,1022.1,1017.9,66,36,1.8,24,7.4,5,0.0
2020/02/01,1021.4,1023.3,1019.0,81,44,1.2,22,5.8,335,0.0
2020/02/02,1021.5,1024.2,1018.9,83,42,1.7,18,7.0,328,0.0
2020/02/03,1020.0,1021.8,1017.7,89,47,2.0,359,8.4,354,0.0
2020/02/04,1018.6,1020.2,1016.7,95,73,2.8,1,10.1,7,0.0
2020/02/05,1018.7,1020.3,1016.2,94,73,3.4,1,8.2,345,0.0
2020/02/06,1018.4,1020.0,1016.1,93,71,2.3,11,8.2,360,0.0
2020/02/07,1019.2,1021.3,1017.0,97,73,3.9,1,11.6,6,0.0
2020/02/08,1021.2,1023.8,1019.0,93,66,3.6,3,9.9,353,0.0
2020/02/09,1022.8,1025.1,1020.3,93,73,2.8,1,8.5,21,0.0
2020/02/10,1021.4,1023.3,1019.3,89,58,1.5,5,7.7,344,0.0
2020/02/11,1020.8,1023.2,1018.0,97,83,1.4,3,4.4,352,0.0
2020/02/12,1017.3,1020.1,1014.2,81,41,1.6,214,9.4,202,0.0
2020/02/13,1015.2,1017.1,1012.8,96,77,2.4,121,10.0,218,0.0
2020/02/14,1014.0,1016.3,1012.0,95,67,2.1,42,9.2,235,0.0
2020/02/15,1013.6,1016.0,1010.2,94,69,1.9,5,9.6,206,0.0
2020/02/16,1016.4,1020.6,1013.4,99,94,3.4,1,11.6,350,0.0
2020/02/17,1022.8,1025.2,1019.9,78,56,4.1,2,9.8,7,0.5
2020/02/18,1023.8,1026.0,1021.2,62,40,2.1,10,5.7,257,0.0
2020/02/19,1023.3,1024.9,1020.0,86,52,1.8,8,8.2,337,0.0
2020/02/20,1023.7,1025.6,1022.3,88,52,2.0,12,7.6,337,0.0
2020/02/21,1025.1,1027.4,1022.1,96,76,2.1,12,7.7,26,0.0
2020/02/22,1024.3,1026.4,1022.0,94,62,2.0,336,7.1,340,0.0
2020/02/23,1022.6,1025.2,1020.1,93,70,1.6,4,6.1,352,0.0
2020/02/24,1019.6,1022.0,1017.2,94,74,1.5,10,7.9,338,0.0
2020/02/25,1017.0,1019.2,1014.5,86,55,2.0,5,7.9,16,0.0
2020/02/26,1016.8,1018.7,1014.8,92,67,2.3,360,9.4,341,0.0
2020/02/27,1017.8,1019.7,1015.9,94,72,2.7,5,6.6,360,0.0
2020/02/28,1016.5,1018.7,1014.2,92,73,1.8,36,8.8,333,0.0
2020/02/29,1013.8,1016.2,1010.8,86,48,1.3,18,6.9,332,0.0
2020/03/01,1012.9,1014.7,1011.1,92,64,2.4,2,8.3,347,0.0
2020/03/02,1016.1,1018.6,1013.8,92,69,2.6,1,7.5,345,0.0
2020/03/03,1017.0,1019.3,1013.7,84,53,3.1,2,8.3,355,0.0
2020/03/04,1016.1,1018.2,1013.0,93,71,3.5,8,10.5,11,0.0
2020/03/05,1017.2,1019.4,1015.1,98,88,3.1,8,9.3,2,0.5
2020/03/06,1016.2,1018.6,1013.3,91,66,1.5,1,6.2,343,0.0
2020/03/07,1013.1,1016.1,1009.7,88,50,1.7,16,6.4,328,0.0
2020/03/08,1010.7,1012.8,1008.1,93,64,2.1,2,7.2,338,0.0
2020/03/09,1008.5,1010.6,1005.7,86,57,2.9,180,10.6,199,0.0
2020/03/10,1011.6,1015.9,1008.7,98,87,3.1,2,12.1,7,13.5
2020/03/11,1016.8,1018.7,1015.2,83,56,2.2,8,6.4,3,0.0
2020/03/12,1015.4,1017.6,1012.4,90,52,1.5,14,8.3,266,0.0
2020/03/13,1014.5,1016.6,1012.4,97,81,2.3,328,7.3,309,0.0
2020/03/14,1015.2,1017.7,1012.8,98,84,3.1,3,8.4,4,14.0
2020/03/15,1017.8,1019.9,1015.0,73,44,2.4,12,10.0,217,0.0
2020/03/16,1019.1,1020.9,1017.1,77,36,1.3,1,7.0,307,0.0
2020/03/17,1018.2,1019.9,1015.6,78,31,1.2,59,6.2,270,0.0
2020/03/18,1015.0,1017.4,1012.4,89,54,1.4,10,5.5,250,0.0
2020/03/19,1013.6,1015.3,1011.4,87,54,1.5,7,7.8,331,0.0
2020/03/20,1014.2,1015.7,1012.2,89,52,1.8,2,6.8,355,0.0
2020/03/21,1014.6,1016.9,1012.4,91,57,1.2,16,6.3,289,0.0
2020/03/22,1013.2,1015.5,1011.1,93,64,1.3,6,6.6,280,0.0
2020/03/23,1013.1,1014.6,1011.1,93,66,2.2,1,8.3,12,0.0
2020/03/24,1014.0,1015.6,1012.6,95,74,2.0,2,6.4,350,0.0
2020/03/25,1013.2,1015.1,1011.2,95,71,1.8,3,6.7,340,0.0
2020/03/26,1012.9,1014.7,1009.8,79,39,2.2,51,12.0,208,0.0
2020/03/27,1012.6,1014.7,1010.2,87,50,2.2,245,10.5,234,0.0
2020/03/28,1012.1,1014.0,1009.9,97,79,3.0,352,12.0,10,52.5
2020/03/29,1013.6,1015.9,1010.3,90,61,2.6,5,9.0,353,0.0
2020/03/30,1012.1,1013.6,1010.1,89,46,1.6,5,7.4,326,0.0
2020/03/31,1012.2,1014.3,1009.8,93,61,2.0,14,7.9,303,0.0
2020/04/01,1013.5,1016.6,1011.0,95,81,3.1,357,8.3,345,0.0
2020/04/02,1016.6,1019.4,1014.1,99,99,2.1,9,9.0,16,1.0
2020/04/03,1016.3,1018.0,1014.1,94,58,2.7,1,7.9,290,0.0
2020/04/04,1016.3,1018.1,1013.9,92,69,3.3,2,11.2,10,0.0
2020/04/05,1017.1,1018.6,1015.2,90,66,3.1,9,8.8,9,0.0
2020/04/06,1015.2,1017.5,1012.3,99,99,2.3,6,7.7,14,11.0
2020/04/07,1013.4,1015.1,1011.4,96,76,3.2,2,9.3,335,7.0
2020/04/08,1014.4,1016.5,1012.2,93,61,1.9,331,7.8,319,0.0
2020/04/09,1015.5,1017.2,1013.7,88,50,2.4,359,7.9,26,0.0
2020/04/10,1016.8,1018.5,1014.8,88,60,1.4,289,7.6,260,0.0
2020/04/11,1014.0,1017.2,1011.5,93,52,1.8,7,7.6,360,0.0
2020/04/12,1014.0,1017.3,1011.6,79,57,5.2,9,14.2,11,1.0
2020/04/13,1016.7,1019.1,1014.9,53,26,3.6,3,11.9,12,0.0
2020/04/14,1016.2,1017.9,1014.0,77,49,1.1,17,4.6,324,0.0
2020/04/15,1014.4,1016.3,1012.4,77,40,1.7,327,7.9,313,0.0
2020/04/16,1014.3,1015.9,1013.0,78,35,1.1,311,6.6,293,0.0
2020/04/17,1014.3,1016.1,1012.4,85,54,1.4,331,6.1,291,0.0
2020/04/18,1013.5,1015.5,1010.8,85,43,1.4,2,6.0,272,0.0
2020/04/19,1011.5,1013.2,1009.9,90,59,2.4,175,8.3,177,0.0
2020/04/20,1012.2,1014.4,1010.7,90,54,1.5,309,6.6,299,0.0
2020/04/21,1012.1,1014.1,1010.2,93,64,2.2,3,7.1,345,0.0
2020/04/22,1013.3,1016.0,1010.9,94,64,2.8,10,8.4,333,0.0
2020/04/23,1015.2,1016.1,1014.1,99,99,2.8,4,8.3,1,1.5
2020/04/24,1016.4,1017.9,1014.5,99,97,2.5,1,6.7,12,0.0
2020/04/25,1015.7,1017.2,1013.9,92,63,2.0,18,7.0,330,0.0
2020/04/26,1014.6,1016.4,1012.5,91,65,3.0,6,9.7,10,0.0
2020/04/27,1014.5,1016.0,1013.1,85,51,1.7,9,7.0,345,0.0
2020/04/28,1014.9,1016.4,1012.8,87,50,1.5,4,7.2,287,0.0
2020/04/29,1015.0,1016.6,1013.2,86,42,1.5,28,9.5,348,0.0
2020/04/30,1014.1,1016.2,1012.2,79,31,1.5,3,7.5,320,0.0
2020/05/01,1011.5,1013.9,1009.1,72,41,1.9,319,8.4,328,0.0
2020/05/02,1008.9,1011.1,1006.9,83,46,2.1,252,10.6,263,0.0
2020/05/03,1008.2,1009.9,1006.5,91,62,2.2,180,7.7,289,0.0
2020/05/04,1009.6,1011.0,1008.3,86,46,1.7,246,7.0,298,0.0
2020/05/05,1008.8,1010.0,1007.2,85,54,2.3,246,9.1,232,0.0
2020/05/06,1008.7,1010.3,1007.1,89,59,1.6,271,7.8,283,0.0
2020/05/07,1009.2,1010.5,1007.6,83,50,1.8,336,8.1,289,0.0
2020/05/08,1008.9,1010.4,1007.1,85,51,1.9,255,8.5,282,0.0
2020/05/09,1008.8,1010.4,1007.1,89,58,2.1,115,8.6,264,0.0
2020/05/10,1008.9,1010.1,1006.4,91,58,2.2,92,7.9,305,0.0
2020/05/11,1008.7,1010.7,1006.4,90,54,1.8,68,7.0,285,0.0
2020/05/12,1009.4,1011.2,1008.0,99,81,2.3,9,9.0,301,3.0
2020/05/13,1011.3,1012.7,1009.6,85,48,1.7,155,7.7,277,0.0
2020/05/14,1010.8,1012.6,1008.7,86,53,1.4,317,7.1,282,0.0
2020/05/15,1008.1,1009.6,1006.4,81,46,1.8,12,8.1,250,0.0
2020/05/16,1007.1,1008.5,1004.0,88,46,2.1,21,15.7,94,0.0
2020/05/17,1004.2,1006.3,1001.3,89,62,2.5,33,10.9,309,0.0
2020/05/18,1004.6,1006.2,1002.6,91,54,2.3,180,9.2,349,0.0
2020/05/19,1006.4,1007.8,1005.9,99,99,1.9,148,8.6,187,18.0
2020/05/20,1007.9,1009.7,1006.6,99,97,1.6,173,13.6,195,11.0
2020/05/21,1006.3,1007.8,1004.2,99,99,2.5,152,10.6,187,37.5
2020/05/22,1003.8,1005.3,1002.0,99,99,2.1,141,8.8,208,171.0
2020/05/23,1004.9,1007.0,1002.6,99,99,0.8,4,3.4,16,2.0
2020/05/24,1007.8,1010.0,1006.0,98,78,1.2,22,5.2,3,0.0
2020/05/25,1009.5,1010.5,1008.4,93,65,1.6,63,6.5,250,0.0
2020/05/26,1008.9,1010.1,1007.2,98,86,2.3,146,9.4,218,46.5
2020/05/27,1008.6,1010.2,1007.0,99,92,2.3,108,7.8,173,44.0
2020/05/28,1010.2,1011.9,1008.7,98,83,2.2,155,7.6,278,4.5
2020/05/29,1010.7,1012.2,1008.5,99,83,2.0,73,7.9,218,0.5
2020/05/30,1011.7,1012.9,1010.5,97,78,2.1,164,6.9,144,0.0
2020/05/31,1011.5,1012.8,1008.9,93,67,1.5,84,7.3,292,0.0
2020/06/01,1010.9,1012.4,1008.5,91,63,1.7,275,7.5,288,0.0
2020/06/02,1009.8,1011.6,1007.8,92,59,1.7,77,7.7,298,0.0
2020/06/03,1009.1,1010.6,1006.8,88,59,2.0,285,7.5,300,0.0
2020/06/04,1008.7,1010.2,1007.3,85,51,1.7,89,7.2,273,0.0
2020/06/05,1008.4,1009.7,1006.5,90,60,2.0,123,8.4,168,0.0
2020/06/06,1007.6,1009.0,1006.5,93,61,2.0,163,8.6,271,8.5
2020/06/07,1007.5,1008.4,1006.2,92,57,1.9,257,11.9,297,0.5
2020/06/08,1008.3,1010.3,1005.9,98,81,2.0,173,8.2,214,18.0
2020/06/09,1009.4,1010.7,1008.0,96,77,1.3,154,4.9,166,1.0
2020/06/10,1009.2,1010.6,1007.5,89,63,2.0,256,6.6,274,0.0
2020/06/11,1007.3,1009.3,1005.0,91,62,1.4,20,6.9,288,0.0
2020/06/12,1005.6,1007.0,1003.7,96,71,1.6,6,13.1,272,8.5
2020/06/13,1006.9,1010.7,1004.2,93,59,1.5,8,7.7,204,0.0
2020/06/14,1011.1,1013.7,1009.1,86,58,3.8,184,10.9,231,0.0
2020/06/15,1011.9,1013.7,1010.4,86,56,2.0,132,8.4,257,0.0
2020/06/16,1009.5,1011.7,1007.7,89,60,1.5,287,7.6,293,0.0
2020/06/17,1008.4,1009.4,1007.3,85,53,1.6,266,7.7,279,0.0
2020/06/18,1008.5,1009.9,1007.3,83,55,1.6,131,7.2,282,0.0
2020/06/19,1008.8,1009.8,1007.5,85,54,1.9,119,7.7,285,0.0
2020/06/20,1008.1,1009.7,1006.1,86,57,2.1,154,7.6,302,0.0
2020/06/21,1006.4,1008.0,1004.6,95,68,1.7,128,8.6,223,9.5
2020/06/22,1006.5,1007.9,1005.5,89,62,1.5,127,7.6,271,0.0
2020/06/23,1007.0,1008.0,1005.8,93,69,1.6,259,7.1,269,4.5
2020/06/24,1006.6,1007.7,1004.8,93,66,1.9,165,7.8,302,2.5
2020/06/25,1007.3,1009.2,1005.4,85,52,2.4,144,8.4,279,0.0
2020/06/26,1008.9,1010.2,1007.8,89,57,2.1,234,7.4,250,0.5
2020/06/27,1008.8,1010.1,1007.2,89,55,2.4,125,8.6,267,0.0
2020/06/28,1007.6,1009.3,1005.6,84,48,2.5,234,8.6,270,0.0
2020/06/29,1006.3,1008.0,1004.7,93,65,2.4,162,8.3,211,11.0
2020/06/30,1005.7,1007.3,1004.1,98,74,2.6,163,8.8,215,10.5
2020/07/01,1005.9,1007.7,1004.3,99,87,2.3,161,11.6,192,8.5
2020/07/02,1007.5,1010.0,1006.0,95,69,2.5,143,11.0,121,17.5
2020/07/03,1009.6,1011.6,1008.1,94,66,2.0,86,8.3,237,0.0
2020/07/04,1009.1,1010.9,1006.8,90,62,1.8,154,6.6,301,0.0
2020/07/05,1007.2,1009.3,1005.6,87,54,2.1,251,6.9,240,0.0
2020/07/06,1007.8,1009.9,1005.9,91,65,2.0,124,8.3,249,0.0
2020/07/07,1009.6,1011.1,1008.5,89,60,2.2,79,7.6,255,3.0
2020/07/08,1007.3,1009.1,1005.5,90,60,2.3,175,8.6,286,0.0
2020/07/09,1005.3,1006.4,1004.4,87,57,2.3,178,9.3,235,0.5
2020/07/10,1007.0,1008.2,1005.0,85,49,2.3,121,9.6,280,0.0
2020/07/11,1007.9,1009.5,1006.3,82,52,1.8,121,8.0,274,0.0
2020/07/12,1007.6,1009.2,1004.9,80,52,1.6,302,8.0,298,0.0
2020/07/13,1006.7,1007.9,1004.9,80,48,1.5,6,7.2,293,0.0
2020/07/14,1005.3,1006.5,1003.0,86,54,1.8,149,7.5,277,0.0
2020/07/15,1005.9,1008.0,1003.4,94,63,1.9,11,7.7,268,0.0
2020/07/16,1007.4,1008.6,1006.2,97,67,1.4,33,6.6,190,29.5
2020/07/17,1008.7,1010.3,1006.9,90,61,1.9,131,7.9,253,0.0
2020/07/18,1008.3,1009.7,1007.0,83,52,2.0,266,7.0,276,0.0
2020/07/19,1008.3,1010.0,1006.5,83,58,2.5,135,8.4,274,0.0
2020/07/20,1009.8,1011.3,1007.7,92,62,1.6,96,9.4,174,4.0
2020/07/21,1010.3,1011.5,1008.4,89,60,1.7,322,7.5,348,1.0
2020/07/22,1009.3,1010.8,1007.1,91,54,1.7,2,8.3,323,0.5
2020/07/23,1008.6,1009.6,1006.8,90,64,2.0,5,8.2,280,0.0
2020/07/24,1007.6,1009.6,1005.3,85,60,1.8,123,7.0,285,0.0
2020/07/25,1007.0,1008.3,1005.3,92,59,1.8,142,5.9,265,0.0
2020/07/26,1006.7,1007.7,1004.5,91,60,2.2,136,8.2,250,0.5
2020/07/27,1006.7,1008.2,1005.0,87,57,2.1,114,7.8,194,0.0
2020/07/28,1007.9,1009.2,1005.8,96,69,1.8,287,8.1,283,8.5
2020/07/29,1007.3,1009.2,1004.9,95,67,1.4,18,13.0,204,56.0
2020/07/30,1006.2,1008.9,1003.9,95,66,1.0,17,5.7,3,0.0
2020/07/31,1006.4,1008.2,1005.2,98,84,1.1,291,5.0,280,0.0
2020/08/01,1007.6,1009.1,1006.0,97,71,1.5,351,10.8,28,39.5
2020/08/02,1006.8,1008.6,1004.7,93,59,1.6,20,8.8,320,33.0
2020/08/03,1005.2,1006.2,1004.3,99,99,2.4,107,8.5,170,88.0
2020/08/04,1007.4,1009.9,1005.3,99,99,3.0,155,11.6,171,30.0
2020/08/05,1009.5,1011.8,1007.9,94,71,1.6,317,8.0,16,0.0
2020/08/06,1009.9,1011.8,1007.6,94,58,1.4,3,15.7,146,26.0
2020/08/07,1007.9,1010.4,1005.8,97,77,1.5,134,7.6,334,12.0
2020/08/08,1004.9,1007.5,1002.4,98,83,2.1,330,8.1,322,0.0
2020/08/09,1003.5,1005.0,1002.0,96,79,1.9,317,8.0,278,0.0
2020/08/10,1004.8,1006.3,1003.3,96,63,1.3,17,11.9,216,17.0
2020/08/11,1009.1,1012.7,1004.5,99,99,3.5,174,11.6,181,12.0
2020/08/12,1012.3,1014.4,1010.4,95,63,2.4,21,9.8,260,9.0
2020/08/13,1011.4,1013.6,1009.1,95,76,1.9,15,9.2,334,0.0
2020/08/14,1009.3,1011.0,1006.9,93,70,2.2,10,8.3,339,0.0
2020/08/15,1008.9,1010.4,1007.3,97,75,1.3,6,7.5,284,7.0
,1008.5,--,--,99,--,0.5,134,--,--,41.0
2020/08/17,1007.5,1009.4,1005.8,96,66,1.3,33,6.5,239,0.0
2020/08/18,1007.3,1008.8,1005.6,96,62,1.7,90,8.9,237,0.0
2020/08/19,1007.7,1009.1,1005.8,91,57,1.7,184,8.6,286,0.0
2020/08/20,1008.2,1010.1,1006.3,94,73,1.8,241,7.8,236,0.0
2020/08/21,1007.1,1009.0,1004.5,95,65,1.6,165,8.6,27,0.5
2020/08/22,1005.1,1006.8,1003.8,94,63,1.9,3,9.1,250,0.0
2020/08/23,1006.3,1007.8,1004.8,93,67,2.0,345,8.5,5,9.0
2020/08/24,1004.4,1006.5,1001.7,93,69,2.7,172,7.9,190,1.0
2020/08/25,1003.7,1005.1,1001.9,97,76,2.0,143,7.1,173,0.5
2020/08/26,1004.1,1006.1,1002.3,99,99,2.4,144,10.0,152,240.0
2020/08/27,1003.4,1004.8,1001.1,99,99,2.7,112,8.5,134,123.5
2020/08/28,1004.0,1005.6,1002.7,99,99,3.0,153,9.5,174,20.0
2020/08/29,1004.1,1005.4,1002.4,97,82,1.6,145,6.7,281,1.0
2020/08/30,1004.2,1005.7,1001.9,95,67,1.5,336,7.6,32,0.5
2020/08/31,1003.2,1004.5,1000.9,97,70,1.7,145,13.5,156,2.5
2020/09/01,1002.8,1005.4,1001.0,98,82,2.1,5,9.9,336,0.0
2020/09/02,1005.8,1007.7,1004.3,98,81,2.3,134,7.2,241,0.0
2020/09/03,1008.2,1010.7,1006.3,99,86,1.9,116,6.9,237,56.0
2020/09/04,1008.3,1010.3,1006.0,95,70,1.7,4,6.8,337,0.0
2020/09/05,1005.4,1008.1,1002.9,93,62,1.8,1,7.7,360,0.0
2020/09/06,1004.1,1006.6,1002.4,76,36,2.6,1,10.0,4,0.0
2020/09/07,1008.2,1011.5,1005.9,81,39,1.3,71,8.0,251,0.0
2020/09/08,1011.3,1012.9,1010.4,85,48,1.4,9,8.2,283,0.0
2020/09/09,1009.5,1012.1,1007.0,86,48,1.3,102,6.7,289,0.0
2020/09/10,1007.0,1008.4,1004.6,92,51,1.3,61,7.1,284,0.0
2020/09/11,1008.3,1010.4,1006.8,96,71,1.7,127,8.7,57,0.0
2020/09/12,1010.5,1012.0,1008.7,97,79,1.0,40,8.6,297,0.5
2020/09/13,1010.6,1011.9,1008.4,90,60,1.3,3,6.6,4,0.5
2020/09/14,1009.5,1011.4,1006.7,93,65,1.6,4,7.9,342,0.0
2020/09/15,1009.1,1010.6,1006.7,93,70,1.3,127,8.3,138,0.0
2020/09/16,1008.3,1009.6,1006.7,93,70,1.3,358,6.7,353,0.0
2020/09/17,1008.0,1010.1,1006.1,93,71,1.3,336,6.5,326,0.0
2020/09/18,1011.2,1013.9,1009.1,97,77,1.2,298,15.0,186,16.0
2020/09/19,1012.2,1013.8,1010.3,94,73,1.6,6,6.7,5,0.0
2020/09/20,1010.2,1012.1,1007.9,90,66,2.2,8,9.7,19,0.0
2020/09/21,1009.1,1010.9,1006.8,89,62,2.2,8,8.2,323,0.0
2020/09/22,1008.7,1009.8,1006.4,91,61,1.7,1,8.2,328,0.0
2020/09/23,1009.0,1010.6,1007.4,87,60,1.8,310,7.3,287,0.0
2020/09/24,1008.8,1010.1,1007.1,90,59,2.3,4,9.8,3,2.5
2020/09/25,1008.0,1009.5,1006.1,88,62,2.7,12,7.6,9,0.5
2020/09/26,1008.1,1009.9,1006.3,87,56,1.5,14,8.3,227,0.0
2020/09/27,1009.7,1011.6,1007.7,90,67,2.2,330,7.2,332,0.0
2020/09/28,1009.4,1011.0,1007.1,91,64,2.3,357,8.7,333,0.0
2020/09/29,1007.0,1009.8,1005.0,87,62,2.4,14,7.5,317,0.0
2020/09/30,1006.3,1007.8,1004.4,82,54,2.1,10,8.1,337,0.0
2020/10/01,1007.8,1009.8,1006.1,87,60,1.9,1,7.1,252,0.0
2020/10/02,1009.5,1011.4,1007.6,87,52,1.3,45,7.6,263,0.0
2020/10/03,1009.6,1011.2,1007.0,89,59,1.5,333,7.0,343,0.0
2020/10/04,1008.3,1010.7,1005.9,91,61,1.4,353,7.0,289,0.0
2020/10/05,1009.0,1011.0,1007.1,83,51,2.0,5,7.6,360,0.0
2020/10/06,1010.8,1012.4,1008.8,79,55,3.3,5,7.9,334,0.0
2020/10/07,1011.4,1013.5,1008.9,77,57,3.2,3,9.6,10,0.0
2020/10/08,1011.7,1013.5,1009.7,76,58,2.3,9,6.0,11,0.0
2020/10/09,1011.4,1013.1,1008.9,78,50,2.5,13,8.6,333,0.0
2020/10/10,1009.8,1011.6,1007.4,84,51,2.4,8,7.5,13,0.0
2020/10/11,1008.1,1009.9,1005.4,89,60,2.0,5,7.2,339,0.0
2020/10/12,1008.4,1010.3,1006.4,94,71,1.7,355,6.4,335,0.0
2020/10/13,1010.7,1012.8,1008.9,94,72,1.9,323,8.6,343,0.0
2020/10/14,1012.2,1013.7,1010.1,90,66,1.7,323,7.5,281,0.0
2020/10/15,1011.9,1013.3,1009.6,89,56,1.3,11,6.3,327,0.0
2020/10/16,1011.9,1013.7,1010.0,90,60,1.4,310,7.1,280,0.0
2020/10/17,1012.6,1014.0,1010.9,96,67,1.4,2,5.4,353,4.5
2020/10/18,1013.2,1014.9,1010.9,92,64,2.2,2,8.1,15,0.0
2020/10/19,1012.4,1014.2,1009.4,88,57,2.7,5,9.2,360,0.0
2020/10/20,1010.5,1013.2,1008.2,90,63,2.1,2,7.6,335,0.0
2020/10/21,1006.7,1009.5,1004.5,94,65,1.5,39,5.3,329,0.0
2020/10/22,1006.6,1009.7,1004.2,97,83,4.5,8,13.5,16,0.0
2020/10/23,1009.5,1011.4,1007.3,99,98,3.0,10,9.5,29,2.0
2020/10/24,1012.1,1014.1,1010.2,85,68,1.8,10,6.1,2,0.0
2020/10/25,1012.8,1014.7,1010.7,88,66,1.6,14,5.9,7,0.0
2020/10/26,1011.2,1013.4,1008.2,88,58,1.9,3,10.5,349,0.0
2020/10/27,1011.1,1013.3,1008.7,88,54,1.5,360,6.8,332,0.0
2020/10/28,1013.5,1015.0,1012.2,89,57,1.5,1,5.4,287,0.0
2020/10/29,1015.0,1016.8,1012.5,91,64,2.0,8,8.9,13,0.0
2020/10/30,1015.1,1016.5,1013.0,81,55,2.6,3,8.0,7,0.0
2020/10/31,1014.4,1016.8,1011.9,79,51,1.6,7,6.8,332,0.0
2020/11/01,1012.9,1014.7,1011.1,86,46,1.3,4,7.1,285,0.0
2020/11/02,1011.7,1013.0,1009.4,89,59,1.7,1,7.5,344,0.0
2020/11/03,1013.2,1015.0,1010.6,78,53,2.9,12,9.0,35,0.0
2020/11/04,1014.5,1016.0,1012.2,72,51,1.7,355,6.3,253,0.0
2020/11/05,1014.4,1016.5,1012.2,80,48,2.0,24,8.7,318,0.0
2020/11/06,1010.5,1014.1,1007.1,99,92,2.1,6,10.3,360,0.5
2020/11/07,1013.2,1015.1,1010.8,99,99,2.0,4,8.4,10,4.5
2020/11/08,1014.7,1016.9,1013.0,99,99,3.6,2,9.3,10,0.0
2020/11/09,1015.0,1016.9,1013.2,99,99,2.2,3,6.0,21,7.0
2020/11/10,1016.8,1018.0,1015.3,99,99,2.5,1,7.8,26,0.0
2020/11/11,1017.1,1018.7,1015.3,90,63,2.1,1,7.4,350,0.0
2020/11/12,1015.2,1017.3,1013.2,93,68,1.7,360,5.6,7,0.0
2020/11/13,1014.1,1015.5,1012.5,99,97,3.0,4,8.1,21,0.0
2020/11/14,1015.5,1017.8,1013.0,99,99,1.5,3,5.5,327,0.0
2020/11/15,1017.0,1018.8,1015.7,98,85,1.0,342,4.1,338,0.0
2020/11/16,1015.5,1017.3,1013.4,98,81,1.1,341,5.4,341,0.0
2020/11/17,1014.0,1015.4,1012.6,94,76,1.0,324,6.6,5,0.0
2020/11/18,1012.3,1014.1,1010.2,93,67,1.1,326,7.5,323,0.0
2020/11/19,1011.3,1013.0,1009.1,90,56,1.4,1,6.6,339,0.0
2020/11/20,1012.0,1013.5,1010.2,91,60,1.9,4,8.1,18,0.0
2020/11/21,1013.5,1015.4,1011.8,97,75,1.4,2,5.9,302,0.0
2020/11/22,1015.9,1017.6,1014.5,98,76,1.9,335,7.3,338,0.0
2020/11/23,1017.1,1018.7,1015.3,95,78,1.9,1,6.3,282,0.0
2020/11/24,1017.3,1019.2,1014.8,91,66,2.0,1,6.2,338,0.0
2020/11/25,1016.7,1018.3,1014.5,93,67,1.8,323,6.2,319,0.0
2020/11/26,1016.9,1018.9,1014.8,94,66,1.4,118,7.0,323,0.0
2020/11/27,1017.6,1019.7,1015.4,95,74,2.3,357,8.1,355,0.0
2020/11/28,1018.2,1020.4,1015.7,89,60,2.5,353,7.1,350,0.0
2020/11/29,1018.5,1020.1,1016.4,90,66,2.6,2,7.3,342,0.0
2020/11/30,1018.7,1020.3,1016.3,93,73,1.8,1,5.1,340,0.0
2020/12/01,1017.4,1019.9,1014.9,88,57,1.7,360,6.1,323,0.0
2020/12/02,1015.7,1017.9,1013.1,85,58,3.2,7,8.8,5,0.0
2020/12/03,1015.5,1016.9,1013.7,78,52,3.8,4,11.2,350,0.0
2020/12/04,1015.6,1017.7,1013.5,88,68,3.2,1,8.3,2,0.0
2020/12/05,1016.5,1018.3,1014.4,87,59,2.8,4,7.8,347,0.0
2020/12/06,1016.0,1017.5,1013.8,92,64,2.3,1,6.0,10,0.0
2020/12/07,1016.4,1018.3,1014.1,94,71,2.9,1,8.2,1,0.0
2020/12/08,1016.0,1018.3,1014.2,97,86,3.3,359,9.0,13,0.0
2020/12/09,1014.7,1016.5,1012.6,99,99,2.6,9,8.5,11,6.0
2020/12/10,1014.2,1015.6,1011.9,99,99,2.7,3,9.0,12,0.0
2020/12/11,1013.3,1015.3,1010.9,98,83,2.5,358,7.6,334,0.0
2020/12/12,1013.1,1014.9,1010.6,94,70,2.5,4,6.1,348,0.0
2020/12/13,1013.6,1016.1,1011.0,90,48,2.0,12,7.6,324,0.0
2020/12/14,1016.4,1018.6,1014.1,94,73,2.6,4,8.4,27,0.0
2020/12/15,1018.9,1020.9,1016.4,91,66,3.0,4,8.2,12,0.0
2020/12/16,1019.4,1021.6,1017.4,92,67,2.8,11,7.2,27,0.0
2020/12/17,1018.5,1020.3,1016.0,89,59,2.5,4,7.1,347,0.0
2020/12/18,1018.2,1019.6,1015.4,95,75,3.2,6,10.9,11,0.0
2020/12/19,1019.1,1020.6,1016.6,94,68,4.1,12,10.9,11,0.0
2020/12/20,1019.8,1022.1,1017.6,88,67,3.2,360,9.2,351,0.0
2020/12/21,1018.8,1020.7,1017.6,99,99,2.0,3,5.9,7,3.5
2020/12/22,1016.9,1019.2,1014.5,97,75,2.4,14,7.3,339,0.0
2020/12/23,1014.7,1017.2,1012.5,99,99,2.9,3,8.6,21,2.0
2020/12/24,1013.3,1015.3,1011.1,99,99,3.8,9,9.2,7,0.0
2020/12/25,1016.5,1018.5,1014.3,94,73,2.7,2,6.8,5,0.0
2020/12/26,1016.8,1019.6,1013.7,81,42,2.9,4,10.1,5,0.0
2020/12/27,1014.5,1016.2,1012.0,86,43,2.9,2,10.0,324,1.0
2020/12/28,1012.6,1014.1,1010.2,92,59,2.1,8,6.5,299,0.0
2020/12/29,1012.2,1014.0,1009.7,96,81,2.6,2,7.4,13,0.0
2020/12/31,1018.1,1022.3,1012.8,77,51,5.7,11,16.0,13,0.0
2020/12/31,1023.2,1024.9,1021.5,62,54,3.9,14,10.4,18,0.0
2021/01/01,1022.3,1024.7,1019.4,73,44,2.7,9,6.3,350,0.0
2021/01/02,1020.4,1022.2,1017.5,84,49,2.0,337,7.4,332,0.0
2021/01/03,1020.3,1022.5,1017.4,86,43,2.7,4,9.8,9,0.0
2021/01/04,1018.8,1021.1,1016.2,91,59,3.4,15,8.7,37,0.0
2021/01/05,1017.4,1019.2,1014.8,94,67,3.5,2,9.0,12,0.0
2021/01/06,1016.7,1018.9,1013.9,93,73,2.1,5,6.5,346,0.0
2021/01/07,1017.8,1020.0,1015.6,98,88,3.7,10,10.8,14,0.0
2021/01/08,1021.3,1022.9,1019.6,87,75,4.8,7,11.5,354,0.0
2021/01/09,1021.4,1023.6,1018.7,62,50,3.5,11,8.4,354,0.0
2021/01/10,1020.8,1022.6,1017.7,70,43,2.0,2,7.1,13,0.0
2021/01/11,1021.0,1023.1,1018.6,83,65,4.1,8,12.8,6,0.0
2021/01/12,1020.0,1022.4,1017.4,75,47,4.6,2,13.8,21,0.5
2021/01/13,1017.8,1019.5,1015.2,74,33,2.2,3,7.8,320,0.0
2021/01/14,1016.6,1018.5,1013.9,76,35,0.9,1,6.4,327,0.0
2021/01/15,1015.0,1017.3,1011.3,83,40,1.2,330,5.8,268,0.0
2021/01/16,1015.4,1018.1,1012.9,85,38,1.6,1,7.0,341,0.0
2021/01/17,1019.7,1022.3,1017.6,82,53,4.4,3,11.6,6,0.0
2021/01/18,1020.3,1022.2,1017.1,82,50,2.0,4,7.7,332,0.0
2021/01/19,1018.6,1019.9,1016.7,82,49,1.5,348,6.7,352,0.0
2021/01/20,1017.0,1019.0,1014.6,91,59,1.8,332,7.2,313,0.0
2021/01/21,1014.0,1016.4,1011.3,92,42,1.9,13,6.9,268,0.0
2021/01/22,1010.3,1012.2,1008.2,99,90,1.3,1,5.6,7,2.0
2021/01/23,1012.1,1014.9,1009.4,99,99,1.7,5,6.4,331,0.0
2021/01/24,1015.8,1017.4,1014.1,99,91,1.9,351,7.3,15,0.0
2021/01/25,1016.4,1018.8,1013.6,86,48,2.6,2,8.7,17,0.0
2021/01/26,1015.7,1017.7,1013.2,98,80,1.8,326,7.4,335,0.0
2021/01/27,1016.0,1018.2,1013.1,95,68,2.3,7,6.5,14,0.0
2021/01/28,1018.4,1020.2,1016.4,90,65,4.1,3,13.7,360,0.0
2021/01/29,1020.1,1022.0,1018.2,83,50,2.0,6,7.7,217,0.0
2021/01/30,1021.5,1023.2,1019.5,88,56,1.4,28,6.7,294,0.0
2021/01/31,1021.2,1023.7,1019.0,88,54,1.7,16,7.2,339,0.0
2021/02/01,1018.7,1021.0,1016.3,70,25,1.0,64,7.0,335,0.0
2021/02/02,1018.5,1020.5,1015.8,80,31,1.8,5,8.3,335,0.0
2021/02/03,1020.3,1022.5,1018.0,87,59,1.4,14,7.1,293,0.0
2021/02/04,1020.3,1022.8,1018.0,89,57,1.4,55,6.2,320,0.0
2021/02/05,1018.6,1020.9,1016.5,91,59,1.4,24,7.4,280,0.0
2021/02/06,1016.9,1019.2,1014.5,83,39,1.3,15,6.6,300,0.0
2021/02/07,1016.9,1019.4,1014.5,93,58,1.8,316,7.4,325,0.0
2021/02/08,1017.6,1019.4,1015.5,97,74,1.7,20,6.7,27,0.0
2021/02/09,1017.2,1019.4,1014.9,91,67,1.7,13,6.7,290,0.0
2021/02/10,1013.0,1016.6,1010.1,97,83,2.0,338,7.3,339,0.5
2021/02/11,1010.0,1011.8,1007.9,99,99,4.0,2,11.4,5,15.0
2021/02/12,1012.9,1014.9,1010.9,99,94,2.6,1,7.5,23,0.0
2021/02/13,1014.2,1016.0,1012.1,95,70,2.1,3,6.5,292,0.0
2021/02/14,1013.6,1015.7,1011.5,98,78,1.8,2,8.5,305,0.0
2021/02/15,1014.0,1015.3,1012.6,93,61,1.8,2,7.3,350,0.0
2021/02/16,1014.8,1016.6,1012.5,87,49,1.4,1,7.5,288,0.0
2021/02/17,1017.5,1020.6,1015.4,83,55,3.9,3,10.8,354,0.0
2021/02/18,1021.9,1023.9,1019.7,67,48,2.4,1,8.4,250,0.0
2021/02/19,1021.8,1023.8,1019.9,80,48,1.3,245,8.1,227,0.0
2021/02/20,1019.5,1021.4,1017.2,79,34,1.2,20,8.4,269,0.0
2021/02/21,1017.3,1020.0,1015.2,75,42,1.3,346,6.6,276,0.0
2021/02/22,1015.4,1017.3,1013.0,76,39,1.2,9,7.5,287,0.0
2021/02/23,1013.6,1015.5,1011.0,89,58,2.3,8,7.0,360,0.0
2021/02/24,1012.4,1014.5,1009.8,94,70,2.0,11,7.5,353,0.0
2021/02/25,1009.9,1012.4,1007.7,92,66,1.9,323,7.5,286,0.0
2021/02/26,1009.0,1011.1,1006.9,90,61,2.1,2,7.6,336,0.0
2021/02/27,1012.6,1015.2,1010.4,92,63,2.9,3,8.6,351,0.0
2021/02/28,1014.8,1016.8,1012.7,90,61,2.1,6,7.1,294,0.0
2021/03/01,1015.3,1017.8,1013.4,84,52,1.6,15,6.9,306,0.0
2021/03/02,1016.4,1019.6,1014.2,89,64,3.3,3,9.6,1,0.0
2021/03/03,1018.9,1020.4,1016.9,93,69,2.5,4,8.5,349,0.0
2021/03/04,1017.9,1019.9,1016.0,91,61,2.3,3,6.7,331,0.0
2021/03/05,1015.7,1017.9,1013.4,93,64,1.4,4,6.9,21,0.0
2021/03/06,1015.8,1017.8,1013.6,92,66,2.4,348,8.0,3,0.0
2021/03/07,1017.0,1019.3,1015.0,95,76,3.4,1,8.6,354,0.0
2021/03/08,1018.2,1020.0,1015.3,92,66,3.0,1,9.0,344,0.0
2021/03/09,1018.5,1020.5,1015.6,93,64,2.7,1,8.3,318,0.0
2021/03/10,1018.8,1020.5,1016.1,91,67,2.0,4,7.1,335,0.0
2021/03/11,1018.8,1021.0,1016.5,94,74,1.5,342,6.1,327,0.0
2021/03/12,1017.5,1019.5,1014.9,86,52,2.2,6,10.1,334,0.0
2021/03/13,1016.7,1018.7,1014.3,87,54,2.2,1,9.0,346,0.0
2021/03/14,1015.3,1017.2,1012.8,86,49,2.3,10,8.6,330,0.0
2021/03/15,1014.0,1016.0,1012.0,85,62,1.8,13,8.0,324,0.0
2021/03/16,1012.6,1014.1,1010.5,79,48,1.7,6,8.8,353,0.0
2021/03/17,1012.2,1013.6,1010.0,81,50,2.1,3,9.7,10,0.0
2021/03/18,1012.3,1014.3,1010.1,89,50,2.5,330,7.0,319,0.0
2021/03/19,1011.6,1014.1,1009.1,89,58,1.9,335,6.9,14,0.0
2021/03/20,1010.3,1012.0,1008.1,90,53,1.6,7,7.1,308,0.0
2021/03/21,1013.9,1018.6,1010.6,89,66,4.2,3,11.2,360,0.0
2021/03/22,1020.1,1022.0,1017.7,91,85,3.2,8,8.2,20,0.0
2021/03/23,1018.6,1021.2,1015.7,90,63,1.9,335,6.1,352,0.0
2021/03/24,1015.4,1018.3,1012.9,99,91,3.2,14,9.1,3,3.0
2021/03/25,1015.4,1017.9,1013.4,82,49,2.6,5,7.7,360,0.0
2021/03/26,1014.2,1016.8,1011.7,86,60,2.3,356,8.7,314,0.0
2021/03/27,1011.2,1013.8,1008.2,85,54,1.4,15,5.8,281,0.0
2021/03/28,1008.5,1010.5,1006.3,89,63,1.4,12,7.5,305,0.0
2021/03/29,1007.6,1009.4,1004.9,90,64,1.6,20,7.0,279,0.0
2021/03/30,1006.8,1008.1,1005.2,93,72,1.5,313,7.0,296,0.0
2021/03/31,1007.0,1008.6,1005.4,90,51,1.6,331,7.2,271,0.0
2021/04/01,1007.7,1009.8,1005.9,88,54,1.4,23,6.7,257,0.0
2021/04/02,1009.5,1011.5,1007.9,88,56,1.2,33,8.0,301,0.0
2021/04/03,1010.6,1011.9,1008.7,90,62,2.2,15,7.2,328,0.0
2021/04/04,1012.1,1014.1,1010.4,86,65,2.8,2,7.5,332,0.0
2021/04/05,1015.3,1017.1,1013.3,65,46,2.7,360,8.2,209,0.0
2021/04/06,1015.8,1017.8,1013.4,69,48,2.2,3,7.4,16,0.0
2021/04/07,1014.5,1017.1,1012.2,X,69,1.7,4,6.6,246,0.0
2021/04/08,1012.7,1014.8,1010.3,X,58,2.9,11,10.5,17,0.0
2021/04/09,1015.0,1017.0,1012.9,X,59,3.2,8,8.9,26,0.0
2021/04/10,1017.1,1018.5,1014.7,X,51,2.8,1,8.9,344,0.0
2021/04/11,1017.5,1019.4,1015.7,X,54,2.2,333,7.8,347,0.0
2021/04/12,1015.4,1018.0,1012.9,X,47,1.9,1,8.5,292,0.0
2021/04/13,1013.3,1014.9,1011.2,X,61,1.9,7,8.7,319,0.0
2021/04/14,1012.5,1014.0,1010.3,X,58,3.3,4,8.4,352,0.0
,1011.9,--,--,X,--,3.3,4,--,--,0.0
2021/04/16,1012.4,1013.8,1010.5,X,99,2.0,355,7.2,289,0.0
2021/04/17,1013.1,1014.6,1010.8,X,91,2.8,3,8.7,328,0.0
,1012.3,--,--,X,--,2.6,276,--,--,0.0
2021/04/19,1011.4,1012.8,1009.6,X,99,1.6,4,6.7,266,0.0
2021/04/20,1011.2,1012.1,999.9,66,36,1.3,295,7.1,290,0.0
2021/04/21,X,1011.2,998.9,70,43,2.0,10,7.3,285,0.0
2021/04/22,X,1008.5,997.2,80,48,2.0,326,7.8,325,0.0
2021/04/23,X,1007.3,994.9,77,43,2.9,4,10.3,11,0.0
2021/04/24,X,1009.9,999.4,76,43,1.9,13,9.6,175,0.0
2021/04/25,X,1012.6,1001.6,90,59,1.5,8,7.2,253,2.5
2021/04/26,1009.7,1017.6,1007.0,86,73,1.9,10,4.8,260,0.0
2021/04/27,1009.2,1010.3,1007.6,85,50,1.6,6,6.2,265,5.5
2021/04/28,1007.9,1010.0,1006.0,70,35,1.5,329,7.0,277,0.0
2021/04/29,1005.3,1006.6,1003.8,88,79,1.5,356,5.2,4,8.5
2021/04/30,1004.9,1006.3,1003.3,70,40,1.3,353,7.1,273,0.0
2021/05/01,1005.1,1006.7,1003.7,62,27,1.3,278,6.7,261,0.0
2021/05/02,1006.6,1008.1,1005.0,66,31,1.7,331,7.3,19,0.0
2021/05/03,1006.2,1008.0,1004.1,74,39,1.3,318,5.5,327,0.0
2021/05/04,1004.4,1006.0,1001.7,62,30,2.6,170,9.6,216,0.0
2021/05/05,1005.6,1008.1,1004.0,63,32,2.8,1,8.6,294,0.0
2021/05/06,1007.5,1009.0,1005.6,58,34,2.0,17,7.3,282,0.0
2021/05/07,1005.6,1008.0,1002.8,64,31,1.5,8,8.1,272,0.0
2021/05/08,1002.9,1004.6,1000.8,65,29,2.6,240,9.4,181,0.0
2021/05/09,1002.6,1005.0,1000.0,64,33,1.5,297,7.3,284,0.0
2021/05/10,1002.4,1004.5,1000.5,63,38,2.1,105,7.2,290,0.0
2021/05/11,1002.4,1004.1,1000.6,64,29,2.5,167,9.5,279,0.0
2021/05/12,1002.4,1004.0,1000.0,62,25,1.8,161,8.5,293,0.0
2021/05/13,1002.5,1004.3,1001.0,62,29,2.3,168,8.5,229,0.0
2021/05/14,1002.9,1004.1,1001.3,59,29,2.1,259,10.2,232,0.0
2021/05/15,1002.4,1004.3,1000.5,56,21,2.9,155,12.0,238,0.0
2021/05/16,1002.8,1004.5,1000.7,63,24,3.0,157,9.6,258,0.0
2021/05/17,1003.3,1005.0,1001.8,64,31,2.2,173,8.5,299,0.0
2021/05/18,1003.2,1005.2,1000.7,62,31,2.7,163,9.7,264,0.0
2021/05/19,1001.9,1003.7,999.6,63,30,3.4,175,11.3,250,0.0
2021/05/20,1002.6,1004.0,1000.7,58,25,2.9,146,9.3,256,0.0
2021/05/21,1002.1,1003.7,1000.0,60,28,2.5,166,9.3,272,0.0
2021/05/22,1001.1,1003.0,999.1,62,31,1.6,297,7.9,275,0.0
2021/05/23,1001.7,1003.3,1000.2,59,32,1.9,283,9.2,311,0.0
2021/05/24,1002.9,1004.5,1001.0,59,25,2.5,31,8.8,184,0.0
2021/05/25,1003.1,1005.0,1001.1,59,31,2.0,317,8.7,301,0.0
2021/05/26,1002.7,1004.5,1000.7,61,33,2.1,136,9.4,273,0.0
2021/05/27,1002.7,1004.0,1001.0,60,26,2.0,22,9.9,262,0.0
2021/05/28,1002.5,1004.5,1000.7,63,30,2.0,247,9.8,269,0.0
2021/05/29,1001.0,1002.0,999.6,77,36,1.9,140,12.3,250,7.0
2021/05/30,999.5,1001.0,998.0,94,86,1.7,134,7.6,15,44.5
2021/05/31,X,1003.7,998.5,87,58,1.8,85,7.7,198,3.5
2021/06/01,X,1005.5,1002.3,80,50,2.1,117,10.4,250,4.0
2021/06/02,X,1006.5,1002.8,70,42,2.4,123,9.0,233,0.0
2021/06/03,X,1005.2,999.7,69,48,2.4,238,8.5,235,0.0
2021/06/04,X,1001.6,995.8,67,41,3.2,40,9.2,202,0.0
2021/06/05,X,1001.6,998.0,92,76,2.4,140,10.5,259,148.5
2021/06/06,X,1007.1,999.8,96,85,3.1,134,9.8,143,138.5
2021/06/07,X,1013.3,1006.6,82,54,1.4,136,10.6,194,1.0
2021/06/08,X,1015.0,1011.1,78,45,1.3,25,8.4,264,17.0
2021/06/09,X,1014.7,1011.1,73,36,1.6,3,9.3,15,0.5
2021/06/10,X,1014.5,1009.5,76,41,1.2,151,6.4,309,8.0
2021/06/11,X,1018.0,1013.0,76,37,1.2,127,6.6,313,0.5
2021/06/12,X,1020.3,1016.5,80,44,1.5,76,8.1,231,0.0
2021/06/13,X,1021.0,1015.5,71,36,1.6,128,7.7,289,0.0
2021/06/14,X,1018.8,1013.0,70,38,1.9,248,8.6,277,0.0
2021/06/15,X,1015.0,1010.8,83,51,1.6,126,6.4,182,5.0
2021/06/16,X,1018.5,1011.0,91,74,1.7,78,6.4,267,25.0
2021/06/17,X,1020.7,1017.7,89,69,1.5,98,10.7,283,28.0
2021/06/18,X,1023.1,1019.7,81,49,1.6,96,7.1,260,16.0
2021/06/19,X,1024.6,1021.8,83,57,2.1,130,9.8,278,5.0
2021/06/20,X,1025.6,1022.2,94,80,2.0,110,6.9,135,25.5
2021/06/21,X,1030.0,1024.0,100,100,2.1,120,9.0,194,61.5
2021/06/22,X,1034.0,1027.7,100,94,2.0,151,12.5,262,96.5
2021/06/23,X,1037.5,1032.5,99,79,1.9,118,9.2,143,19.0
2021/06/24,X,1039.0,1035.1,100,80,3.0,136,10.8,198,10.5
2021/06/25,X,1039.7,1035.7,99,73,2.6,122,9.3,221,16.0
2021/06/26,X,1042.3,1038.0,100,78,2.1,115,6.7,205,8.5
2021/06/27,X,1042.6,1039.2,100,68,2.5,135,8.7,236,10.5
2021/06/28,X,1043.0,1040.1,100,98,2.5,142,7.2,131,70.0
2021/06/29,X,1046.2,1042.5,100,100,1.8,59,10.4,249,81.0
2021/06/30,X,1048.0,1043.7,98,78,2.1,121,8.4,222,0.0
2021/07/01,1006.9,1008.5,1005.0,98,42,2.0,135,7.5,293,0.0
2021/07/02,1007.1,1008.2,1005.5,98,58,1.8,89,7.6,251,0.0
2021/07/03,1006.5,1008.3,1005.0,95,39,2.2,129,7.3,265,0.0
2021/07/04,1006.8,1008.2,1005.8,91,59,2.2,25,8.4,327,0.0
2021/07/05,1005.8,1007.5,1004.0,88,38,2.3,185,9.1,334,0.0
2021/07/06,1005.8,1010.0,1002.0,92,43,2.8,4,9.3,246,0.0
2021/07/07,1010.0,1012.0,1008.8,92,52,2.6,141,10.8,231,0.0
2021/07/08,1010.6,1011.7,1009.0,98,83,1.7,50,7.9,253,0.0
2021/07/09,1009.3,1010.8,1007.6,95,63,2.0,1,6.8,290,0.0
2021/07/10,1009.5,1011.6,1008.2,86,49,1.8,3,6.9,310,1.5
2021/07/11,1010.5,1011.5,1009.1,100,43,1.2,40,7.2,278,37.0
2021/07/12,1009.7,1011.2,1007.7,87,42,1.3,27,7.1,300,4.0
2021/07/13,1008.0,1009.5,1006.0,100,10,1.7,12,8.2,130,1.5
2021/07/14,1007.4,1008.7,1005.5,84,49,2.1,335,9.7,352,0.0
2021/07/15,1007.8,1008.8,1005.8,89,43,1.6,4,12.6,166,6.0
2021/07/16,1007.2,1008.5,1005.5,83,41,1.2,73,7.2,329,2.5
2021/07/17,1004.3,1006.5,1002.0,84,42,1.5,121,8.6,96,7.5
2021/07/18,1002.9,1004.2,1000.8,79,38,1.3,77,7.0,338,1.5
2021/07/19,1003.0,1004.6,1001.3,91,52,1.4,171,6.5,279,2.0
2021/07/20,1003.0,1004.0,1001.8,90,48,1.8,301,9.6,285,32.0
2021/07/21,999.4,1003.0,997.0,85,47,2.2,7,10.0,15,0.0
2021/07/22,994.4,997.7,992.2,99,85,5.3,2,16.0,353,1.0
2021/07/23,992.7,994.3,990.7,98,70,5.1,354,14.3,10,5.5
2021/07/24,995.2,997.5,993.5,83,44,3.1,309,11.1,290,0.0
2021/07/25,997.5,999.3,996.3,100,100,2.4,77,7.9,253,10.5
2021/07/26,997.2,999.2,995.5,100,82,2.5,235,8.0,259,0.5
2021/07/27,995.6,997.5,993.3,91,48,2.0,239,6.5,285,24.5
2021/07/28,997.4,999.7,995.3,99,65,2.2,110,10.1,237,5.0
2021/07/29,1000.6,1002.7,998.7,100,89,2.5,176,7.2,191,16.5
2021/07/30,1002.1,1004.3,1000.5,100,100,2.2,129,12.5,261,44.5
2021/07/31,1001.2,1004.1,999.3,100,100,2.4,155,9.1,183,138.0
2021/08/01,998.2,999.8,996.2,100,100,2.1,121,10.0,186,280.5
2021/08/02,997.7,998.7,996.5,100,100,2.1,152,6.6,132,78.5
2021/08/03,998.3,1000.2,996.6,100,100,2.2,148,7.3,241,10.0
2021/08/04,998.5,1000.2,996.5,100,99,3.1,122,11.4,191,20.0
2021/08/05,998.1,999.7,996.3,100,100,3.9,154,10.5,172,47.0
2021/08/06,997.1,998.8,995.8,100,100,5.6,180,15.9,168,65.5
2021/08/07,999.6,1003.2,995.5,100,100,4.2,258,19.2,232,71.5
2021/08/08,1004.9,1007.3,1002.3,100,100,2.0,137,7.4,188,12.5
2021/08/09,1006.6,1008.3,1004.6,99,47,1.2,136,7.0,295,75.5
2021/08/10,1006.9,1008.7,1005.5,100,83,1.5,176,11.0,176,5.5
2021/08/11,1008.6,1010.3,1006.8,98,0,1.9,148,8.0,242,1.5
2021/08/12,1009.1,1011.1,1006.8,100,78,2.0,173,7.0,269,0.0
2021/08/13,1006.8,1008.3,1005.7,100,100,2.7,172,9.5,171,0.0
2021/08/14,1007.5,1010.5,1005.7,99,83,2.6,147,10.6,184,39.0
2021/08/15,1010.3,1012.6,1008.7,98,0,1.8,253,7.4,275,0.0
2021/08/16,1011.8,1012.8,1010.0,95,0,1.1,31,7.7,303,0.0
2021/08/17,1009.6,1012.2,1007.1,79,39,1.6,133,7.3,284,0.0
2021/08/18,1007.6,1009.3,1005.5,95,10,1.2,97,6.0,252,0.0
2021/08/19,1007.8,1009.2,1006.1,X,0,1.6,129,8.2,236,0.0
2021/08/20,1008.7,1010.0,1006.7,X,21,1.5,116,7.2,231,0.0
2021/08/21,1007.8,1009.2,1005.8,X,27,1.7,136,7.9,155,0.0
2021/08/22,1006.8,1007.8,1005.0,X,29,1.3,36,7.5,269,0.0
2021/08/23,1007.0,1008.6,1006.0,X,41,2.2,170,7.6,267,0.0
2021/08/24,1007.7,1009.7,1006.5,X,83,1.8,127,7.5,224,0.5
2021/08/25,1009.0,1011.6,1007.0,X,0,1.9,128,8.8,266,0.0
2021/08/26,1010.6,1013.6,1008.5,X,0,1.6,338,13.9,258,61.0
2021/08/27,1010.6,1011.6,1008.8,X,0,1.2,15,6.9,2,0.0
2021/08/28,1009.9,1011.1,1008.0,X,0,1.5,9,8.3,265,0.0
2021/08/29,1009.7,1011.0,100.6,X,10,1.1,36,6.3,289,0.0
2021/08/30,1009.9,1012.2,1008.5,X,16,0.7,26,4.9,24,0.5
2021/08/31,1009.8,1010.3,1008.6,86,54,1.5,2,8.3,339,0.0
2021/09/01,1009.1,1010.6,1007.0,97,67,1.6,84,10.5,279,0.5
2021/09/02,1008.2,1010.3,1005.6,88,22,1.6,2,7.9,327,0.5
2021/09/03,1006.8,1008.8,1004.5,89,18,1.5,48,10.7,90,4.0
2021/09/04,1007.7,1009.1,1006.0,94,18,1.4,13,8.5,323,5.0
2021/09/05,1008.6,1011.7,1006.1,84,47,1.7,8,8.7,171,22.5
2021/09/06,1009.5,1011.5,1008.0,86,22,1.7,334,11.4,39,21.5
2021/09/07,1009.1,1010.7,1007.0,74,37,1.7,1,7.3,22,0.0
2021/09/08,1007.8,1009.6,1006.2,76,42,1.6,334,7.4,17,0.0
2021/09/09,1007.7,1008.8,1006.2,X,40,1.3,123,7.1,285,0.0
2021/09/10,1005.9,1008.3,1003.8,X,35,1.5,338,7.2,251,0.0
2021/09/11,998.7,1004.0,995.0,X,48,1.6,138,6.2,320,0.0
2021/09/12,997.5,1004.3,993.0,X,57,2.8,313,11.8,331,2.0
2021/09/13,1006.6,1010.1,1003.1,X,52,2.0,125,11.6,192,9.0
2021/09/14,1010.2,1011.8,1008.3,X,43,2.2,141,7.6,282,1.0
2021/09/15,1009.5,1011.6,1007.0,X,34,1.7,140,8.4,252,0.0
2021/09/16,1007.8,1009.6,1005.1,X,26,1.9,87,7.1,267,1.0
2021/09/17,1008.6,1010.5,1007.0,X,37,1.4,142,5.7,334,1.5
2021/09/18,1010.2,1011.7,1008.7,X,32,1.9,335,7.9,326,0.0
2021/09/19,1010.3,1011.6,1008.7,X,34,1.2,289,6.9,282,0.0
2021/09/20,1009.5,1011.3,1007.0,X,37,1.4,140,7.0,274,0.0
2021/09/21,1008.5,1010.2,1006.0,X,48,1.4,18,8.5,81,9.5
2021/09/22,1010.0,1012.8,1008.0,X,28,1.6,11,7.9,323,0.0
2021/09/23,1012.6,1014.3,1011.0,X,33,1.3,104,10.9,135,0.0
2021/09/24,1012.3,1014.0,1010.1,X,36,1.6,139,6.9,328,0.0
2021/09/25,1010.5,1012.0,1008.7,X,30,1.6,125,7.4,299,0.5
2021/09/26,1009.4,1011.0,1007.6,X,28,1.3,4,7.5,274,0.0
2021/09/27,1008.0,1009.5,1006.2,X,26,1.6,6,7.6,360,0.0
2021/09/28,1006.7,1008.2,1004.6,X,27,1.3,92,6.6,303,0.0
2021/09/29,1005.7,1007.2,1003.5,X,24,1.5,7,6.6,289,0.0
2021/09/30,1006.5,1009.0,1004.3,X,29,1.5,326,7.0,355,0.0
2021/10/01,1008.1,1010.1,1006.0,X,26,1.5,313,8.1,287,0.0
2021/10/02,1009.9,1011.5,1007.6,X,28,1.7,342,6.6,7,0.0
2021/10/03,1010.9,1012.1,1009.3,X,23,1.5,62,7.6,292,0.0
2021/10/04,1010.7,1012.5,1009.3,X,20,1.4,62,7.2,276,0.0
2021/10/05,1008.8,1010.8,1007.0,X,19,1.4,74,7.4,266,0.0
2021/10/06,1006.6,1009.3,1004.3,X,16,1.7,1,6.9,299,0.0
2021/10/07,1006.2,1007.6,1004.6,X,25,1.7,13,6.8,353,0.0
2021/10/08,1006.7,1008.5,1005.0,X,21,1.5,2,7.3,360,0.0
2021/10/09,1007.0,1008.6,1005.2,X,18,1.5,89,6.4,270,0.0
2021/10/10,1005.0,1007.2,1003.0,X,17,1.3,8,6.6,268,0.0
2021/10/11,996.6,1003.1,992.7,X,27,1.6,16,6.0,151,0.0
2021/10/12,997.8,1003.3,993.5,X,59,1.3,134,5.3,164,1.5
2021/10/13,1006.3,1009.0,1003.0,X,49,0.8,90,4.9,145,13.5
2021/10/14,1008.5,1010.8,1006.7,X,39,0.9,167,3.6,124,9.5
2021/10/15,1008.2,1009.7,1006.5,85,72,1.5,302,6.7,279,0.0
2021/10/16,1010.8,1013.7,1008.8,82,57,1.4,136,6.6,324,0.0
2021/10/17,1013.8,1015.3,1012.0,73,57,3.1,1,8.7,9,0.0
2021/10/18,1014.9,1016.8,1012.6,75,60,1.9,2,6.0,351,0.0
2021/10/19,1015.5,1017.5,1013.1,75,56,2.1,6,8.3,346,0.0
2021/10/20,1014.3,1016.0,1012.5,77,54,1.9,330,8.5,295,0.0
2021/10/21,1012.3,1014.0,1010.5,78,52,2.9,7,9.3,16,0.0
2021/10/22,1014.6,1016.5,1013.0,79,66,3.1,1,7.9,2,0.0
2021/10/23,1015.5,1016.7,1014.0,79,59,1.2,358,6.1,273,0.0
2021/10/24,1014.6,1016.3,1012.0,78,56,2.6,2,9.0,4,0.0
2021/10/25,1012.9,1015.0,1010.7,78,58,2.7,7,7.6,15,0.0
2021/10/26,1013.1,1014.6,1011.0,78,60,1.5,3,5.4,292,0.0
2021/10/27,1014.4,1016.8,1012.3,78,54,2.0,1,7.9,335,0.0
2021/10/28,1015.4,1017.0,1013.6,77,61,1.8,21,5.6,327,0.0
2021/10/29,1016.0,1018.3,1013.8,75,46,1.9,360,7.6,333,0.0
2021/10/30,1016.5,1018.0,1014.8,76,58,1.9,5,7.1,335,0.0
2021/10/31,1016.3,1017.6,1014.0,79,53,2.0,356,7.6,343,0.0
2021/11/01,1016.2,1017.8,1013.8,81,59,1.8,358,6.8,331,0.0
2021/11/02,1015.6,1017.8,1013.0,79,60,2.2,4,7.2,336,0.0
2021/11/03,1014.3,1016.0,1012.0,78,59,1.2,4,7.5,296,0.0
2021/11/04,1013.4,1015.0,1011.6,80,59,1.4,334,6.5,330,0.0
2021/11/05,1011.1,1013.6,1008.5,81,55,1.4,10,5.7,256,0.0
2021/11/06,1008.5,1009.7,1006.3,78,47,1.6,9,7.8,351,0.0
2021/11/07,1010.2,1011.8,1008.5,82,54,1.4,7,5.4,292,0.0
2021/11/08,1012.6,1015.2,1010.7,82,65,3.1,351,10.1,360,0.0
2021/11/09,1015.6,1018.2,1013.6,67,53,3.0,8,8.5,6,0.0
2021/11/10,1015.6,1017.1,1013.5,59,28,3.4,13,9.9,1,0.0
2021/11/11,1015.3,1017.7,1012.3,64,42,2.2,8,7.6,319,0.0
2021/11/12,1015.9,1018.1,1014.1,68,45,2.2,1,8.6,342,0.0
2021/11/13,1015.6,1018.1,1013.1,84,61,3.3,8,9.3,7,7.0
2021/11/14,1015.1,1017.3,1012.3,80,60,2.7,3,8.6,4,0.0
2021/11/15,1014.4,1016.5,1012.2,81,56,1.2,358,5.2,20,0.0
2021/11/16,1014.8,1016.1,1012.8,82,53,1.8,2,8.3,344,0.0
2021/11/17,1014.3,1016.0,1012.6,86,60,1.6,2,7.0,322,0.0
2021/11/18,1011.2,1014.0,1008.0,84,60,3.6,9,10.0,27,0.0
2021/11/19,1009.4,1011.1,1007.3,85,65,2.8,3,10.1,4,0.0
2021/11/20,1010.8,1012.8,1009.0,86,63,1.3,20,5.6,339,0.0
2021/11/21,1011.8,1013.0,1010.0,83,59,1.9,16,7.1,325,0.0
2021/11/22,1013.0,1016.0,1011.0,83,66,3.4,4,10.4,2,0.0
2021/11/23,1017.2,1019.1,1015.2,75,65,3.3,2,7.9,360,0.0
2021/11/24,1017.1,1019.0,1015.0,78,58,1.9,6,6.6,339,0.0
2021/11/25,1015.5,1017.6,1013.7,82,69,1.9,2,7.8,360,0.0
2021/11/26,1015.4,1016.8,1013.2,84,70,3.2,10,9.2,4,0.0
2021/11/27,1016.2,1017.5,1015.0,78,61,2.2,6,6.8,12,0.0
2021/11/28,1016.4,1018.6,1014.7,91,76,1.1,356,4.0,353,3.5
2021/11/29,1013.7,1015.5,1011.6,91,73,0.8,348,3.4,37,0.5
2021/11/30,1013.6,1015.2,1011.0,82,63,4.3,4,12.5,355,0.0
2021/12/01,1016.7,1018.5,1014.7,68,53,3.7,8,11.4,10,0.0
2021/12/02,1017.5,1019.3,1014.5,75,48,2.2,13,9.5,342,0.0
2021/12/03,1018.0,1020.2,1015.3,68,38,2.9,359,8.4,1,0.0
2021/12/04,1018.9,1020.3,1016.6,68,37,1.3,353,5.1,41,0.0
2021/12/05,1018.0,1019.8,1015.7,77,40,1.9,1,8.0,333,0.0
2021/12/06,1016.1,1017.5,1014.1,85,58,2.8,15,11.3,9,0.0
2021/12/07,1017.5,1019.5,1015.8,81,54,1.4,15,5.9,335,0.0
2021/12/08,1019.5,1021.5,1017.2,80,54,1.2,2,8.3,308,0.0
2021/12/09,1019.2,1020.8,1017.5,84,52,1.1,334,7.7,1,0.0
2021/12/10,1017.9,1019.3,1015.7,84,46,1.1,1,6.2,272,0.0
2021/12/11,1018.5,1020.7,1016.1,84,58,1.8,2,7.5,338,0.0
2021/12/12,1018.0,1020.0,1015.2,84,54,2.6,3,9.1,333,0.0
2021/12/13,1017.5,1019.5,1015.1,81,60,2.8,11,7.5,8,0.0
2021/12/14,1016.3,1018.5,1013.5,84,52,1.3,329,5.7,332,0.0
2021/12/15,1015.3,1017.3,1012.1,87,55,1.4,326,6.1,331,0.0
2021/12/16,1014.7,1016.1,1012.0,85,56,1.7,4,5.1,322,0.0
2021/12/17,1015.6,1018.5,1013.2,79,62,3.9,7,10.8,360,0.0
2021/12/18,1019.4,1021.2,1017.5,70,56,3.4,3,8.1,7,0.0
2021/12/19,1019.4,1021.3,1017.0,70,49,2.1,9,6.5,13,0.0
2021/12/20,1017.5,1019.5,1015.5,81,61,2.1,357,6.8,24,0.5
2021/12/21,1012.9,1015.5,1009.8,95,89,1.8,13,7.4,20,10.5
2021/12/22,1012.6,1014.2,1011.0,90,77,3.0,4,7.5,13,0.0
2021/12/23,1013.9,1015.6,1011.7,87,72,2.2,360,6.6,349,0.0
2021/12/24,1014.4,1016.2,1012.6,89,75,2.8,358,8.7,24,0.0
2021/12/25,1018.0,1021.2,1015.0,85,75,3.0,3,7.2,26,0.0
2021/12/26,1022.1,1024.2,1020.1,85,72,3.2,3,7.7,37,1.5
2021/12/27,1023.8,1025.7,1021.7,88,82,2.9,4,7.5,5,1.0
2021/12/28,1021.9,1024.3,1019.0,85,62,2.2,13,8.0,347,0.0
2021/12/29,1021.1,1022.8,1019.1,86,60,2.5,3,8.3,12,0.0
2021/12/30,1021.7,1023.3,1019.2,81,58,3.0,4,8.3,11,0.0
2021/12/31,1022.8,1024.1,1020.2,75,55,3.3,2,9.7,7,0.0
2022/01/01,1021.7,1023.8,1019.1,74,37,3.6,7,12.1,12,0.0
2022/01/02,1020.1,1022.1,1017.5,81,44,2.5,10,7.1,340,0.0
2022/01/03,1018.8,1020.7,1016.2,79,46,2.7,2,9.3,345,0.0
2022/01/04,1017.8,1020.2,1015.2,84,49,1.7,4,6.0,336,0.0
2022/01/05,1015.6,1017.5,1013.1,87,67,2.4,10,7.8,12,0.0
2022/01/06,1016.6,1019.5,1014.7,82,66,3.4,13,9.2,22,0.0
2022/01/07,1018.7,1021.0,1016.3,85,70,3.4,1,8.2,350,1.5
2022/01/08,1017.1,1019.1,1014.5,80,58,2.5,4,7.0,360,0.0
2022/01/09,1015.2,1017.0,1012.5,81,60,2.7,18,8.6,342,0.0
2022/01/10,1014.6,1016.5,1011.8,86,61,2.6,2,8.1,348,0.0
2022/01/11,1016.4,1019.1,1014.0,77,60,4.2,1,11.6,31,0.0
2022/01/12,1018.8,1020.7,1010.0,74,59,2.4,359,6.4,1,0.0
2022/01/13,1018.8,1021.0,1015.8,73,47,3.9,6,11.7,341,0.0
2022/01/14,1019.1,1021.2,1016.2,74,46,2.0,6,6.5,13,0.0
2022/01/15,1018.9,1021.0,1016.1,79,54,2.2,356,8.6,329,0.0
2022/01/16,1018.5,1020.6,1015.5,83,52,2.4,360,7.6,1,0.0
2022/01/17,1017.6,1019.5,1015.5,83,64,3.3,5,8.9,344,0.0
2022/01/18,1017.0,1018.7,1015.0,92,81,2.7,6,7.2,18,8.0
2022/01/19,1015.4,1017.3,1013.2,86,70,2.9,3,7.2,3,0.0
2022/01/20,1014.9,1016.8,1013.0,84,62,1.7,1,6.3,346,0.0
2022/01/21,1015.4,1017.5,1014.0,85,58,2.9,2,8.2,2,0.0
2022/01/22,1012.8,1015.6,1009.5,94,80,2.7,2,10.4,348,5.5
2022/01/23,1011.0,1012.5,1009.0,93,75,1.7,353,6.7,341,0.0
2022/01/24,1012.1,1014.0,1011.0,92,79,3.1,360,7.7,25,0.0
2022/01/25,1014.3,1016.5,1011.7,87,56,2.6,355,7.9,26,0.0
2022/01/26,1015.2,1017.0,1012.7,87,60,2.3,3,7.5,12,0.0
2022/01/27,1014.9,1016.7,1012.5,87,55,2.6,3,8.3,355,0.0
2022/01/28,1014.1,1015.6,1011.8,91,79,2.6,5,6.8,360,7.5
2022/01/29,1011.1,1014.0,1008.5,95,90,2.8,1,7.4,27,14.0
2022/01/30,1014.2,1018.0,1010.5,87,76,4.6,3,14.0,6,0.0
2022/01/31,1017.3,1019.0,1015.5,81,59,2.0,6,8.2,10,0.0
2022/02/01,1016.9,1018.3,1015.0,82,68,2.6,6,8.8,354,0.0
2022/02/02,1016.7,1018.2,1015.0,89,72,3.0,6,8.8,360,0.0
2022/02/03,1015.4,1016.5,1013.3,90,72,3.1,5,8.0,352,0.0
2022/02/04,1017.1,1019.6,1015.3,84,67,3.8,7,9.0,326,0.0
2022/02/05,1020.4,1022.3,1018.6,80,67,3.5,3,9.1,23,0.0
2022/02/06,1020.0,1022.2,1017.1,81,57,3.2,10,9.9,1,0.0
2022/02/07,1015.7,1019.0,1011.8,84,59,2.6,12,13.0,30,9.0
2022/02/08,1016.0,1017.7,1014.0,82,69,3.6,2,10.2,29,0.0
2022/02/09,1016.8,1019.7,1013.6,82,59,2.5,18,7.9,334,0.0
2022/02/10,1015.8,1018.3,1012.5,87,60,3.0,1,9.0,342,0.0
2022/02/11,1015.5,1018.0,1013.5,90,71,2.9,2,8.2,10,0.0
2022/02/12,1013.6,1016.1,1011.3,88,68,3.4,7,10.5,355,0.0
2022/02/13,1011.8,1013.5,1009.0,87,64,2.7,1,9.5,16,0.0
2022/02/14,1013.8,1016.0,1012.0,88,77,4.2,2,11.9,4,1.0
2022/02/15,1015.5,1018.0,1013.5,83,66,2.3,3,8.1,2,0.0
2022/02/16,1014.0,1016.6,1011.0,82,57,2.7,2,8.0,3,0.0
2022/02/17,1013.1,1014.5,1011.5,89,76,2.7,9,7.7,10,0.0
2022/02/18,1013.3,1015.7,1011.3,88,67,3.5,1,7.8,353,1.5
2022/02/19,1013.6,1015.7,1011.5,92,72,4.0,8,10.5,25,20.0
2022/02/20,1017.4,1020.5,1014.5,98,94,5.0,10,12.4,27,21.0
2022/02/21,1019.4,1021.0,1017.7,98,93,2.3,8,6.3,346,10.5
2022/02/22,1018.2,1020.8,1016.3,96,91,2.4,2,6.0,7,0.5
2022/02/23,1019.2,1021.7,1017.3,96,91,4.2,8,12.0,17,15.0
2022/02/24,1021.5,1023.2,1020.0,85,77,3.1,14,8.6,8,0.0
2022/02/25,1021.1,1023.8,1018.5,86,66,2.5,10,9.7,16,0.0
2022/02/26,1019.1,1022.0,1016.3,86,59,2.7,5,8.1,15,0.0
2022/02/27,1017.6,1020.5,1014.7,79,41,1.5,20,6.0,293,0.0
2022/02/28,1016.8,1020.0,1014.2,77,43,1.2,3,6.2,12,0.0
2022/03/01,1015.3,1017.8,1012.6,78,50,1.1,2,6.8,301,0.0
2022/03/02,1015.2,1017.1,1013.0,83,62,2.5,3,8.9,11,0.0
2022/03/03,1014.8,1017.6,1011.8,82,49,1.9,1,6.4,32,0.0
2022/03/04,1012.7,1015.3,1010.1,79,51,1.4,352,6.6,8,0.0
2022/03/05,1011.8,1013.6,1010.0,83,61,1.9,7,8.4,12,0.0
2022/03/06,1013.3,1015.5,1010.7,83,63,1.9,329,7.2,321,0.0
2022/03/07,1014.0,1016.0,1011.5,89,73,4.6,7,16.1,2,3.0
2022/03/08,1014.8,1016.6,1012.5,72,40,2.1,12,9.6,23,0.0
2022/03/09,1015.5,1017.3,1013.0,70,43,2.4,2,9.2,35,0.0
2022/03/10,1014.6,1017.3,1012.0,70,44,1.9,35,9.9,331,0.0
2022/03/11,1012.4,1014.5,1010.0,68,40,2.0,10,9.3,20,0.0
2022/03/12,1012.0,1013.5,1010.3,75,50,1.1,323,6.7,304,0.0
2022/03/13,1011.5,1013.7,1008.2,72,40,1.3,10,6.7,5,0.0
2022/03/14,1010.5,1013.1,1008.2,72,44,1.6,5,6.7,360,0.0
2022/03/15,1009.1,1010.6,1007.0,77,47,2.0,352,8.6,346,0.0
2022/03/16,1010.3,1011.8,1008.2,86,61,1.5,327,6.9,283,0.0
2022/03/17,1007.9,1010.5,1005.5,81,52,1.7,10,6.7,11,0.0
2022/03/18,1006.5,1008.0,1005.0,82,64,2.0,5,8.3,344,0.0
2022/03/19,1008.9,1011.8,1007.0,80,64,1.6,4,7.5,331,0.0
2022/03/20,1011.8,1013.7,1010.0,82,59,2.0,4,6.7,22,0.0
2022/03/21,1012.3,1015.1,1010.0,87,54,1.3,8,6.3,181,7.5
2022/03/22,1011.5,1013.0,1009.8,84,71,2.1,2,9.4,19,0.0
2022/03/23,1012.5,1014.1,1010.5,95,85,2.6,4,9.3,330,36.5
2022/03/24,1013.8,1016.1,1012.2,95,85,1.6,3,5.2,346,2.0
2022/03/25,1010.5,1012.8,1007.7,82,54,2.9,170,14.3,165,0.0
2022/03/26,1011.0,1012.6,1009.1,78,50,2.1,175,5.8,226,0.0
2022/03/27,1011.7,1014.0,1009.7,87,76,2.4,340,6.8,12,0.5
2022/03/28,1015.1,1017.8,1012.6,93,85,3.2,7,7.9,6,1.5
2022/03/29,1015.0,1017.0,1012.3,90,73,2.5,1,8.2,18,0.0
2022/03/30,1014.5,1016.5,1012.0,88,71,1.9,358,7.1,336,0.0
2022/03/31,1014.6,1017.2,1011.8,88,61,2.2,358,9.0,10,0.0
2022/04/01,1017.1,1019.1,1015.6,80,73,3.9,4,9.3,10,0.0
2022/04/02,1018.7,1020.2,1017.5,91,76,3.5,5,10.4,10,2.0
2022/04/03,1018.7,1020.2,1017.5,93,83,2.7,7,6.7,10,4.0
2022/04/04,1019.2,1020.5,1017.5,82,61,2.1,344,9.5,322,0.0
2022/04/05,1017.7,1020.3,1014.3,80,46,2.3,1,8.8,19,0.0
2022/04/06,1015.2,1017.1,1013.0,84,61,2.0,335,7.7,360,0.0
2022/04/07,1013.7,1015.5,1011.7,85,54,1.9,4,8.0,330,0.0
2022/04/08,1012.2,1013.7,1010.3,79,56,1.1,316,6.3,283,0.0
2022/04/09,1011.3,1012.6,1009.0,82,55,1.1,316,6.5,318,0.0
2022/04/10,1010.4,1012.0,1008.1,72,38,1.8,2,8.9,313,0.0
2022/04/11,1009.3,1011.1,1007.0,72,47,1.6,152,7.6,351,0.0
2022/04/12,1007.4,1009.5,1005.1,73,54,1.6,324,7.6,315,0.0
2022/04/13,1005.7,1007.2,1003.6,80,57,1.1,30,7.6,276,0.0
2022/04/14,1006.2,1008.5,1004.0,79,61,2.5,337,10.7,355,0.0
2022/04/15,1009.3,1011.8,1007.0,76,55,2.9,6,8.5,17,0.0
2022/04/16,1011.0,1013.6,1009.2,73,51,2.2,7,8.8,31,0.0
2022/04/17,1013.7,1015.7,1011.7,75,56,2.7,10,8.1,3,0.0
2022/04/18,1014.2,1015.8,1012.3,77,54,2.3,357,8.4,350,0.0
2022/04/19,1014.7,1016.0,1013.2,82,68,2.9,7,7.2,2,0.0
2022/04/20,1013.2,1015.5,1010.8,80,65,2.2,347,6.0,329,0.0
2022/04/21,1011.9,1013.5,1010.0,79,58,1.6,44,6.1,11,0.0
2022/04/22,1011.1,1013.0,1008.6,78,56,1.4,243,6.7,297,0.0
2022/04/23,1010.0,1012.8,1008.0,87,65,1.9,182,10.9,32,2.5
2022/04/24,1008.7,1010.2,1006.3,82,63,1.5,3,8.7,291,0.0
2022/04/25,1008.0,1009.6,1005.8,76,52,3.0,216,12.0,194,0.0
2022/04/26,1007.7,1009.5,1006.0,79,54,2.9,164,10.2,237,0.0
2022/04/27,1009.0,1011.0,1007.2,78,54,1.8,169,6.9,340,0.0
2022/04/28,1010.2,1011.5,1008.5,84,66,1.7,269,8.0,261,0.0
2022/04/29,1009.7,1012.0,1007.0,82,62,2.0,315,7.9,354,0.0
2022/04/30,1010.9,1012.5,1008.5,80,64,3.0,359,8.9,13,0.0
2022/05/01,1010.4,1012.5,1008.8,82,73,3.5,3,10.1,3,0.0
2022/05/02,1011.8,1013.8,1010.1,98,89,2.9,8,8.6,5,26.5
2022/05/03,1013.0,1014.1,1011.8,94,83,1.2,1,4.8,343,2.0
2022/05/04,1011.0,1013.0,1009.5,86,67,1.8,6,8.6,324,0.0
2022/05/05,1009.5,1010.7,1007.7,87,68,2.2,1,7.3,355,0.0
2022/05/06,1009.9,1011.5,1008.2,86,65,1.6,315,6.7,313,0.0
2022/05/07,1010.8,1012.5,1009.0,83,55,2.1,344,6.9,8,0.0
2022/05/08,1011.1,1012.3,1009.6,87,67,2.0,311,6.7,321,0.0
2022/05/09,1010.6,1012.5,1008.7,83,62,2.4,360,8.1,9,0.0
2022/05/10,1008.9,1010.6,1006.6,81,56,1.7,3,8.6,239,0.0
2022/05/11,1008.0,1010.1,1006.7,87,62,0.9,15,9.7,327,68.5
2022/05/12,1007.3,1008.3,1006.5,89,72,1.4,126,7.8,219,5.0
2022/05/13,1006.4,1007.6,1005.2,83,68,1.5,163,6.5,166,0.5
2022/05/14,1008.3,1010.3,1005.7,95,81,1.6,175,7.3,197,55.0
2022/05/15,1009.2,1010.6,1007.5,97,93,2.3,8,5.9,19,26.5
2022/05/16,1009.6,1011.7,1008.2,98,94,3.0,12,7.3,4,22.0
2022/05/17,1011.1,1012.8,1009.5,91,79,2.4,5,6.1,347,1.5
2022/05/18,1011.5,1013.0,1009.8,85,65,2.1,6,6.2,333,0.0
2022/05/19,1009.5,1011.5,1007.1,86,62,1.6,14,6.6,277,0.0
2022/05/20,1005.9,1008.8,1003.5,86,66,2.6,339,8.6,354,0.0
2022/05/21,1006.2,1007.7,1004.7,84,63,1.6,317,9.3,290,0.0
2022/05/22,1006.4,1007.7,1004.7,84,66,1.5,346,6.6,287,0.0
2022/05/23,1007.1,1009.3,1005.8,86,69,1.6,4,6.9,352,0.0
2022/05/24,1009.0,1010.5,1008.0,92,77,1.2,145,12.5,145,22.5
2022/05/25,1007.5,1009.2,1005.7,90,66,1.8,155,8.4,247,0.0
2022/05/26,1005.2,1007.2,1003.2,95,81,2.2,128,10.8,167,66.5
2022/05/27,1005.4,1008.0,1004.0,95,77,2.2,138,9.0,175,32.0
2022/05/28,1006.6,1008.0,1005.0,83,60,1.8,163,6.8,288,0.0
2022/05/29,1006.4,1007.5,1005.0,82,65,2.0,242,7.0,236,0.0
2022/05/30,1006.3,1008.1,1004.5,85,66,1.9,152,10.2,211,13.5
2022/05/31,1007.4,1008.8,1005.1,83,64,2.4,160,9.0,217,0.0
2022/06/01,1007.0,1008.3,1005.2,83,64,2.1,237,7.7,264,0.0
2022/06/02,1006.1,1008.0,1004.6,83,62,1.8,263,7.3,275,0.0
2022/06/03,1006.6,1008.1,1005.1,80,58,2.0,245,7.4,233,0.0
2022/06/04,1007.4,1008.7,1006.1,91,74,2.0,166,9.3,164,5.0
2022/06/05,1005.8,1007.1,1004.2,84,66,2.4,142,12.4,260,3.5
2022/06/06,1004.5,1005.7,1003.0,84,66,2.2,77,6.1,250,10.0
2022/06/07,1005.8,1008.0,1003.6,95,85,1.7,141,10.5,232,51.5
2022/06/08,1007.1,1008.6,1006.1,92,78,2.1,170,11.5,186,12.0
2022/06/09,1007.3,1008.5,1005.5,88,72,1.9,167,6.9,187,7.5
2022/06/10,1006.7,1008.7,1005.1,85,65,2.2,175,7.2,215,0.5
2022/06/11,1007.9,1010.5,1006.3,85,66,2.3,171,9.1,177,23.5
2022/06/12,1008.1,1009.7,1006.5,82,59,1.8,251,8.6,295,5.5
2022/06/13,1006.8,1008.0,1005.5,81,63,2.4,266,7.5,208,0.0
2022/06/14,1007.7,1010.1,1006.5,81,62,2.1,129,9.2,254,0.0
2022/06/15,1009.1,1010.8,1007.7,81,57,1.7,115,7.5,239,0.0
2022/06/16,1009.0,1010.6,1007.1,80,53,1.8,133,7.6,248,0.0
2022/06/17,1008.1,1009.0,1006.8,81,56,1.9,143,7.7,236,0.0
2022/06/18,1007.5,1008.7,1006.5,80,58,2.0,133,8.6,268,0.0
2022/06/19,1007.1,1008.0,1006.0,79,57,2.0,151,7.9,237,0.0
2022/06/20,1005.6,1006.8,1004.2,77,55,2.1,245,8.1,253,0.0
2022/06/21,1006.4,1008.8,1004.2,77,54,1.9,146,8.6,263,0.0
2022/06/22,1009.3,1011.7,1007.3,80,55,1.9,90,8.5,255,1.0
2022/06/23,1009.7,1011.3,1007.0,78,56,1.9,138,9.4,226,0.0
2022/06/24,1007.8,1009.5,1005.3,78,55,1.7,3,9.9,216,0.5
2022/06/25,1007.5,1009.6,1005.5,78,53,2.5,136,10.2,215,0.0
2022/06/26,1009.1,1010.8,1007.1,78,63,1.6,293,7.5,309,0.0
2022/06/27,1007.5,1009.2,1005.1,81,57,1.6,101,8.9,339,2.5
2022/06/28,1004.6,1006.7,1002.6,86,62,1.5,113,10.0,248,14.0
2022/06/29,1003.5,1004.7,1002.5,92,63,1.6,12,10.3,231,27.0
2022/06/30,1003.3,1005.0,1000.8,86,61,1.6,4,19.8,198,29.0
