date,Tainan_North_District_StnPres,Tainan_North_District_StnPresMax,Tainan_North_District_StnPresMin,Tainan_North_District_RH,Tainan_North_District_RHMin,Tainan_North_District_WS,Tainan_North_District_WD,Tainan_North_District_WSGust,Tainan_North_District_WDGust,Tainan_North_District_Precp
2018/01/01,1016.6,1019.0,1013.5,74,44,1.8,359,7.5,314,0.0
2018/01/02,1016.2,1018.3,1013.7,88,59,1.5,359,6.0,306,0.0
2018/01/03,1016.2,1018.3,1013.5,89,57,1.2,6,5.3,286,0.0
2018/01/04,1014.7,1016.6,1013.0,96,67,1.4,12,7.7,11,14.5
2018/01/05,1012.9,1014.7,1010.8,97,82,1.9,3,8.3,355,3.5
2018/01/06,1012.8,1014.3,1011.2,100,99,1.5,5,6.0,355,6.0
2018/01/07,1011.7,1013.6,1010.0,93,69,1.6,355,9.6,354,1.0
2018/01/08,1011.4,1014.1,1009.5,92,68,2.0,41,11.2,350,5.5
2018/01/09,1017.7,1021.0,1013.7,100,92,2.6,360,11.7,351,3.5
2018/01/10,1021.0,1023.6,1018.1,57,44,2.4,1,8.7,68,0.5
2018/01/11,1021.9,1024.0,1019.2,54,42,2.5,2,8.4,31,0.0
2018/01/12,1023.1,1025.0,1020.0,53,35,2.1,6,7.3,8,0.0
2018/01/13,1022.5,1025.3,1019.5,60,37,1.4,2,5.7,308,0.0
2018/01/14,1019.3,1022.5,1016.3,74,33,1.6,22,7.1,346,0.0
2018/01/15,1015.5,1018.2,1012.6,86,49,1.9,4,7.6,17,0.0
2018/01/16,1011.7,1014.5,1009.2,77,48,1.8,14,6.7,350,0.0
2018/01/17,1011.0,1012.5,1009.6,76,55,1.4,3,6.7,344,0.0
2018/01/18,1013.2,1015.0,1011.1,90,71,1.6,6,6.3,7,0.0
2018/01/19,1014.1,1016.0,1012.0,92,75,1.8,7,6.9,7,0.0
2018/01/20,1013.2,1015.1,1011.0,90,65,1.7,9,6.0,301,0.0
2018/01/21,1011.9,1014.1,1009.7,92,73,1.8,12,6.2,7,0.0
2018/01/22,1010.3,1012.5,1007.2,87,59,2.2,11,7.8,2,0.5
2018/01/23,1012.0,1013.5,1009.5,80,54,1.7,7,7.9,321,0.0
2018/01/24,1012.2,1014.5,1009.5,81,53,1.8,13,6.6,290,0.0
2018/01/25,1012.5,1014.7,1010.2,83,51,2.2,8,7.9,347,0.0
2018/01/26,1013.3,1015.0,1011.1,84,58,2.7,2,10.6,8,0.0
2018/01/27,1013.7,1016.2,1012.0,80,57,1.8,9,7.2,353,0.0
2018/01/28,1011.2,1013.1,1008.7,90,68,2.3,360,8.8,25,0.0
2018/01/29,1014.1,1017.1,1010.7,87,73,2.4,2,9.5,20,1.0
2018/01/30,1016.3,1018.6,1013.8,90,70,1.9,360,6.5,360,5.0
2018/01/31,1015.4,1017.2,1012.6,91,65,2.2,6,10.1,352,0.5
2018/02/01,1017.0,1019.5,1014.5,88,69,2.4,1,8.1,16,1.5
2018/02/02,1019.0,1021.1,1016.7,83,64,2.6,3,11.6,351,0.0
2018/02/03,1020.3,1022.0,1018.2,77,63,2.4,3,8.7,12,0.0
2018/02/04,1021.0,1022.6,1019.0,78,66,2.2,4,7.5,338,0.0
2018/02/05,1021.5,1023.6,1019.1,72,64,2.6,5,8.5,6,0.0
2018/02/06,1018.8,1022.2,1015.7,60,45,1.9,7,7.5,6,0.0
2018/02/07,1017.0,1018.8,1014.5,84,68,1.5,2,6.7,329,1.5
2018/02/08,1015.1,1017.5,1012.7,99,91,1.5,2,6.4,355,6.0
2018/02/09,1013.5,1015.5,1010.8,94,19,2.0,6,8.2,14,0.0
2018/02/10,1014.0,1016.1,1011.1,95,68,2.3,358,9.6,1,0.0
2018/02/11,1018.4,1022.0,1015.7,84,61,2.9,360,10.3,3,0.5
2018/02/12,1021.8,1024.0,1019.3,69,52,1.9,4,8.1,2,0.0
2018/02/13,1020.8,1023.0,1017.8,65,42,1.7,4,6.7,309,0.0
2018/02/14,1016.9,1020.2,1013.7,75,37,1.3,29,6.3,233,0.0
2018/02/15,1013.6,1015.8,1010.5,68,34,1.4,228,7.6,223,0.0
2018/02/16,1011.7,1013.1,1010.0,78,58,1.5,2,7.3,301,0.0
2018/02/17,1013.8,1016.2,1012.0,86,62,2.1,3,8.2,340,0.0
2018/02/18,1015.1,1017.7,1012.0,80,43,1.8,1,8.4,8,0.0
2018/02/19,1013.5,1016.3,1010.8,70,40,1.5,2,7.3,309,0.0
2018/02/20,1012.0,1014.5,1010.0,80,54,1.8,8,7.2,302,0.0
2018/02/21,1011.6,1013.3,1009.1,82,56,2.2,2,8.3,1,4.0
2018/02/22,1014.3,1017.3,1012.6,93,73,2.2,1,10.4,1,6.5
2018/02/23,1016.2,1018.2,1014.1,85,56,1.7,17,6.5,313,0.0
2018/02/24,1016.4,1019.5,1014.0,87,53,1.7,1,6.9,2,0.0
2018/02/25,1014.7,1016.2,1012.6,84,60,2.1,1,9.8,1,0.0
2018/02/26,1015.7,1017.5,1013.7,80,55,2.1,5,7.4,353,0.0
2018/02/27,1014.6,1017.5,1011.8,82,56,1.8,9,7.9,321,0.0
2018/02/28,1011.1,1013.2,1009.7,83,54,1.5,9,7.3,354,0.0
2018/03/01,1009.9,1011.5,1008.0,82,42,1.6,7,7.0,306,0.0
2018/03/02,1009.7,1011.7,1007.5,80,54,1.5,3,7.1,318,0.0
2018/03/03,1009.0,1010.7,1007.2,82,61,1.1,3,6.1,299,0.0
2018/03/04,1009.9,1011.2,1008.6,87,65,1.4,124,7.9,229,0.0
2018/03/05,1010.2,1012.1,1008.8,87,66,1.9,149,10.4,335,0.0
2018/03/06,1014.2,1016.3,1012.0,81,61,1.9,6,7.4,355,0.0
2018/03/07,1013.6,1016.0,1010.5,81,59,1.9,6,8.7,5,0.0
2018/03/08,1014.3,1018.1,1011.5,88,67,3.1,7,11.6,11,2.0
2018/03/09,1017.6,1019.3,1015.6,65,46,2.0,14,9.1,3,1.0
2018/03/10,1018.5,1020.1,1016.6,65,38,1.5,9,6.8,306,0.0
2018/03/11,1018.6,1020.5,1017.1,74,41,1.4,295,7.2,339,0.0
2018/03/12,1016.6,1018.5,1014.0,74,37,1.5,344,6.6,325,0.0
2018/03/13,1014.7,1016.7,1012.8,66,33,1.5,56,7.2,312,0.0
2018/03/14,1013.1,1015.1,1011.0,54,31,1.1,2,6.5,311,0.0
2018/03/15,1011.4,1013.2,1009.2,73,48,1.5,55,7.5,350,27.0
2018/03/16,1012.0,1014.6,1008.1,85,59,1.8,1,9.2,325,0.0
2018/03/17,1014.7,1016.2,1012.6,81,57,1.9,5,7.5,309,0.0
2018/03/18,1013.6,1015.5,1011.5,82,52,1.8,23,6.4,302,0.0
2018/03/19,1009.7,1013.0,1006.5,79,50,1.3,39,7.9,234,0.5
2018/03/20,1008.6,1011.7,1007.0,87,60,1.9,360,10.1,32,4.0
2018/03/21,1012.2,1014.2,1010.1,67,46,3.3,14,12.2,353,0.0
2018/03/22,1013.3,1014.8,1011.2,53,36,1.9,3,6.4,343,0.0
2018/03/23,1015.7,1017.5,1014.1,55,27,1.6,7,8.1,343,0.0
2018/03/24,1017.0,1019.1,1014.5,51,23,1.4,3,7.0,301,0.0
2018/03/25,1016.9,1018.8,1015.0,58,33,1.3,6,6.4,302,0.0
2018/03/26,1015.0,1017.3,1012.2,66,26,1.4,6,8.9,348,0.0
2018/03/27,1012.8,1014.7,1010.6,76,46,2.0,29,10.3,302,0.0
2018/03/28,1011.4,1013.0,1008.5,80,42,1.7,5,7.6,349,0.0
2018/03/29,1011.3,1012.8,1009.8,78,48,1.8,5,8.3,302,0.0
2018/03/30,1011.5,1013.3,1010.0,72,46,1.4,113,7.4,314,0.0
2018/03/31,1010.7,1012.3,1008.8,71,48,1.7,148,8.1,242,0.0
2018/04/01,1010.7,1012.6,1009.0,69,42,1.3,33,6.5,292,0.0
2018/04/02,1011.1,1012.5,1009.5,67,46,1.4,287,7.3,303,0.0
2018/04/03,1011.6,1013.2,1010.3,66,48,1.3,2,6.7,344,0.0
2018/04/04,1010.5,1012.2,1008.5,73,48,1.7,6,8.5,316,0.0
2018/04/05,1009.7,1011.2,1008.0,69,46,1.4,242,7.3,228,0.0
2018/04/06,1011.2,1016.3,1008.0,68,50,2.6,8,12.5,5,0.0
2018/04/07,1018.1,1020.0,1015.5,48,38,2.6,6,12.0,360,0.0
2018/04/08,1017.3,1019.3,1015.5,46,31,1.5,7,7.1,316,0.0
2018/04/09,1015.7,1017.8,1013.6,53,36,1.5,47,6.0,292,0.0
2018/04/10,1012.7,1015.0,1010.6,52,30,1.2,245,5.8,237,0.0
2018/04/11,1009.9,1012.0,1007.6,73,53,1.4,258,7.5,220,0.0
2018/04/12,1009.4,1011.1,1007.1,85,56,1.4,170,7.1,241,0.5
2018/04/13,1010.2,1011.6,1008.1,88,64,1.9,223,8.9,230,0.0
2018/04/14,1009.0,1011.0,1007.0,86,61,1.8,168,8.8,225,0.0
2018/04/15,1009.5,1012.1,1007.5,85,55,2.2,341,9.1,291,0.0
2018/04/16,1012.0,1014.1,1010.0,72,52,2.2,6,7.1,316,1.0
2018/04/17,1013.3,1015.5,1011.0,77,53,2.5,6,8.6,338,0.0
2018/04/18,1012.6,1014.5,1010.6,70,44,1.6,307,8.1,302,0.0
2018/04/19,1011.9,1013.3,1010.5,68,52,1.4,300,7.9,299,0.0
2018/04/20,1011.8,1013.0,1010.2,65,49,1.3,7,7.0,330,0.0
2018/04/21,1010.9,1012.3,1009.1,74,48,1.5,9,6.4,289,0.0
2018/04/22,1009.1,1011.0,1007.2,68,47,1.3,18,6.4,232,0.0
2018/04/23,1006.8,1008.1,1004.5,74,55,1.8,192,10.1,163,0.0
2018/04/24,1007.0,1008.5,1005.5,90,69,1.6,222,5.9,241,0.0
2018/04/25,1008.8,1010.5,1007.1,82,63,1.4,2,4.7,224,0.0
2018/04/26,1010.5,1012.8,1008.2,66,49,1.3,242,7.2,237,0.0
2018/04/27,1012.3,1014.0,1010.6,68,47,1.5,356,9.0,307,0.0
2018/04/28,1012.1,1013.7,1009.8,75,50,1.4,290,6.9,281,0.0
2018/04/29,1010.9,1012.5,1008.6,75,50,1.6,299,6.4,283,0.0
2018/04/30,1011.0,1012.5,1009.6,72,52,1.3,245,6.5,222,0.0
2018/05/01,1010.5,1012.2,1009.1,83,61,1.8,230,8.1,206,0.0
2018/05/02,1010.0,1012.0,1008.3,77,54,1.9,236,7.9,231,0.0
2018/05/03,1011.6,1013.7,1010.0,73,50,1.9,7,8.7,293,0.0
2018/05/04,1013.4,1015.3,1012.0,66,52,1.7,302,7.1,298,0.0
2018/05/05,1013.5,1015.2,1011.6,68,43,1.3,9,6.3,224,0.0
2018/05/06,1010.0,1013.0,1007.6,76,50,1.8,218,9.3,233,0.0
2018/05/07,1007.2,1009.0,1005.0,76,47,1.6,169,8.4,226,0.0
2018/05/08,1007.0,1009.2,1004.6,87,67,1.3,223,10.6,311,61.5
2018/05/09,1011.1,1013.7,1007.7,93,75,1.2,1,6.7,114,58.5
2018/05/10,1012.4,1014.0,1010.6,77,53,1.5,242,5.2,204,0.0
2018/05/11,1011.4,1013.2,1009.5,74,44,1.6,295,7.1,305,0.0
2018/05/12,1009.6,1011.2,1007.5,77,58,1.4,291,6.6,316,0.0
2018/05/13,1009.0,1010.1,1007.5,73,56,1.5,134,6.1,282,0.0
2018/05/14,1008.5,1010.2,1006.5,74,52,1.4,234,7.4,241,0.0
2018/05/15,1007.8,1009.1,1006.6,81,53,1.8,223,9.1,234,0.0
2018/05/16,1006.9,1008.5,1005.5,87,67,1.8,204,10.6,220,0.0
2018/05/17,1006.4,1008.0,1005.0,86,62,1.9,162,7.2,232,0.0
2018/05/18,1005.8,1007.5,1004.5,77,56,1.5,237,7.2,239,0.0
2018/05/19,1006.1,1007.6,1004.5,75,57,1.5,221,7.2,239,0.0
2018/05/20,1006.8,1008.5,1004.7,74,55,1.4,6,6.7,302,0.0
2018/05/21,1007.6,1009.1,1006.1,68,53,1.6,19,7.8,305,0.0
2018/05/22,1008.0,1010.0,1005.8,65,42,1.5,311,7.4,225,0.0
2018/05/23,1007.7,1008.8,1006.1,71,50,1.7,14,29.3,343,0.0
2018/05/24,1007.5,1009.5,1006.1,71,47,1.5,15,6.7,311,0.0
2018/05/25,1006.2,1008.2,1004.0,70,48,1.9,210,8.8,244,0.0
2018/05/26,1006.4,1008.5,1005.0,73,46,1.5,161,7.4,260,0.0
2018/05/27,1007.0,1008.5,1004.7,82,58,1.6,249,7.3,236,0.0
2018/05/28,1006.9,1008.3,1005.4,82,67,1.7,241,7.1,231,0.0
2018/05/29,1008.0,1009.8,1005.9,83,61,1.6,240,7.4,238,9.5
2018/05/30,1008.3,1009.8,1006.1,78,57,2.1,237,8.9,240,0.0
2018/05/31,1007.8,1009.2,1006.1,78,50,1.8,170,7.5,234,0.0
2018/06/01,1007.5,1009.4,1005.7,78,55,1.9,37,10.1,310,0.0
2018/06/02,1007.7,1009.0,1005.9,74,52,1.8,21,7.7,315,0.0
2018/06/03,1006.2,1008.2,1003.5,70,44,1.8,16,9.0,316,0.0
2018/06/04,1006.4,1008.2,1004.6,71,50,1.6,12,6.9,114,0.0
2018/06/05,1006.8,1008.3,1005.1,68,44,1.7,135,7.9,245,0.0
2018/06/06,1006.1,1007.5,1004.2,78,46,1.4,61,6.7,240,24.0
2018/06/07,1004.6,1006.1,1002.3,79,61,1.6,12,8.3,314,0.0
2018/06/08,1001.0,1004.0,998.7,75,57,1.5,2,7.9,246,0.0
2018/06/09,998.3,999.5,995.9,81,58,1.5,256,6.9,320,0.0
2018/06/10,997.7,998.9,995.9,73,56,1.7,236,8.5,235,9.5
2018/06/11,998.6,1001.7,996.3,89,67,1.8,13,8.6,348,2.0
2018/06/12,1000.7,1002.5,999.4,70,53,1.5,243,8.4,229,0.0
2018/06/13,997.1,999.8,994.8,62,44,2.2,6,8.9,324,0.0
2018/06/14,993.5,996.0,991.5,90,60,2.0,127,12.3,71,102.5
2018/06/15,995.2,1000.1,990.8,90,74,2.3,5,11.7,37,31.5
2018/06/16,1001.0,1002.9,998.8,89,67,1.6,48,8.7,177,37.0
2018/06/17,1002.2,1003.7,1001.0,94,74,1.9,133,10.1,152,44.0
2018/06/18,1002.4,1004.0,999.5,97,86,2.5,145,19.9,252,39.0
2018/06/19,1004.7,1007.0,1002.4,100,100,1.8,134,10.3,236,91.5
2018/06/20,1005.7,1007.4,1004.3,99,86,1.7,133,9.3,349,142.0
2018/06/21,1005.9,1007.0,1004.6,97,88,1.0,134,5.6,234,18.5
2018/06/22,1006.4,1007.6,1004.8,93,81,1.8,154,9.0,234,9.5
2018/06/23,1006.9,1008.0,1005.7,88,67,1.5,197,7.1,241,0.5
2018/06/24,1008.0,1009.5,1006.8,85,71,1.3,243,5.5,247,0.0
2018/06/25,1008.8,1010.2,1007.0,78,58,1.6,240,7.9,227,0.0
2018/06/26,1009.0,1009.8,1007.7,73,60,1.6,32,7.6,318,0.0
2018/06/27,1007.7,1009.2,1005.9,77,63,1.6,327,7.8,310,0.5
2018/06/28,1005.1,1007.5,1003.2,77,62,1.8,236,8.0,224,0.0
2018/06/29,1002.4,1004.0,1000.5,76,57,1.5,243,7.6,244,3.0
2018/06/30,1002.6,1004.0,1001.0,77,62,1.4,17,6.8,320,2.0
2018/07/01,1002.7,1004.2,1000.9,82,60,1.5,189,9.2,254,26.0
2018/07/02,1002.6,1003.9,1001.1,98,89,1.5,151,9.4,93,80.5
2018/07/03,1002.6,1003.6,1000.5,95,76,1.7,129,9.4,238,55.0
2018/07/04,1002.3,1003.8,1000.6,94,79,1.3,139,6.3,238,42.5
2018/07/05,1002.2,1003.9,1001.1,90,71,1.3,146,6.6,182,36.5
2018/07/06,1002.2,1004.0,1000.8,84,62,1.5,136,8.5,340,21.0
2018/07/07,1002.9,1004.5,1001.5,77,61,1.8,158,8.4,248,0.0
2018/07/08,1003.8,1005.5,1002.4,74,52,1.3,138,7.4,63,6.0
2018/07/09,1004.2,1006.1,1002.1,73,51,1.8,328,10.5,342,0.0
2018/07/10,1000.9,1004.4,998.1,77,52,2.1,316,10.9,350,0.0
2018/07/11,999.7,1003.6,996.4,77,63,2.0,228,9.9,243,0.0
2018/07/12,1003.8,1005.7,1002.4,83,62,1.1,4,9.4,181,58.5
2018/07/13,1004.3,1005.2,1002.8,81,54,1.6,20,8.3,324,1.0
2018/07/14,1003.9,1004.8,1002.0,80,61,1.3,138,9.4,121,16.5
2018/07/15,1003.5,1004.8,1002.3,83,61,1.3,3,7.1,322,0.0
2018/07/16,1001.2,1003.0,999.6,79,54,1.3,9,6.1,331,0.0
2018/07/17,1000.2,1001.5,998.3,75,51,1.4,267,6.7,246,0.0
2018/07/18,1002.0,1003.6,1000.5,73,53,1.6,259,6.9,317,0.0
2018/07/19,1003.5,1004.9,1001.8,77,57,1.6,268,6.8,176,14.5
2018/07/20,1001.7,1003.6,999.6,87,60,1.5,82,6.1,255,27.5
2018/07/21,998.6,1001.2,996.2,80,60,1.4,140,6.5,305,0.0
2018/07/22,999.4,1002.0,997.6,80,63,1.4,135,6.5,246,0.0
2018/07/23,1002.1,1004.3,1000.2,80,53,1.7,235,8.3,240,0.0
2018/07/24,1004.4,1005.7,1002.8,86,63,1.3,117,7.2,240,1.5
2018/07/25,1004.9,1005.9,1003.2,80,60,1.3,142,5.8,317,1.5
2018/07/26,1004.7,1006.0,1002.9,77,62,1.4,20,6.7,311,0.0
2018/07/27,1004.9,1007.0,1003.2,84,64,1.4,140,7.7,254,0.0
2018/07/28,1004.5,1006.4,1002.6,76,57,1.6,37,7.3,299,0.0
2018/07/29,1003.6,1005.7,1001.5,76,54,1.4,259,6.9,245,27.5
2018/07/30,1003.5,1004.8,1002.0,77,54,1.4,276,6.5,297,0.0
2018/07/31,1003.2,1004.7,1001.1,75,60,1.6,275,6.8,296,0.0
2018/08/01,1002.5,1004.1,1000.3,77,64,1.6,287,6.4,256,0.0
2018/08/02,1002.1,1004.2,1000.0,86,68,1.4,252,6.4,233,21.5
2018/08/03,1002.4,1003.6,1000.9,85,65,1.6,136,8.0,248,12.0
2018/08/04,1003.3,1005.0,1001.7,75,60,1.5,88,6.4,289,0.0
2018/08/05,1004.1,1005.3,1002.2,68,50,1.4,7,10.1,100,2.0
2018/08/06,1003.4,1005.0,1000.7,74,54,1.8,132,12.8,125,14.5
2018/08/07,1002.5,1003.8,1000.3,81,59,1.3,258,6.5,305,1.0
2018/08/08,1002.8,1004.6,1001.1,76,55,1.7,248,6.7,320,0.0
2018/08/09,1003.2,1004.5,1001.3,73,48,1.4,131,6.9,148,1.0
2018/08/10,1001.9,1003.9,999.6,78,58,1.6,135,9.0,125,11.0
2018/08/11,998.8,1001.4,996.3,79,59,1.3,90,6.4,231,0.0
2018/08/12,995.4,997.7,992.6,73,50,1.5,317,6.9,324,0.5
2018/08/13,997.3,999.0,995.4,93,83,1.8,140,7.8,247,48.0
2018/08/14,998.2,1000.1,996.9,90,66,1.8,146,10.3,253,37.0
2018/08/15,1000.3,1001.1,1000.4,100,97,1.5,138,5.6,150,73.5
2018/08/16,999.5,1001.4,997.7,87,61,2.0,91,7.4,337,24.5
2018/08/17,998.7,1000.2,996.9,85,63,1.6,216,6.7,242,17.0
2018/08/18,1000.4,1002.0,999.2,89,77,1.8,151,9.7,241,0.5
2018/08/19,1001.9,1003.1,1000.7,89,68,1.6,97,7.7,188,1.0
2018/08/20,1000.9,1002.1,999.4,88,67,1.6,94,7.0,241,1.0
2018/08/21,998.4,1000.2,996.5,90,63,1.9,118,8.7,140,25.0
2018/08/22,996.2,998.1,994.3,93,76,2.5,87,10.2,154,19.5
2018/08/23,995.1,998.6,992.6,99,89,3.9,73,22.9,250,380.0
2018/08/24,997.9,999.1,996.4,100,100,2.3,109,15.0,256,256.5
2018/08/25,996.8,997.8,994.9,98,83,2.2,136,8.1,175,38.5
2018/08/26,998.3,1000.8,996.3,93,72,2.8,148,9.3,174,20.5
2018/08/27,1002.2,1004.8,998.9,99,92,2.9,149,9.8,155,119.5
2018/08/28,1005.2,1006.4,1001.8,100,98,3.4,137,11.3,175,116.5
2018/08/29,1005.8,1008.1,1004.1,100,98,3.6,142,12.9,158,77.0
2018/08/30,1008.2,1010.2,1005.9,96,83,2.3,123,9.2,161,8.0
2018/08/31,1009.7,1010.9,1008.6,88,63,1.3,72,5.5,175,0.5
2018/09/01,1008.1,1010.3,1005.9,84,63,1.3,4,5.8,299,0.0
2018/09/02,1005.5,1007.8,1003.5,80,61,1.6,259,7.4,243,0.0
2018/09/03,1004.1,1005.4,1002.4,79,57,1.9,105,7.4,255,0.0
2018/09/04,1003.1,1004.2,1001.0,87,71,2.3,241,7.9,267,12.5
2018/09/05,1003.2,1004.7,1000.9,85,69,1.7,273,6.2,249,0.0
2018/09/06,1003.6,1005.1,1001.9,88,73,1.6,20,6.5,284,2.0
2018/09/07,1004.3,1006.1,1002.0,83,62,1.6,97,8.0,292,11.5
2018/09/08,1005.5,1006.9,1003.8,85,58,1.8,63,8.3,304,4.5
2018/09/09,1006.1,1007.9,1004.3,83,63,2.7,348,10.7,349,0.0
2018/09/10,1005.5,1007.4,1003.6,82,63,2.3,331,6.9,338,0.5
2018/09/11,1005.7,1007.5,1003.9,86,64,1.8,285,6.1,299,0.0
2018/09/12,1006.7,1008.0,1004.9,87,61,2.0,309,8.6,303,0.0
2018/09/13,1006.5,1008.0,1005.0,87,65,1.8,340,7.3,308,0.0
2018/09/14,1004.1,1006.4,1001.2,81,57,2.1,317,8.1,296,0.0
2018/09/15,998.2,1001.4,995.5,85,71,1.4,98,5.2,342,1.0
2018/09/16,1003.7,1009.1,998.1,75,50,2.2,126,11.3,144,0.5
2018/09/17,1010.1,1013.2,1008.4,82,61,1.9,3,7.5,281,1.5
2018/09/18,1011.1,1012.9,1008.6,83,60,2.8,1,11.1,338,0.0
2018/09/19,1009.5,1011.0,1007.6,79,58,1.6,244,7.1,234,0.0
2018/09/20,1008.3,1009.7,1006.5,68,53,1.6,281,6.9,287,0.0
2018/09/21,1009.3,1011.7,1007.5,67,50,1.9,295,7.2,302,0.0
2018/09/22,1011.0,1012.6,1009.2,68,49,2.7,29,10.1,341,0.0
2018/09/23,1010.0,1012.1,1007.4,78,61,2.2,39,9.3,345,9.5
2018/09/24,1005.9,1009.4,1003.4,77,57,3.1,8,11.3,338,0.0
2018/09/25,1003.7,1005.0,1001.5,71,52,2.1,22,8.3,231,0.5
2018/09/26,1003.6,1005.0,1001.3,73,52,3.3,359,11.5,337,0.0
2018/09/27,1003.7,1005.2,1001.7,72,51,3.6,359,11.3,332,0.0
2018/09/28,1003.2,1004.7,1000.8,75,58,4.1,358,12.9,341,0.0
2018/09/29,1002.4,1005.1,1000.2,55,45,4.9,356,15.2,2,0.0
2018/09/30,1006.5,1009.2,1004.2,55,41,2.6,314,8.8,324,0.0
2018/10/01,1009.6,1011.2,1008.3,60,42,1.8,246,7.4,290,0.0
2018/10/02,1010.5,1012.1,1008.6,64,42,2.5,18,8.8,333,0.0
2018/10/03,1009.9,1012.0,1007.6,59,42,2.7,354,10.0,339,0.0
2018/10/04,1007.0,1009.8,1004.6,65,45,4.6,3,15.6,342,0.0
2018/10/05,1006.8,1009.7,1004.8,58,44,3.6,355,11.0,335,0.0
2018/10/06,1010.1,1011.7,1008.7,66,50,2.2,306,7.4,303,0.0
2018/10/07,1010.7,1012.4,1008.7,77,56,2.3,360,8.1,301,0.0
2018/10/08,1010.3,1012.0,1008.1,78,57,2.0,2,6.7,309,0.0
2018/10/09,1009.8,1011.0,1007.7,76,53,1.7,313,7.5,252,0.0
2018/10/10,1010.3,1012.0,1008.4,75,48,2.0,255,7.9,2,0.0
2018/10/11,1012.2,1013.9,1010.0,73,52,3.2,351,9.0,343,0.0
2018/10/12,1014.0,1015.6,1012.5,80,73,2.7,4,6.7,6,0.0
2018/10/13,1013.4,1015.2,1011.6,77,55,2.4,359,7.5,324,0.0
2018/10/14,1011.8,1013.4,1010.1,74,55,1.8,6,7.1,292,0.0
2018/10/15,1011.0,1012.5,1009.1,84,53,2.3,323,7.5,300,0.0
2018/10/16,1009.7,1011.6,1007.0,84,62,2.9,6,9.7,293,0.0
2018/10/17,1008.8,1010.5,1006.7,81,52,2.9,350,11.0,328,0.0
2018/10/18,1010.7,1012.4,1008.9,74,55,1.9,353,7.1,1,0.0
2018/10/19,1013.8,1016.0,1011.8,74,60,2.2,2,7.1,319,0.0
2018/10/20,1015.2,1017.5,1012.9,73,50,2.1,355,6.7,304,0.0
2018/10/21,1014.1,1016.3,1012.2,73,52,2.0,310,6.7,235,0.0
2018/10/22,1012.8,1014.7,1010.5,76,43,1.8,356,7.6,343,0.0
2018/10/23,1013.2,1014.9,1011.3,79,53,2.7,358,10.5,300,0.0
2018/10/24,1013.2,1014.9,1011.3,80,59,2.3,6,6.3,306,0.0
2018/10/25,1013.5,1015.2,1011.9,81,60,1.9,350,7.2,319,0.0
2018/10/26,1012.8,1014.8,1010.5,80,48,2.4,2,8.6,332,0.0
2018/10/27,1013.2,1014.8,1011.4,63,41,3.5,2,11.6,336,0.0
2018/10/28,1012.1,1014.8,1009.5,46,32,2.7,355,9.0,354,0.0
2018/10/29,1009.8,1011.4,1007.3,46,32,2.5,291,9.3,302,0.0
2018/10/30,1008.9,1010.5,1007.1,56,34,1.9,355,6.7,293,0.0
2018/10/31,1009.8,1011.5,1008.3,83,63,2.7,12,10.5,2,1.0
2018/11/01,1009.8,1011.4,1008.1,86,71,3.4,348,8.6,346,0.0
2018/11/02,1011.2,1013.3,1005.6,93,74,2.2,359,8.4,354,1.0
2018/11/03,1012.8,1014.2,1011.1,88,56,2.3,35,7.3,301,0.0
2018/11/04,1013.1,1015.2,1010.9,92,70,2.1,354,6.9,291,0.0
2018/11/05,1013.4,1015.2,1011.3,89,60,2.2,348,8.7,303,0.0
2018/11/06,1014.3,1015.9,1012.6,86,60,1.6,3,6.4,256,0.0
2018/11/07,1014.4,1016.6,1012.4,89,59,1.8,336,8.5,302,0.0
2018/11/08,1013.6,1015.1,1011.7,84,49,2.0,349,7.7,299,0.0
2018/11/09,1014.0,1015.5,1012.2,84,42,2.2,354,8.6,336,0.0
2018/11/10,1015.0,1016.9,1013.0,82,57,2.0,356,7.8,353,0.0
2018/11/11,1014.0,1016.2,1011.5,83,61,1.8,19,7.9,299,0.0
2018/11/12,1011.5,1014.0,1009.1,82,48,2.1,340,8.0,334,0.0
2018/11/13,1010.7,1012.4,1008.3,78,42,2.8,356,9.7,329,0.0
2018/11/14,1012.5,1014.5,1010.3,76,48,2.5,1,8.3,308,0.0
2018/11/15,1013.5,1015.5,1011.3,75,51,1.7,28,6.7,314,0.0
2018/11/16,1012.9,1014.8,1010.5,77,52,2.0,11,7.1,342,0.0
2018/11/17,1013.0,1014.7,1011.1,82,56,2.4,353,7.7,335,0.0
2018/11/18,1013.2,1014.9,1010.9,82,52,2.2,1,6.7,350,0.0
2018/11/19,1013.7,1015.5,1011.6,78,44,3.3,354,10.8,336,0.0
2018/11/20,1014.4,1016.3,1012.2,79,59,2.3,336,8.4,315,0.0
2018/11/21,1013.4,1014.9,1011.0,79,43,2.1,355,7.8,303,0.0
2018/11/22,1015.0,1016.9,1012.6,74,49,3.7,350,10.1,360,0.0
2018/11/23,1015.9,1018.0,1013.6,73,49,2.8,359,9.2,332,0.0
2018/11/24,1015.8,1017.1,1013.4,78,51,1.7,360,7.1,300,0.0
2018/11/25,1014.8,1016.3,1012.4,74,43,2.1,2,12.2,1,0.0
2018/11/26,1015.6,1017.6,1014.1,84,64,2.7,2,10.4,18,0.0
2018/11/27,1015.3,1016.8,1013.5,80,55,2.4,356,6.3,324,0.0
2018/11/28,1015.9,1017.4,1014.1,87,74,2.7,351,7.5,343,0.0
2018/11/29,1017.4,1019.3,1016.0,74,50,2.2,2,6.7,331,0.0
2018/11/30,1017.3,1019.2,1015.4,78,50,1.6,322,6.1,308,0.0
2018/12/01,1015.6,1017.7,1013.1,84,47,2.0,347,8.8,340,0.0
2018/12/02,1014.0,1015.5,1011.8,84,50,1.8,354,6.9,322,0.0
2018/12/03,1014.1,1016.1,1011.9,75,30,2.0,22,7.5,302,0.0
2018/12/04,1013.6,1015.9,1011.5,63,39,2.4,21,9.0,2,0.0
2018/12/05,1012.5,1014.5,1010.2,80,51,2.7,3,7.3,51,0.0
2018/12/06,1012.6,1014.2,1010.5,85,58,2.2,349,7.8,16,0.0
2018/12/07,1014.8,1017.1,1012.5,79,55,3.7,352,9.3,10,0.0
2018/12/08,1016.4,1018.0,1014.4,75,53,3.3,346,8.1,349,0.0
2018/12/09,1016.0,1017.9,1013.2,77,55,3.2,350,8.1,8,0.0
2018/12/10,1014.3,1016.4,1011.9,86,61,2.8,358,9.8,340,0.0
2018/12/11,1014.3,1016.1,1012.0,87,67,3.2,349,9.6,3,0.0
2018/12/12,1018.3,1020.2,1015.9,73,60,3.4,358,8.5,2,0.0
2018/12/13,1019.9,1021.5,1018.0,72,53,2.6,354,7.5,329,0.0
2018/12/14,1020.2,1021.9,1017.8,80,58,2.5,354,7.8,13,0.0
2018/12/15,1019.0,1021.0,1016.4,80,58,2.4,353,7.6,299,0.0
2018/12/16,1017.2,1019.6,1014.1,85,57,2.8,2,9.9,315,0.0
2018/12/17,1017.5,1019.5,1015.7,61,34,3.6,357,10.7,337,0.0
2018/12/18,1018.4,1020.1,1016.0,54,38,1.6,277,5.4,316,0.0
2018/12/19,1017.5,1020.1,1015.1,68,52,1.6,96,7.0,302,0.0
2018/12/20,1014.6,1017.2,1011.6,56,24,1.4,1,5.1,239,0.0
2018/12/21,1014.1,1015.9,1012.1,69,39,2.5,359,8.1,335,0.0
2018/12/22,1013.8,1015.8,1011.8,87,59,2.8,358,8.0,348,0.0
2018/12/23,1013.3,1014.8,1011.4,91,73,2.8,356,7.7,308,0.0
2018/12/24,1012.9,1015.2,1010.6,80,59,3.5,360,8.4,16,0.0
2018/12/25,1011.0,1012.8,1008.8,84,60,3.1,342,8.4,301,0.0
2018/12/26,1009.8,1011.6,1007.4,89,63,3.9,353,9.4,351,0.0
2018/12/27,1012.1,1014.8,1009.6,74,52,4.5,355,11.9,1,0.0
2018/12/28,1016.5,1018.9,1014.0,68,51,3.4,357,8.8,327,0.0
2018/12/29,1020.6,1022.8,1018.3,65,46,3.2,355,8.6,317,0.0
2018/12/30,1020.4,1022.1,1017.7,69,41,2.5,282,8.0,316,0.0
2018/12/31,1021.3,1023.1,1019.0,79,61,3.3,2,8.5,336,0.0
2019/01/01,1020.7,1023.0,1018.0,80,55,2.9,352,7.4,336,0.0
2019/01/02,1020.5,1022.5,1018.1,85,65,2.5,2,6.7,342,0.0
2019/01/03,1020.5,1022.9,1018.1,89,61,2.9,356,8.3,345,0.0
2019/01/04,1019.9,1022.1,1017.7,90,67,1.8,342,7.1,301,0.0
2019/01/05,1017.4,1019.2,1015.4,84,53,1.9,354,7.0,302,0.0
2019/01/06,1017.5,1019.1,1015.6,85,62,3.4,360,8.7,314,0.0
2019/01/07,1017.5,1019.4,1015.5,87,60,2.5,4,8.0,326,0.0
2019/01/08,1017.4,1019.2,1014.1,87,59,3.0,1,8.4,335,0.0
2019/01/09,1018.3,1020.4,1015.8,84,59,2.7,336,8.5,337,0.0
2019/01/10,1017.2,1019.1,1015.4,91,70,2.5,352,8.1,302,0.0
2019/01/11,1015.9,1017.7,1013.1,90,61,2.1,26,7.6,307,0.0
2019/01/12,1015.2,1016.5,1013.5,84,61,2.3,3,8.1,329,0.0
2019/01/13,1015.3,1017.3,1013.1,83,59,3.2,355,8.6,3,0.0
2019/01/14,1014.8,1016.7,1012.4,79,57,2.7,356,7.5,292,0.0
2019/01/15,1015.2,1017.0,1012.9,88,59,3.1,4,9.2,325,0.0
2019/01/16,1015.7,1017.1,1013.8,96,86,3.6,351,10.6,352,0.0
2019/01/17,1017.5,1019.4,1015.4,86,64,3.9,350,11.5,7,0.0
2019/01/18,1018.6,1020.7,1016.0,81,52,2.3,352,7.6,315,0.0
2019/01/19,1017.3,1019.3,1015.1,76,48,2.2,357,7.0,334,0.0
2019/01/20,1016.0,1017.9,1014.0,82,54,2.4,1,9.4,340,0.0
2019/01/21,1017.0,1019.0,1015.2,89,68,3.9,2,10.2,339,0.5
2019/01/22,1017.5,1019.0,1015.4,74,53,3.9,346,11.6,345,0.0
2019/01/23,1016.9,1018.7,1015.1,67,40,2.5,356,6.8,332,0.0
2019/01/24,1017.0,1018.5,1015.0,75,37,2.4,351,7.7,312,0.0
2019/01/25,1017.8,1019.4,1015.3,81,38,2.5,1,8.2,313,0.0
2019/01/26,1019.3,1020.7,1017.4,71,44,3.4,354,10.1,340,0.0
2019/01/27,1020.3,1022.8,1018.3,60,42,2.5,3,7.0,9,0.0
2019/01/28,1018.7,1020.9,1016.5,74,42,2.0,351,5.3,299,0.0
2019/01/29,1018.7,1020.4,1016.6,80,28,2.3,355,7.6,292,0.0
2019/01/30,1018.2,1021.3,1015.7,74,32,1.8,306,7.7,315,0.0
2019/01/31,1016.0,1018.0,1013.8,55,37,2.5,83,8.3,317,0.0
2019/02/01,1018.4,1020.8,1016.6,67,49,3.1,351,8.9,2,0.0
2019/02/02,1016.3,1018.8,1013.6,72,48,2.0,2,6.6,276,0.0
2019/02/03,1015.1,1016.5,1013.8,80,44,1.8,5,9.3,181,0.0
2019/02/04,1015.5,1017.3,1013.8,86,60,2.5,4,8.5,2,0.0
2019/02/05,1014.3,1016.7,1011.4,81,49,2.5,350,7.2,4,0.0
2019/02/06,1012.4,1014.6,1010.3,82,56,1.9,4,6.3,288,0.0
2019/02/07,1012.8,1015.4,1010.0,75,21,2.0,11,7.1,10,0.0
2019/02/08,1013.8,1015.4,1011.4,79,44,3.3,5,8.5,313,0.0
2019/02/09,1015.9,1018.5,1013.8,69,45,2.8,330,8.8,351,0.0
2019/02/10,1018.8,1021.1,1016.9,75,44,3.0,356,8.4,323,0.0
2019/02/11,1020.7,1021.9,1019.1,73,48,3.7,357,10.3,350,0.0
2019/02/12,1020.6,1022.3,1018.6,79,53,2.9,358,9.1,313,0.0
2019/02/13,1018.6,1020.8,1015.6,78,45,2.9,2,9.2,318,0.0
2019/02/14,1018.1,1019.8,1016.0,78,48,3.2,354,8.9,330,0.0
2019/02/15,1017.4,1019.7,1014.9,78,49,2.2,4,7.4,290,0.0
2019/02/16,1015.9,1018.3,1013.8,80,47,2.2,4,8.6,349,0.0
2019/02/17,1015.6,1017.3,1013.2,79,54,3.5,339,10.7,329,0.0
2019/02/18,1013.6,1015.9,1010.4,74,49,2.5,352,8.2,170,0.0
2019/02/19,1015.5,1017.8,1013.6,78,40,1.8,167,6.6,251,0.0
2019/02/20,1017.1,1019.2,1015.4,85,57,2.1,227,9.0,247,0.0
2019/02/21,1015.4,1017.8,1013.3,86,56,2.0,11,8.5,343,0.0
2019/02/22,1014.2,1015.8,1012.0,85,60,3.5,348,11.6,324,0.0
2019/02/23,1013.8,1015.5,1010.7,71,53,3.2,355,9.8,345,0.0
2019/02/24,1013.0,1014.8,1011.5,84,69,3.0,6,9.1,1,0.5
2019/02/25,1014.0,1016.1,1011.7,82,52,3.3,358,10.1,3,0.5
2019/02/26,1014.8,1016.8,1013.0,81,53,2.4,334,8.2,302,0.0
2019/02/27,1013.2,1015.5,1010.2,80,55,2.7,9,8.8,336,0.0
2019/02/28,1012.6,1014.5,1010.4,76,53,2.9,351,9.3,304,0.0
2019/03/01,1014.0,1015.6,1012.6,84,61,3.3,1,8.9,142,0.0
2019/03/02,1010.8,1014.1,1008.5,83,54,1.9,235,6.8,245,0.0
2019/03/03,1008.6,1010.8,1006.4,73,44,2.4,11,13.9,337,3.5
2019/03/04,1012.0,1013.7,1009.6,74,44,2.7,2,7.9,312,0.0
2019/03/05,1010.8,1013.2,1007.7,76,46,2.1,3,9.3,25,0.5
2019/03/06,1011.3,1014.6,1008.9,83,53,3.3,355,11.0,286,8.0
2019/03/07,1013.7,1015.8,1011.5,98,94,3.2,355,8.5,353,5.0
2019/03/08,1014.1,1017.0,1012.1,95,70,2.6,7,8.2,344,6.5
2019/03/09,1009.6,1013.1,1006.7,95,64,1.8,20,10.1,319,10.5
2019/03/10,1010.2,1012.5,1008.2,88,59,2.4,14,12.9,303,8.5
2019/03/11,1011.3,1013.2,1009.5,85,57,2.1,28,6.7,336,8.5
2019/03/12,1013.3,1015.4,1011.5,65,42,1.4,14,6.5,254,0.0
2019/03/13,1015.7,1017.2,1014.2,72,51,1.8,1,7.6,315,0.5
2019/03/14,1016.1,1018.0,1013.4,75,51,2.6,321,8.6,348,0.0
2019/03/15,1016.8,1018.4,1014.7,72,54,3.4,355,11.3,351,1.0
2019/03/16,1016.1,1017.8,1008.9,65,39,1.7,116,7.7,239,0.0
2019/03/17,X,1018.2,1013.8,73,48,2.1,10,7.2,319,0.0
2019/03/18,X,1016.4,1011.5,82,48,2.1,4,6.5,332,0.0
2019/03/19,X,1014.4,1010.3,79,44,2.0,358,7.9,296,0.0
2019/03/20,1010.0,1011.0,1008.3,80,61,1.8,191,9.5,181,0.0
2019/03/21,1009.4,1010.8,1007.2,83,57,1.6,113,7.2,245,0.0
2019/03/22,1010.5,1012.7,1008.6,79,46,2.5,352,9.7,293,0.0
2019/03/23,1013.9,1015.7,1011.5,87,74,3.5,357,9.0,1,15.5
2019/03/24,1014.8,1016.4,1013.4,93,77,1.7,56,5.5,349,1.0
2019/03/25,1013.4,1015.0,1011.6,84,58,2.0,6,7.2,334,0.0
2019/03/26,1015.5,1017.4,1013.8,80,50,2.8,7,7.8,338,0.0
2019/03/27,1014.3,1017.0,1011.8,74,46,2.0,4,6.7,246,0.0
2019/03/28,1009.6,1012.2,1006.7,83,59,2.0,238,7.5,240,0.0
2019/03/29,1007.9,1011.2,1006.0,82,59,2.1,241,11.2,360,0.0
2019/03/30,1010.5,1012.8,1008.5,78,54,2.6,304,10.3,11,0.5
2019/03/31,1013.7,1016.5,1011.8,72,48,2.6,323,9.6,305,0.0
2019/04/01,1016.0,1017.5,1014.2,74,63,3.5,352,8.5,327,0.0
2019/04/02,1014.8,1017.1,1012.1,76,47,2.3,6,7.5,292,0.0
2019/04/03,1013.7,1016.3,1011.0,82,51,3.9,354,11.3,1,0.0
2019/04/04,1012.7,1014.4,1010.2,84,60,2.8,2,9.5,300,0.0
2019/04/05,1010.2,1012.6,1007.9,84,54,2.6,1,9.3,335,0.0
2019/04/06,1010.4,1011.9,1008.5,76,58,1.5,324,7.1,282,0.0
2019/04/07,1009.9,1011.5,1008.3,75,54,1.7,138,7.8,317,0.0
2019/04/08,1009.8,1011.3,1008.5,77,56,1.7,239,7.8,242,0.0
2019/04/09,1008.8,1010.5,1006.8,79,56,1.9,192,10.5,172,0.0
2019/04/10,1008.6,1010.1,1006.4,84,67,1.7,249,8.0,286,0.0
2019/04/11,1008.1,1010.1,1006.4,79,56,2.3,2,8.2,351,0.0
2019/04/12,1011.0,1013.9,1009.0,72,54,3.1,308,9.6,332,0.0
2019/04/13,1011.5,1013.5,1009.8,73,43,2.4,264,8.8,301,0.0
2019/04/14,1010.5,1011.8,1008.7,77,50,3.0,298,9.6,309,0.0
2019/04/15,1010.5,1012.2,1008.7,76,51,2.4,348,6.2,13,0.0
2019/04/16,1009.5,1011.6,1007.4,92,86,2.2,359,6.9,339,8.0
2019/04/17,1008.6,1010.2,1006.9,75,57,2.6,1,9.0,293,0.0
2019/04/18,1008.4,1010.2,1007.0,67,46,1.6,4,7.1,286,0.0
2019/04/19,1007.2,1009.2,1004.1,80,48,2.2,36,16.2,266,75.5
2019/04/20,1006.0,1007.8,1003.8,68,37,1.6,248,5.7,278,0.0
2019/04/21,1006.7,1008.4,1004.6,79,55,1.6,45,6.3,193,16.0
2019/04/22,1007.2,1009.7,1005.3,83,64,2.0,94,7.7,249,0.0
2019/04/23,1007.7,1009.4,1004.5,80,64,1.9,278,6.7,284,0.0
2019/04/24,1007.5,1009.7,1006.0,76,61,1.8,181,7.6,284,0.0
2019/04/25,1007.2,1008.7,1005.4,69,53,1.6,172,7.5,293,0.0
2019/04/26,1008.4,1010.9,1006.2,69,48,2.2,137,6.8,283,0.0
2019/04/27,1009.8,1011.5,1007.7,80,59,2.2,289,8.1,336,0.0
2019/04/28,1010.1,1012.0,1008.4,80,55,1.9,310,7.1,291,0.0
2019/04/29,1008.2,1010.3,1005.6,73,43,1.7,53,7.3,253,0.0
2019/04/30,1005.8,1007.4,1003.5,75,53,2.3,170,8.7,229,0.0
2019/05/01,1005.7,1008.0,1004.1,79,62,2.5,357,8.4,349,28.0
2019/05/02,1008.4,1010.6,1005.8,80,59,2.0,353,8.4,352,17.0
2019/05/03,1010.2,1011.8,1008.0,93,83,1.6,349,6.0,339,1.0
2019/05/04,1010.3,1011.6,1008.9,83,66,1.3,245,5.9,238,3.0
2019/05/05,1007.7,1010.4,1005.1,83,59,1.5,112,5.0,299,1.5
2019/05/06,1005.8,1007.3,1004.3,96,91,2.0,351,6.4,342,14.5
2019/05/07,1006.4,1008.5,1004.5,92,84,2.3,15,7.4,337,0.5
2019/05/08,1006.3,1007.9,1004.1,89,76,2.1,3,6.6,335,0.0
2019/05/09,1005.0,1006.7,1003.0,85,58,2.0,358,6.2,278,0.0
2019/05/10,1006.0,1007.7,1004.8,81,65,2.5,3,8.1,339,3.5
2019/05/11,1007.8,1009.7,1005.5,83,57,2.3,1,9.3,337,0.0
2019/05/12,1008.0,1009.3,1006.3,79,52,2.0,2,7.4,289,0.0
2019/05/13,1007.4,1009.1,1005.6,69,48,1.7,290,7.6,323,0.0
2019/05/14,1006.9,1008.3,1005.2,67,51,1.7,256,6.6,251,0.0
2019/05/15,1007.0,1008.5,1005.4,78,55,1.6,15,7.2,257,0.0
2019/05/16,1005.6,1007.5,1003.4,83,63,1.6,247,7.0,278,0.0
2019/05/17,1004.2,1005.8,1002.6,79,67,1.9,236,8.6,242,0.0
2019/05/18,1004.0,1006.1,1002.3,90,78,2.5,235,10.4,256,25.5
2019/05/19,1005.8,1007.1,1004.3,86,70,1.9,239,8.4,246,3.0
2019/05/20,1005.3,1006.9,1003.8,92,83,2.3,113,13.5,3,60.0
2019/05/21,1006.5,1008.3,1005.1,74,59,1.4,346,5.3,274,0.0
2019/05/22,1007.0,1008.2,1005.7,70,47,1.9,12,7.2,249,0.0
2019/05/23,1008.2,1009.7,1006.6,79,64,2.2,354,6.7,85,0.0
2019/05/24,1008.9,1010.0,1007.5,76,58,2.0,3,7.5,292,0.0
2019/05/25,1007.9,1009.1,1006.3,77,59,1.9,7,6.7,333,0.0
2019/05/26,1006.8,1008.3,1004.9,70,45,1.3,245,5.7,307,0.0
2019/05/27,1006.6,1008.0,1005.0,77,66,1.4,94,9.9,296,1.5
2019/05/28,1006.7,1008.2,1004.8,85,69,2.0,348,7.5,341,0.0
2019/05/29,1006.9,1008.6,1005.2,76,59,2.5,343,7.1,332,0.0
2019/05/30,1007.2,1008.3,1005.4,70,56,2.0,17,7.7,350,0.0
2019/05/31,1006.3,1007.5,1004.5,71,53,1.7,95,7.7,236,0.0
2019/06/01,1005.8,1007.1,1003.2,80,57,1.7,200,7.8,246,14.0
2019/06/02,1005.6,1007.1,1003.8,74,51,1.8,118,6.6,256,4.0
2019/06/03,1006.0,1007.1,1004.8,66,38,1.7,143,6.4,237,0.0
2019/06/04,1007.0,1009.0,1005.3,82,66,1.7,114,9.9,182,25.0
2019/06/05,1007.9,1009.6,1006.5,67,51,1.6,232,6.1,244,0.0
2019/06/06,1008.4,1009.5,1006.9,74,51,2.4,158,10.3,232,0.0
2019/06/07,1008.2,1009.4,1006.5,78,59,2.3,157,8.4,220,0.0
2019/06/08,1006.4,1007.8,1004.7,76,56,1.8,255,7.2,253,0.0
2019/06/09,1004.5,1006.2,1002.8,73,52,1.8,124,7.5,244,6.5
2019/06/10,1002.7,1003.9,1001.6,82,51,2.3,93,15.8,233,14.5
2019/06/11,1002.8,1004.4,1001.3,91,83,2.3,87,12.4,309,92.0
2019/06/12,1003.7,1005.2,1002.3,90,77,1.9,1,7.2,123,32.5
2019/06/13,1001.4,1003.4,999.5,87,61,1.8,121,14.0,232,55.0
2019/06/14,999.1,1001.1,997.5,90,78,2.0,1,13.6,233,28.5
2019/06/15,1002.2,1004.4,1000.1,75,52,2.1,351,7.9,282,0.0
2019/06/16,1004.6,1007.2,1002.6,73,51,1.5,31,6.5,226,0.0
2019/06/17,1006.9,1009.1,1005.6,74,55,2.1,163,10.0,241,0.0
2019/06/18,1007.2,1008.1,1006.3,67,46,1.9,150,7.3,243,0.0
2019/06/19,1006.1,1007.5,1004.1,68,52,1.9,129,6.9,256,0.0
2019/06/20,1005.0,1006.3,1003.8,74,56,1.7,242,7.8,254,0.0
2019/06/21,1004.2,1005.3,1003.1,74,56,2.0,266,7.2,279,0.0
2019/06/22,1003.1,1004.4,1001.6,71,48,1.8,168,6.0,300,0.0
2019/06/23,1003.5,1005.2,1001.7,82,59,1.9,123,8.5,245,12.5
2019/06/24,1005.3,1007.0,1003.6,83,62,1.3,48,10.0,332,19.0
2019/06/25,1005.4,1008.1,1004.3,80,43,1.6,144,13.0,244,5.0
2019/06/26,1002.5,1004.6,1000.3,88,72,2.2,123,10.2,169,5.0
2019/06/27,1000.7,1001.9,999.3,87,60,2.2,139,9.6,231,0.0
2019/06/28,1000.9,1001.9,999.2,80,58,2.1,155,8.3,239,0.0
2019/06/29,1000.5,1001.7,999.1,81,60,2.2,144,7.6,251,0.0
2019/06/30,1000.6,1002.2,999.0,74,51,2.4,163,11.9,193,0.0
2019/07/01,999.5,1001.8,997.1,71,55,3.0,331,11.9,319,0.0
2019/07/02,1001.4,1004.9,998.3,87,68,3.0,150,12.7,154,18.0
2019/07/03,1006.4,1008.7,1003.4,94,82,2.6,109,11.3,186,115.0
2019/07/04,1006.9,1008.4,1004.9,82,55,2.3,115,10.5,173,13.5
2019/07/05,1004.3,1006.3,1002.0,80,62,2.0,120,9.2,188,61.0
2019/07/06,1002.5,1003.8,1000.7,77,60,1.8,146,10.9,226,11.5
2019/07/07,1004.2,1006.3,1002.5,83,59,2.1,120,6.9,149,4.5
2019/07/08,1005.3,1006.5,1004.0,87,65,2.0,44,7.2,242,31.0
2019/07/09,1003.3,1005.4,1001.6,91,83,2.0,124,8.7,146,61.0
2019/07/10,1003.6,1006.8,1001.7,91,0,2.6,101,12.4,237,96.0
2019/07/11,1007.4,1009.3,1005.0,86,67,2.4,119,9.0,181,24.0
2019/07/12,1006.9,1009.2,1004.6,78,61,2.0,110,9.4,231,14.5
2019/07/13,1004.7,1006.7,1002.7,80,57,1.9,107,7.4,194,13.5
2019/07/14,1003.1,1004.2,1001.6,76,61,1.9,118,7.0,284,0.0
2019/07/15,1002.7,1004.1,1001.5,74,56,1.8,287,7.5,281,0.0
2019/07/16,1001.6,1003.4,999.5,79,58,2.6,331,9.8,299,0.0
2019/07/17,995.1,999.8,991.5,80,57,2.2,158,7.4,287,0.0
2019/07/18,993.5,995.2,992.0,79,53,2.1,115,10.5,193,1.0
2019/07/19,998.0,1003.4,992.7,91,74,2.6,18,9.0,149,59.0
2019/07/20,1004.3,1006.2,1001.8,93,81,2.1,122,7.6,189,23.0
2019/07/21,1005.3,1007.4,1003.8,83,62,2.0,105,7.9,251,11.0
2019/07/22,1004.6,1005.9,1003.2,75,62,2.3,173,10.1,137,0.0
2019/07/23,1004.4,1005.5,1003.1,75,59,1.9,167,9.7,239,0.0
2019/07/24,1005.2,1006.7,1003.7,76,60,2.0,114,8.1,239,0.0
2019/07/25,1006.0,1007.1,1004.5,75,54,2.0,281,7.9,244,0.0
2019/07/26,1004.3,1005.7,1002.4,79,62,1.8,244,7.4,250,10.5
2019/07/27,1004.1,1005.7,1002.6,80,56,1.8,121,7.6,140,0.0
2019/07/28,1005.2,1006.7,1003.2,79,59,1.9,27,10.0,80,2.0
2019/07/29,1005.3,1006.4,1003.7,72,47,2.2,1,7.7,298,0.0
2019/07/30,1004.4,1006.1,1002.3,71,44,1.9,19,7.5,284,0.0
2019/07/31,1003.6,1005.2,1001.8,76,58,2.2,47,7.6,309,0.0
2019/08/01,1004.2,1005.4,1002.7,87,70,1.7,4,8.5,192,21.0
2019/08/02,1002.5,1004.3,1000.6,85,57,1.6,51,14.5,222,53.5
2019/08/03,1000.2,1002.2,998.6,77,54,1.9,70,8.9,331,0.0
2019/08/04,999.1,1000.1,998.1,79,59,2.0,112,7.2,320,0.0
2019/08/05,999.2,1000.6,997.7,81,58,1.8,122,7.3,115,1.0
2019/08/06,998.6,1000.0,997.0,79,56,2.1,147,8.6,242,16.0
2019/08/07,995.5,998.0,993.2,82,58,2.3,140,8.0,303,0.5
2019/08/08,990.7,993.6,988.1,83,57,2.9,104,10.9,353,5.5
2019/08/09,989.7,993.1,986.3,86,56,4.0,231,14.7,329,0.0
2019/08/10,995.7,999.1,992.1,90,83,3.8,234,15.7,238,0.5
2019/08/11,999.1,1000.0,997.9,89,78,2.7,230,11.2,230,0.5
2019/08/12,999.9,1001.2,998.5,87,67,2.0,243,7.5,242,15.5
2019/08/13,1000.2,1003.5,997.6,85,71,1.9,127,10.7,153,198.5
2019/08/14,1000.4,1001.7,998.1,86,60,1.8,115,9.8,241,27.0
2019/08/15,999.8,1001.2,997.9,88,77,3.3,237,12.0,231,6.5
2019/08/16,1001.7,1004.2,999.6,92,84,2.3,234,13.6,288,42.5
2019/08/17,1004.0,1005.7,1002.5,91,81,2.0,119,8.1,157,65.5
2019/08/18,1004.1,1005.6,1002.5,97,93,2.1,122,7.2,153,105.5
2019/08/19,1002.8,1004.1,1001.1,92,82,1.9,128,7.2,249,24.5
2019/08/20,1002.5,1003.4,1001.2,88,64,1.5,180,6.1,179,1.0
2019/08/21,1002.3,1004.2,1000.6,89,77,2.0,145,6.3,152,3.5
2019/08/22,1003.3,1004.9,1001.9,80,59,2.0,318,7.1,296,0.0
2019/08/23,1001.8,1004.5,999.2,81,60,2.0,312,8.1,288,0.0
2019/08/24,992.0,999.6,982.0,92,82,3.6,344,19.2,142,33.0
2019/08/25,1002.9,1006.6,996.7,93,81,3.9,144,19.5,169,73.0
2019/08/26,1006.7,1008.9,1004.8,77,60,2.2,166,11.6,177,0.0
2019/08/27,1005.7,1007.8,1004.1,84,70,2.5,1,9.4,319,0.0
2019/08/28,1003.4,1005.0,1001.5,79,56,1.9,5,7.0,307,0.0
2019/08/29,1004.6,1006.6,1003.0,84,62,1.7,3,7.2,239,1.5
2019/08/30,1005.9,1007.2,1004.7,88,72,1.7,34,9.6,122,38.0
2019/08/31,1004.7,1006.5,1002.8,81,67,1.5,253,5.9,299,0.5
2019/09/01,1005.2,1006.9,1003.8,82,56,1.7,139,15.9,40,0.0
2019/09/02,1005.7,1007.3,1003.2,78,53,1.8,3,7.9,300,0.0
2019/09/03,1003.4,1005.4,1001.4,82,59,1.8,257,7.2,245,10.0
2019/09/04,1002.5,1004.9,1001.1,85,68,1.5,126,5.0,113,122.0
2019/09/05,1000.1,1001.6,998.5,79,63,1.5,177,6.1,284,4.5
2019/09/06,999.1,1001.2,997.2,85,58,2.4,113,10.7,98,4.0
2019/09/07,1001.4,1003.7,999.3,79,60,1.6,98,6.0,248,0.0
2019/09/08,1002.6,1004.1,1000.8,74,54,1.8,146,6.8,116,0.0
2019/09/09,1003.7,1005.8,1001.9,74,54,2.2,306,7.1,304,0.0
2019/09/10,1006.9,1009.4,1004.6,89,64,1.6,265,8.2,172,102.5
2019/09/11,1008.0,1009.7,1006.2,77,49,1.4,98,6.2,250,0.0
2019/09/12,1005.7,1007.7,1003.8,78,58,1.7,66,7.9,301,0.0
2019/09/13,1004.3,1005.6,1002.8,79,58,1.8,1,6.7,255,0.0
2019/09/14,1004.1,1006.0,1002.4,80,57,2.1,1,9.1,184,0.5
2019/09/15,1004.1,1005.5,1002.2,83,61,2.2,7,10.2,342,1.0
2019/09/16,1003.2,1004.3,1002.0,83,60,1.9,23,8.1,333,6.0
2019/09/17,1004.2,1006.0,1002.7,74,50,1.8,121,6.0,110,0.0
2019/09/18,1005.0,1006.6,1003.0,63,48,2.7,360,11.4,341,0.0
2019/09/19,1004.8,1006.3,1002.9,59,46,3.3,352,10.5,337,0.0
2019/09/20,1001.4,1004.0,999.3,66,52,5.0,355,15.1,354,0.0
2019/09/21,1001.4,1005.2,998.4,53,38,5.3,329,14.8,350,0.0
2019/09/22,1008.0,1011.6,1004.2,59,42,2.9,323,10.2,298,0.0
2019/09/23,1012.3,1014.3,1010.3,60,34,3.0,355,10.2,306,0.0
2019/09/24,1013.2,1014.8,1011.4,63,36,1.8,24,6.1,255,0.0
2019/09/25,1013.0,1014.1,1011.4,60,42,2.2,27,8.3,296,0.0
2019/09/26,1012.9,1014.2,1011.4,67,42,2.0,1,6.5,22,0.0
2019/09/27,1011.8,1013.3,1010.4,79,50,2.0,8,7.4,299,0.0
2019/09/28,1010.0,1011.7,1008.2,77,55,2.0,298,6.8,287,0.0
2019/09/29,1006.9,1010.0,1004.2,80,53,2.1,123,8.7,330,0.0
2019/09/30,998.7,1004.6,995.0,80,60,2.7,343,16.2,339,0.5
2019/10/01,1006.1,1008.2,1000.2,71,52,2.6,252,15.3,346,0.0
2019/10/02,1008.9,1010.2,1007.6,74,44,1.8,196,7.3,231,0.0
2019/10/03,1009.6,1011.4,1007.7,77,56,1.6,237,7.2,249,0.0
2019/10/04,1009.5,1011.1,1007.4,73,44,2.1,304,8.1,323,0.0
2019/10/05,1010.3,1012.0,1008.8,78,52,1.8,5,7.8,308,0.0
2019/10/06,1011.6,1012.8,1010.1,77,52,1.7,22,6.5,285,0.0
2019/10/07,1012.4,1013.9,1010.9,76,53,1.9,113,7.4,338,0.0
2019/10/08,1011.8,1013.3,1010.3,75,55,1.5,307,7.0,290,0.0
2019/10/09,1010.7,1012.3,1008.8,70,53,1.7,253,6.4,295,0.0
2019/10/10,1009.4,1011.2,1007.4,69,51,2.0,117,7.9,342,0.0
2019/10/11,1008.0,1009.7,1005.8,75,56,1.9,313,8.9,303,0.0
2019/10/12,1008.8,1010.7,1007.4,73,53,1.6,79,6.8,229,0.0
2019/10/13,1010.7,1012.4,1009.3,72,53,2.0,318,8.3,312,0.0
2019/10/14,1012.7,1014.5,1010.7,61,44,2.2,356,9.1,354,0.0
2019/10/15,1013.9,1015.5,1011.7,54,39,2.4,6,8.1,318,0.0
2019/10/16,1013.4,1014.8,1011.5,62,48,2.5,32,6.9,311,0.0
2019/10/17,1012.3,1013.9,1009.9,61,44,2.8,358,9.5,326,0.0
2019/10/18,1012.2,1013.9,1010.3,59,40,2.8,353,8.4,332,0.0
2019/10/19,1012.6,1014.3,1010.6,64,47,2.9,353,10.7,336,0.0
2019/10/20,1011.7,1013.6,1009.6,68,44,2.6,348,9.2,337,0.0
2019/10/21,1009.9,1011.7,1007.9,67,42,1.9,5,6.5,297,0.0
2019/10/22,1008.5,1010.1,1006.8,62,42,1.8,357,7.0,247,0.0
2019/10/23,1009.0,1011.0,1007.3,65,40,2.4,5,8.9,325,0.0
2019/10/24,1011.4,1013.3,1009.6,68,44,2.2,355,7.2,258,0.0
2019/10/25,1013.2,1014.8,1011.2,73,45,1.8,3,6.7,280,0.0
2019/10/26,1013.2,1015.0,1011.5,69,45,1.8,2,5.8,244,0.0
2019/10/27,1011.6,1013.4,1008.9,73,48,2.5,266,9.8,334,0.0
2019/10/28,1010.8,1012.1,1008.6,81,48,3.1,353,10.5,338,0.0
2019/10/29,1011.3,1013.0,1009.6,75,55,4.2,355,11.8,345,0.0
2019/10/30,1012.1,1013.5,1010.5,73,50,2.9,357,7.8,311,0.0
2019/10/31,1011.9,1013.0,1010.3,80,53,2.0,349,6.9,323,0.0
2019/11/01,1011.2,1012.9,1009.3,75,59,2.1,348,6.6,303,0.0
2019/11/02,1010.1,1011.4,1008.3,77,50,2.4,357,6.9,306,0.0
2019/11/03,1009.5,1011.5,1007.7,79,49,3.2,360,10.0,1,0.0
2019/11/04,1009.0,1010.7,1007.5,67,49,3.7,356,9.1,346,0.0
2019/11/05,1007.5,1009.2,1005.4,63,48,2.7,2,9.0,334,0.0
2019/11/06,1007.1,1008.5,1005.3,67,53,2.3,353,8.3,326,0.0
2019/11/07,1008.2,1009.9,1006.0,71,40,2.8,354,9.7,304,0.0
2019/11/08,1011.2,1013.3,1009.3,62,40,3.1,354,10.5,337,0.0
2019/11/09,1012.7,1015.0,1010.3,64,37,2.8,352,7.7,332,0.0
2019/11/10,1011.7,1013.7,1009.2,59,39,1.5,6,5.2,235,0.0
2019/11/11,1011.8,1013.7,1010.1,63,43,1.9,23,6.4,290,0.0
2019/11/12,1013.5,1015.3,1011.7,61,40,1.4,268,5.8,283,0.0
2019/11/13,1014.4,1016.6,1012.1,64,33,1.9,354,9.4,327,0.0
2019/11/14,1013.2,1015.1,1011.0,64,40,2.3,351,8.3,346,0.0
2019/11/15,1012.5,1014.2,1011.0,63,45,2.0,349,6.6,286,0.0
2019/11/16,1012.3,1014.1,1010.7,74,46,1.7,351,6.8,311,0.0
2019/11/17,1011.6,1013.1,1009.1,77,37,2.3,330,8.7,337,0.0
2019/11/18,1010.6,1012.4,1008.9,74,50,3.2,358,10.6,349,0.0
2019/11/19,1011.5,1013.3,1009.7,63,50,3.7,354,9.8,340,0.0
2019/11/20,1012.9,1015.0,1011.1,61,49,2.6,31,7.2,353,0.0
2019/11/21,1012.0,1013.8,1009.6,74,48,2.6,353,9.5,355,0.0
2019/11/22,1011.2,1012.4,1009.7,83,53,2.8,357,9.1,342,0.0
2019/11/23,1012.8,1015.2,1011.1,83,51,2.1,4,7.5,297,0.0
2019/11/24,1013.8,1015.6,1011.9,79,58,2.4,356,9.4,307,0.0
2019/11/25,1015.4,1016.9,1013.5,80,45,2.2,317,7.9,348,0.0
2019/11/26,1016.0,1017.7,1014.0,72,51,2.3,1,7.3,14,0.0
2019/11/27,1015.6,1017.7,1012.9,80,52,2.6,351,7.0,2,0.0
2019/11/28,1016.5,1018.2,1014.5,71,51,3.7,347,10.0,332,0.0
2019/11/29,1017.3,1018.8,1015.9,61,41,1.9,348,5.2,2,0.0
2019/11/30,1016.2,1017.9,1014.1,73,43,2.4,360,8.0,337,0.0
2019/12/01,1014.3,1016.2,1011.6,76,32,2.9,353,9.4,360,0.0
2019/12/02,1015.2,1017.0,1013.4,65,45,4.8,1,14.0,354,0.0
2019/12/03,1016.6,1017.9,1014.6,51,39,2.4,4,6.0,333,0.0
2019/12/04,1017.5,1018.9,1016.0,70,45,2.4,6,6.3,347,1.0
2019/12/05,1017.5,1019.0,1015.4,85,75,4.4,360,12.8,353,6.5
2019/12/06,1016.5,1018.0,1014.8,96,91,3.6,353,9.7,342,11.5
2019/12/07,1017.9,1020.2,1015.6,72,57,4.6,2,13.7,350,0.0
2019/12/08,1018.9,1020.6,1016.8,56,38,2.3,7,6.6,317,0.0
2019/12/09,1017.3,1019.5,1015.1,52,30,1.2,285,5.1,282,0.0
2019/12/10,1014.5,1016.5,1011.9,62,32,2.2,351,8.5,325,0.0
2019/12/11,1013.8,1016.0,1011.9,79,58,2.7,352,10.7,309,0.0
2019/12/12,1016.9,1019.4,1015.0,71,48,1.9,99,7.7,344,0.0
2019/12/13,1018.9,1020.9,1017.3,72,31,2.8,351,9.8,335,0.0
2019/12/14,1017.9,1020.4,1015.5,78,38,2.3,352,7.6,1,0.0
2019/12/15,1016.8,1018.9,1014.7,81,51,2.0,11,7.6,332,0.0
2019/12/16,1015.2,1017.4,1012.0,84,47,2.0,352,8.0,1,0.0
2019/12/17,1014.9,1017.2,1012.6,68,39,1.8,73,9.7,349,0.0
2019/12/18,1015.3,1017.2,1013.0,74,48,2.4,1,8.2,335,0.0
2019/12/19,1016.0,1017.5,1014.5,86,64,3.3,352,9.6,355,0.0
2019/12/20,1015.3,1016.5,1013.2,89,74,3.1,2,8.5,360,2.5
2019/12/21,1013.9,1015.9,1011.7,91,61,2.3,352,7.1,327,0.0
2019/12/22,1012.1,1013.7,1009.7,88,48,2.6,15,8.7,343,0.0
2019/12/23,1013.4,1015.2,1011.4,85,56,2.6,360,9.3,318,0.0
2019/12/24,1014.7,1016.9,1012.4,89,60,2.9,350,8.3,339,0.0
2019/12/25,1012.8,1015.2,1010.1,84,49,2.1,313,6.6,348,0.0
2019/12/26,1011.8,1013.5,1009.0,77,44,3.6,358,10.7,341,0.0
2019/12/27,1015.4,1017.5,1012.9,63,48,3.4,356,11.2,350,0.0
2019/12/28,1016.1,1018.2,1013.9,70,56,2.1,2,5.4,312,0.0
2019/12/29,1015.3,1016.9,1013.6,100,93,2.6,4,9.2,19,43.5
2019/12/30,1016.7,1018.5,1014.6,84,54,3.5,20,11.5,326,0.0
2019/12/31,1020.4,1022.5,1018.2,88,71,3.1,359,9.0,7,2.0
2020/01/01,1022.3,1024.7,1020.6,81,60,2.3,353,7.5,332,0.0
2020/01/02,1021.6,1023.9,1019.9,85,51,1.8,357,8.1,348,0.0
2020/01/03,1019.7,1021.7,1017.5,85,57,1.6,352,6.0,345,0.0
2020/01/04,1017.7,1019.9,1015.6,91,63,1.9,352,6.2,294,0.0
2020/01/05,1018.2,1019.8,1016.3,87,52,1.8,311,7.1,337,0.0
2020/01/06,1017.0,1019.3,1014.8,88,57,1.9,352,6.8,347,0.0
2020/01/07,1014.3,1016.7,1012.4,79,54,1.7,11,7.6,330,0.0
2020/01/08,1015.4,1017.3,1013.1,75,50,2.7,353,9.2,354,0.0
2020/01/09,1015.2,1017.8,1013.2,79,54,2.1,342,7.9,335,0.0
2020/01/10,1013.5,1015.8,1011.2,85,51,2.1,14,6.9,319,0.0
2020/01/11,1012.1,1014.0,1010.0,86,53,2.2,356,8.3,346,0.0
2020/01/12,1012.6,1014.6,1010.5,77,53,3.7,1,12.7,11,0.0
2020/01/13,1014.4,1016.7,1011.9,72,48,3.0,356,9.3,4,0.0
2020/01/14,1015.8,1018.3,1013.1,77,25,2.9,3,10.5,336,0.0
2020/01/15,1015.9,1018.3,1013.9,83,51,2.6,354,8.5,333,0.0
2020/01/16,1014.8,1016.7,1012.3,82,46,2.4,357,10.3,317,0.0
2020/01/17,1015.4,1016.9,1013.5,81,55,3.9,3,11.4,340,0.0
2020/01/18,1016.2,1017.8,1014.0,76,49,2.8,351,8.9,334,0.0
2020/01/19,1017.3,1019.2,1015.0,80,56,2.8,358,8.8,338,0.0
2020/01/20,1018.2,1019.9,1015.8,76,39,2.8,10,9.3,301,0.0
2020/01/21,1019.4,1021.8,1017.5,76,40,2.4,352,6.0,308,0.0
2020/01/22,1016.7,1018.8,1014.9,72,36,1.6,5,7.5,2,0.0
2020/01/23,1015.2,1017.1,1013.5,71,43,1.6,235,6.8,234,0.0
2020/01/24,1016.0,1017.7,1014.1,87,52,2.9,7,8.6,334,0.0
2020/01/25,1013.6,1016.1,1011.2,88,57,2.8,2,7.2,347,0.0
2020/01/26,1009.0,1011.8,1006.3,94,64,3.2,345,14.2,332,15.0
2020/01/27,1011.1,1014.9,1008.3,76,49,3.6,8,10.9,360,0.0
2020/01/28,1013.5,1016.1,1011.0,83,68,2.8,354,10.3,28,1.0
2020/01/29,1015.2,1016.8,1013.0,61,44,3.9,356,11.3,347,0.0
2020/01/30,1016.2,1018.5,1014.3,39,26,4.7,355,14.0,328,0.0
2020/01/31,1018.2,1020.1,1016.2,39,22,2.0,357,8.0,353,0.0
2020/02/01,1019.4,1021.3,1017.3,60,35,1.6,310,6.8,281,0.0
2020/02/02,1019.5,1022.3,1017.2,64,28,1.9,334,7.6,296,0.0
2020/02/03,1018.0,1019.8,1015.9,80,35,2.4,356,9.2,342,0.0
2020/02/04,1016.7,1018.3,1014.6,85,49,2.9,1,10.9,348,0.0
2020/02/05,1016.8,1018.3,1014.4,77,50,3.2,353,9.0,329,0.0
2020/02/06,1016.5,1018.1,1014.3,83,53,2.6,7,9.4,315,0.0
2020/02/07,1017.3,1019.3,1015.2,87,50,3.7,355,12.0,335,0.0
2020/02/08,1019.3,1021.8,1017.2,74,44,3.5,354,11.5,12,0.0
2020/02/09,1020.8,1023.0,1018.5,68,48,2.6,352,7.6,352,0.0
2020/02/10,1019.5,1021.4,1017.6,71,45,1.8,354,7.9,329,0.0
2020/02/11,1018.9,1021.1,1016.4,81,54,1.4,7,5.5,321,0.0
2020/02/12,1015.4,1018.1,1012.5,68,33,1.8,61,10.2,180,0.0
2020/02/13,1013.3,1015.1,1011.2,81,57,2.2,217,9.9,185,0.0
2020/02/14,1012.1,1014.4,1010.5,86,56,2.0,357,10.9,185,0.5
2020/02/15,1011.7,1014.0,1008.4,82,57,2.5,4,12.0,169,0.0
2020/02/16,1014.4,1018.7,1011.4,78,60,3.2,3,12.1,353,0.0
2020/02/17,1020.8,1023.2,1017.6,51,31,3.7,355,11.7,31,1.5
2020/02/18,1021.8,1023.9,1019.6,40,16,2.1,11,7.2,4,0.0
2020/02/19,1021.3,1023.0,1019.6,63,35,2.0,339,7.8,305,0.0
2020/02/20,1021.9,1023.7,1019.9,77,39,2.3,5,7.9,310,0.0
2020/02/21,1023.2,1025.4,1021.4,87,57,2.2,346,8.3,328,0.0
2020/02/22,1022.3,1024.2,1020.2,84,45,2.0,4,7.6,331,0.0
2020/02/23,1020.7,1023.2,1018.6,81,52,1.9,19,5.6,300,0.0
2020/02/24,1017.7,1020.1,1015.6,82,52,1.9,1,7.9,293,0.0
2020/02/25,1015.1,1017.4,1012.7,70,40,2.1,342,9.1,354,0.0
2020/02/26,1015.0,1016.9,1013.2,74,48,2.2,320,9.0,321,0.0
2020/02/27,1016.0,1017.7,1014.3,81,53,2.8,2,8.0,314,0.0
2020/02/28,1014.7,1016.8,1012.6,77,51,2.2,348,8.6,336,0.0
2020/02/29,1011.9,1014.4,1009.4,70,37,1.7,24,6.4,254,0.0
2020/03/01,1011.1,1012.9,1009.4,78,49,2.5,1,9.3,320,0.0
2020/03/02,1014.2,1016.7,1012.2,77,50,2.5,354,7.6,348,0.0
2020/03/03,1015.1,1017.5,1011.9,62,38,3.0,2,8.3,317,0.0
2020/03/04,1014.0,1016.3,1011.0,78,51,3.6,358,10.9,16,0.0
2020/03/05,1014.9,1017.0,1012.8,80,56,3.3,3,9.7,342,0.5
2020/03/06,1014.0,1016.5,1011.3,76,55,1.9,350,6.4,301,0.0
2020/03/07,1010.9,1013.8,1007.8,74,44,2.1,18,6.8,312,0.0
2020/03/08,1008.6,1010.7,1006.3,81,51,2.5,335,7.0,292,0.0
2020/03/09,1006.5,1008.5,1004.0,80,56,2.1,198,10.1,184,0.0
2020/03/10,1009.5,1013.7,1006.6,77,53,3.1,9,17.6,332,5.0
2020/03/11,1014.6,1016.5,1013.0,53,38,2.3,2,7.4,332,0.0
2020/03/12,1013.2,1015.3,1010.5,68,42,1.5,1,6.7,292,0.0
2020/03/13,1012.4,1014.5,1010.5,87,65,2.4,352,8.5,319,0.0
2020/03/14,1013.0,1015.5,1010.5,85,55,3.3,348,10.2,330,10.0
2020/03/15,1015.6,1017.6,1013.2,49,32,2.2,1,7.5,344,0.0
2020/03/16,1016.9,1018.8,1015.1,51,37,1.7,3,6.2,279,0.0
2020/03/17,1016.0,1017.7,1013.7,49,23,1.7,21,5.9,285,0.0
2020/03/18,1012.9,1015.2,1010.2,64,45,1.6,12,5.8,284,0.0
2020/03/19,1011.5,1013.0,1009.5,66,43,1.8,3,7.4,342,0.0
2020/03/20,1012.1,1013.5,1010.3,75,41,2.0,353,6.4,300,0.0
2020/03/21,1012.5,1014.7,1010.5,81,42,1.5,261,6.2,313,0.0
2020/03/22,1011.1,1013.5,1009.2,78,50,1.4,248,6.8,289,0.0
2020/03/23,1011.0,1012.6,1009.1,82,52,2.6,322,8.7,327,0.0
2020/03/24,1011.9,1013.5,1010.5,81,57,2.3,337,8.0,340,0.0
2020/03/25,1011.1,1012.8,1009.1,82,52,2.1,1,8.1,300,0.0
2020/03/26,1010.9,1012.5,1007.7,70,40,2.3,231,13.1,172,0.0
2020/03/27,1010.6,1012.6,1008.5,78,62,1.9,206,10.1,250,0.0
2020/03/28,1009.8,1011.7,1007.7,75,57,3.1,352,11.7,351,17.5
2020/03/29,1011.4,1013.6,1008.3,65,47,2.7,352,8.1,350,0.0
2020/03/30,1009.9,1011.3,1008.2,70,39,2.0,15,6.5,301,0.0
2020/03/31,1010.1,1012.0,1007.7,83,48,2.1,353,7.9,253,0.0
2020/04/01,1011.3,1014.0,1009.0,77,53,2.9,352,10.0,333,0.0
2020/04/02,1014.2,1017.0,1011.8,81,63,2.4,18,9.0,44,0.0
2020/04/03,1014.1,1015.6,1011.8,83,48,2.6,3,7.5,355,0.0
2020/04/04,1014.0,1016.0,1012.0,75,47,3.4,3,10.1,344,0.0
2020/04/05,1014.7,1016.3,1013.0,65,45,3.0,358,9.1,342,0.0
2020/04/06,1012.9,1015.1,1010.0,92,64,2.6,350,7.4,334,16.0
2020/04/07,1011.1,1012.8,1009.2,79,51,3.2,349,9.9,1,4.5
2020/04/08,1012.1,1014.2,1010.3,75,50,2.4,1,7.9,314,0.0
2020/04/09,1013.3,1015.0,1011.7,74,40,2.7,360,8.8,317,0.0
2020/04/10,1014.6,1016.3,1012.7,69,45,1.5,76,7.0,284,0.0
2020/04/11,1011.7,1015.0,1009.5,78,40,2.0,354,7.8,348,0.0
2020/04/12,1011.7,1015.0,1009.3,62,32,4.8,352,14.4,328,1.0
2020/04/13,1014.5,1016.8,1013.0,28,10,2.9,360,14.8,12,0.0
2020/04/14,1013.9,1015.6,1012.0,45,37,1.7,272,4.9,237,0.0
2020/04/15,1012.2,1014.2,1010.5,48,32,1.9,74,8.2,309,0.0
2020/04/16,1012.2,1013.7,1010.8,54,18,1.6,4,6.1,249,0.0
2020/04/17,1012.2,1014.0,1010.5,61,41,1.8,9,6.9,303,0.0
2020/04/18,1011.4,1013.3,1009.0,74,39,1.5,61,6.6,192,0.0
2020/04/19,1009.5,1011.0,1008.1,84,56,1.9,114,9.4,189,0.0
2020/04/20,1010.1,1012.3,1008.7,79,47,1.8,350,7.4,294,0.0
2020/04/21,1010.0,1011.7,1008.2,79,52,2.5,5,8.0,337,0.0
2020/04/22,1011.2,1013.7,1009.0,75,49,2.9,356,7.9,2,0.0
2020/04/23,1013.0,1013.8,1012.0,83,66,3.1,350,8.3,3,0.0
2020/04/24,1014.2,1015.7,1012.3,82,64,3.0,354,8.2,344,0.0
2020/04/25,1013.5,1015.2,1011.8,74,46,2.2,1,7.3,306,0.0
2020/04/26,1012.5,1014.5,1010.5,71,45,2.9,357,10.3,344,0.0
2020/04/27,1012.5,1013.8,1011.1,63,42,2.2,320,7.7,321,0.0
2020/04/28,1012.8,1014.2,1011.2,68,38,2.1,304,8.0,298,0.0
2020/04/29,1013.0,1014.5,1011.5,75,41,2.0,20,8.6,286,0.0
2020/04/30,1012.1,1014.1,1010.1,62,28,1.7,303,7.8,306,0.0
2020/05/01,1009.5,1011.8,1007.2,42,23,2.2,331,7.9,315,0.0
2020/05/02,1006.9,1009.0,1005.1,66,31,1.8,242,8.7,234,0.0
2020/05/03,1006.3,1007.8,1004.7,84,59,2.0,175,7.7,254,0.0
2020/05/04,1007.7,1009.0,1006.6,74,40,1.7,253,7.6,257,0.0
2020/05/05,1006.9,1008.0,1005.3,79,59,1.8,236,10.2,244,0.0
2020/05/06,1006.8,1008.3,1005.2,69,60,1.7,153,7.9,249,0.0
2020/05/07,1007.2,1008.6,1005.7,72,48,1.7,249,8.4,231,0.0
2020/05/08,1007.0,1008.5,1005.3,75,48,1.9,189,9.0,233,0.0
2020/05/09,1006.9,1008.5,1005.3,79,56,2.0,244,8.4,278,0.0
2020/05/10,1007.0,1008.1,1004.6,85,60,2.2,15,10.0,246,0.5
2020/05/11,1006.8,1008.6,1004.6,81,46,2.0,298,7.5,303,0.0
2020/05/12,1007.3,1009.1,1006.0,87,61,2.4,356,10.8,335,4.5
2020/05/13,1009.3,1010.7,1008.0,69,42,1.9,248,6.9,245,0.0
2020/05/14,1008.8,1010.6,1006.8,61,45,2.0,306,7.5,296,0.0
2020/05/15,1006.1,1007.5,1004.5,65,45,2.0,33,8.2,245,0.0
2020/05/16,1005.0,1006.5,1002.8,64,45,2.2,4,12.0,182,0.0
2020/05/17,1002.2,1004.1,999.5,72,43,2.8,15,10.2,340,0.0
2020/05/18,1002.6,1004.0,1000.5,81,60,2.0,233,8.8,310,1.0
2020/05/19,1004.3,1006.7,1002.0,89,67,2.2,17,10.5,309,73.5
2020/05/20,1005.7,1007.2,1004.5,90,80,1.8,121,11.7,239,14.5
2020/05/21,1004.2,1005.8,1001.6,95,84,2.6,120,12.4,160,48.0
2020/05/22,1001.6,1003.0,1000.1,100,100,2.1,119,10.1,283,183.0
2020/05/23,1002.7,1005.0,1000.5,96,87,1.3,31,5.3,336,1.0
2020/05/24,1005.8,1008.0,1004.1,85,55,1.3,9,7.3,286,0.0
2020/05/25,1007.4,1008.5,1006.3,73,42,1.7,13,6.5,242,0.0
2020/05/26,1006.7,1007.7,1005.0,89,72,2.0,234,10.2,245,51.0
2020/05/27,1006.4,1008.0,1004.7,94,67,2.5,185,10.3,134,82.0
2020/05/28,1008.1,1009.7,1006.5,89,58,1.8,153,7.5,260,13.5
2020/05/29,1008.5,1010.0,1006.5,96,66,1.7,154,8.3,172,1.5
2020/05/30,1009.6,1010.7,1008.2,83,60,2.0,139,7.5,173,0.0
2020/05/31,1009.3,1010.6,1007.0,81,51,1.8,262,7.8,242,0.0
2020/06/01,1008.8,1010.3,1006.6,80,44,1.6,237,7.5,296,0.0
2020/06/02,1007.8,1009.5,1005.7,79,52,1.8,276,8.3,249,0.0
2020/06/03,1007.0,1008.7,1005.0,74,50,2.0,265,6.9,256,0.0
2020/06/04,1006.7,1008.3,1005.3,68,46,1.6,143,6.4,286,0.0
2020/06/05,1006.4,1007.7,1004.7,70,51,1.7,198,9.4,257,0.0
2020/06/06,1005.7,1007.0,1004.3,77,52,1.6,219,8.6,243,13.0
2020/06/07,1005.4,1006.3,1004.5,72,41,2.1,244,13.9,279,2.5
2020/06/08,1006.2,1007.8,1003.8,75,51,2.0,99,11.4,175,13.5
2020/06/09,1007.2,1008.5,1005.8,67,45,1.5,139,6.0,240,0.5
2020/06/10,1007.2,1008.5,1005.6,68,45,2.0,134,7.2,244,0.0
2020/06/11,1005.4,1007.1,1003.0,71,51,2.0,242,6.9,245,0.0
2020/06/12,1003.4,1005.0,1001.6,86,54,2.1,357,12.7,290,13.0
2020/06/13,1004.8,1008.7,1002.3,70,33,2.4,175,13.4,168,0.0
2020/06/14,1009.0,1011.6,1007.0,64,47,2.9,168,11.8,179,0.0
2020/06/15,1009.9,1011.5,1008.5,64,43,2.1,142,8.5,247,0.0
2020/06/16,1007.4,1009.5,1005.8,68,50,1.9,266,8.3,292,0.0
2020/06/17,1006.4,1007.5,1005.2,65,49,1.7,262,7.6,286,0.0
2020/06/18,1006.5,1008.0,1005.5,64,45,1.7,249,6.9,293,0.0
2020/06/19,1006.8,1008.0,1005.6,65,48,2.1,280,7.7,292,0.0
2020/06/20,1006.1,1007.6,1004.5,68,48,2.1,164,6.9,273,0.0
2020/06/21,1004.3,1005.6,1002.6,68,50,1.7,135,9.3,285,3.5
2020/06/22,1004.5,1006.0,1003.3,67,53,1.9,269,7.3,251,0.0
2020/06/23,1005.0,1006.0,1003.7,66,54,1.9,120,7.0,284,0.0
2020/06/24,1004.5,1005.6,1003.0,72,55,2.3,238,7.9,251,0.0
2020/06/25,1005.4,1007.2,1003.6,64,48,2.0,141,11.0,239,0.0
2020/06/26,1006.9,1008.1,1005.8,67,50,1.9,142,7.4,245,0.0
2020/06/27,1006.8,1008.3,1005.5,66,51,2.3,113,9.8,247,0.0
2020/06/28,1005.7,1007.2,1003.8,64,43,2.1,129,8.5,242,0.0
2020/06/29,1004.3,1006.1,1003.0,70,48,2.5,244,10.5,242,0.0
2020/06/30,1003.7,1005.5,1002.3,83,59,2.5,139,8.7,152,7.0
2020/07/01,1003.8,1005.6,1002.3,83,64,2.5,120,9.1,202,8.5
2020/07/02,1005.4,1008.0,1003.8,80,43,2.4,143,11.9,235,4.0
2020/07/03,1007.5,1009.5,1006.3,72,54,2.1,143,9.9,179,1.0
2020/07/04,1007.1,1008.7,1005.0,75,47,1.9,277,7.8,246,0.5
2020/07/05,1005.2,1007.0,1003.8,68,41,2.0,264,7.4,290,0.0
2020/07/06,1005.8,1008.0,1003.8,67,50,2.1,242,11.2,244,0.0
2020/07/07,1007.7,1009.0,1006.6,73,45,2.0,237,8.4,156,8.5
2020/07/08,1005.3,1007.1,1003.6,75,56,1.9,155,7.8,242,2.5
2020/07/09,1003.4,1004.5,1002.5,68,49,2.2,159,8.5,238,0.5
2020/07/10,1005.1,1006.5,1003.0,64,47,1.9,214,8.6,240,0.0
2020/07/11,1006.0,1007.5,1004.5,65,47,1.9,141,7.8,265,0.0
2020/07/12,1005.6,1007.1,1003.0,62,43,1.9,19,8.2,296,0.0
2020/07/13,1004.8,1006.0,1003.0,61,44,1.9,250,7.6,282,0.0
2020/07/14,1003.3,1004.6,1001.5,67,49,2.0,323,7.8,250,0.0
2020/07/15,1003.9,1006.0,1001.3,81,60,1.4,24,7.4,301,6.0
2020/07/16,1005.4,1006.5,1004.2,77,51,1.6,115,7.2,298,14.0
2020/07/17,1006.7,1008.8,1004.8,74,51,1.8,143,9.6,233,31.0
2020/07/18,1006.4,1007.7,1005.3,67,38,1.9,215,6.5,232,0.0
2020/07/19,1006.3,1008.0,1004.8,67,45,2.3,238,9.0,244,0.0
2020/07/20,1007.7,1009.2,1005.8,67,49,2.2,111,9.6,246,0.0
2020/07/21,1008.3,1009.5,1006.6,65,52,2.0,324,7.7,301,0.0
2020/07/22,1007.3,1008.7,1005.5,75,46,2.0,351,8.7,286,0.0
2020/07/23,1006.6,1007.5,1005.0,70,50,2.2,2,8.4,315,0.0
2020/07/24,1005.7,1007.6,1003.5,68,47,2.0,89,7.1,233,0.0
2020/07/25,1005.0,1006.2,1003.5,76,57,1.8,256,6.5,166,18.5
2020/07/26,1004.8,1005.7,1003.0,68,51,2.1,120,7.3,283,0.0
2020/07/27,1004.7,1006.0,1003.3,68,49,2.2,138,7.9,229,0.0
2020/07/28,1005.9,1007.0,1004.1,80,54,2.2,99,8.8,117,4.0
2020/07/29,1005.2,1007.2,1003.1,79,51,1.8,2,10.4,295,30.5
2020/07/30,1004.2,1006.6,1002.0,81,54,1.5,3,6.6,322,0.0
2020/07/31,1004.4,1006.2,1003.2,83,63,1.4,302,6.0,306,0.0
2020/08/01,1005.5,1006.8,1004.1,82,58,2.0,35,10.3,228,18.0
2020/08/02,1004.7,1006.2,1002.8,82,41,2.4,42,9.8,319,1.5
2020/08/03,1003.0,1004.0,1002.0,97,83,2.1,184,8.0,153,60.5
2020/08/04,1005.2,1007.5,/,97,81,2.8,135,10.3,157,36.5
2020/08/05,1007.4,1009.7,1005.0,78,49,1.7,356,6.1,330,0.0
2020/08/06,1007.8,1009.6,1006.0,77,42,1.9,7,12.0,62,1.0
2020/08/07,1005.7,1008.2,1003.7,77,55,1.8,93,8.7,304,0.0
2020/08/08,1002.8,1005.2,1000.5,80,57,2.3,320,9.8,288,0.0
2020/08/09,1001.4,1003.0,1000.0,80,57,2.1,286,8.6,282,0.0
2020/08/10,1002.6,1004.0,1001.3,79,49,2.4,143,11.3,151,1.5
2020/08/11,1006.9,1010.5,1002.1,86,51,3.2,155,16.7,170,6.0
2020/08/12,1010.1,1012.2,1008.5,76,53,2.4,141,11.6,236,0.0
2020/08/13,1009.2,1011.3,1007.2,74,48,2.2,2,9.6,311,0.5
2020/08/14,1007.1,1008.8,1005.0,72,48,2.4,125,9.4,302,0.0
2020/08/15,1006.7,1008.2,1005.0,84,55,1.7,36,10.0,183,45.0
2020/08/16,1006.5,1008.0,1005.0,80,47,1.7,304,14.6,97,35.0
2020/08/17,1005.4,1007.3,1003.8,79,48,1.5,245,6.8,249,0.0
2020/08/18,1005.1,1006.5,1003.7,79,51,1.9,31,10.2,244,0.0
2020/08/19,1005.5,1007.0,1004.0,72,40,2.3,27,8.7,294,0.0
2020/08/20,1006.1,1008.0,1004.3,74,58,2.0,250,8.3,236,0.0
2020/08/21,1004.9,1006.6,1003.0,82,56,2.0,311,8.1,278,0.0
2020/08/22,1002.9,1004.5,1001.7,87,63,2.1,144,9.0,334,7.5
2020/08/23,1004.2,1005.7,1002.7,82,51,1.9,245,9.3,332,34.5
2020/08/24,1002.3,1004.5,999.8,83,56,2.5,9,8.4,360,59.5
2020/08/25,1001.5,1002.8,1000.0,83,62,1.8,144,9.3,230,2.0
2020/08/26,1001.7,1003.8,1000.0,97,85,3.1,118,13.0,123,203.5
2020/08/27,1001.1,1002.5,999.2,99,91,3.1,114,11.6,264,113.0
2020/08/28,1001.7,1003.3,1000.5,92,75,2.6,140,8.8,145,29.5
2020/08/29,1001.9,1003.2,1000.5,78,56,1.9,52,6.3,252,0.0
2020/08/30,1002.0,1003.5,1000.0,76,50,1.7,302,7.9,331,0.0
2020/08/31,1000.9,1002.2,999.0,83,49,1.8,111,10.7,306,34.0
2020/09/01,1000.7,1003.2,998.7,80,57,2.5,309,11.4,309,0.0
2020/09/02,1003.7,1005.5,1002.5,83,61,2.0,237,8.8,239,0.0
2020/09/03,1006.0,1008.3,1004.3,84,65,2.1,112,8.1,105,0.0
2020/09/04,1006.2,1008.0,1004.1,76,54,1.9,50,8.4,291,0.0
2020/09/05,1003.2,1006.0,1000.8,70,50,2.2,333,9.6,350,0.0
2020/09/06,1002.0,1004.3,1000.5,45,16,3.2,352,11.9,17,0.0
2020/09/07,1006.1,1009.1,1003.5,45,23,1.6,86,6.4,282,0.0
2020/09/08,1009.2,1010.8,1008.1,54,34,1.9,267,7.2,251,0.0
2020/09/09,1007.3,1009.7,1005.1,63,39,1.7,67,8.5,259,0.0
2020/09/10,1004.8,1006.2,1002.7,64,46,1.8,18,7.1,302,0.0
2020/09/11,1006.1,1008.2,1004.7,65,48,2.1,114,7.8,255,0.0
2020/09/12,1008.3,1009.7,1006.6,77,53,1.5,121,5.7,251,29.5
2020/09/13,1008.6,1009.8,1006.5,72,48,1.9,320,7.4,302,0.0
2020/09/14,1007.5,1009.1,1005.0,75,44,2.1,8,8.9,285,0.0
2020/09/15,1007.0,1008.5,1005.0,72,49,1.8,120,7.2,331,0.0
2020/09/16,1006.3,1007.5,1005.0,63,37,2.2,311,8.9,304,0.0
2020/09/17,1006.0,1008.2,1004.3,65,42,1.9,299,7.7,282,0.0
2020/09/18,1009.2,1011.8,1007.1,72,49,1.7,24,9.3,169,8.5
2020/09/19,1010.2,1011.7,1008.5,74,50,2.2,329,8.1,320,0.0
2020/09/20,1008.2,1010.1,1006.0,70,44,2.1,175,11.5,350,0.0
2020/09/21,1007.1,1008.8,1005.1,68,45,2.5,1,10.1,310,0.0
2020/09/22,1006.6,1007.7,1004.6,63,41,2.1,12,9.0,318,0.0
2020/09/23,1007.1,1008.5,1005.6,62,45,2.1,356,8.4,318,0.0
2020/09/24,1006.9,1008.2,1005.3,68,36,2.4,355,11.5,349,0.0
2020/09/25,1006.0,1007.5,1004.2,63,37,2.7,360,10.3,334,0.0
2020/09/26,1006.1,1007.8,1004.6,56,34,1.4,354,6.3,179,0.0
2020/09/27,1007.7,1009.5,1006.0,64,45,2.4,341,8.7,310,0.0
2020/09/28,1007.4,1009.0,1005.2,70,41,2.9,2,9.6,338,0.0
2020/09/29,1005.1,1007.8,1003.2,66,43,2.7,355,8.7,306,0.0
2020/09/30,1004.4,1005.7,1002.7,54,35,2.5,2,8.8,300,0.0
2020/10/01,1005.8,1007.6,1004.1,57,37,1.7,205,6.1,232,0.0
2020/10/02,1007.6,1009.5,1005.8,65,38,1.9,1,6.4,260,0.0
2020/10/03,1007.7,1009.2,1005.2,76,47,2.2,296,8.6,294,0.0
2020/10/04,1006.4,1008.6,1004.3,74,45,1.8,255,6.5,345,0.0
2020/10/05,1007.1,1009.1,1005.5,57,33,2.0,1,7.5,309,0.0
2020/10/06,1008.8,1010.5,1007.0,55,34,3.0,360,9.5,326,0.0
2020/10/07,1009.4,1011.5,1007.1,50,35,3.1,354,9.7,354,0.0
2020/10/08,1009.7,1011.5,1007.7,47,32,2.3,357,7.4,323,0.0
2020/10/09,1009.4,1011.1,1007.2,53,35,2.7,349,9.8,330,0.0
2020/10/10,1007.8,1009.6,1005.7,62,38,2.6,1,8.9,320,0.0
2020/10/11,1006.3,1008.0,1003.7,75,45,2.3,5,8.1,313,0.0
2020/10/12,1006.5,1008.3,1004.8,83,51,2.2,359,8.2,328,0.0
2020/10/13,1008.9,1010.8,1007.0,84,54,2.2,334,9.0,321,0.0
2020/10/14,1010.3,1011.7,1008.5,75,41,1.8,338,7.2,309,0.0
2020/10/15,1009.9,1011.5,1007.8,69,33,1.7,288,6.9,297,0.0
2020/10/16,1010.0,1011.6,1008.2,74,46,1.8,12,7.5,289,0.0
2020/10/17,1010.6,1012.0,1009.0,72,44,2.0,2,7.5,354,0.0
2020/10/18,1011.2,1012.8,1009.3,68,42,2.6,356,8.5,352,0.0
2020/10/19,1010.5,1012.3,1008.0,66,37,2.5,351,9.1,355,0.0
2020/10/20,1008.5,1011.1,1006.5,71,42,2.5,5,8.3,336,0.0
2020/10/21,1004.8,1007.6,1003.0,82,47,2.0,349,6.9,314,0.0
2020/10/22,1004.6,1007.7,1002.0,81,56,4.2,356,13.7,24,0.5
2020/10/23,1007.4,1009.3,1005.0,80,59,3.1,6,9.8,347,1.5
2020/10/24,1010.1,1012.1,1008.2,58,40,1.9,354,6.2,316,0.0
2020/10/25,1010.9,1012.6,1008.8,56,42,1.6,11,6.2,286,0.0
2020/10/26,1009.2,1011.5,1006.5,65,34,2.3,351,7.9,298,0.0
2020/10/27,1009.1,1011.3,1007.0,67,35,2.0,314,7.1,285,0.0
2020/10/28,1011.6,1013.1,1010.1,72,39,1.8,354,5.9,299,0.0
2020/10/29,1013.0,1014.7,1010.7,71,42,2.2,311,8.7,339,0.0
2020/10/30,1013.1,1014.3,1011.1,56,31,2.8,348,9.9,341,0.0
2020/10/31,1012.4,1014.7,1010.0,47,29,1.9,5,7.4,337,0.0
2020/11/01,1011.0,1012.6,1009.2,65,32,1.6,316,7.1,344,0.0
2020/11/02,1009.7,1011.0,1007.5,69,32,2.1,4,8.5,343,0.0
2020/11/03,1011.2,1013.0,1009.0,55,32,3.1,4,9.4,349,0.0
2020/11/04,1012.5,1014.0,1010.5,40,25,1.8,354,5.8,282,0.0
2020/11/05,1012.4,1014.5,1010.5,52,30,2.2,353,8.2,316,0.0
2020/11/06,1008.5,1012.0,1005.0,90,62,2.6,350,13.1,340,1.0
2020/11/07,1011.2,1013.1,1008.7,99,92,2.1,2,9.3,350,47.5
2020/11/08,1012.6,1014.8,1011.0,86,58,3.6,357,9.8,338,0.0
2020/11/09,1012.9,1014.6,1011.1,88,67,2.6,358,6.9,355,5.5
2020/11/10,1014.6,1016.0,1013.2,78,66,2.6,356,8.7,337,0.0
2020/11/11,1015.0,1016.6,1013.5,65,39,2.3,6,8.5,331,0.0
2020/11/12,1013.2,1015.3,1011.3,72,44,2.1,358,6.9,328,0.0
2020/11/13,1012.0,1013.3,1010.5,85,59,3.2,359,9.1,349,0.0
2020/11/14,1013.4,1015.7,1011.0,90,70,2.0,353,6.7,352,0.0
2020/11/15,1015.0,1016.7,1013.8,88,54,1.6,357,5.5,332,0.0
2020/11/16,1013.4,1015.2,1011.5,91,54,1.5,343,6.7,279,0.0
2020/11/17,1011.9,1013.3,1010.6,78,41,1.4,102,6.7,345,0.0
2020/11/18,1010.2,1012.1,1008.2,81,46,1.6,327,7.0,310,0.0
2020/11/19,1009.3,1011.0,1007.3,67,34,1.7,7,7.0,288,0.0
2020/11/20,1010.0,1011.6,1008.3,67,36,2.2,326,8.4,334,0.0
2020/11/21,1011.5,1013.3,1010.0,87,53,1.7,1,6.0,299,0.0
2020/11/22,1014.0,1015.5,1012.5,90,51,2.1,2,8.3,324,0.0
2020/11/23,1015.1,1016.6,1013.6,82,10,2.1,356,5.8,265,0.0
2020/11/24,1015.3,1017.1,1013.0,73,43,2.4,318,8.0,325,0.0
2020/11/25,1014.7,1016.2,1012.7,78,46,2.2,325,7.3,301,0.0
2020/11/26,1014.9,1016.7,1013.0,82,42,1.5,355,8.1,282,0.0
2020/11/27,1015.6,1017.5,1013.5,75,46,2.3,340,8.3,336,0.0
2020/11/28,1016.1,1018.1,1013.8,70,36,2.7,341,8.1,337,0.0
2020/11/29,1016.4,1018.1,1014.5,68,39,2.7,359,8.5,338,0.0
2020/11/30,1016.6,1018.3,1014.3,62,39,2.2,4,6.4,311,0.0
2020/12/01,1015.4,1017.7,1013.3,66,38,2.0,356,6.1,300,0.0
2020/12/02,1013.7,1015.7,1011.2,64,38,3.3,352,10.1,345,0.0
2020/12/03,1013.4,1014.8,1011.7,51,28,3.6,2,12.2,350,0.0
2020/12/04,1013.6,1015.5,1011.5,63,43,3.0,352,8.6,348,0.0
2020/12/05,1014.4,1016.2,1012.5,64,38,2.8,355,8.1,334,0.0
2020/12/06,1014.0,1015.5,1012.0,77,43,2.4,353,6.5,337,0.0
2020/12/07,1014.4,1016.3,1012.3,83,51,3.1,355,9.5,340,0.0
2020/12/08,1013.9,1016.1,1012.1,86,58,3.3,353,10.1,350,0.0
2020/12/09,1012.6,1014.5,1010.6,90,68,2.6,7,8.2,353,4.5
2020/12/10,1012.1,1013.6,1010.0,95,76,2.8,355,8.9,355,0.0
2020/12/11,1011.3,1013.2,1009.0,91,52,2.5,8,8.3,346,0.0
2020/12/12,1011.0,1012.8,1008.7,81,43,2.5,3,7.3,281,0.0
2020/12/13,1011.6,1014.0,1009.2,75,26,2.2,351,8.1,285,0.0
2020/12/14,1014.3,1016.5,1012.0,83,48,2.9,352,9.3,331,0.0
2020/12/15,1016.8,1018.7,1014.5,71,40,3.2,354,9.1,6,0.0
2020/12/16,1017.3,1019.5,1015.5,71,42,2.7,1,8.3,30,0.0
2020/12/17,1016.4,1018.2,1014.2,71,38,2.4,3,7.7,308,0.0
2020/12/18,1016.1,1017.5,1013.5,86,57,3.5,347,11.4,353,0.0
2020/12/19,1016.9,1018.5,1014.6,77,44,4.2,359,13.3,2,0.0
2020/12/20,1017.7,1020.0,1015.6,67,43,3.4,353,9.2,339,0.0
2020/12/21,1016.6,1018.7,1015.5,90,69,2.1,355,6.7,3,2.0
2020/12/22,1014.8,1017.0,1012.5,87,45,2.7,2,7.0,349,0.0
2020/12/23,1012.5,1015.2,1010.5,96,78,3.0,354,9.6,352,0.0
2020/12/24,1011.2,1013.2,1009.0,87,64,3.9,357,9.8,338,0.0
2020/12/25,1014.4,1016.5,1012.2,70,45,2.8,3,8.6,355,0.0
2020/12/26,1014.6,1017.5,1011.5,63,14,3.0,355,11.2,322,0.0
2020/12/27,1012.3,1014.0,1010.0,72,11,3.3,353,11.3,335,0.0
2020/12/28,1010.5,1012.1,1008.5,78,37,2.5,319,6.9,1,0.0
2020/12/29,1010.1,1011.8,1007.8,88,59,2.6,5,8.4,354,0.0
2020/12/30,1016.0,1020.0,1010.8,53,17,5.4,358,18.4,5,0.0
2020/12/31,1020.9,1022.6,1019.2,30,22,3.8,360,10.9,352,0.0
2021/01/01,1020.2,1022.5,1017.5,43,16,2.6,8,7.6,316,0.0
2021/01/02,1018.4,1020.0,1015.6,66,27,2.2,355,8.7,334,0.0
2021/01/03,1018.2,1020.2,1015.5,72,17,3.0,354,10.9,321,0.0
2021/01/04,1016.7,1019.0,1014.3,84,37,3.3,2,10.1,349,0.0
2021/01/05,1015.2,1017.1,1013.0,81,51,3.9,356,11.7,353,0.0
2021/01/06,1014.6,1016.7,1012.0,76,48,2.2,11,6.5,3,0.0
2021/01/07,1015.5,1017.6,1013.3,80,47,4.0,354,11.0,14,0.0
2021/01/08,1018.9,1020.6,1017.3,X,34,4.7,1,12.2,360,0.0
2021/01/09,1019.2,1021.1,1016.6,X,15,3.4,2,10.6,3,0.0
2021/01/10,1018.6,1020.5,1015.8,X,15,2.2,11,8.9,327,0.0
2021/01/11,1018.7,1020.8,1016.3,X,35,3.8,2,14.6,353,0.0
2021/01/12,1017.8,1020.1,1015.3,X,14,4.3,358,14.5,354,0.0
2021/01/13,1015.7,1017.2,1013.2,X,10,2.3,3,8.7,320,0.0
2021/01/14,1014.5,1016.2,1012.1,X,7,1.6,5,6.3,284,0.0
2021/01/15,1012.9,1015.0,1009.6,X,18,1.7,354,6.4,301,0.0
2021/01/16,1013.3,1016.0,1011.0,X,15,1.9,351,8.6,348,0.0
2021/01/17,1017.6,1020.2,1015.5,X,26,4.5,353,12.7,9,0.0
2021/01/18,1018.2,1020.0,1015.2,X,23,2.4,354,7.7,334,0.0
2021/01/19,1016.5,1018.0,1015.0,X,24,2.0,3,7.8,330,0.0
2021/01/20,1014.9,1016.8,1013.0,X,37,2.2,351,7.7,294,0.0
2021/01/21,1011.9,1014.2,1009.6,X,25,1.7,357,5.8,302,0.0
2021/01/22,1008.3,1010.2,1006.2,X,62,1.6,350,5.4,312,2.0
2021/01/23,1010.0,1012.8,1007.5,X,57,2.0,3,6.7,330,0.0
2021/01/24,1013.7,1015.2,1012.1,X,42,2.0,2,7.7,299,0.0
2021/01/25,1014.2,1016.5,1011.6,X,20,2.7,354,8.3,322,0.0
2021/01/26,1013.6,1015.6,1011.3,X,41,1.9,20,6.9,344,0.0
2021/01/27,1013.9,1016.0,1011.3,X,35,2.5,351,7.7,350,0.0
2021/01/28,1016.2,1018.1,1014.5,X,26,3.8,354,13.2,340,0.0
2021/01/29,1018.0,1019.8,1016.5,X,20,2.4,354,7.5,328,0.0
2021/01/30,1019.4,1021.1,1017.7,X,31,1.8,349,6.8,300,0.0
2021/01/31,1019.1,1021.3,1017.0,X,19,1.9,5,7.3,310,0.0
2021/02/01,1016.6,1018.8,1014.2,X,0,1.5,353,6.7,337,0.0
2021/02/02,1016.4,1018.3,1014.3,X,1,2.1,355,7.8,326,0.0
2021/02/03,1018.3,1020.5,1016.3,X,30,1.9,4,7.3,299,0.0
2021/02/04,1018.3,1020.8,1016.2,X,32,1.8,20,7.1,299,0.0
2021/02/05,1016.6,1018.8,1014.7,X,41,1.5,1,5.5,246,0.0
2021/02/06,1014.8,1017.1,1012.8,X,14,1.8,283,6.1,258,0.0
2021/02/07,1014.8,1017.1,1012.6,X,29,2.2,2,8.0,308,0.0
2021/02/08,1015.5,1017.3,1013.8,X,26,1.6,50,5.9,286,0.0
2021/02/09,1015.2,1017.5,1013.1,X,35,2.3,316,9.0,303,0.0
2021/02/10,1010.8,1014.5,1008.1,X,58,2.3,6,7.8,324,0.0
2021/02/11,1007.8,1009.7,1006.0,X,57,4.0,357,14.8,331,10.5
2021/02/12,1010.7,1012.6,1008.8,X,52,2.9,3,8.3,18,0.0
2021/02/13,1012.1,1014.0,1010.3,X,55,2.3,338,7.2,293,0.0
2021/02/14,1011.5,1013.7,1009.6,X,47,2.2,336,9.0,336,0.0
2021/02/15,1011.9,1013.2,1010.8,X,22,2.2,1,8.0,278,0.0
2021/02/16,1012.8,1014.5,1010.7,X,7,1.7,1,7.6,277,0.0
2021/02/17,1015.4,1018.5,1013.1,X,20,3.6,3,11.2,2,0.0
2021/02/18,1019.8,1021.7,1017.8,X,14,2.4,2,8.6,340,0.0
2021/02/19,1019.7,1021.7,1018.0,X,15,1.3,6,6.7,291,0.0
2021/02/20,1017.3,1019.5,1015.3,X,14,1.6,261,6.2,238,0.0
2021/02/21,1015.2,1017.8,1013.3,X,6,1.7,124,6.4,286,0.0
2021/02/22,1013.3,1015.1,1011.3,X,9,1.8,3,6.8,285,0.0
2021/02/23,1011.5,1013.5,1009.5,X,37,2.5,359,8.8,335,0.0
2021/02/24,1010.4,1012.5,1008.2,X,42,2.2,329,6.8,298,0.0
2021/02/25,1008.1,1010.3,1005.7,X,41,2.1,320,8.4,301,0.0
2021/02/26,1007.0,1009.0,1005.0,X,31,2.4,351,9.0,311,0.0
2021/02/27,1010.6,1013.1,1008.5,X,30,2.6,4,8.9,341,0.0
2021/02/28,1012.7,1014.7,1010.8,X,37,2.2,3,7.9,302,0.0
2021/03/01,1013.3,1015.5,1011.5,X,23,1.8,337,7.2,298,0.0
2021/03/02,1014.4,1017.5,1012.2,X,34,3.2,352,11.8,331,0.0
2021/03/03,1016.8,1018.2,1015.0,X,33,2.5,351,8.9,306,0.0
2021/03/04,1015.7,1017.7,1014.0,X,30,2.6,5,7.4,299,0.0
2021/03/05,1013.7,1015.7,1011.8,X,35,1.9,6,6.7,34,0.0
2021/03/06,1013.8,1015.6,1012.0,X,36,2.2,285,7.9,353,0.0
2021/03/07,1014.9,1017.1,1013.0,X,44,3.3,356,9.2,347,0.0
2021/03/08,1016.1,1018.0,1013.6,X,35,2.8,357,9.1,321,0.0
2021/03/09,1016.4,1018.5,1013.8,X,35,2.8,355,8.0,328,0.0
2021/03/10,1016.8,1018.5,1014.2,X,35,2.1,2,7.0,324,0.0
2021/03/11,1016.8,1019.0,1014.7,X,51,2.0,349,7.8,304,0.0
2021/03/12,1015.5,1017.5,1013.0,X,19,2.3,334,11.5,323,0.0
2021/03/13,1014.8,1016.6,1012.5,X,25,2.2,352,9.1,335,0.0
2021/03/14,1013.3,1015.1,1011.2,X,27,2.5,352,8.3,316,0.0
2021/03/15,1012.0,1014.0,1010.1,X,25,2.1,335,9.5,290,0.0
2021/03/16,1010.6,1012.1,1008.7,X,17,2.0,325,8.3,307,0.0
2021/03/17,1010.2,1011.6,1008.3,X,20,2.6,355,9.2,336,0.0
2021/03/18,1010.3,1012.2,1008.5,X,24,2.4,319,7.3,303,0.0
2021/03/19,1009.7,1012.1,1007.3,X,27,1.9,331,6.6,313,0.0
2021/03/20,1008.3,1010.0,1006.5,X,25,2.0,354,8.1,339,0.0
2021/03/21,1011.9,1016.5,1008.6,X,32,4.0,353,13.6,339,0.0
2021/03/22,1017.8,1019.7,1015.3,X,45,3.3,359,11.1,339,0.0
2021/03/23,1016.5,1019.0,1013.8,X,29,1.9,37,8.1,302,0.0
2021/03/24,1013.4,1016.1,1010.8,X,48,3.0,2,9.7,353,3.0
2021/03/25,1013.4,1016.0,1011.5,X,11,2.5,1,8.6,342,0.0
2021/03/26,1012.2,1014.7,1009.7,X,29,2.2,325,9.8,338,0.0
2021/03/27,1009.2,1011.7,1006.3,X,23,1.5,267,6.4,288,0.0
2021/03/28,1006.5,1008.3,1004.5,X,30,1.7,8,8.5,296,0.0
2021/03/29,1005.7,1007.5,1003.2,X,38,1.8,53,6.8,256,0.0
2021/03/30,1004.8,1006.1,1003.5,X,46,1.7,249,7.4,286,0.0
2021/03/31,1005.1,1006.7,1003.6,X,41,1.7,261,7.5,257,0.0
2021/04/01,1005.9,1008.0,1004.2,X,28,1.4,243,6.4,247,0.0
2021/04/02,1007.5,1009.5,1006.0,X,31,1.8,262,7.0,279,0.0
2021/04/03,1008.7,1010.0,1007.0,X,31,2.6,1,9.0,323,0.0
2021/04/04,1010.2,1012.1,1008.6,X,32,3.1,356,9.2,294,0.0
2021/04/05,1013.2,1015.1,1011.5,X,14,2.8,358,6.9,136,0.0
2021/04/06,1013.8,1015.8,1011.6,X,21,2.4,5,7.3,339,0.0
2021/04/07,1012.5,1015.1,1010.5,X,37,2.1,353,6.0,3,0.0
2021/04/08,1010.8,1013.0,1008.6,X,31,2.8,333,11.6,8,0.0
2021/04/09,1012.9,1015.0,1011.0,X,28,3.2,357,9.9,332,0.0
2021/04/10,1015.1,1016.5,1013.0,X,24,3.0,3,10.7,322,0.0
2021/04/11,1015.4,1017.3,1013.8,X,26,2.6,298,7.7,285,0.0
2021/04/12,1013.4,1016.0,1011.0,X,22,2.0,313,7.0,305,0.0
2021/04/13,1011.3,1013.0,1009.3,X,34,1.9,282,7.4,317,0.0
2021/04/14,1010.5,1012.1,1008.5,X,31,3.4,2,10.1,327,0.0
2021/04/15,1010.0,1011.8,1007.5,X,34,3.3,336,10.1,353,0.0
2021/04/16,1010.4,1011.8,1009.0,X,30,2.7,355,7.2,345,0.0
2021/04/17,1011.2,1012.6,1009.1,X,15,2.8,7,10.3,335,0.0
2021/04/18,1010.5,1012.0,1008.1,X,25,1.9,159,8.6,235,0.0
2021/04/19,1009.5,1010.8,1008.0,X,19,1.8,266,6.1,268,0.0
2021/04/20,1009.0,1010.7,1007.3,X,22,2.0,280,7.7,323,0.0
2021/04/21,1007.8,1009.8,1005.8,X,21,2.3,306,9.0,334,0.0
2021/04/22,1005.0,1007.0,1003.0,X,38,2.5,313,8.9,306,0.0
2021/04/23,1004.2,1006.0,1002.0,X,29,3.2,354,12.2,307,0.0
2021/04/24,1007.1,1008.6,1005.1,X,28,1.9,247,7.7,233,0.0
2021/04/25,1009.1,1011.2,1006.7,X,57,1.7,149,6.9,237,0.5
2021/04/26,1011.1,1013.5,1009.5,X,37,1.6,237,8.1,236,0.0
2021/04/27,1012.8,1014.3,1011.5,X,50,2.0,288,7.8,277,4.5
2021/04/28,1012.1,1014.0,1010.3,X,20,2.0,1,7.2,288,0.0
2021/04/29,1009.7,1011.2,1008.3,X,77,1.9,353,5.8,19,16.0
2021/04/30,1009.5,1010.8,1008.1,X,25,1.4,3,6.8,252,0.0
2021/05/01,1009.9,1011.5,1008.3,X,13,1.4,113,5.9,246,0.0
2021/05/02,1011.5,1013.2,1009.0,X,14,2.0,2,7.4,252,0.0
2021/05/03,1011.0,1012.8,1009.0,X,21,1.6,348,6.4,331,0.0
2021/05/04,1009.1,1010.8,1006.7,X,23,2.3,35,12.0,167,0.0
2021/05/05,1010.4,1012.6,1008.7,X,33,2.6,148,8.9,308,0.0
2021/05/06,1012.1,1013.5,1010.5,X,26,2.4,353,7.7,290,0.0
,1010.2,1012.1,1007.6,71,54,1.6,279,7.7,257,0.0
2021/05/08,1007.5,1009.0,1005.6,76,53,2.0,235,9.7,239,0.0
2021/05/09,1007.1,1009.5,1004.6,74,61,2.0,3,7.3,288,0.0
2021/05/10,1006.9,1009.0,1004.8,72,60,2.0,243,7.4,260,0.0
2021/05/11,1006.9,1008.5,1005.2,76,54,2.3,238,8.8,242,0.0
2021/05/12,1006.9,1008.5,1004.7,72,48,1.7,177,7.0,256,0.0
2021/05/13,1007.1,1008.7,1005.7,74,51,2.1,155,7.9,241,0.0
2021/05/14,1007.4,1008.5,1006.0,68,54,2.2,164,10.6,244,0.0
2021/05/15,1007.1,1008.7,1005.3,68,51,2.1,177,11.4,171,0.0
2021/05/16,1007.5,1009.1,1005.6,74,57,2.6,179,9.6,175,0.0
2021/05/17,1007.9,1009.6,1006.5,75,57,2.2,149,7.8,243,0.0
2021/05/18,1007.8,1009.7,1005.6,74,54,2.1,235,9.5,242,0.0
2021/05/19,1006.5,1008.1,1004.5,74,59,2.4,159,10.9,191,0.0
2021/05/20,1007.1,1008.6,1005.5,71,57,2.1,165,9.4,133,0.0
2021/05/21,1006.6,1008.3,1004.5,73,56,2.1,245,8.5,259,0.0
2021/05/22,1005.7,1007.5,1003.7,73,54,1.9,252,7.5,227,0.0
2021/05/23,1006.3,1007.7,1005.0,72,57,1.9,253,8.0,256,0.0
2021/05/24,1007.5,1009.1,1005.7,71,49,2.2,1,8.4,237,0.0
2021/05/25,1007.7,1009.5,1005.7,70,54,2.2,2,9.4,311,0.0
2021/05/26,1007.4,1009.0,1005.6,71,57,1.7,242,8.1,241,0.0
2021/05/27,1007.3,1008.6,1005.7,72,58,2.1,253,8.6,292,0.0
2021/05/28,1007.1,1009.0,1005.5,74,55,1.8,243,7.9,243,0.0
2021/05/29,1005.4,1006.7,1003.8,74,55,1.4,189,11.0,298,21.0
2021/05/30,1003.3,1004.8,1001.5,88,72,1.9,155,6.9,167,46.5
2021/05/31,1003.1,1005.1,1001.5,85,70,1.5,243,8.4,183,26.0
2021/06/01,1004.9,1006.1,1003.5,76,60,1.9,125,12.7,123,27.0
2021/06/02,1005.7,1007.1,1003.8,72,50,2.0,233,10.2,239,0.0
2021/06/03,1004.3,1006.5,1001.8,74,63,2.2,143,9.3,201,0.0
2021/06/04,1001.6,1003.5,998.6,73,53,2.7,147,9.7,171,0.0
2021/06/05,1002.0,1004.1,1000.3,88,74,2.4,137,12.9,233,144.5
2021/06/06,1003.4,1006.0,1000.6,95,85,2.5,142,11.9,240,171.5
2021/06/07,1006.9,1008.7,1005.0,77,62,1.7,116,12.1,253,2.0
2021/06/08,1007.3,1008.6,1005.1,79,61,2.1,29,8.6,234,0.0
2021/06/09,1005.9,1007.5,1004.0,74,53,1.7,295,7.6,292,6.5
2021/06/10,1004.5,1006.5,1002.6,74,56,1.9,267,7.9,250,0.0
2021/06/11,1005.3,1008.3,1003.5,72,53,1.8,107,9.2,309,0.0
2021/06/12,1007.8,1009.8,1006.3,73,56,1.8,254,10.7,241,0.0
2021/06/13,1007.5,1009.5,1004.8,73,56,2.2,93,7.2,251,0.0
2021/06/14,1004.8,1007.1,1003.0,73,61,1.9,73,7.4,234,0.0
2021/06/15,1003.1,1004.1,1002.0,77,62,1.8,210,7.4,244,6.5
2021/06/16,1005.1,1007.0,1002.3,79,64,1.8,110,7.0,284,1.0
2021/06/17,1006.4,1007.3,1005.5,79,68,1.8,246,8.2,310,6.0
2021/06/18,1005.1,1006.6,1003.3,78,63,1.7,249,6.4,292,0.5
2021/06/19,1003.0,1004.6,1001.5,82,72,1.9,253,8.7,237,4.0
2021/06/20,1001.3,1002.6,1000.0,87,78,2.0,144,7.4,151,30.5
2021/06/21,1001.7,1003.1,999.7,90,78,2.1,112,7.6,234,64.0
2021/06/22,1003.5,1004.7,1000.5,90,75,2.1,129,8.2,293,60.5
2021/06/23,1004.7,1006.6,1002.5,85,74,1.9,116,9.0,180,38.5
2021/06/24,1004.9,1006.6,1003.3,84,62,2.3,183,10.0,173,27.0
2021/06/25,1004.8,1006.6,1003.1,85,68,2.4,146,9.3,196,17.5
2021/06/26,1006.4,1007.8,1005.0,83,56,1.6,136,8.6,243,16.5
2021/06/27,1005.5,1007.5,1003.8,87,62,1.9,146,11.7,240,15.0
2021/06/28,1004.5,1005.8,1003.5,92,71,2.4,111,9.2,153,112.0
2021/06/29,1005.2,1006.2,1004.2,90,71,2.0,94,10.5,298,64.0
2021/06/30,1005.7,1007.0,1004.5,80,61,1.9,113,9.3,246,0.0
2021/07/01,1005.7,1007.2,1004.1,76,59,2.1,119,7.7,240,0.0
2021/07/02,1006.0,1007.0,1004.8,78,65,1.9,255,7.5,244,0.5
2021/07/03,1005.4,1007.1,1004.2,75,57,2.0,168,8.3,234,0.0
2021/07/04,1005.6,1007.0,1004.6,77,63,2.6,317,9.1,336,0.0
2021/07/05,1004.7,1006.3,1002.7,77,52,2.4,317,10.2,340,1.0
2021/07/06,1004.7,1008.6,1001.0,79,63,2.2,223,9.1,171,4.0
2021/07/07,1008.9,1010.8,1007.0,73,58,2.4,173,12.0,187,0.0
2021/07/08,1009.5,1010.5,1008.0,76,66,1.8,298,8.7,237,0.0
2021/07/09,1008.2,1009.5,1006.6,73,56,1.7,238,8.4,221,0.0
2021/07/10,1008.3,1010.2,1007.0,74,58,2.0,236,7.5,223,0.0
2021/07/11,1009.3,1010.5,1008.0,80,67,2.1,27,6.6,350,3.5
2021/07/12,1008.5,1010.1,1006.7,75,58,1.8,17,7.6,235,0.0
2021/07/13,1006.8,1008.1,1005.0,75,63,2.2,83,8.8,239,0.5
2021/07/14,1006.2,1007.5,1004.6,74,62,2.3,6,11.6,338,0.0
2021/07/15,1006.6,1007.6,1005.0,81,58,1.7,9,8.3,316,3.5
2021/07/16,1006.0,1007.2,1004.6,74,57,1.6,112,7.9,240,0.0
2021/07/17,1003.2,1005.1,1001.3,72,60,1.9,113,6.8,99,0.0
2021/07/18,1001.7,1003.0,999.8,68,55,2.0,5,10.6,136,0.0
2021/07/19,1001.8,1003.2,1000.1,79,63,1.8,181,6.7,159,9.5
2021/07/20,1001.8,1003.1,1001.0,82,61,2.5,29,10.3,311,22.5
2021/07/21,998.3,1001.5,996.0,76,58,2.6,350,11.6,2,0.0
2021/07/22,993.3,996.5,991.0,81,73,5.3,346,16.7,330,0.0
2021/07/23,991.6,993.0,989.8,83,73,5.2,336,17.1,337,0.0
2021/07/24,994.1,996.3,992.3,78,60,3.6,289,12.0,296,0.0
2021/07/25,996.3,998.0,995.0,86,75,2.2,87,9.3,226,14.0
2021/07/26,996.0,998.0,994.5,82,68,2.2,242,8.5,245,2.0
2021/07/27,994.5,996.0,992.5,80,62,1.8,98,7.5,252,2.0
2021/07/28,996.2,998.7,994.0,83,65,2.1,125,9.0,237,23.5
2021/07/29,999.3,1001.7,997.5,88,64,2.1,169,9.2,194,92.0
2021/07/30,1000.8,1002.3,999.3,93,84,2.4,102,10.6,323,73.5
2021/07/31,999.9,1002.3,998.0,97,91,2.3,118,7.7,285,163.5
2021/08/01,996.8,998.2,995.0,94,82,1.9,114,9.1,249,173.0
2021/08/02,996.3,997.5,995.3,93,87,1.8,105,7.4,289,57.5
2021/08/03,997.0,999.0,995.2,88,68,2.0,142,9.1,239,3.5
2021/08/04,997.1,999.0,995.1,89,74,3.2,140,11.4,210,29.5
2021/08/05,996.6,998.5,994.6,92,81,3.5,145,11.8,155,51.0
2021/08/06,995.7,997.3,994.0,92,84,3.4,182,18.1,227,76.0
2021/08/07,998.3,1002.1,994.2,95,90,3.8,253,15.0,228,72.5
2021/08/08,1003.6,1006.2,1001.0,94,82,1.4,112,8.5,123,70.5
2021/08/09,1005.2,1006.8,1003.5,93,77,1.6,129,6.9,308,57.0
2021/08/10,1005.6,1007.3,1004.1,83,69,1.8,37,11.8,183,0.0
2021/08/11,1007.4,1008.8,1005.8,83,66,1.9,125,7.7,234,0.5
2021/08/12,1007.9,1010.0,1005.7,82,68,2.0,236,8.5,245,41.0
2021/08/13,1005.6,1007.1,1004.3,81,66,2.3,153,10.9,246,5.0
2021/08/14,1006.2,1009.2,1004.3,90,72,2.4,146,9.3,166,60.0
2021/08/15,1009.1,1011.3,1007.5,78,60,1.7,229,7.5,210,0.0
2021/08/16,1010.6,1011.6,1009.1,79,61,1.7,250,7.0,245,0.0
2021/08/17,1008.4,1010.6,1006.1,75,58,1.9,237,7.1,235,0.0
2021/08/18,1006.3,1008.0,1004.3,79,64,1.8,155,5.8,263,0.0
2021/08/19,1006.6,1008.0,1004.8,75,52,1.9,126,7.8,238,0.0
2021/08/20,1007.5,1009.0,1005.7,72,54,2.1,166,7.7,237,0.0
2021/08/21,1006.6,1007.8,1005.0,73,56,2.1,36,7.1,254,0.0
2021/08/22,1005.6,1006.7,1003.6,71,59,1.9,264,7.0,236,0.0
2021/08/23,1005.9,1007.2,1005.0,72,54,2.2,166,8.6,234,0.0
2021/08/24,1006.5,1008.3,1005.2,74,60,1.7,120,8.6,237,0.0
2021/08/25,1007.8,1010.2,1006.1,72,57,2.1,243,7.6,250,0.0
2021/08/26,1009.3,1011.0,1007.5,71,55,2.4,267,10.4,318,23.5
2021/08/27,1009.3,1010.2,1007.7,73,53,2.1,350,8.8,290,0.0
2021/08/28,1008.7,1010.0,1006.8,76,52,2.3,351,8.1,263,0.0
2021/08/29,1008.5,1009.7,1007.0,75,56,1.7,265,6.7,241,0.0
2021/08/30,1008.6,1011.0,1007.1,82,77,1.3,20,7.2,43,1.0
2021/08/31,1008.5,1009.8,1007.2,76,59,1.9,306,8.8,333,0.0
2021/09/01,1007.9,1009.2,1006.0,80,65,2.0,264,7.9,292,0.0
2021/09/02,1006.9,1009.0,1004.5,78,60,2.0,317,9.5,298,12.0
2021/09/03,1005.5,1007.5,1003.5,74,58,2.0,81,9.9,72,1.5
2021/09/04,1006.5,1007.8,1004.8,74,53,2.0,64,9.6,314,4.5
2021/09/05,1007.3,1010.3,1005.2,80,63,2.1,308,12.3,195,40.0
2021/09/06,1008.3,1010.1,1006.8,80,62,2.3,27,9.1,313,0.0
2021/09/07,1007.9,1009.5,1006.0,71,59,2.3,324,9.0,306,0.0
2021/09/08,1006.6,1008.3,1005.2,77,57,2.5,1,9.2,330,0.0
2021/09/09,1006.6,1007.7,1005.2,76,59,1.8,266,7.0,286,0.0
2021/09/10,1004.7,1007.0,1002.5,76,59,2.1,275,7.6,328,0.0
2021/09/11,997.5,1002.5,993.8,78,62,1.9,317,8.0,300,0.0
2021/09/12,996.5,1003.0,991.8,86,74,4.1,304,14.0,290,2.5
2021/09/13,1005.4,1009.0,1001.6,85,71,1.8,115,8.0,227,20.5
2021/09/14,1009.1,1010.8,1007.5,83,60,2.0,243,7.7,247,29.0
2021/09/15,1008.3,1010.3,1006.0,79,63,2.0,253,8.2,222,0.5
2021/09/16,1006.6,1008.3,1004.5,75,56,1.7,157,7.9,232,0.0
2021/09/17,1007.4,1009.2,1006.0,75,57,1.8,257,6.7,277,0.0
2021/09/18,1009.0,1010.5,1007.6,70,55,2.3,308,8.8,306,0.0
2021/09/19,1009.2,1010.3,1008.0,74,55,1.7,17,7.7,246,0.0
2021/09/20,1008.3,1010.1,1006.0,71,54,1.8,32,7.1,306,0.0
2021/09/21,1007.3,1009.0,1005.0,71,59,1.9,134,9.3,115,0.0
2021/09/22,1008.8,1011.6,1007.0,69,55,2.1,102,8.7,322,0.0
2021/09/23,1011.4,1012.8,1010.0,70,58,1.8,120,10.3,88,0.0
2021/09/24,1011.1,1012.7,1009.2,73,59,1.9,104,8.3,337,0.0
2021/09/25,1009.4,1010.7,1008.0,73,52,1.9,100,6.7,229,0.0
2021/09/26,1008.3,1009.6,1006.7,71,52,1.8,4,6.7,243,0.0
2021/09/27,1006.9,1008.5,1005.5,72,49,2.0,301,8.1,323,0.0
2021/09/28,1005.6,1007.1,1003.8,71,54,1.6,293,7.6,338,0.0
2021/09/29,1004.6,1006.0,1002.7,73,57,1.9,159,7.2,285,0.0
2021/09/30,1005.4,1007.8,1003.5,72,57,1.8,314,8.0,298,0.0
2021/10/01,1007.0,1008.8,1005.0,74,56,1.9,269,7.8,299,0.0
2021/10/02,1008.8,1010.5,1006.8,73,56,2.2,110,7.8,339,0.0
2021/10/03,1009.8,1011.1,1008.5,73,60,1.7,233,7.0,230,0.0
2021/10/04,1009.6,1011.5,1008.3,69,54,1.6,264,6.8,293,0.0
2021/10/05,1007.8,1009.5,1006.1,70,56,1.8,1,7.8,248,0.0
2021/10/06,1005.5,1008.0,1003.3,70,55,2.1,299,7.3,291,0.0
2021/10/07,1005.0,1006.5,1003.6,74,54,1.9,310,9.1,303,0.0
2021/10/08,1005.6,1007.3,1004.1,74,54,1.8,1,7.9,286,0.0
2021/10/09,1006.0,1007.7,1004.5,79,64,1.9,264,7.7,248,0.0
2021/10/10,1003.9,1006.0,1001.8,73,60,1.7,20,7.5,241,0.0
2021/10/11,995.5,1002.0,991.5,73,61,1.9,112,6.8,5,0.0
2021/10/12,996.6,1002.2,992.1,86,79,1.4,1,6.1,199,2.0
2021/10/13,1005.0,1007.6,1001.6,86,69,1.6,74,5.2,103,13.0
2021/10/14,1007.3,1009.5,1005.5,88,77,1.2,30,4.2,116,8.0
2021/10/15,1007.0,1008.5,1005.7,82,67,1.4,266,7.4,291,0.0
2021/10/16,1009.7,1012.5,1007.5,76,57,1.8,117,7.6,340,0.0
2021/10/17,1012.6,1014.0,1010.7,66,51,3.2,359,9.8,341,0.0
2021/10/18,1013.7,1015.5,1011.8,69,56,2.0,10,7.3,7,0.0
2021/10/19,1014.3,1016.1,1012.0,70,56,2.4,350,8.7,320,0.0
2021/10/20,1013.1,1014.6,1011.5,73,54,2.0,260,6.8,337,0.0
2021/10/21,1011.1,1012.6,1009.3,74,51,3.0,19,10.9,343,0.0
2021/10/22,1013.3,1015.1,1011.7,74,60,3.3,4,9.1,348,0.0
2021/10/23,1014.3,1015.6,1013.0,73,51,1.7,311,7.0,248,0.0
2021/10/24,1013.5,1015.1,1011.1,74,55,3.0,340,9.9,337,0.0
2021/10/25,1011.7,1013.6,1009.5,74,57,2.9,355,9.6,345,0.0
2021/10/26,1011.9,1013.5,1010.1,73,52,1.9,354,6.7,1,0.0
2021/10/27,1013.3,1015.0,1011.5,75,55,2.7,5,8.8,303,0.0
2021/10/28,1014.2,1015.7,1012.6,70,56,2.2,353,6.7,342,0.0
2021/10/29,1014.8,1017.0,1013.0,67,45,2.3,354,7.1,334,0.0
2021/10/30,1015.3,1016.7,1013.7,68,52,2.2,1,7.7,335,0.0
2021/10/31,1015.1,1016.3,1013.0,74,51,2.6,350,8.7,330,0.0
2021/11/01,1015.0,1016.6,1013.0,76,58,2.2,8,8.3,303,0.0
2021/11/02,1014.4,1016.5,1012.1,73,58,2.4,355,8.3,319,0.0
2021/11/03,1013.1,1014.8,1011.0,73,56,1.8,2,5.9,284,0.0
2021/11/04,1012.2,1013.8,1010.6,74,55,2.2,350,9.2,335,0.0
2021/11/05,1010.0,1012.5,1007.6,79,55,1.7,357,6.2,238,0.0
2021/11/06,1007.4,1008.5,1005.5,73,50,2.1,63,8.6,322,0.0
2021/11/07,1009.0,1010.6,1007.6,78,57,2.1,357,6.2,290,0.0
2021/11/08,1011.3,1014.0,1009.5,78,62,3.4,356,11.1,339,0.0
2021/11/09,1014.3,1016.6,1012.6,61,45,3.4,353,9.0,349,0.0
2021/11/10,1014.3,1015.8,1012.2,49,26,3.6,356,10.7,355,0.0
2021/11/11,1014.1,1016.3,1011.5,51,31,2.7,359,7.8,335,0.0
2021/11/12,1014.7,1016.8,1013.2,60,38,2.2,354,9.2,326,0.0
2021/11/13,1014.4,1016.7,1012.0,76,54,3.5,355,11.8,28,0.0
2021/11/14,1013.9,1016.0,1011.3,73,54,3.0,2,8.7,349,0.0
2021/11/15,1013.2,1015.5,1011.2,71,50,1.7,349,6.5,293,0.0
2021/11/16,1013.6,1015.0,1011.8,75,49,1.9,2,9.8,303,0.0
2021/11/17,1013.1,1015.0,1011.7,82,58,2.5,356,8.2,337,0.0
2021/11/18,1010.0,1012.6,1007.0,80,56,3.8,1,11.6,342,0.0
2021/11/19,1008.2,1009.8,1006.2,81,64,3.0,357,11.4,350,0.0
2021/11/20,1009.6,1011.6,1008.1,80,58,1.8,355,6.9,7,0.0
2021/11/21,1010.6,1012.0,1009.0,79,55,2.3,6,8.0,299,0.0
2021/11/22,1011.7,1014.5,1009.7,80,60,3.5,13,12.3,332,0.0
2021/11/23,1015.8,1017.8,1013.8,69,58,3.8,354,9.2,336,0.0
2021/11/24,1015.9,1017.7,1014.0,72,54,2.6,4,8.0,310,0.0
2021/11/25,1014.2,1016.2,1012.5,76,61,2.4,353,8.8,354,0.0
2021/11/26,1014.1,1015.5,1012.0,80,66,3.2,354,9.8,2,0.0
2021/11/27,1014.9,1016.1,1013.7,73,57,2.4,7,8.0,349,0.0
2021/11/28,1015.1,1017.2,1013.5,88,77,1.4,325,4.6,328,3.0
2021/11/29,1012.5,1014.1,1010.6,87,64,1.7,7,5.8,347,0.0
2021/11/30,1012.3,1014.1,1009.6,77,54,4.2,356,14.8,353,0.0
2021/12/01,1015.3,1017.1,1013.3,58,44,3.9,355,12.8,4,0.0
2021/12/02,1016.2,1018.0,1013.3,66,43,2.8,1,10.4,329,0.0
2021/12/03,1016.7,1018.8,1014.1,58,32,3.3,355,9.2,328,0.0
2021/12/04,1017.6,1019.1,1015.6,56,36,2.1,354,5.9,335,0.0
2021/12/05,1016.7,1018.5,1014.7,65,35,2.3,328,9.9,332,0.0
2021/12/06,1014.9,1016.1,1013.1,80,58,3.3,353,12.3,332,0.0
2021/12/07,1016.3,1018.1,1014.5,75,53,2.1,328,6.8,341,0.0
2021/12/08,1018.3,1020.2,1016.5,72,53,1.8,2,6.4,348,0.0
2021/12/09,1018.0,1019.6,1016.3,77,51,1.6,333,9.1,333,0.0
2021/12/10,1016.6,1018.1,1015.0,80,49,1.4,255,5.4,241,0.0
2021/12/11,1017.2,1019.5,1015.0,78,54,2.3,4,9.3,341,0.0
2021/12/12,1016.8,1018.7,1014.2,82,56,2.8,2,9.3,353,0.0
2021/12/13,1016.3,1018.1,1014.1,76,56,3.1,1,9.4,346,0.0
2021/12/14,1015.0,1017.2,1012.5,78,52,1.7,3,7.7,340,0.0
2021/12/15,1014.1,1016.1,1011.2,85,58,2.2,355,6.0,308,0.0
2021/12/16,1013.5,1014.8,1011.1,83,10,2.1,354,5.8,291,0.0
2021/12/17,1014.4,1017.2,1012.0,75,59,4.2,352,11.9,348,0.0
2021/12/18,1018.1,1019.8,1016.0,63,49,3.8,357,9.4,342,0.0
2021/12/19,1018.1,1020.0,1015.8,64,48,2.4,1,6.7,7,0.0
2021/12/20,1016.2,1018.3,1014.0,74,54,2.2,13,7.3,1,0.0
2021/12/21,1011.5,1014.1,1008.6,91,83,2.4,26,9.2,354,8.5
2021/12/22,1011.3,1013.0,1009.8,87,74,3.4,353,8.5,332,0.0
2021/12/23,1012.6,1014.3,1010.7,84,71,2.5,4,8.2,320,0.0
2021/12/24,1013.1,1015.0,1011.5,87,75,2.8,339,9.8,2,0.0
2021/12/25,1016.7,1019.8,1014.0,81,73,3.3,356,9.7,353,0.5
2021/12/26,1020.7,1022.6,1018.8,80,64,3.5,358,9.8,343,0.5
2021/12/27,1022.4,1024.5,1020.3,83,75,3.4,4,8.2,5,0.0
2021/12/28,1020.6,1023.0,1017.8,81,58,2.7,4,8.1,329,0.0
2021/12/29,1019.8,1021.3,1018.0,83,54,2.9,359,9.2,354,0.0
2021/12/30,1020.3,1022.0,1018.0,76,56,3.3,356,8.9,343,0.0
2021/12/31,1021.4,1022.6,1019.0,69,51,3.6,358,11.2,332,0.0
2022/01/01,1020.4,1022.5,1018.0,68,30,3.5,5,11.7,1,0.0
2022/01/02,1018.8,1020.7,1016.5,78,42,2.9,1,8.4,321,0.0
2022/01/03,1017.5,1019.5,1015.1,73,40,3.1,350,9.4,351,0.0
2022/01/04,1016.6,1018.7,1014.2,81,52,2.4,352,6.2,331,0.0
2022/01/05,1014.4,1016.0,1012.0,82,63,2.7,359,8.9,351,0.0
2022/01/06,1015.3,1018.2,1013.2,77,62,3.8,356,10.2,7,0.0
2022/01/07,1017.3,1019.5,1015.0,80,64,3.5,357,9.5,349,0.0
2022/01/08,1015.7,1017.7,1013.3,75,54,2.8,353,7.2,326,0.0
2022/01/09,1013.9,1015.5,1011.5,77,60,3.0,2,10.4,339,0.0
2022/01/10,1013.3,1015.1,1010.8,82,61,3.2,358,8.9,318,0.0
2022/01/11,1015.0,1017.8,1012.6,72,53,4.5,353,13.4,339,0.0
2022/01/12,1017.5,1019.8,1015.6,68,53,3.1,354,8.1,355,0.0
2022/01/13,1017.5,1019.7,1014.8,67,44,4.1,359,14.1,339,0.0
2022/01/14,1017.8,1020.0,1015.1,67,43,2.4,10,7.4,1,0.0
2022/01/15,1017.6,1019.8,1015.0,72,52,2.6,356,10.6,328,0.0
2022/01/16,1017.2,1019.2,1014.5,80,52,2.6,18,8.6,326,0.0
2022/01/17,1016.3,1018.2,1014.2,81,60,3.5,355,9.8,341,3.0
2022/01/18,1015.7,1017.5,1013.5,89,77,3.0,355,8.3,353,4.0
2022/01/19,1013.8,1013.5,1011.3,83,73,3.3,334,8.4,343,0.0
2022/01/20,1012.9,1014.8,1011.1,80,61,2.4,350,7.1,302,0.0
2022/01/21,1013.3,1015.4,1011.8,81,56,3.0,2,9.3,12,0.0
2022/01/22,1010.6,1013.7,1007.6,91,76,3.0,359,12.6,2,10.0
2022/01/23,1008.8,1010.2,1007.2,92,72,1.8,337,8.1,334,0.0
2022/01/24,1010.0,1011.8,1008.8,89,72,3.1,355,9.0,353,0.0
2022/01/25,1012.2,1014.2,1010.0,83,54,2.9,337,8.5,330,0.0
2022/01/26,1013.1,1014.9,1011.0,86,60,2.4,352,7.8,301,0.0
2022/01/27,1012.9,1015.0,1010.7,86,53,2.6,357,8.3,328,0.0
2022/01/28,1012.0,1013.5,1009.9,89,74,2.6,355,7.7,340,8.5
2022/01/29,1008.9,1011.8,1006.2,93,85,3.1,1,8.7,4,12.0
2022/01/30,1012.0,1015.8,1008.3,82,69,4.5,352,13.8,345,0.5
2022/01/31,1015.2,1016.6,1013.2,74,53,2.5,2,9.1,337,0.0
2022/02/01,1014.8,1016.1,1012.7,76,62,2.9,353,8.2,353,0.0
2022/02/02,1014.5,1016.0,1012.9,85,66,3.3,2,10.6,341,0.0
2022/02/03,1013.2,1014.2,1011.4,87,70,3.2,359,9.1,20,1.0
2022/02/04,1014.9,1017.4,1013.3,80,63,3.9,357,10.8,317,0.0
2022/02/05,1018.3,1019.9,1016.5,75,58,3.7,350,11.2,338,0.0
2022/02/06,1017.8,1020.1,1015.2,76,52,3.3,354,10.0,346,0.0
2022/02/07,1013.6,1016.6,1010.1,81,60,2.6,5,12.9,355,6.0
2022/02/08,1013.9,1015.5,1011.8,78,63,3.7,356,11.4,1,0.5
2022/02/09,1014.7,1017.6,1011.9,79,54,2.8,352,9.4,326,0.0
2022/02/10,1013.7,1016.2,1010.6,85,59,3.1,357,9.6,334,0.0
2022/02/11,1013.3,1015.9,1011.4,89,70,2.9,354,8.4,337,0.0
2022/02/12,1011.4,1013.9,1009.2,87,66,3.6,352,10.4,355,0.0
2022/02/13,1009.7,1011.1,1007.1,85,64,3.0,356,9.7,355,0.0
2022/02/14,1011.6,1013.8,1009.8,83,70,4.2,1,14.2,343,0.0
2022/02/15,1013.3,1015.8,1011.5,79,67,2.8,342,8.4,330,0.0
2022/02/16,1011.9,1014.4,1009.1,81,54,3.1,332,9.5,338,0.0
2022/02/17,1011.0,1012.4,1009.1,87,73,3.0,354,9.8,22,0.0
2022/02/18,1011.2,1013.5,1009.1,87,68,3.5,359,8.8,350,1.5
2022/02/19,1011.4,1013.4,1009.3,91,68,4.1,356,11.3,360,14.0
2022/02/20,1015.2,1018.0,1012.4,97,92,5.1,1,15.0,341,15.0
2022/02/21,1017.1,1018.6,1015.5,97,92,2.5,354,7.0,360,6.0
2022/02/22,1016.1,1017.8,1014.2,94,86,2.6,356,6.8,1,0.0
2022/02/23,1016.9,1019.5,1014.9,94,88,4.1,353,13.1,355,11.0
2022/02/24,1019.3,1020.9,1017.7,79,68,2.9,358,9.0,355,0.0
2022/02/25,1019.0,1021.6,1016.6,82,63,2.7,328,9.8,335,0.0
2022/02/26,1017.0,1019.6,1014.5,86,60,2.6,323,8.3,335,0.0
2022/02/27,1015.5,1019.0,1013.0,77,39,2.0,354,7.2,354,0.0
2022/02/28,1014.7,1017.6,1012.4,67,38,1.6,1,6.8,304,0.0
2022/03/01,1013.3,1015.8,1010.9,68,44,1.6,53,7.7,293,0.0
2022/03/02,1013.2,1015.1,1011.1,78,58,2.6,356,9.3,340,0.0
2022/03/03,1012.8,1015.7,1010.1,79,43,2.3,357,7.6,299,0.0
2022/03/04,1010.7,1013.2,1008.3,72,44,2.0,352,7.1,336,0.0
2022/03/05,1009.8,1011.5,1008.0,76,57,2.5,358,9.9,308,0.0
2022/03/06,1011.3,1013.4,1009.0,80,58,2.4,299,8.1,308,0.0
2022/03/07,1011.8,1013.7,1009.3,85,66,4.5,353,17.0,3,1.5
2022/03/08,1012.8,1014.4,1010.7,66,37,2.4,358,12.2,14,0.0
2022/03/09,1013.4,1015.2,1011.0,60,34,2.5,334,10.0,337,0.0
2022/03/10,1012.6,1015.0,1010.1,64,40,2.4,25,10.7,332,0.0
2022/03/11,1010.3,1012.5,1008.1,58,35,2.2,343,9.8,9,0.0
2022/03/12,1010.0,1011.5,1008.5,68,49,1.5,303,7.2,349,0.0
2022/03/13,1009.6,1011.7,1006.5,62,32,1.7,6,7.0,335,0.0
2022/03/14,1008.5,1010.9,1006.4,61,37,2.0,32,7.4,2,0.0
2022/03/15,1007.2,1008.6,1005.3,69,46,2.4,351,8.7,310,0.0
2022/03/16,1008.4,1009.7,1006.4,84,63,1.5,35,6.6,285,0.0
2022/03/17,1005.9,1008.4,1003.6,77,55,1.8,3,6.4,354,2.0
2022/03/18,1004.6,1006.1,1003.2,76,58,2.4,323,9.8,324,0.0
2022/03/19,1007.0,1009.7,1005.2,74,59,1.9,314,7.5,311,0.0
2022/03/20,1009.8,1011.7,1008.2,79,57,2.2,15,7.1,309,0.0
2022/03/21,1010.3,1012.6,1008.3,86,61,1.6,37,6.9,334,9.5
2022/03/22,1009.5,1011.0,1007.8,78,67,2.3,5,8.9,353,0.0
2022/03/23,1010.3,1012.2,1008.3,92,79,2.7,2,9.5,343,15.5
2022/03/24,1011.6,1013.9,1010.2,92,80,1.9,354,5.4,350,1.5
2022/03/25,1008.6,1010.7,1005.8,78,50,2.5,13,13.6,164,0.0
2022/03/26,1009.1,1010.7,1007.4,75,48,1.7,163,6.0,154,0.0
2022/03/27,1009.6,1011.6,1007.9,81,70,2.4,349,7.5,4,0.0
2022/03/28,1012.8,1015.7,1010.0,89,81,3.2,357,10.0,355,0.0
2022/03/29,1012.9,1014.8,1010.3,86,70,2.7,351,7.9,343,0.0
2022/03/30,1012.4,1014.4,1009.9,83,60,2.4,2,8.9,343,0.0
2022/03/31,1012.6,1015.0,1010.0,84,60,2.4,319,10.1,352,0.0
2022/04/01,1015.0,1016.9,1013.3,75,65,4.2,353,12.0,354,0.0
2022/04/02,1016.4,1018.0,1015.1,86,70,3.9,360,12.2,345,0.0
2022/04/03,1016.5,1018.0,1015.1,89,76,3.0,356,8.4,354,2.5
2022/04/04,1017.2,1018.3,1015.5,75,53,2.6,356,10.8,322,0.0
2022/04/05,1015.6,1018.3,1012.4,74,38,2.6,350,9.1,31,0.0
2022/04/06,1013.2,1015.1,1011.1,79,49,2.2,359,8.2,326,0.0
2022/04/07,1011.7,1013.2,1009.8,81,46,2.2,354,9.7,331,0.0
2022/04/08,1010.3,1011.7,1008.5,71,54,1.5,295,6.5,307,0.0
2022/04/09,1009.3,1010.5,1007.3,73,55,1.5,266,7.4,296,0.0
2022/04/10,1008.4,1010.1,1006.4,61,37,2.0,305,8.9,282,0.0
2022/04/11,1007.3,1009.2,1005.2,63,37,2.0,47,8.3,288,0.0
2022/04/12,1005.5,1007.6,1003.4,63,47,2.2,4,9.3,303,0.0
2022/04/13,1003.8,1005.2,1001.8,71,53,1.7,264,8.2,280,0.0
2022/04/14,1004.2,1006.4,1002.1,74,56,2.9,326,11.1,339,0.0
2022/04/15,1007.3,1009.7,1005.3,71,54,3.3,352,10.3,342,0.0
2022/04/16,1009.1,1011.5,1007.5,68,53,2.1,277,8.1,2,0.0
2022/04/17,1011.6,1013.5,1009.7,69,52,3.0,1,9.4,339,0.0
2022/04/18,1012.2,1013.7,1010.3,71,53,2.5,360,8.7,285,0.0
2022/04/19,1012.5,1013.9,1011.2,77,64,3.3,354,8.5,344,0.0
2022/04/20,1011.2,1013.2,1009.1,77,61,2.4,34,7.2,302,0.0
2022/04/21,1009.9,1011.4,1008.2,72,52,2.1,58,6.5,238,0.0
2022/04/22,1009.2,1011.1,1007.0,73,58,1.5,236,7.5,293,0.0
2022/04/23,1008.0,1010.6,1006.2,82,63,1.8,162,9.3,189,7.5
2022/04/24,1006.8,1008.3,1004.5,77,61,1.9,244,7.3,288,0.0
2022/04/25,1006.2,1007.7,1004.4,77,58,2.2,210,12.4,192,0.5
2022/04/26,1005.9,1007.5,1004.3,77,64,2.2,237,10.1,184,0.0
2022/04/27,1007.2,1009.0,1005.5,74,53,2.1,20,7.4,229,0.0
2022/04/28,1008.3,1009.4,1006.7,80,65,2.0,3,8.3,240,0.0
2022/04/29,1007.8,1010.1,1005.3,77,62,2.5,353,8.7,2,0.0
2022/04/30,1008.9,1010.4,1006.8,76,57,3.4,1,10.1,328,0.0
2022/05/01,1008.3,1010.3,1006.7,77,65,3.8,352,10.4,355,0.0
2022/05/02,1009.6,1011.6,1007.6,95,84,3.2,357,10.9,349,21.5
2022/05/03,1010.9,1012.2,1009.6,89,75,1.6,347,6.7,332,0.5
2022/05/04,1009.1,1010.9,1007.5,82,63,2.3,335,9.1,301,0.0
2022/05/05,1007.5,1008.7,1005.8,84,66,2.8,355,9.9,335,0.0
2022/05/06,1007.9,1009.3,1006.1,82,62,2.0,354,8.1,296,0.0
2022/05/07,1008.8,1010.4,1007.0,80,58,2.3,323,7.9,307,0.0
2022/05/08,1009.1,1010.4,1007.8,83,60,2.3,354,7.6,317,0.0
2022/05/09,1008.6,1010.2,1006.8,78,59,2.7,351,8.9,346,0.0
2022/05/10,1006.9,1008.5,1005.0,76,50,1.8,3,8.7,228,0.0
2022/05/11,1006.0,1007.8,1004.7,79,60,1.3,360,7.2,173,6.5
2022/05/12,1005.2,1006.3,1004.3,78,68,1.7,115,7.9,243,1.0
2022/05/13,1004.4,1005.6,1003.2,69,57,1.6,128,7.8,234,0.5
2022/05/14,1006.1,1008.1,1003.5,91,76,1.8,113,8.5,167,64.0
2022/05/15,1007.0,1008.4,1005.4,95,88,2.3,359,6.7,12,18.5
2022/05/16,1007.4,1009.4,1005.1,97,90,3.2,354,9.4,353,15.0
2022/05/17,1009.0,1010.7,1007.1,86,71,2.8,354,7.2,342,0.5
2022/05/18,1009.5,1010.9,1008.1,80,59,2.1,344,7.7,332,0.0
2022/05/19,1007.5,1009.3,1005.4,84,67,1.9,313,7.0,246,0.0
2022/05/20,1003.9,1006.7,1001.6,84,65,2.8,353,9.5,307,0.0
2022/05/21,1004.2,1005.6,1002.9,79,61,2.2,360,7.2,291,0.0
2022/05/22,1004.4,1005.6,1002.9,79,59,1.9,337,7.1,286,0.0
2022/05/23,1005.1,1007.2,1003.6,80,64,2.2,356,7.8,300,0.0
2022/05/24,1006.9,1008.4,1005.9,82,63,1.6,182,10.5,246,5.5
2022/05/25,1005.5,1007.1,1003.6,83,60,2.1,121,8.7,239,0.5
2022/05/26,1003.1,1005.0,1001.0,89,75,2.0,133,12.4,167,98.0
2022/05/27,1003.3,1005.9,1001.9,89,73,1.8,123,12.1,180,24.5
2022/05/28,1004.6,1005.9,1003.4,75,54,1.6,219,6.9,244,0.0
2022/05/29,1004.4,1005.4,1003.2,75,60,1.9,241,7.6,237,0.0
2022/05/30,1004.3,1005.8,1002.8,74,62,1.9,161,8.2,182,0.0
2022/05/31,1005.4,1006.8,1003.1,74,63,2.0,170,10.1,165,0.0
2022/06/01,1005.1,1006.3,1003.2,75,57,2.1,245,8.1,237,0.0
2022/06/02,1004.2,1005.8,1002.8,77,61,2.0,255,7.6,246,0.0
2022/06/03,1004.7,1006.0,1003.3,73,56,2.0,247,8.0,242,0.0
2022/06/04,1005.3,1006.7,1004.0,83,73,2.0,120,9.2,313,8.5
2022/06/05,1003.7,1005.0,1002.1,76,62,2.1,124,9.7,213,10.5
2022/06/06,1002.5,1003.5,1001.2,79,62,2.0,237,6.7,238,7.5
2022/06/07,1003.6,1005.9,1001.6,88,80,2.1,84,9.8,155,70.5
2022/06/08,1005.0,1006.7,1003.9,82,67,2.2,112,13.3,187,7.0
2022/06/09,1005.2,1006.4,1003.5,78,61,2.3,132,8.6,158,11.5
2022/06/10,1004.7,1006.7,1003.2,76,63,2.1,140,8.0,195,0.0
2022/06/11,1005.8,1008.2,1004.4,77,63,2.2,108,12.4,335,33.0
2022/06/12,1006.2,1007.5,1004.9,75,59,1.5,190,7.4,349,13.5
2022/06/13,1004.8,1006.0,1003.7,71,57,1.9,147,8.2,236,0.0
2022/06/14,1005.8,1008.0,1004.3,74,59,1.6,155,11.2,244,0.0
2022/06/15,1007.1,1008.8,1005.8,71,55,1.6,242,8.1,235,0.0
2022/06/16,1007.1,1008.3,1005.4,72,46,1.6,245,7.5,221,0.0
2022/06/17,1006.2,1007.1,1005.1,72,57,1.8,153,9.0,234,0.0
2022/06/18,1005.6,1006.7,1004.7,72,53,1.9,237,7.9,249,0.0
2022/06/19,1005.2,1005.9,1004.2,71,56,1.9,216,8.9,242,0.0
2022/06/20,1003.7,1004.9,1002.5,70,52,1.9,242,7.6,244,0.0
2022/06/21,1004.5,1006.8,1002.2,71,54,2.1,118,7.6,253,0.0
2022/06/22,1007.4,1009.5,1005.3,69,51,2.0,113,8.4,235,0.0
2022/06/23,1007.8,1009.2,1005.4,69,51,2.0,145,11.4,245,0.0
2022/06/24,1005.8,1007.5,1003.6,68,57,2.1,57,11.0,173,0.0
2022/06/25,1005.5,1007.5,1003.2,72,56,2.7,197,11.3,186,1.0
2022/06/26,1007.2,1009.1,1005.0,73,64,1.9,272,7.3,250,0.0
2022/06/27,1005.6,1007.3,1003.5,73,58,2.0,1,9.4,298,0.5
2022/06/28,1002.6,1004.5,1000.7,75,57,2.1,99,7.7,275,2.0
2022/06/29,1001.4,1002.6,1000.1,81,59,1.9,238,9.0,183,6.0
2022/06/30,1001.3,1002.8,999.1,73,54,1.8,29,9.0,339,3.5
