date,Tanzi_StnPres,Tanzi_StnPresMax,Tanzi_StnPresMin,Tanzi_RH,Tanzi_RHMin,Tanzi_WS,Tanzi_WD,Tanzi_WSGust,Tanzi_WDGust,Tanzi_Precp
2018/01/01,998.9,1001.2,996.6,71,44,0.9,35,5.8,314,0.0
2018/01/02,998.3,1000.5,996.0,78,42,0.5,99,6.1,314,0.0
2018/01/03,998.3,1001.0,996.1,83,52,0.4,28,5.2,332,0.0
2018/01/04,997.1,999.5,995.2,91,67,0.6,307,5.9,307,3.5
2018/01/05,995.6,997.9,993.8,91,79,0.8,6,6.8,311,1.0
2018/01/06,994.9,996.7,993.5,91,77,0.4,316,5.0,17,16.5
2018/01/07,994.2,996.0,992.5,94,75,0.6,41,7.9,25,15.0
2018/01/08,994.5,998.9,991.4,98,86,0.7,31,9.1,267,32.0
2018/01/09,1000.1,1002.6,997.6,94,78,1.3,7,9.7,323,25.5
2018/01/10,1002.7,1005.2,1000.7,60,41,1.3,32,8.4,319,1.0
2018/01/11,1003.7,1005.5,1001.5,56,35,1.5,46,9.1,35,0.0
2018/01/12,1004.8,1006.5,1002.7,51,31,1.3,28,8.0,26,0.0
2018/01/13,1004.0,1006.8,1001.4,58,32,0.8,16,5.7,313,0.0
2018/01/14,1001.1,1004.0,998.5,71,29,0.6,315,6.2,275,0.0
2018/01/15,997.7,1000.5,995.4,82,47,0.7,54,5.6,339,0.0
2018/01/16,994.5,996.6,992.3,69,28,0.5,306,3.4,275,0.0
2018/01/17,994.1,995.8,992.8,71,50,0.7,300,4.5,281,0.0
2018/01/18,995.9,997.9,994.2,84,61,0.7,314,4.2,319,0.0
2018/01/19,996.9,998.8,995.5,86,65,0.9,51,5.2,29,0.5
2018/01/20,995.8,998.0,993.9,86,71,0.8,313,4.5,308,0.0
2018/01/21,994.4,996.0,992.5,88,64,0.8,325,5.2,282,0.0
2018/01/22,993.2,995.1,990.1,84,66,0.9,306,6.0,338,0.0
2018/01/23,994.3,996.0,992.3,77,59,1.0,312,6.7,313,0.0
2018/01/24,994.6,996.6,992.2,72,48,0.9,11,5.7,27,0.0
2018/01/25,995.2,997.0,993.5,78,52,0.9,315,5.5,332,0.0
2018/01/26,996.0,998.3,993.9,78,54,1.6,44,8.2,313,0.0
2018/01/27,995.9,998.0,994.4,79,57,0.8,35,5.5,63,0.0
2018/01/28,994.1,996.0,991.9,90,71,1.2,347,8.0,44,1.0
2018/01/29,996.3,998.8,993.6,89,82,1.3,27,9.0,34,2.5
2018/01/30,998.3,1000.4,996.4,90,78,0.8,316,6.1,18,2.5
2018/01/31,998.0,999.5,996.0,92,75,1.0,305,10.1,23,4.0
2018/02/01,999.1,1001.2,996.9,88,72,1.3,44,8.6,34,2.5
2018/02/02,1001.3,1003.0,999.1,86,70,1.4,34,8.4,32,0.0
2018/02/03,1002.1,1003.6,1000.4,85,77,1.3,29,7.3,32,2.0
2018/02/04,1002.5,1004.0,1001.1,85,80,1.3,38,6.9,333,0.0
2018/02/05,1003.0,1005.1,1001.2,79,69,1.4,38,7.4,32,0.0
2018/02/06,1000.5,1003.4,998.3,65,49,1.2,22,5.8,320,0.0
2018/02/07,998.7,1000.7,996.6,86,72,0.6,6,5.1,284,3.0
2018/02/08,997.0,1000.2,994.7,89,72,0.7,34,5.1,26,4.0
2018/02/09,995.7,997.4,993.8,92,76,0.6,22,5.7,321,0.5
2018/02/10,996.6,999.2,994.4,92,72,1.0,319,7.9,28,0.0
2018/02/11,1000.6,1004.0,998.3,82,65,1.5,48,9.6,42,0.5
2018/02/12,1003.7,1005.6,1001.5,64,39,1.1,18,8.4,18,0.0
2018/02/13,1002.5,1004.5,999.9,65,40,0.8,47,4.9,247,0.0
2018/02/14,999.3,1002.0,996.4,69,31,0.4,272,4.8,242,0.0
2018/02/15,996.7,998.9,994.1,64,31,0.4,4,4.8,318,0.0
2018/02/16,995.0,996.4,993.5,75,51,0.8,311,5.2,307,0.0
2018/02/17,996.1,998.6,994.1,78,54,1.2,301,6.9,340,0.0
2018/02/18,997.9,1000.1,995.8,73,40,0.8,10,5.1,271,0.0
2018/02/19,996.5,999.6,993.8,64,31,0.5,26,6.6,284,0.0
2018/02/20,994.8,997.3,992.5,78,55,0.8,311,5.1,325,0.0
2018/02/21,994.4,996.0,991.9,81,65,1.3,26,8.1,36,0.0
2018/02/22,996.8,999.5,995.1,91,72,1.2,13,8.0,22,12.5
2018/02/23,998.3,1000.2,996.7,80,59,0.9,29,5.1,353,0.0
2018/02/24,999.1,1002.0,997.7,79,52,0.6,5,4.3,283,0.0
2018/02/25,997.8,999.3,996.3,85,64,1.0,25,9.2,49,0.0
2018/02/26,997.7,999.5,995.8,74,51,1.1,15,6.5,18,0.0
2018/02/27,997.2,999.8,995.5,81,70,0.5,18,4.3,281,0.0
2018/02/28,994.0,995.5,992.8,87,60,0.3,58,5.0,285,1.0
2018/03/01,992.7,994.8,991.0,75,37,0.7,72,5.8,280,0.0
2018/03/02,992.8,995.1,991.0,79,53,0.5,6,5.0,333,0.0
2018/03/03,992.0,993.9,990.3,74,54,0.6,258,5.6,248,0.0
2018/03/04,992.8,994.4,991.3,77,61,0.5,81,5.5,281,0.0
2018/03/05,993.8,995.7,991.9,76,51,0.7,5,6.6,13,0.0
2018/03/06,996.9,999.1,994.8,75,59,1.3,16,6.8,21,0.0
2018/03/07,996.4,998.5,993.8,80,56,1.0,316,7.4,351,0.0
2018/03/08,997.3,999.9,994.7,90,85,1.4,8,8.4,32,12.5
2018/03/09,999.5,1001.1,997.7,64,50,1.3,18,7.7,45,0.0
2018/03/10,1000.6,1002.4,999.2,62,34,0.8,4,7.0,328,0.0
2018/03/11,1000.9,1003.0,999.5,66,32,0.6,10,6.1,281,0.0
2018/03/12,998.9,1001.1,996.9,72,33,0.6,46,4.6,279,0.0
2018/03/13,997.3,997.9,995.8,67,24,0.6,42,4.5,282,0.0
2018/03/14,995.8,997.6,994.2,61,36,0.6,82,4.6,251,0.0
2018/03/15,994.3,995.8,992.6,76,40,0.5,8,6.6,313,20.5
2018/03/16,995.0,997.1,991.7,81,57,1.0,31,7.3,7,0.5
2018/03/17,997.3,999.1,995.4,80,57,1.0,38,5.9,339,0.0
2018/03/18,996.2,997.9,994.8,82,49,0.6,19,5.5,315,0.0
2018/03/19,992.6,995.1,989.2,73,50,0.6,80,4.8,271,0.0
2018/03/20,991.8,994.8,989.8,87,68,1.0,38,7.4,9,8.0
2018/03/21,995.2,997.3,994.1,68,48,1.5,36,8.6,353,0.0
2018/03/22,995.5,997.1,993.9,49,32,1.1,44,6.5,276,0.0
2018/03/23,998.1,999.6,996.6,48,15,0.9,318,7.3,263,0.0
2018/03/24,999.4,1002.0,997.4,54,19,0.6,2,6.9,305,0.0
2018/03/25,999.1,1001.2,997.6,59,26,0.7,76,5.3,302,0.0
2018/03/26,997.7,1000.1,996.0,72,47,0.8,305,6.9,8,0.0
2018/03/27,995.5,997.6,993.8,73,55,0.8,23,7.3,303,0.0
2018/03/28,993.9,995.8,992.0,75,48,0.8,299,6.5,325,0.0
2018/03/29,993.7,995.5,992.5,79,55,0.7,310,4.7,291,0.0
2018/03/30,993.7,996.3,992.2,67,42,0.7,36,6.7,271,0.0
2018/03/31,993.1,995.2,991.0,66,43,0.7,90,5.5,315,0.0
2018/04/01,993.0,995.2,991.6,70,49,0.6,17,5.5,260,0.0
2018/04/02,993.4,994.9,992.2,70,51,0.6,61,4.5,281,0.0
2018/04/03,994.2,996.0,992.6,71,48,0.6,69,5.3,293,0.0
2018/04/04,993.3,995.2,991.9,71,51,0.7,322,5.3,285,0.0
2018/04/05,992.2,994.1,990.8,68,47,0.7,64,5.6,294,0.0
2018/04/06,994.1,998.5,990.8,67,52,1.4,15,11.4,53,0.0
2018/04/07,999.9,1001.8,997.1,53,38,1.3,41,7.5,23,0.0
2018/04/08,999.1,1000.8,997.7,53,35,0.8,49,6.0,245,0.0
2018/04/09,997.8,999.8,995.8,64,32,0.7,261,5.2,298,0.0
2018/04/10,995.3,997.7,993.2,56,23,0.6,307,5.0,245,0.0
2018/04/11,992.6,994.9,990.3,68,46,0.6,93,5.1,311,0.0
2018/04/12,992.2,993.6,990.8,74,50,0.6,61,4.9,281,3.0
2018/04/13,993.0,995.1,991.0,72,51,0.8,271,5.5,329,0.0
2018/04/14,991.7,993.5,990.0,76,52,0.8,162,6.1,339,0.0
2018/04/15,992.3,994.5,990.6,78,56,1.2,6,9.0,312,1.5
2018/04/16,994.2,996.4,992.5,78,54,0.9,320,5.8,325,6.0
2018/04/17,995.9,997.9,994.2,85,64,1.0,37,5.7,318,12.5
2018/04/18,994.8,997.0,993.3,74,53,0.7,314,5.0,276,0.0
2018/04/19,994.3,996.1,993.3,74,56,0.6,313,4.3,336,0.0
2018/04/20,994.3,995.8,992.5,72,41,0.7,1,5.2,311,0.0
2018/04/21,993.6,995.1,992.2,75,47,0.6,302,4.9,269,0.0
2018/04/22,992.0,993.9,990.3,68,50,0.5,59,5.6,269,0.0
2018/04/23,989.7,991.3,987.5,68,48,0.7,61,5.4,238,0.0
2018/04/24,989.7,991.0,988.5,77,67,0.8,256,5.2,13,0.0
2018/04/25,991.4,993.0,990.0,72,54,1.1,31,6.3,306,0.0
2018/04/26,992.9,994.9,990.6,71,48,0.7,319,4.9,9,0.0
2018/04/27,994.8,996.4,992.9,73,52,0.9,258,5.5,330,0.0
2018/04/28,994.5,996.3,992.5,76,59,0.6,1,3.5,341,0.0
2018/04/29,993.4,995.1,991.7,72,54,0.7,257,5.2,273,0.0
2018/04/30,993.7,995.7,992.3,72,51,0.6,300,4.8,281,0.0
2018/05/01,993.1,995.4,991.7,74,55,0.8,247,5.4,317,0.0
2018/05/02,992.7,994.7,991.1,72,48,0.9,16,5.4,252,0.0
2018/05/03,994.3,996.0,992.9,71,49,1.2,346,8.3,333,0.0
2018/05/04,995.6,997.4,994.1,72,56,0.6,323,4.1,334,0.5
2018/05/05,996.2,998.2,994.5,64,47,0.8,254,4.9,275,0.0
2018/05/06,992.5,995.7,990.1,65,44,0.9,257,6.3,262,0.0
2018/05/07,989.5,991.6,987.8,70,51,0.8,247,7.1,245,0.0
2018/05/08,989.8,992.2,987.3,84,57,0.7,16,6.4,13,50.0
2018/05/09,993.9,996.3,990.7,92,82,0.6,52,4.3,313,59.0
2018/05/10,994.9,996.9,993.2,72,49,1.1,326,6.6,315,0.0
2018/05/11,993.8,996.0,992.0,73,55,0.6,299,5.5,299,0.0
2018/05/12,992.1,994.1,990.3,73,55,0.5,54,4.1,267,0.0
2018/05/13,991.5,993.0,990.1,74,56,0.7,250,5.7,273,0.0
2018/05/14,991.3,993.3,989.4,71,46,0.6,255,5.0,289,0.0
2018/05/15,990.8,993.0,989.5,72,50,1.0,256,5.1,309,0.0
2018/05/16,989.8,991.9,988.6,76,51,0.8,252,6.5,256,0.0
2018/05/17,989.1,991.0,987.8,74,51,0.9,220,6.0,248,0.0
2018/05/18,988.5,990.4,987.2,72,47,0.9,251,6.4,268,0.0
2018/05/19,989.0,990.7,987.5,71,46,0.8,255,5.1,327,0.0
2018/05/20,989.9,991.7,987.0,72,52,0.8,257,4.9,323,0.0
2018/05/21,990.7,992.3,988.4,72,51,0.7,60,4.8,330,0.0
2018/05/22,991.0,993.3,989.2,67,45,0.7,302,4.8,336,0.0
2018/05/23,990.7,992.3,989.2,71,53,0.9,311,7.9,327,0.0
2018/05/24,990.5,992.6,989.4,69,46,0.9,294,4.8,288,0.0
2018/05/25,989.1,991.4,986.9,67,52,0.8,255,6.2,283,0.0
2018/05/26,989.1,991.0,987.8,68,47,1.0,257,6.4,268,0.0
2018/05/27,989.7,991.6,987.5,65,44,0.9,254,6.5,251,0.0
2018/05/28,989.8,991.3,988.2,68,41,0.9,306,5.8,308,0.0
2018/05/29,991.0,992.6,989.1,70,50,0.9,74,5.5,307,0.0
2018/05/30,991.2,992.6,989.2,69,50,0.9,248,7.1,326,0.0
2018/05/31,990.9,992.3,989.5,70,52,0.9,62,6.1,276,0.0
2018/06/01,990.5,992.0,988.9,74,52,1.0,312,6.5,264,0.0
2018/06/02,990.5,991.9,988.9,71,51,1.0,321,6.3,333,0.0
2018/06/03,989.3,990.8,987.3,72,48,0.8,282,6.0,310,0.0
2018/06/04,989.4,990.8,987.8,68,46,0.7,38,5.6,322,0.0
2018/06/05,990.0,991.9,988.4,68,50,0.7,322,5.8,324,0.0
2018/06/06,989.2,990.4,987.5,69,43,1.1,62,6.7,322,0.0
2018/06/07,987.5,988.8,985.3,75,54,0.8,304,5.6,278,0.0
2018/06/08,983.9,986.9,981.8,69,48,0.8,297,6.3,263,0.0
2018/06/09,981.2,982.6,979.0,74,53,0.8,64,5.9,292,0.0
2018/06/10,980.9,982.1,979.3,71,53,0.7,258,5.3,282,0.0
2018/06/11,981.7,984.3,979.3,80,63,0.8,17,6.8,40,12.0
2018/06/12,983.3,985.3,981.4,63,41,0.8,311,6.1,327,0.0
2018/06/13,979.9,982.4,977.7,58,43,0.7,26,6.0,347,0.0
2018/06/14,976.7,978.4,974.8,72,52,0.9,40,7.5,306,1.0
2018/06/15,978.2,982.8,975.6,74,54,1.4,40,11.5,71,0.5
2018/06/16,983.5,985.8,981.7,64,40,1.1,16,7.0,282,19.5
2018/06/17,984.3,985.5,983.1,88,54,0.5,44,4.9,325,28.5
2018/06/18,984.2,985.9,983.3,86,67,0.2,78,4.4,280,6.5
2018/06/19,986.0,988.2,983.1,94,77,0.4,223,7.4,256,49.5
2018/06/20,987.1,989.3,985.5,91,75,0.3,67,4.3,200,80.0
2018/06/21,987.7,989.0,986.2,83,59,0.5,141,6.3,274,18.0
2018/06/22,988.3,989.9,986.8,81,64,0.4,263,7.2,259,16.5
2018/06/23,988.9,990.2,987.4,77,58,0.8,257,7.1,275,1.0
2018/06/24,990.2,991.8,989.1,74,56,0.7,259,5.2,252,0.0
2018/06/25,991.1,992.5,989.7,71,50,0.8,260,5.7,325,0.0
2018/06/26,991.4,992.8,990.4,70,52,0.6,10,5.6,329,0.0
2018/06/27,989.9,991.3,988.2,66,48,0.8,25,5.6,262,0.0
2018/06/28,987.3,989.6,985.5,73,55,0.7,247,5.0,345,0.0
2018/06/29,984.5,986.1,982.4,69,50,0.9,255,5.9,312,0.0
2018/06/30,984.9,986.8,983.0,79,57,0.7,64,4.9,268,30.0
2018/07/01,984.5,985.8,982.8,82,51,0.5,252,5.7,216,4.0
2018/07/02,984.3,985.5,982.8,91,74,0.3,89,3.1,189,66.0
2018/07/03,984.0,985.6,982.7,91,77,0.3,266,3.9,194,52.0
2018/07/04,983.9,985.3,982.5,87,72,0.3,15,4.4,251,47.5
2018/07/05,983.8,985.8,982.5,83,73,0.3,61,9.8,248,16.5
2018/07/06,984.0,985.3,982.8,71,49,0.6,120,5.6,261,0.0
2018/07/07,985.0,986.8,983.1,77,50,0.5,257,7.0,259,19.5
2018/07/08,986.5,988.2,985.2,72,51,0.6,297,5.7,326,0.0
2018/07/09,986.6,988.5,984.7,73,50,0.9,54,6.6,286,0.0
2018/07/10,982.9,985.9,978.3,81,52,1.2,352,8.7,53,3.5
2018/07/11,980.9,986.3,976.7,84,67,0.6,236,11.8,271,14.0
2018/07/12,986.2,987.7,985.0,77,58,0.5,1,5.0,321,0.0
2018/07/13,986.6,987.7,985.8,80,51,0.6,47,5.6,292,0.5
2018/07/14,985.9,986.8,984.4,73,49,0.6,33,5.8,265,0.0
2018/07/15,985.6,987.2,984.3,77,61,0.8,305,5.1,334,0.0
2018/07/16,983.4,985.2,981.7,73,53,0.6,10,4.9,297,0.0
2018/07/17,982.4,983.4,981.1,73,52,0.5,319,5.3,329,0.0
2018/07/18,984.1,985.6,982.5,66,50,0.8,15,5.8,280,0.0
2018/07/19,985.4,986.8,984.0,69,49,0.8,54,7.3,271,0.5
2018/07/20,983.4,985.2,981.8,74,58,0.7,20,8.2,314,0.0
2018/07/21,980.9,982.8,978.7,73,57,0.8,36,7.0,277,0.0
2018/07/22,981.5,984.1,979.7,83,55,0.5,76,5.1,97,60.5
2018/07/23,984.1,986.8,981.8,80,64,0.4,269,4.0,278,3.0
2018/07/24,986.7,988.1,985.3,80,55,0.6,39,5.9,274,0.5
2018/07/25,987.3,988.7,985.8,78,52,0.6,68,5.1,249,0.0
2018/07/26,987.0,988.7,985.2,76,56,0.6,300,4.8,288,0.0
2018/07/27,987.2,989.3,985.0,77,54,0.8,298,6.0,274,13.0
2018/07/28,986.8,988.5,984.7,75,52,0.8,311,5.2,323,0.0
2018/07/29,985.8,987.7,983.9,77,47,0.7,299,5.0,319,33.0
2018/07/30,985.6,987.1,983.9,72,47,0.7,254,7.4,317,0.0
2018/07/31,985.3,987.4,983.3,70,49,0.7,251,4.9,275,0.0
2018/08/01,984.5,986.2,982.1,72,46,0.8,250,5.9,246,0.0
2018/08/02,984.0,986.1,982.1,75,54,0.6,195,5.0,275,1.5
2018/08/03,984.3,985.9,982.7,77,58,0.5,222,7.5,245,5.5
2018/08/04,985.7,987.7,984.1,75,51,0.5,241,4.7,299,5.0
2018/08/05,986.5,987.7,985.2,81,57,0.5,47,6.1,267,2.0
2018/08/06,985.7,987.7,983.0,74,52,0.6,301,5.0,272,1.0
2018/08/07,984.7,986.2,982.4,77,55,0.6,5,3.9,48,0.5
2018/08/08,984.9,986.3,983.4,74,53,0.5,41,4.4,314,0.5
2018/08/09,985.4,986.9,983.7,74,55,0.5,298,5.3,329,0.0
2018/08/10,984.3,986.2,981.8,72,56,0.6,60,5.3,331,0.0
2018/08/11,981.2,984.1,978.9,75,55,0.6,23,4.7,315,1.0
2018/08/12,977.7,979.5,975.1,76,57,0.5,18,4.9,34,0.0
2018/08/13,979.4,981.1,977.8,83,57,0.6,260,5.9,269,134.5
2018/08/14,980.4,981.7,979.2,87,52,0.3,75,4.9,30,3.5
2018/08/15,982.2,983.4,980.6,83,70,0.3,131,4.0,83,3.0
2018/08/16,981.9,983.6,979.9,80,64,0.4,82,3.8,281,1.0
2018/08/17,980.9,982.8,978.9,72,54,0.6,255,6.2,261,0.5
2018/08/18,982.9,984.4,981.7,86,58,0.3,68,3.6,286,23.5
2018/08/19,984.4,985.9,982.8,92,62,0.2,113,3.4,322,95.5
2018/08/20,983.6,985.3,981.9,86,58,0.4,49,4.8,264,18.0
2018/08/21,981.2,983.0,979.2,87,62,0.4,53,4.4,277,36.0
2018/08/22,979.2,981.2,977.1,93,68,0.4,258,4.0,277,30.5
2018/08/23,976.0,978.0,974.0,92,62,0.3,89,4.2,260,23.0
2018/08/24,978.2,980.3,975.6,99,83,0.4,249,3.9,116,107.0
2018/08/25,979.2,980.8,977.6,92,62,0.4,4,4.7,42,13.0
2018/08/26,980.8,983.0,979.0,94,70,0.3,82,3.5,43,16.0
2018/08/27,984.3,986.6,981.8,87,58,0.4,260,5.9,272,3.5
2018/08/28,986.8,988.4,985.3,86,63,0.4,260,6.3,94,3.5
2018/08/29,987.6,989.7,986.3,90,62,0.2,57,4.7,233,3.5
2018/08/30,990.4,993.1,988.0,80,57,0.3,263,4.1,288,0.0
2018/08/31,992.4,993.5,991.2,79,54,0.3,272,3.4,324,1.0
2018/09/01,990.8,992.8,988.8,81,58,0.4,68,4.6,83,0.0
2018/09/02,988.2,990.3,986.2,77,54,0.6,267,5.2,310,0.0
2018/09/03,986.5,988.4,984.9,72,48,0.7,251,5.5,265,0.0
2018/09/04,985.5,987.4,983.0,72,48,0.7,259,5.1,112,0.0
2018/09/05,986.1,987.7,984.4,80,57,0.4,36,4.5,325,1.0
2018/09/06,986.3,987.7,984.7,81,57,0.4,63,4.5,265,1.5
2018/09/07,987.0,989.1,985.0,81,57,0.5,298,5.2,294,0.5
2018/09/08,988.3,989.9,986.9,81,63,0.7,8,6.1,343,0.0
2018/09/09,989.1,990.9,987.4,80,64,1.2,19,10.9,34,0.0
2018/09/10,988.3,990.4,986.3,75,54,1.1,22,5.9,316,0.0
2018/09/11,988.2,990.2,985.5,80,55,0.4,307,4.3,265,0.0
2018/09/12,989.5,990.7,987.8,84,61,0.8,9,6.1,320,0.0
2018/09/13,989.2,990.9,988.2,80,59,0.5,80,4.7,255,0.0
2018/09/14,987.0,989.6,984.4,74,55,0.5,291,4.9,270,0.0
2018/09/15,981.0,984.6,978.3,66,45,0.4,27,3.9,33,0.0
2018/09/16,987.0,992.1,980.6,74,56,0.5,50,4.3,338,1.0
2018/09/17,992.8,996.0,991.0,76,46,0.7,45,6.9,327,0.0
2018/09/18,993.9,996.0,991.5,83,63,0.7,305,6.7,331,0.5
2018/09/19,992.2,994.0,990.6,79,55,0.5,83,4.6,281,0.0
2018/09/20,990.9,992.2,989.6,77,59,0.4,297,4.6,313,0.0
2018/09/21,992.2,994.5,990.4,68,47,0.6,40,4.9,319,0.0
2018/09/22,994.0,995.6,992.8,68,49,0.7,316,6.9,259,0.0
2018/09/23,992.8,994.8,990.6,72,45,0.7,20,5.5,32,0.0
2018/09/24,988.7,992.1,986.3,70,49,1.2,4,8.8,328,0.0
2018/09/25,986.5,988.2,984.3,64,44,1.0,45,6.8,10,0.0
2018/09/26,986.6,988.1,984.9,71,53,1.3,17,7.9,35,0.0
2018/09/27,986.7,988.4,984.9,72,52,1.5,53,9.9,350,0.0
2018/09/28,986.2,987.4,984.4,77,63,1.8,11,9.9,58,0.0
2018/09/29,985.5,987.7,983.6,57,33,1.6,30,11.1,20,0.0
2018/09/30,989.0,991.5,986.6,53,40,0.8,3,5.5,316,0.0
2018/10/01,992.1,993.7,990.6,56,25,0.5,9,5.2,37,0.0
2018/10/02,993.2,995.3,991.8,57,38,0.8,37,6.2,322,0.0
2018/10/03,992.3,994.7,990.2,53,32,1.0,5,8.4,33,0.0
2018/10/04,989.9,992.5,988.0,67,52,1.7,22,11.4,35,0.0
2018/10/05,989.2,991.9,987.2,62,46,0.8,307,6.3,16,0.0
2018/10/06,992.5,994.0,990.9,67,49,0.6,319,5.5,267,0.0
2018/10/07,993.2,995.6,991.2,72,50,0.8,312,5.5,310,0.0
2018/10/08,992.8,995.0,990.7,74,51,0.7,55,6.3,325,0.0
2018/10/09,992.3,993.8,990.3,76,56,0.7,304,6.7,334,0.0
2018/10/10,992.8,994.7,990.6,72,50,0.9,41,5.7,28,0.0
2018/10/11,994.8,996.6,993.4,75,62,1.1,44,6.8,55,0.0
2018/10/12,996.3,997.8,995.0,83,69,0.8,24,5.7,20,0.5
2018/10/13,995.7,997.3,994.0,82,52,0.5,310,4.0,325,2.5
2018/10/14,994.3,996.2,992.9,73,48,0.5,321,5.1,281,0.0
2018/10/15,993.2,995.0,991.3,78,55,0.8,6,6.1,267,0.0
2018/10/16,992.1,993.8,989.9,82,61,0.9,298,6.8,26,0.0
2018/10/17,991.4,992.9,990.0,82,65,1.1,38,6.4,38,0.0
2018/10/18,993.1,994.7,991.3,71,51,0.7,357,5.8,348,0.0
2018/10/19,996.2,998.1,994.0,77,57,0.7,3,7.1,317,0.0
2018/10/20,997.5,1000.0,995.6,73,51,0.7,299,6.3,335,0.0
2018/10/21,996.3,998.8,994.7,72,45,0.6,319,5.4,326,0.0
2018/10/22,995.1,997.2,992.8,75,57,0.6,59,6.4,32,0.0
2018/10/23,995.6,997.5,994.1,74,53,1.0,7,6.4,67,0.0
2018/10/24,995.6,997.6,994.0,75,51,0.7,305,5.1,326,0.0
2018/10/25,995.8,998.1,994.4,78,47,0.5,316,5.2,254,0.0
2018/10/26,995.4,997.8,993.5,75,48,0.6,21,6.3,35,0.0
2018/10/27,995.6,997.5,994.3,58,38,1.2,24,8.7,47,0.0
2018/10/28,994.3,997.2,992.2,44,26,0.9,11,7.3,318,0.0
2018/10/29,991.9,994.0,989.9,52,22,0.7,14,8.4,12,0.0
2018/10/30,991.1,992.5,989.6,60,35,0.6,20,6.2,324,0.0
2018/10/31,992.3,993.5,990.6,77,60,0.8,23,6.7,13,1.0
2018/11/01,992.4,993.7,991.2,82,74,0.8,25,7.2,36,1.0
2018/11/02,993.1,995.3,989.6,83,62,0.4,20,4.3,25,0.0
2018/11/03,995.2,997.0,993.8,85,55,0.5,11,4.6,313,0.0
2018/11/04,995.3,997.5,993.2,79,57,0.5,312,4.7,318,0.0
2018/11/05,995.7,997.8,994.1,79,56,0.3,6,4.0,319,0.0
2018/11/06,996.6,998.5,995.3,82,56,0.3,244,3.6,309,0.0
2018/11/07,996.8,999.1,995.3,87,63,0.4,312,3.7,270,0.0
2018/11/08,996.1,997.9,995.0,77,48,0.4,310,5.3,339,0.0
2018/11/09,996.3,998.4,994.7,75,50,0.7,303,5.9,282,0.0
2018/11/10,997.0,999.1,995.1,82,62,0.4,4,3.9,333,0.0
2018/11/11,996.3,998.7,994.1,84,58,0.5,306,4.7,283,0.0
2018/11/12,993.9,996.6,991.9,81,59,0.6,39,5.4,328,0.0
2018/11/13,993.0,994.7,990.6,73,48,0.9,3,7.1,31,0.0
2018/11/14,994.7,996.6,992.5,73,51,0.6,306,5.4,338,0.0
2018/11/15,995.8,998.1,993.8,76,47,0.6,36,5.7,298,0.0
2018/11/16,995.4,996.9,993.5,78,59,0.5,1,4.3,298,0.0
2018/11/17,995.5,997.6,994.0,85,65,0.5,4,4.1,46,0.0
2018/11/18,995.7,997.9,993.7,85,57,0.5,30,3.7,283,0.0
2018/11/19,996.3,998.5,994.7,82,57,0.9,38,5.9,26,0.5
2018/11/20,996.3,998.5,994.4,76,58,0.3,262,3.6,262,0.0
2018/11/21,995.9,997.6,993.5,78,50,0.6,11,5.1,323,0.0
2018/11/22,997.4,999.4,995.1,75,57,1.2,21,7.6,48,0.0
2018/11/23,997.8,1000.1,996.2,77,58,0.5,19,4.8,319,0.0
2018/11/24,997.8,999.4,995.9,74,38,0.3,311,3.4,285,0.0
2018/11/25,997.1,999.1,994.7,70,38,0.3,307,3.4,285,1.0
2018/11/26,997.9,999.4,996.3,84,56,0.4,13,3.2,109,1.5
2018/11/27,997.4,998.9,996.3,79,59,0.6,29,4.2,44,0.0
2018/11/28,998.0,1000.1,995.6,88,60,0.7,31,5.4,75,6.5
2018/11/29,999.4,1001.6,998.1,72,50,0.7,298,4.5,313,0.0
2018/11/30,999.2,1001.4,997.3,76,42,0.3,69,4.3,278,0.0
2018/12/01,997.7,999.8,995.4,81,45,0.8,302,4.8,281,0.0
2018/12/02,996.1,997.8,994.1,77,37,0.3,70,4.2,325,0.0
2018/12/03,996.5,998.9,994.8,71,31,0.3,55,4.1,272,0.0
2018/12/04,996.4,998.9,994.8,68,50,0.6,78,5.9,266,0.0
2018/12/05,995.0,997.3,992.6,75,53,0.7,319,5.5,341,0.0
2018/12/06,994.9,996.7,992.9,79,49,0.6,6,5.4,312,0.0
2018/12/07,997.1,999.4,995.0,75,53,1.2,28,6.9,63,0.0
2018/12/08,998.4,1000.0,996.3,73,54,1.1,39,6.4,44,0.0
2018/12/09,998.0,1000.6,995.4,81,63,0.9,2,5.7,53,0.0
2018/12/10,996.4,998.8,993.4,88,79,0.9,25,7.1,30,0.5
2018/12/11,996.7,998.5,994.7,84,70,1.0,47,6.9,11,0.0
2018/12/12,1000.3,1002.2,998.1,77,63,1.1,30,7.2,10,0.0
2018/12/13,1001.8,1003.2,1000.6,77,60,0.9,1,6.2,322,0.0
2018/12/14,1001.9,1003.6,1000.0,78,58,0.6,13,4.5,317,0.0
2018/12/15,1000.7,1002.8,998.9,78,56,0.4,339,3.3,267,0.0
2018/12/16,999.6,1002.2,996.9,78,57,0.5,25,5.3,329,0.0
2018/12/17,999.4,1002.0,997.8,58,23,0.9,18,5.7,26,0.0
2018/12/18,1000.0,1002.5,997.8,55,22,0.3,31,4.4,300,0.0
2018/12/19,999.1,1001.4,996.9,70,46,0.3,237,4.5,262,0.0
2018/12/20,996.5,999.1,993.5,59,27,0.3,271,4.4,295,0.0
2018/12/21,996.1,998.4,994.1,78,49,0.5,43,5.4,303,0.0
2018/12/22,996.4,998.5,994.4,86,58,0.5,316,4.3,266,0.0
2018/12/23,995.3,996.9,993.2,88,68,0.8,4,5.6,322,4.0
2018/12/24,994.9,997.8,992.9,81,60,1.0,18,6.5,315,0.0
2018/12/25,993.2,994.5,991.5,87,64,0.9,4,6.9,332,0.0
2018/12/26,992.3,993.8,990.3,86,66,1.0,15,6.0,316,0.0
2018/12/27,994.5,997.0,992.1,78,63,1.4,43,8.2,8,0.0
2018/12/28,998.2,1000.6,995.7,69,50,1.3,20,6.3,360,0.0
2018/12/29,1002.0,1004.1,1000.0,68,51,1.1,50,8.9,34,0.0
2018/12/30,1001.8,1003.8,999.5,69,46,0.7,8,5.1,38,0.0
2018/12/31,1003.0,1004.8,1001.0,81,69,1.0,6,6.3,37,0.0
2019/01/01,1002.2,1004.7,1000.1,78,60,0.9,19,6.4,42,0.0
2019/01/02,1002.1,1003.8,1000.3,83,66,0.6,1,5.6,353,0.0
2019/01/03,1002.3,1004.5,1000.8,95,83,0.6,303,4.5,38,1.5
2019/01/04,1001.6,1003.6,999.7,92,64,0.4,38,3.2,278,0.0
2019/01/05,999.7,1001.6,998.2,87,51,0.4,77,3.4,11,0.0
2019/01/06,999.6,1001.7,997.8,89,71,0.9,330,6.4,318,7.0
2019/01/07,999.5,1001.3,998.1,89,64,0.5,5,3.9,283,0.0
2019/01/08,999.5,1001.4,996.9,88,71,0.7,13,4.8,42,0.0
2019/01/09,1000.2,1002.5,998.4,83,60,0.7,353,4.4,263,0.0
2019/01/10,999.1,1001.1,997.2,88,67,0.8,310,5.1,299,0.0
2019/01/11,998.0,999.8,995.9,84,59,0.4,13,4.2,330,0.0
2019/01/12,997.4,998.9,996.0,83,61,0.6,311,5.7,335,0.0
2019/01/13,997.4,999.8,995.6,81,57,1.0,24,6.4,47,0.0
2019/01/14,996.7,998.5,994.5,79,59,0.7,325,5.6,314,0.0
2019/01/15,997.2,998.9,995.4,88,61,1.1,31,6.3,360,0.0
2019/01/16,997.6,999.2,995.9,94,85,0.9,23,6.6,34,8.5
2019/01/17,999.4,1000.8,997.6,89,74,1.0,40,7.2,30,2.0
2019/01/18,999.8,1002.0,997.9,77,53,0.4,85,2.9,331,0.0
2019/01/19,999.1,1001.0,997.3,82,62,0.5,315,3.9,305,0.0
2019/01/20,998.0,999.8,996.3,80,61,0.6,23,4.5,37,0.0
2019/01/21,998.9,1000.6,997.5,83,67,0.9,17,5.1,34,0.0
2019/01/22,999.2,1001.0,998.2,80,64,0.8,14,4.6,49,0.0
2019/01/23,998.2,1000.4,996.9,70,45,0.5,36,3.8,311,0.0
2019/01/24,998.6,1000.7,996.9,74,43,0.4,9,3.8,324,0.0
2019/01/25,999.7,1001.4,998.1,77,45,0.5,300,4.2,50,0.0
2019/01/26,1000.9,1002.6,998.9,64,42,1.0,40,6.0,27,0.0
2019/01/27,1001.6,1004.2,1000.1,63,45,0.7,9,4.0,45,0.0
2019/01/28,1000.3,1002.6,998.9,74,39,0.3,314,3.8,328,0.0
2019/01/29,1000.4,1002.5,998.5,74,38,0.4,315,4.1,312,0.0
2019/01/30,1000.2,1003.0,998.1,70,34,0.4,311,3.0,288,0.0
2019/01/31,998.4,1001.0,996.5,57,30,0.5,259,4.3,326,0.0
2019/02/01,1000.2,1003.0,998.7,74,59,0.8,20,5.5,48,0.0
2019/02/02,998.1,1000.4,995.9,80,51,0.5,300,4.1,300,0.0
2019/02/03,997.4,999.1,995.7,81,37,0.3,256,4.0,252,0.0
2019/02/04,997.7,1000.3,995.9,82,55,0.5,337,4.6,330,0.0
2019/02/05,996.3,998.1,993.7,84,59,0.7,309,3.3,272,0.0
2019/02/06,994.3,996.9,992.4,77,43,0.5,307,4.4,281,0.0
2019/02/07,995.2,997.8,992.4,74,22,0.3,319,4.9,285,0.0
2019/02/08,996.0,998.1,993.4,78,54,0.8,33,5.3,321,0.0
2019/02/09,998.2,1000.1,995.9,78,64,0.7,315,4.0,323,0.0
2019/02/10,1001.0,1002.9,998.9,80,59,0.8,318,5.1,347,0.0
2019/02/11,1002.6,1004.1,1001.3,79,53,1.0,21,6.8,344,0.0
2019/02/12,1002.5,1004.2,1000.3,81,57,0.8,2,4.5,284,0.0
2019/02/13,1000.9,1003.2,998.7,79,57,0.7,8,5.5,318,0.0
2019/02/14,1000.3,1002.5,998.4,79,50,0.8,64,4.8,320,0.0
2019/02/15,999.5,1001.7,997.8,74,45,0.4,39,3.3,314,0.0
2019/02/16,998.1,1000.3,996.5,78,53,0.6,314,5.2,337,0.0
2019/02/17,997.6,999.7,995.3,79,57,0.9,7,5.0,313,0.0
2019/02/18,995.6,997.8,992.6,84,56,0.5,306,3.7,320,0.0
2019/02/19,998.0,1000.3,995.6,85,60,0.3,79,6.4,337,2.5
2019/02/20,999.6,1001.6,998.1,89,58,0.4,319,3.6,325,0.0
2019/02/21,997.8,1000.3,995.9,88,68,0.5,307,3.6,327,0.0
2019/02/22,996.4,998.4,994.4,87,68,0.7,313,4.8,20,0.0
2019/02/23,995.8,997.2,993.4,78,60,0.8,12,4.1,24,0.0
2019/02/24,995.1,996.9,993.8,98,88,0.4,11,2.9,311,12.0
2019/02/25,995.8,997.9,993.8,83,57,0.7,325,3.7,323,0.0
2019/02/26,996.7,999.1,994.7,81,48,0.5,316,2.9,330,0.0
2019/02/27,995.5,997.9,992.2,77,55,0.4,5,3.0,58,0.0
2019/02/28,994.8,996.3,993.2,78,54,0.5,36,4.0,335,0.0
2019/03/01,995.9,997.6,994.5,83,56,0.5,14,3.3,320,0.0
2019/03/02,992.9,995.3,991.0,82,62,0.3,52,2.8,316,0.0
2019/03/03,990.9,993.2,988.5,91,54,0.4,11,4.4,12,28.0
2019/03/04,994.0,995.7,992.1,77,52,0.6,36,3.4,64,0.0
2019/03/05,993.2,994.8,990.3,80,51,0.5,247,4.1,4,6.5
2019/03/06,993.9,996.0,991.8,90,68,0.5,24,4.7,297,14.0
2019/03/07,995.7,997.3,994.0,100,98,0.6,44,3.6,20,39.0
2019/03/08,995.8,998.7,993.8,98,91,0.4,50,3.0,52,16.0
2019/03/09,991.6,994.8,988.5,100,100,0.3,292,2.5,310,59.0
2019/03/10,992.4,994.1,990.4,95,70,0.4,51,5.1,315,18.5
2019/03/11,993.1,995.0,991.2,88,73,0.4,41,3.1,37,1.0
2019/03/12,995.2,997.3,993.2,69,43,0.4,317,4.5,323,0.0
2019/03/13,997.8,999.4,996.6,63,42,0.3,328,3.8,330,0.0
2019/03/14,998.5,1000.8,996.6,74,49,0.6,10,4.6,44,0.0
2019/03/15,998.9,1000.8,997.0,75,47,0.7,45,6.8,38,2.5
2019/03/16,998.1,999.7,996.5,74,61,0.2,41,2.2,330,0.0
2019/03/17,998.4,1000.6,996.5,78,56,0.4,30,3.5,341,0.0
2019/03/18,996.3,998.2,994.4,87,53,0.2,45,3.6,322,0.0
2019/03/19,994.8,997.5,992.8,79,49,0.4,50,4.3,343,0.0
2019/03/20,993.3,995.7,990.7,82,57,0.4,265,4.5,261,0.0
2019/03/21,991.9,993.5,989.9,77,34,0.4,253,3.9,264,0.0
2019/03/22,993.6,995.5,991.8,85,58,0.7,30,4.2,328,0.0
2019/03/23,996.7,998.7,994.6,86,70,1.0,34,5.5,21,0.0
2019/03/24,997.0,998.7,995.8,96,82,0.3,26,2.3,266,7.0
2019/03/25,996.4,998.3,993.9,99,90,0.3,311,2.7,36,5.5
2019/03/26,998.2,1000.3,996.2,82,42,0.6,35,3.6,320,0.0
2019/03/27,997.1,1000.2,994.6,79,48,0.4,284,3.6,278,0.0
2019/03/28,992.2,994.9,989.0,77,47,0.6,267,4.2,253,0.0
2019/03/29,990.7,994.5,988.9,85,57,0.8,274,6.3,342,3.5
2019/03/30,993.2,995.2,991.2,82,54,0.6,17,4.5,64,1.0
2019/03/31,996.4,999.3,994.6,77,52,0.8,311,4.5,239,0.0
2019/04/01,998.6,1000.5,997.2,95,79,0.6,33,3.7,313,6.5
2019/04/02,997.5,999.6,995.8,92,64,0.4,272,3.3,338,0.0
2019/04/03,997.1,999.4,995.6,91,64,0.7,2,4.6,335,0.0
2019/04/04,995.5,997.2,993.4,92,65,0.5,2,4.0,316,0.0
2019/04/05,993.1,995.2,991.1,88,58,0.6,313,3.6,336,0.0
2019/04/06,992.8,994.7,990.8,84,53,0.4,247,3.9,58,0.0
2019/04/07,992.5,994.5,991.4,76,52,0.6,250,4.8,252,0.0
2019/04/08,992.5,994.5,990.9,75,46,0.4,53,3.3,327,0.0
2019/04/09,991.3,993.3,989.2,79,50,0.7,257,5.1,250,0.0
2019/04/10,991.2,993.1,989.2,81,56,0.7,258,4.6,265,0.0
2019/04/11,991.1,994.6,989.6,88,59,0.8,47,5.6,265,1.5
2019/04/12,993.6,996.7,991.4,82,55,0.8,26,5.0,344,3.5
2019/04/13,994.6,996.5,992.7,94,62,0.4,10,3.8,303,7.0
2019/04/14,993.6,994.9,992.3,86,59,0.7,41,4.7,20,0.5
2019/04/15,993.2,994.7,991.8,89,67,0.6,41,4.4,31,2.5
2019/04/16,992.2,993.9,990.6,100,100,0.2,29,3.4,317,38.5
2019/04/17,991.3,993.6,989.6,81,55,0.6,310,3.7,287,0.0
2019/04/18,991.4,993.6,989.9,77,55,0.3,55,3.4,278,0.0
2019/04/19,989.7,991.2,987.3,91,61,0.3,29,4.0,275,29.5
2019/04/20,989.0,990.6,987.0,87,54,0.2,70,2.7,322,21.0
2019/04/21,989.6,991.1,988.2,88,65,0.2,171,6.4,217,32.0
2019/04/22,990.1,993.3,988.0,81,61,0.5,255,3.5,307,0.0
2019/04/23,990.3,992.3,986.8,76,52,0.6,261,4.1,108,0.0
2019/04/24,989.9,992.4,988.2,77,56,0.6,259,4.2,272,0.0
2019/04/25,989.6,991.1,987.7,69,45,0.6,66,5.1,238,0.0
2019/04/26,991.4,995.3,989.0,73,49,0.5,322,4.2,27,0.5
2019/04/27,992.7,994.6,989.9,79,58,0.7,305,4.0,279,0.0
2019/04/28,993.0,995.3,991.2,82,60,0.6,43,4.5,332,0.0
2019/04/29,991.2,993.9,988.7,77,51,0.4,69,3.5,306,0.0
2019/04/30,988.2,990.5,985.8,76,60,0.6,254,4.7,256,0.0
2019/05/01,988.5,990.2,986.1,92,61,0.6,352,5.1,31,31.5
2019/05/02,991.0,993.0,988.4,99,98,0.4,304,4.9,325,73.0
2019/05/03,992.6,994.5,990.6,73,55,0.7,26,4.9,261,2.5
2019/05/04,992.6,994.0,991.2,82,56,0.5,77,4.7,248,0.0
2019/05/05,990.5,992.8,987.7,79,49,0.4,22,3.4,315,0.5
2019/05/06,988.8,990.4,987.3,X,100,0.5,30,4.1,44,33.0
2019/05/07,989.1,990.4,987.3,95,89,0.7,30,5.4,315,4.0
2019/05/08,989.1,990.5,987.3,95,85,0.4,26,3.4,330,2.5
2019/05/09,988.2,989.5,986.4,96,91,0.4,20,3.8,323,10.5
2019/05/10,989.2,990.6,987.9,81,66,0.5,26,4.1,310,13.5
2019/05/11,990.7,992.8,989.0,82,64,0.6,7,4.6,303,0.0
2019/05/12,990.8,992.0,989.3,81,60,0.5,52,4.0,276,0.0
2019/05/13,990.4,992.6,988.9,69,48,0.5,217,4.8,316,0.0
2019/05/14,990.0,991.4,988.6,79,56,0.5,305,5.0,286,0.0
2019/05/15,989.9,991.8,988.4,75,55,0.6,71,4.6,322,0.0
2019/05/16,988.3,990.4,986.1,87,62,0.4,53,4.5,269,19.0
2019/05/17,986.6,988.2,985.1,89,68,0.5,72,4.2,51,19.5
2019/05/18,986.4,988.6,985.1,99,94,0.6,256,7.0,254,72.5
2019/05/19,988.6,990.1,987.0,95,81,0.2,166,3.3,209,22.5
2019/05/20,988.2,990.9,986.4,91,84,0.5,30,10.1,19,142.5
2019/05/21,989.4,991.2,988.3,95,84,0.3,312,3.2,302,0.5
2019/05/22,989.9,991.2,988.6,80,66,0.4,12,3.9,344,4.0
2019/05/23,991.3,993.0,989.6,94,81,0.3,13,3.4,47,54.0
2019/05/24,991.8,993.4,990.5,77,63,0.3,146,3.3,268,0.0
2019/05/25,991.0,992.4,989.6,82,59,0.5,302,4.1,290,0.0
2019/05/26,990.1,991.7,988.3,79,62,0.5,302,3.4,284,0.0
2019/05/27,989.7,990.9,988.3,92,70,0.3,60,4.0,246,3.5
2019/05/28,990.0,991.7,988.6,96,88,0.3,11,3.1,265,20.5
2019/05/29,990.0,991.5,988.4,85,67,0.5,44,4.0,292,0.0
2019/05/30,990.2,991.7,988.3,83,58,0.4,319,2.9,267,0.0
2019/05/31,989.4,990.8,987.7,74,56,0.4,295,3.8,280,0.0
2019/06/01,988.6,989.6,986.4,81,63,0.4,187,3.8,261,4.0
2019/06/02,988.2,990.2,986.4,73,54,0.4,261,3.5,251,13.5
2019/06/03,988.8,990.1,987.9,72,56,0.2,257,2.5,257,0.0
2019/06/04,990.1,991.8,988.0,79,66,0.2,91,2.2,272,29.5
2019/06/05,991.2,993.0,989.6,71,53,0.4,271,3.4,316,0.0
2019/06/06,991.7,993.4,989.9,71,51,0.4,266,4.1,289,0.0
2019/06/07,991.3,992.8,990.1,69,51,0.4,57,4.8,331,0.0
2019/06/08,989.3,991.2,987.1,71,57,0.4,249,3.5,260,0.0
2019/06/09,987.2,989.3,985.5,70,51,0.4,154,3.5,292,0.0
2019/06/10,985.3,986.4,984.5,78,55,0.1,181,2.1,196,23.5
2019/06/11,985.5,987.6,982.9,88,86,0.2,78,2.2,164,82.0
2019/06/12,986.8,987.9,986.0,X,100,0.1,297,1.7,244,75.5
2019/06/13,984.2,986.7,982.1,92,82,0.1,83,2.2,330,23.5
2019/06/14,982.3,984.5,980.7,92,79,0.4,19,2.6,264,64.0
2019/06/15,985.4,987.3,983.5,67,44,0.4,308,3.1,316,0.0
2019/06/16,987.9,990.2,985.5,74,50,0.2,92,2.7,331,5.5
2019/06/17,990.5,992.3,989.0,80,63,0.2,280,2.4,284,1.5
2019/06/18,990.5,991.7,989.8,73,52,0.2,266,2.6,263,3.0
2019/06/19,989.3,990.8,987.3,71,51,0.3,258,3.4,261,0.0
2019/06/20,987.9,989.5,986.5,77,51,0.4,259,3.2,265,0.0
2019/06/21,987.0,988.6,985.8,72,47,0.4,258,3.6,272,0.0
2019/06/22,985.8,987.3,984.2,67,48,0.4,256,3.4,291,0.0
2019/06/23,986.4,988.6,983.9,80,67,0.3,166,4.9,269,28.5
2019/06/24,988.8,990.2,986.0,99,98,0.2,79,5.6,265,77.0
2019/06/25,988.5,990.1,987.1,69,55,0.3,263,4.0,279,0.0
2019/06/26,985.3,987.3,983.5,76,55,0.3,267,4.2,270,0.5
2019/06/27,983.6,985.2,981.9,80,59,0.3,202,4.3,265,4.0
2019/06/28,984.0,985.1,982.3,70,51,0.4,262,3.6,256,2.5
2019/06/29,983.6,985.2,982.3,81,58,0.3,261,3.0,320,0.0
2019/06/30,984.2,985.7,982.6,82,59,0.3,76,3.0,184,68.0
2019/07/01,983.6,985.5,981.7,78,60,0.3,11,3.5,340,0.0
2019/07/02,983.9,987.4,980.4,73,55,0.3,272,3.3,266,0.0
2019/07/03,989.3,991.7,986.8,80,62,0.3,267,3.8,291,2.0
2019/07/04,989.6,990.8,988.0,69,47,0.3,257,3.7,293,0.5
2019/07/05,986.9,988.7,984.6,69,53,0.3,149,4.0,264,5.0
2019/07/06,985.1,986.4,983.8,72,62,0.2,205,2.2,281,26.0
2019/07/07,986.8,988.9,985.1,76,50,0.3,259,3.2,257,0.0
2019/07/08,987.9,989.2,986.7,71,53,0.4,265,5.0,205,3.5
2019/07/09,985.9,987.6,983.6,75,65,0.3,71,3.7,280,4.0
2019/07/10,986.3,989.3,984.2,73,58,0.5,143,8.5,291,5.0
2019/07/11,990.0,992.1,987.6,88,68,0.2,86,2.8,278,8.5
2019/07/12,989.7,991.4,987.6,72,48,0.5,16,4.1,263,0.0
2019/07/13,987.3,989.3,985.5,69,46,0.5,211,4.3,264,0.0
2019/07/14,986.1,987.3,984.6,72,57,0.6,254,4.2,271,0.0
2019/07/15,986.2,987.6,984.9,77,45,0.3,81,4.3,286,0.0
2019/07/16,985.0,987.3,982.7,81,61,0.6,39,5.6,309,0.0
2019/07/17,978.5,982.9,974.7,70,48,0.4,3,3.4,307,0.0
2019/07/18,977.2,979.2,975.7,82,66,0.4,84,3.5,28,7.5
2019/07/19,980.8,985.8,976.6,76,66,0.4,78,3.8,234,8.5
2019/07/20,986.7,989.3,984.6,78,59,0.4,270,4.2,265,0.0
2019/07/21,988.0,989.6,986.5,74,48,0.4,265,4.1,277,1.5
2019/07/22,987.7,989.2,985.8,77,56,0.4,82,4.7,274,0.5
2019/07/23,987.7,989.0,986.3,74,52,0.4,259,3.8,320,0.0
2019/07/24,988.4,989.9,986.8,73,53,0.4,147,4.6,328,0.0
2019/07/25,989.2,990.5,987.7,75,55,0.5,261,3.4,262,0.0
2019/07/26,987.5,989.0,985.4,73,48,0.4,95,3.9,104,1.0
2019/07/27,987.3,989.0,985.5,77,50,0.4,91,5.1,80,47.5
2019/07/28,988.8,990.8,986.0,77,55,0.3,7,3.2,322,0.5
2019/07/29,988.7,990.2,986.7,73,60,0.6,87,4.3,305,0.0
2019/07/30,987.6,989.5,985.7,78,58,0.5,295,4.9,266,0.0
2019/07/31,986.9,988.4,985.1,78,60,0.4,303,3.7,332,1.0
2019/08/01,987.3,988.7,986.0,81,60,0.4,297,4.4,89,0.0
2019/08/02,985.7,987.9,983.8,79,61,0.3,1,2.7,271,9.5
2019/08/03,983.4,984.9,981.7,78,60,0.3,24,2.4,16,0.0
2019/08/04,982.3,983.3,981.3,74,53,0.3,61,2.4,101,0.5
2019/08/05,982.3,984.2,980.8,81,65,0.3,63,2.8,266,0.0
2019/08/06,981.7,983.9,979.5,82,59,0.3,87,2.8,333,0.0
2019/08/07,978.8,981.3,975.7,75,50,0.3,16,2.8,32,10.5
2019/08/08,974.0,977.2,971.3,83,66,0.4,23,4.1,62,2.0
2019/08/09,972.3,975.3,970.0,89,83,0.4,29,3.5,288,190.0
2019/08/10,977.8,981.7,973.1,93,87,0.4,280,2.8,289,9.0
2019/08/11,981.7,982.9,980.4,96,95,0.3,105,2.1,334,46.5
2019/08/12,982.9,984.5,981.4,97,95,0.1,158,1.4,79,144.0
2019/08/13,983.1,985.2,980.8,84,64,0.1,197,1.5,263,24.5
2019/08/14,983.2,984.6,980.7,80,62,0.2,207,1.9,280,15.5
2019/08/15,982.8,984.5,980.4,86,74,0.2,143,1.5,198,94.5
2019/08/16,984.5,987.3,982.6,88,74,0.2,182,1.8,113,145.0
2019/08/17,986.8,988.2,985.2,91,81,0.2,81,1.9,136,111.0
2019/08/18,986.7,988.7,984.9,84,70,0.1,256,2.1,324,87.0
2019/08/19,986.0,987.0,985.2,90,76,0.1,258,1.5,270,27.5
2019/08/20,985.6,987.0,983.9,80,70,0.2,73,2.3,308,1.5
2019/08/21,985.8,987.6,984.5,84,68,0.2,306,1.7,277,2.0
2019/08/22,986.9,988.6,985.7,80,59,0.2,2,2.1,272,0.0
2019/08/23,985.1,988.0,982.6,77,61,0.3,71,3.2,280,0.0
2019/08/24,976.3,982.9,969.4,77,38,0.3,86,3.5,312,0.0
2019/08/25,986.3,990.2,980.4,81,59,0.3,38,3.4,282,1.0
2019/08/26,990.3,992.4,988.3,81,63,0.3,27,3.4,260,6.0
2019/08/27,989.3,990.9,988.0,83,71,0.5,313,4.5,288,0.0
2019/08/28,986.7,988.3,984.3,77,50,0.5,64,3.6,286,0.0
2019/08/29,987.9,989.8,986.4,81,60,0.3,95,3.6,319,0.0
2019/08/30,989.2,990.5,987.6,91,74,0.3,26,4.7,70,20.5
2019/08/31,987.8,990.1,986.3,82,67,0.3,57,2.8,320,0.0
2019/09/01,988.6,990.2,987.1,71,52,0.5,68,4.3,313,27.5
2019/09/02,989.1,990.8,986.8,74,49,0.5,297,3.9,271,0.0
2019/09/03,986.5,988.9,984.1,78,60,0.3,304,3.4,268,0.0
2019/09/04,985.8,987.9,984.3,88,72,0.2,85,3.5,84,12.5
2019/09/05,983.5,985.1,981.6,84,57,0.3,42,4.3,291,1.0
2019/09/06,982.5,984.3,980.5,75,56,0.3,297,4.2,265,0.0
2019/09/07,984.7,986.5,982.7,77,56,0.5,88,3.5,326,0.5
2019/09/08,986.0,987.6,984.2,79,57,0.4,302,3.3,276,0.5
2019/09/09,987.1,988.7,985.5,76,53,0.3,314,4.2,259,0.0
2019/09/10,989.7,992.0,988.2,81,50,0.5,305,4.3,266,0.0
2019/09/11,991.2,993.1,989.6,77,52,0.4,309,4.3,278,0.0
2019/09/12,988.9,990.9,986.7,78,57,0.2,73,2.8,283,0.0
2019/09/13,987.7,989.3,986.1,83,61,0.4,65,3.2,311,0.0
2019/09/14,987.4,989.0,986.0,75,51,0.5,2,5.2,322,0.0
2019/09/15,987.5,989.2,985.8,83,51,0.6,4,4.2,313,0.0
2019/09/16,986.8,988.2,985.7,81,56,0.5,6,4.4,314,0.0
2019/09/17,987.8,989.6,986.1,72,54,0.6,15,5.2,279,0.0
2019/09/18,988.5,990.1,986.7,63,42,0.8,25,5.7,22,0.0
2019/09/19,988.3,990.1,986.5,61,44,0.9,27,6.3,66,0.0
2019/09/20,985.3,987.6,983.5,73,49,1.4,34,9.4,70,0.0
2019/09/21,985.0,988.9,982.1,77,55,1.0,50,7.8,348,0.0
2019/09/22,991.3,994.7,987.3,68,51,0.5,1,5.6,80,0.0
2019/09/23,995.4,997.1,993.1,64,45,0.6,67,4.0,293,0.0
2019/09/24,996.3,998.4,994.5,72,47,0.5,2,4.0,297,0.0
2019/09/25,996.0,997.5,994.5,74,48,0.6,298,4.7,317,0.0
2019/09/26,995.9,997.7,994.3,75,51,0.5,323,4.3,323,0.0
2019/09/27,994.8,996.4,993.3,72,53,0.5,303,3.7,282,0.0
2019/09/28,993.2,995.0,991.5,78,60,0.4,324,5.1,304,0.0
2019/09/29,990.3,993.1,987.3,78,57,0.4,61,3.4,318,0.0
2019/09/30,982.0,987.6,978.6,74,52,0.7,27,6.7,43,2.5
2019/10/01,988.8,991.1,982.3,72,51,0.4,11,4.0,46,13.5
2019/10/02,991.9,993.7,990.6,74,41,0.3,266,3.1,275,0.0
2019/10/03,992.9,995.0,991.2,64,44,0.4,3,4.5,293,0.0
2019/10/04,992.7,994.5,990.9,78,53,0.4,67,4.5,278,0.0
2019/10/05,993.3,995.2,992.0,77,59,0.4,300,3.1,271,0.0
2019/10/06,994.6,995.9,992.8,79,58,0.3,299,3.0,321,0.0
2019/10/07,995.5,997.2,994.3,81,65,0.4,318,3.3,269,0.0
2019/10/08,994.8,996.8,993.3,74,58,0.4,311,3.9,317,0.0
2019/10/09,993.8,995.5,991.5,80,58,0.4,321,3.4,314,0.0
2019/10/10,992.6,994.9,990.8,75,49,0.5,95,4.3,287,0.0
2019/10/11,991.2,993.3,989.3,77,59,0.4,309,3.9,263,0.0
2019/10/12,991.8,993.4,990.5,85,55,0.4,295,3.3,324,0.0
2019/10/13,993.8,995.5,992.7,78,49,0.6,28,5.3,299,0.0
2019/10/14,996.1,997.5,994.3,65,44,0.7,40,4.5,25,0.0
2019/10/15,997.1,999.0,995.3,58,42,0.8,35,5.4,331,0.5
2019/10/16,996.5,998.3,994.7,68,48,0.7,56,4.3,272,0.0
2019/10/17,995.5,997.2,993.6,70,46,0.6,34,4.8,60,0.0
2019/10/18,995.3,996.9,993.9,59,40,0.8,27,5.0,63,0.0
2019/10/19,995.9,997.7,994.5,74,53,0.7,37,5.4,300,0.0
2019/10/20,994.9,997.1,993.1,71,47,0.7,37,4.9,311,0.0
2019/10/21,992.9,994.9,991.1,72,49,0.6,17,4.4,295,0.0
2019/10/22,991.6,993.4,989.9,71,42,0.3,62,4.1,329,0.0
2019/10/23,992.2,994.0,990.5,70,48,0.5,296,4.2,58,0.0
2019/10/24,994.4,996.2,992.6,71,46,0.5,314,4.2,39,0.0
2019/10/25,996.1,998.1,994.5,73,49,0.4,293,3.9,45,0.0
2019/10/26,996.1,998.3,994.6,77,52,0.4,306,3.7,322,0.0
2019/10/27,994.5,996.8,992.3,87,50,0.6,314,4.8,318,0.0
2019/10/28,994.0,995.5,992.6,90,58,0.5,10,4.2,318,0.0
2019/10/29,994.4,995.9,993.0,90,67,0.8,40,5.3,306,0.0
2019/10/30,994.9,996.4,993.4,82,49,0.6,28,4.0,335,0.0
2019/10/31,994.8,996.4,993.6,89,64,0.5,39,3.5,317,0.0
2019/11/01,994.1,996.4,992.4,85,58,0.4,290,3.5,341,0.0
2019/11/02,993.0,994.6,991.4,89,59,0.5,306,3.4,290,0.0
2019/11/03,992.7,995.0,991.5,91,63,0.7,27,4.5,38,0.0
2019/11/04,992.2,994.0,990.9,76,55,0.8,29,5.0,41,0.0
2019/11/05,990.5,992.1,988.7,68,52,0.7,53,5.1,335,0.0
2019/11/06,989.9,991.7,988.2,72,48,0.5,42,4.5,284,0.0
2019/11/07,991.1,993.1,988.9,73,45,0.6,28,5.0,54,0.0
2019/11/08,994.2,996.2,992.3,62,43,0.8,42,5.1,11,0.0
2019/11/09,995.6,998.4,993.4,65,42,0.8,37,4.6,318,0.0
2019/11/10,994.3,996.7,991.7,74,46,0.4,11,3.8,321,0.0
2019/11/11,994.4,996.2,993.0,72,42,0.3,312,4.0,304,0.0
2019/11/12,996.0,998.1,994.6,70,36,0.3,4,3.5,277,0.0
2019/11/13,997.2,999.9,995.5,75,49,0.4,328,3.6,306,0.0
2019/11/14,996.1,998.4,994.3,66,50,0.7,15,4.5,302,0.0
2019/11/15,995.1,996.8,993.6,74,49,0.3,24,3.8,306,0.0
2019/11/16,994.9,996.9,993.4,78,49,0.3,88,3.1,276,0.0
2019/11/17,994.7,996.7,992.4,76,38,0.3,83,3.3,265,0.0
2019/11/18,993.8,995.8,992.1,71,43,0.7,41,5.6,59,0.0
2019/11/19,994.3,996.1,992.6,70,58,0.9,20,6.0,52,0.0
2019/11/20,995.6,998.1,994.2,68,51,0.7,45,4.0,316,0.0
2019/11/21,995.1,997.1,993.4,87,55,0.6,47,5.3,51,0.0
2019/11/22,994.0,995.6,992.4,88,59,0.7,37,5.0,45,0.0
2019/11/23,995.8,998.1,993.9,93,61,0.4,298,3.9,287,0.0
2019/11/24,996.6,998.6,994.7,86,46,0.5,9,4.2,303,0.0
2019/11/25,998.3,1000.3,996.5,81,50,0.6,35,4.1,320,0.0
2019/11/26,998.7,1000.3,996.8,76,54,0.6,329,3.4,264,0.0
2019/11/27,998.2,1000.3,995.3,86,42,0.6,308,4.0,51,0.0
2019/11/28,999.2,1001.5,997.2,79,59,0.9,43,5.9,32,0.0
2019/11/29,999.7,1001.5,998.1,63,45,0.7,25,4.1,264,0.0
2019/11/30,998.5,1000.8,996.2,82,45,0.5,291,3.6,272,0.0
2019/12/01,997.2,998.9,995.0,84,36,0.6,308,4.6,271,0.0
2019/12/02,998.1,999.7,996.4,76,56,1.0,22,6.0,23,0.0
2019/12/03,999.0,1000.6,997.4,58,45,0.8,39,4.4,37,0.0
2019/12/04,999.6,1001.0,997.8,64,46,0.8,18,4.3,17,0.0
2019/12/05,999.9,1001.3,998.3,100,83,1.0,48,5.7,28,27.5
2019/12/06,998.9,1000.3,997.1,100,100,0.9,46,6.5,351,18.0
2019/12/07,1000.1,1002.2,998.3,78,59,1.0,30,7.1,41,0.0
2019/12/08,1001.0,1003.1,999.3,56,38,0.7,45,4.5,309,0.0
2019/12/09,999.5,1001.5,997.7,71,45,0.1,309,2.3,310,0.0
2019/12/10,997.2,999.4,995.2,82,36,0.3,67,3.9,322,0.0
2019/12/11,996.2,998.1,994.0,79,57,0.6,60,4.9,308,0.0
2019/12/12,999.2,1001.6,997.2,73,42,0.3,18,2.7,274,0.0
2019/12/13,1001.5,1004.1,1000.0,86,49,0.4,308,4.3,320,0.0
2019/12/14,1000.6,1003.7,998.9,76,37,0.2,8,3.5,317,0.0
2019/12/15,999.6,1002.1,998.1,83,41,0.3,2,3.4,323,0.0
2019/12/16,998.0,1000.5,995.3,84,46,0.2,124,3.0,306,0.0
2019/12/17,998.1,1001.0,996.2,77,48,0.3,46,3.2,66,0.0
2019/12/18,998.2,1000.5,996.2,88,59,0.5,315,4.1,314,0.0
2019/12/19,998.6,1000.2,997.4,93,63,0.7,26,3.7,281,0.0
2019/12/20,998.0,999.7,996.4,92,61,0.6,14,3.7,85,0.0
2019/12/21,996.5,998.7,994.9,96,67,0.5,44,4.3,317,0.0
2019/12/22,994.9,996.8,993.1,92,53,0.3,310,3.4,305,0.0
2019/12/23,996.0,997.8,994.2,89,58,0.5,323,4.4,1,0.0
2019/12/24,997.5,999.9,996.1,91,56,0.5,39,3.7,61,0.0
2019/12/25,995.4,997.8,992.8,88,47,0.4,302,3.0,314,0.0
2019/12/26,995.2,997.5,993.0,82,48,0.6,33,5.5,73,0.0
2019/12/27,997.7,999.7,995.8,70,40,0.8,28,5.2,311,0.0
2019/12/28,998.3,1000.6,996.7,76,57,0.4,314,2.7,258,0.0
2019/12/29,998.1,1000.2,996.4,100,100,0.3,296,2.9,53,40.0
2019/12/30,999.9,1002.1,997.8,98,78,0.6,52,4.6,74,9.5
2019/12/31,1002.9,1005.3,1000.9,92,64,0.7,20,4.7,41,0.0
2020/01/01,1004.5,1007.1,1003.1,96,81,0.5,360,3.3,310,0.0
2020/01/02,1003.5,1006.0,1002.2,87,49,0.3,68,3.6,271,0.0
2020/01/03,1001.7,1004.1,999.6,90,63,0.2,299,3.2,337,0.0
2020/01/04,1000.0,1002.1,998.1,94,60,0.2,309,3.4,275,0.0
2020/01/05,1000.3,1002.4,998.9,93,56,0.2,81,2.7,267,0.0
2020/01/06,999.4,1002.2,997.1,97,70,0.4,312,2.9,283,0.0
2020/01/07,997.2,1000.2,995.3,82,48,0.3,60,3.0,322,0.0
2020/01/08,997.7,1000.0,995.3,72,51,0.6,15,3.9,317,0.0
2020/01/09,997.5,1000.0,995.8,87,53,0.3,312,3.4,285,0.0
2020/01/10,995.8,998.0,994.3,91,47,0.3,317,3.8,275,0.0
2020/01/11,994.8,996.8,993.4,93,66,0.4,304,3.7,283,0.0
2020/01/12,995.1,997.4,993.1,88,63,0.8,49,4.9,321,0.0
2020/01/13,996.4,999.4,994.0,88,60,0.6,50,4.0,48,0.0
2020/01/14,998.5,1001.8,996.1,84,45,0.5,8,4.4,35,0.0
2020/01/15,998.0,1000.8,996.7,86,45,0.4,24,3.6,303,0.0
2020/01/16,997.4,999.4,994.9,84,37,0.4,78,3.9,320,0.0
2020/01/17,997.8,999.6,995.8,90,63,0.8,25,5.0,15,0.0
2020/01/18,998.2,999.9,996.1,84,53,0.6,1,4.3,43,0.0
2020/01/19,999.5,1001.9,997.7,87,61,0.5,34,4.0,70,0.0
2020/01/20,1000.7,1002.8,998.7,82,51,0.6,310,4.1,303,0.0
2020/01/21,1001.5,1004.7,999.9,82,37,0.3,312,3.3,260,0.0
2020/01/22,999.3,1001.2,997.4,81,37,0.2,310,2.8,319,0.0
2020/01/23,998.0,999.9,996.2,78,49,0.4,319,3.8,294,0.0
2020/01/24,998.9,1000.9,996.9,94,66,0.5,28,4.1,276,0.0
2020/01/25,996.1,999.6,993.7,92,63,0.5,20,2.8,334,0.5
2020/01/26,991.6,995.0,989.3,100,100,0.4,314,3.7,38,26.5
2020/01/27,993.6,996.8,991.2,92,70,0.5,32,3.1,32,0.0
2020/01/28,995.7,998.6,993.3,95,68,0.6,5,3.4,35,0.0
2020/01/29,997.5,999.0,996.2,80,59,0.5,35,3.4,98,0.0
2020/01/30,998.6,1000.8,996.9,48,34,0.9,36,5.2,37,0.0
2020/01/31,999.9,1002.2,998.3,46,28,0.6,53,4.3,328,0.0
2020/02/01,1001.3,1003.4,999.1,68,31,0.3,60,4.1,324,0.0
2020/02/02,1001.8,1004.6,999.7,71,28,0.3,309,2.9,331,0.0
2020/02/03,1000.2,1002.2,998.7,78,39,0.5,2,4.3,323,0.0
2020/02/04,999.1,1001.2,997.4,100,100,0.4,61,2.9,315,0.5
2020/02/05,999.1,1000.8,997.1,88,58,0.7,24,4.0,330,1.5
2020/02/06,998.5,1000.2,996.1,88,51,0.3,4,3.7,308,0.0
2020/02/07,1000.0,1001.9,998.6,92,61,0.7,44,4.6,49,0.0
2020/02/08,1001.5,1003.5,999.6,81,52,0.8,8,5.4,305,0.0
2020/02/09,1002.7,1005.0,1001.0,79,62,0.6,31,4.0,22,0.0
2020/02/10,1001.3,1003.0,1000.2,81,52,0.2,243,3.4,271,0.0
2020/02/11,1001.0,1003.2,998.6,91,61,0.2,293,2.0,336,0.0
2020/02/12,998.1,1000.3,995.5,72,35,0.2,265,2.9,329,0.0
2020/02/13,995.8,997.7,993.1,84,47,0.3,86,3.6,315,0.0
2020/02/14,995.0,997.2,993.6,86,42,0.3,15,3.4,250,0.0
2020/02/15,994.6,997.2,992.0,89,58,0.2,81,2.3,281,0.5
2020/02/16,997.3,1001.0,994.2,100,93,0.6,53,3.7,40,1.5
2020/02/17,1002.6,1005.0,999.7,63,23,0.8,49,5.3,46,0.0
2020/02/18,1003.3,1005.4,1001.3,51,22,0.5,47,4.2,317,0.0
2020/02/19,1003.2,1004.6,1001.8,83,46,0.3,35,4.5,335,0.0
2020/02/20,1003.6,1005.6,1001.9,88,51,0.4,46,3.6,338,0.0
2020/02/21,1005.4,1007.5,1004.0,93,70,0.3,295,3.3,315,0.0
2020/02/22,1004.3,1006.5,1002.1,88,58,0.4,324,3.5,64,0.0
2020/02/23,1002.7,1005.6,1000.5,85,48,0.3,297,2.8,327,0.0
2020/02/24,1000.0,1002.7,997.7,89,51,0.3,71,3.3,314,0.0
2020/02/25,998.0,1000.3,996.1,73,42,0.4,310,3.3,320,0.0
2020/02/26,997.9,1000.0,996.5,83,46,0.4,304,4.1,315,0.0
2020/02/27,998.5,1000.9,996.7,86,54,0.7,3,3.9,304,0.0
2020/02/28,997.2,999.1,995.8,94,63,0.3,64,3.4,320,0.0
2020/02/29,994.5,996.5,992.3,81,49,0.2,299,2.6,320,0.0
2020/03/01,994.1,995.8,992.8,91,58,0.4,5,3.5,317,0.0
2020/03/02,996.6,999.1,994.6,79,48,0.6,40,3.9,317,0.0
2020/03/03,997.9,1000.6,995.2,80,45,0.5,317,4.2,318,0.0
2020/03/04,996.9,999.3,994.2,89,64,0.7,1,5.3,31,0.0
2020/03/05,997.6,999.3,995.8,97,77,0.5,32,3.8,27,8.0
2020/03/06,996.4,998.9,994.0,90,58,0.3,4,2.8,294,0.0
2020/03/07,994.0,996.8,991.5,82,50,0.4,290,3.4,317,0.0
2020/03/08,991.6,994.0,989.6,92,62,0.4,302,3.7,310,0.0
2020/03/09,988.8,991.2,985.5,82,43,0.4,256,3.0,258,0.0
2020/03/10,992.5,996.5,988.7,96,68,0.5,32,3.7,46,36.0
2020/03/11,997.1,999.0,995.3,67,45,0.4,38,2.6,325,0.0
2020/03/12,996.1,998.6,993.7,89,69,0.2,320,1.8,315,0.0
2020/03/13,995.6,998.0,993.7,96,59,0.4,306,2.4,316,0.0
2020/03/14,995.5,998.0,993.4,91,58,0.5,44,3.2,59,11.5
2020/03/15,997.8,999.9,995.6,59,38,0.4,353,3.0,26,0.0
2020/03/16,999.3,1001.6,997.5,63,40,0.2,112,2.6,321,0.0
2020/03/17,998.6,1000.5,996.8,67,32,0.3,336,3.1,314,0.0
2020/03/18,995.6,997.8,993.1,81,51,0.2,82,2.2,277,0.5
2020/03/19,994.5,996.4,992.4,96,65,0.1,91,1.2,311,4.0
2020/03/20,995.0,996.5,993.4,94,64,0.2,76,1.6,329,0.0
2020/03/21,995.1,997.5,992.4,87,58,0.2,267,1.3,267,0.0
2020/03/22,993.9,996.4,991.4,84,52,0.2,256,1.6,290,0.0
2020/03/23,994.0,995.5,992.6,87,61,0.3,14,1.9,296,0.0
2020/03/24,994.6,996.5,993.4,90,62,0.2,307,2.3,315,0.0
2020/03/25,994.2,995.9,992.4,95,64,0.2,318,1.7,281,0.0
2020/03/26,994.2,996.1,991.5,78,42,0.1,256,1.4,317,0.0
2020/03/27,993.9,996.1,991.7,83,50,0.1,231,2.2,321,0.0
2020/03/28,993.6,995.3,992.0,100,96,0.2,34,1.8,26,3.5
2020/03/29,994.1,996.4,991.1,81,51,0.3,22,2.2,284,0.0
2020/03/30,993.0,994.7,991.4,97,81,0.1,0,1.1,18,0.5
2020/03/31,992.9,994.7,990.6,90,53,0.2,40,1.7,248,0.0
2020/04/01,994.6,996.5,992.3,87,63,0.4,14,2.6,317,0.0
2020/04/02,997.2,1000.2,994.6,99,91,0.2,25,1.9,19,5.5
2020/04/03,996.8,998.3,995.2,98,73,0.3,30,1.9,268,0.0
2020/04/04,997.1,999.0,994.6,92,66,0.4,24,3.3,288,0.0
2020/04/05,997.5,999.1,995.9,90,63,0.3,45,2.2,316,3.0
2020/04/06,995.8,998.0,993.3,100,95,0.2,5,2.0,27,11.0
2020/04/07,994.0,995.2,991.2,92,66,0.4,52,3.3,104,4.0
2020/04/08,994.7,996.5,993.1,86,58,0.3,304,1.9,322,0.0
2020/04/09,996.0,997.7,994.2,73,33,0.3,11,2.4,317,0.0
2020/04/10,997.2,999.4,995.3,68,45,0.2,272,1.5,300,0.0
2020/04/11,994.7,997.2,992.4,83,51,0.2,3,1.9,321,6.5
2020/04/12,995.0,998.0,992.4,69,29,0.6,27,3.7,47,1.0
2020/04/13,997.3,999.1,995.3,38,19,0.7,339,5.0,315,0.0
2020/04/14,996.5,998.7,994.6,57,39,0.3,110,2.6,312,0.0
2020/04/15,995.1,997.4,993.6,62,37,0.3,71,2.8,324,0.0
2020/04/16,994.9,996.8,993.4,58,32,0.2,95,2.5,276,0.0
2020/04/17,995.3,997.7,994.0,69,48,0.2,298,2.5,320,0.0
2020/04/18,994.7,997.1,992.6,80,46,0.2,306,1.7,313,0.0
2020/04/19,992.4,993.7,990.9,82,43,0.2,258,1.9,261,0.0
2020/04/20,993.2,995.3,991.7,83,60,0.3,301,1.8,328,0.0
2020/04/21,993.2,994.9,991.4,96,68,0.3,66,2.9,316,0.0
2020/04/22,994.2,996.5,992.3,89,61,0.4,50,3.1,27,1.0
2020/04/23,995.9,996.9,994.9,100,91,0.4,317,2.0,274,13.5
2020/04/24,996.6,998.1,995.0,100,0,0.1,297,1.5,255,5.0
2020/04/25,996.3,998.0,994.7,X,0,0.1,296,1.0,278,0.0
2020/04/26,995.8,998.0,993.9,X,0,0.1,311,1.3,279,0.0
2020/04/27,995.4,996.8,994.0,X,0,0.0,0,0.8,305,0.0
2020/04/28,995.5,997.4,993.7,X,0,0.1,298,1.6,282,0.0
2020/04/29,995.9,998.0,994.3,X,0,0.1,307,2.1,291,0.0
2020/04/30,995.1,996.8,993.3,62,31,0.1,298,1.7,326,0.0
2020/05/01,992.8,995.3,990.8,56,33,0.2,76,1.5,290,0.0
2020/05/02,990.1,992.1,988.2,59,39,0.2,266,1.7,314,0.0
2020/05/03,989.1,990.9,987.4,70,52,0.2,256,1.5,266,0.0
2020/05/04,990.5,992.0,989.0,67,44,0.4,258,3.3,315,0.0
2020/05/05,989.3,991.1,987.3,67,45,0.5,260,3.7,269,0.0
2020/05/06,989.5,991.4,987.7,63,47,0.4,262,4.5,278,0.0
2020/05/07,990.3,991.7,989.0,66,51,0.4,267,3.3,335,0.0
2020/05/08,989.9,991.4,988.0,67,47,0.5,260,3.8,271,0.0
2020/05/09,989.4,990.9,987.3,65,52,0.6,261,3.8,282,0.0
2020/05/10,989.7,991.8,987.1,70,45,0.5,277,4.0,326,0.0
2020/05/11,989.9,992.0,988.0,72,57,0.4,307,3.3,276,0.0
2020/05/12,990.3,991.7,988.6,79,66,0.5,6,3.5,316,0.0
2020/05/13,991.9,993.7,990.4,69,46,0.4,297,3.5,315,0.0
2020/05/14,991.5,993.4,989.8,63,46,0.4,65,3.4,311,0.0
2020/05/15,989.2,990.6,987.7,65,47,0.5,298,3.8,309,0.0
2020/05/16,988.5,989.8,987.0,76,59,0.4,81,4.3,289,13.5
2020/05/17,985.4,987.7,982.7,71,54,0.5,305,3.8,281,0.0
2020/05/18,984.8,986.7,982.4,77,65,0.3,64,4.5,258,18.5
2020/05/19,986.8,988.3,984.6,86,66,0.1,98,2.1,255,27.5
2020/05/20,988.4,989.8,987.6,78,53,0.3,302,2.9,282,0.5
2020/05/21,986.6,988.4,984.6,84,71,0.2,178,3.3,103,46.0
2020/05/22,983.8,984.9,982.4,94,89,0.2,167,2.4,187,78.5
2020/05/23,985.4,987.6,982.9,88,76,0.3,24,2.2,85,8.5
2020/05/24,988.4,990.2,986.7,77,59,0.3,70,3.3,323,0.5
2020/05/25,990.1,991.5,988.6,71,56,0.3,76,3.4,300,0.0
2020/05/26,989.1,990.8,987.6,82,63,0.3,120,4.5,278,38.5
2020/05/27,989.1,990.6,987.4,88,78,0.1,0,1.6,106,36.0
2020/05/28,990.8,992.4,989.3,89,74,0.1,25,1.9,170,24.5
2020/05/29,991.4,992.7,990.1,84,65,0.3,307,2.9,279,6.0
2020/05/30,991.9,993.4,989.8,72,57,0.3,266,3.0,292,0.0
2020/05/31,992.0,993.7,989.3,69,52,0.4,267,2.7,256,0.0
2020/06/01,991.6,993.0,989.2,68,48,0.4,266,2.8,290,0.0
2020/06/02,990.4,992.7,988.4,70,53,0.4,265,3.0,283,0.0
2020/06/03,989.6,991.5,987.4,65,49,0.4,266,3.5,263,0.0
2020/06/04,989.3,991.4,987.7,65,50,0.4,260,3.2,284,0.0
2020/06/05,988.8,990.5,986.8,66,51,0.4,267,3.4,278,0.0
2020/06/06,988.0,989.5,986.4,67,49,0.4,264,4.1,277,0.0
2020/06/07,988.2,989.2,987.1,75,51,0.2,105,2.6,92,16.5
2020/06/08,989.0,991.7,986.5,81,67,0.1,183,1.8,130,24.5
2020/06/09,990.1,992.4,988.6,80,56,0.1,100,3.8,268,30.0
2020/06/10,990.0,991.7,988.4,70,52,0.3,264,2.4,284,0.0
2020/06/11,988.5,990.4,986.4,73,57,0.2,274,2.7,317,0.0
2020/06/12,986.9,988.6,984.8,76,61,0.4,2,3.5,320,0.0
2020/06/13,988.2,991.5,985.4,73,57,0.4,296,3.4,307,0.0
2020/06/14,992.0,994.3,989.6,76,50,0.3,65,3.6,279,21.0
2020/06/15,992.8,994.3,991.2,70,51,0.3,73,3.2,280,0.0
2020/06/16,990.2,992.3,988.6,67,50,0.4,267,2.9,289,0.0
2020/06/17,989.1,990.2,987.7,67,51,0.4,258,3.3,272,0.0
2020/06/18,989.2,991.2,987.7,65,45,0.4,265,3.0,289,0.0
2020/06/19,989.6,991.2,988.4,64,52,0.4,260,3.2,280,0.0
2020/06/20,988.9,990.8,987.1,66,52,0.4,275,3.5,285,0.0
2020/06/21,987.0,988.9,985.4,67,53,0.3,143,3.3,278,1.5
2020/06/22,987.2,988.6,986.0,64,54,0.4,272,3.0,283,0.0
2020/06/23,987.7,989.0,986.7,64,50,0.4,270,3.6,282,0.0
2020/06/24,987.2,988.7,985.2,68,52,0.5,255,3.4,288,0.0
2020/06/25,988.1,989.9,986.3,63,49,0.5,262,3.8,279,0.0
2020/06/26,989.8,990.9,988.6,67,46,0.3,267,3.1,82,1.0
2020/06/27,989.7,991.8,988.4,64,48,0.3,270,3.6,279,0.0
2020/06/28,988.7,990.5,987.1,65,46,0.4,228,3.3,334,0.0
2020/06/29,987.1,989.0,985.5,64,45,0.5,262,3.1,278,0.0
2020/06/30,986.2,987.9,984.9,68,55,0.4,265,3.5,296,0.0
2020/07/01,986.6,988.3,985.1,74,48,0.3,117,2.8,284,10.5
2020/07/02,988.4,990.9,986.7,75,49,0.3,114,4.1,293,6.0
2020/07/03,990.5,992.4,989.2,71,49,0.2,176,3.3,185,0.5
2020/07/04,990.1,991.7,988.2,69,51,0.3,284,3.3,321,0.0
2020/07/05,988.1,989.6,986.8,64,52,0.4,256,4.0,277,0.0
2020/07/06,988.5,990.4,986.5,67,54,0.4,265,2.8,294,0.5
2020/07/07,990.4,991.7,989.2,65,49,0.4,265,3.7,278,0.0
2020/07/08,987.9,990.1,986.0,66,50,0.5,266,4.3,217,0.0
2020/07/09,985.8,987.0,984.9,64,47,0.4,265,3.7,287,0.5
2020/07/10,988.0,989.2,985.8,61,44,0.4,272,6.4,280,2.5
2020/07/11,989.2,990.5,987.7,59,47,0.4,279,3.7,329,0.0
2020/07/12,988.9,990.6,986.3,61,42,0.4,272,3.1,322,0.0
2020/07/13,987.9,989.5,986.4,61,42,0.3,62,3.2,324,0.0
2020/07/14,986.4,987.9,984.1,65,46,0.4,303,2.9,315,0.0
2020/07/15,986.7,988.7,984.9,70,52,0.3,268,3.3,289,5.0
2020/07/16,988.2,989.5,987.1,68,59,0.3,271,2.9,282,6.0
2020/07/17,989.5,991.1,987.3,68,53,0.4,260,2.7,266,7.5
2020/07/18,989.3,990.8,988.0,64,47,0.4,263,3.6,274,0.0
2020/07/19,989.4,990.9,987.7,61,48,0.4,265,4.0,305,0.0
2020/07/20,990.8,992.6,988.9,66,40,0.3,268,3.0,292,7.0
2020/07/21,991.9,993.6,990.4,66,48,0.4,284,3.1,287,0.0
2020/07/22,990.7,992.6,989.2,69,55,0.4,312,3.9,314,0.0
2020/07/23,990.0,991.4,988.6,70,53,0.3,1,3.0,316,0.0
2020/07/24,988.9,991.4,986.4,64,49,0.4,56,3.0,330,0.0
2020/07/25,988.2,989.5,986.5,67,49,0.3,234,3.6,45,0.0
2020/07/26,987.9,989.5,986.0,66,52,0.4,212,3.6,305,0.0
2020/07/27,988.0,989.3,986.5,69,48,0.3,300,3.8,83,7.5
2020/07/28,989.0,990.5,987.6,78,55,0.3,88,2.9,303,2.5
2020/07/29,988.5,990.1,986.1,73,59,0.4,42,3.2,326,1.5
2020/07/30,987.5,989.8,985.7,77,65,0.3,67,2.7,308,0.0
2020/07/31,987.7,989.5,986.3,65,44,0.3,304,3.0,327,0.0
2020/08/01,988.8,990.5,987.1,72,46,0.3,82,2.8,300,6.5
2020/08/02,987.9,990.2,985.7,75,57,0.5,73,4.0,323,3.5
2020/08/03,985.3,986.4,984.3,87,77,0.3,283,2.7,279,60.0
2020/08/04,987.8,991.4,985.1,76,63,0.3,79,3.3,290,1.0
2020/08/05,991.0,993.1,989.0,70,54,0.4,319,3.8,281,0.0
2020/08/06,991.0,993.0,989.0,63,47,0.5,55,4.8,273,0.0
2020/08/07,989.2,991.2,987.3,71,60,0.5,311,3.5,328,0.0
2020/08/08,986.3,988.4,984.3,73,56,0.5,67,3.1,317,0.0
2020/08/09,984.6,986.0,983.3,68,52,0.4,306,2.9,308,0.0
2020/08/10,986.1,987.4,984.8,77,54,0.3,306,2.9,311,7.5
2020/08/11,990.2,993.6,985.7,80,65,0.2,72,2.2,290,3.0
2020/08/12,993.9,995.8,992.0,77,50,0.3,296,3.3,106,66.5
2020/08/13,992.8,995.3,991.2,70,52,0.4,307,3.4,316,0.0
2020/08/14,990.5,992.1,988.3,69,53,0.4,307,3.3,312,0.0
2020/08/15,990.0,991.7,988.3,80,56,0.3,83,3.7,317,45.0
,989.8,--,--,74,--,0.4,312,--,--,0.0
2020/08/17,988.6,990.2,987.4,72,50,0.4,88,2.2,284,0.0
2020/08/18,988.3,990.5,986.7,75,48,0.3,98,3.9,334,36.0
2020/08/19,988.8,990.1,987.3,73,56,0.4,210,3.4,280,0.0
2020/08/20,989.4,990.9,987.4,73,57,0.2,16,3.0,306,9.0
2020/08/21,987.8,990.8,985.5,74,58,0.5,274,3.1,303,0.5
,986.2,--,--,76,--,0.3,88,--,--,10.0
2020/08/23,987.1,989.0,985.7,72,49,0.4,303,3.0,306,0.0
2020/08/24,985.3,987.6,982.4,68,50,0.3,267,2.9,257,0.0
2020/08/25,984.2,986.0,982.0,69,47,0.4,285,3.9,112,0.0
2020/08/26,984.0,985.7,982.1,71,63,0.3,285,2.7,164,5.5
2020/08/27,983.7,985.5,982.3,77,58,0.2,7,3.0,274,6.5
2020/08/28,984.6,986.3,982.9,75,59,0.2,266,3.0,259,1.0
2020/08/29,985.4,987.0,984.1,72,48,0.3,13,3.3,276,0.0
2020/08/30,985.3,987.1,983.9,77,57,0.3,305,3.7,313,0.0
2020/08/31,984.2,986.4,982.1,74,56,0.4,28,4.4,319,0.0
2020/09/01,984.0,986.3,981.9,69,51,0.5,1,3.5,304,0.0
2020/09/02,986.6,988.7,984.8,66,51,0.4,269,2.9,281,0.0
2020/09/03,989.3,991.7,987.4,74,55,0.2,21,3.0,285,1.0
2020/09/04,989.4,991.4,987.1,73,51,0.4,54,4.3,320,0.0
2020/09/05,986.8,988.9,984.5,68,51,0.4,72,4.0,289,0.0
2020/09/06,985.3,986.8,983.6,48,27,0.5,14,4.2,307,0.0
2020/09/07,989.2,992.4,986.7,58,29,0.3,24,3.3,291,0.0
2020/09/08,992.7,994.2,991.5,60,45,0.3,86,3.0,271,0.0
2020/09/09,990.6,993.1,988.7,66,46,0.3,286,2.8,316,0.0
2020/09/10,988.2,989.5,986.0,71,58,0.2,299,2.4,310,0.0
2020/09/11,989.4,991.4,987.7,67,50,0.2,77,2.3,332,0.0
2020/09/12,991.7,993.1,990.1,72,60,0.3,17,3.4,299,4.5
2020/09/13,992.0,993.4,990.4,76,51,0.3,302,3.7,105,21.0
2020/09/14,990.9,992.8,988.9,77,57,0.4,302,3.4,305,0.0
2020/09/15,990.4,992.0,988.4,76,57,0.4,73,3.9,322,0.0
2020/09/16,989.8,991.4,988.4,72,54,0.4,22,3.2,318,0.0
2020/09/17,989.4,991.2,987.7,70,51,0.3,301,2.7,266,0.0
2020/09/18,992.3,994.7,990.5,67,46,0.4,297,4.1,292,0.0
2020/09/19,993.5,995.8,992.1,71,56,0.4,317,4.0,310,0.0
2020/09/20,991.5,993.6,989.5,73,53,0.5,39,4.9,310,0.0
2020/09/21,990.5,992.0,988.3,68,48,0.6,55,4.8,267,0.0
2020/09/22,989.9,991.8,988.0,66,47,0.5,312,3.7,322,0.0
2020/09/23,990.4,991.8,989.3,70,54,0.4,306,3.4,316,0.0
2020/09/24,990.2,991.7,989.2,72,52,0.5,307,3.7,321,0.0
2020/09/25,989.3,990.8,987.6,69,55,0.5,66,3.2,41,0.0
,989.5,--,--,68,--,0.4,297,--,--,0.0
2020/09/27,990.9,992.6,989.6,75,66,0.3,3,3.0,64,0.0
2020/09/28,990.7,992.8,989.0,85,74,0.3,302,2.3,314,0.5
,988.3,--,--,73,--,0.4,299,--,--,0.0
2020/09/30,987.8,989.3,986.5,73,57,0.5,43,3.3,31,0.0
2020/10/01,989.0,990.9,987.4,65,47,0.4,300,3.4,293,0.0
2020/10/02,990.7,992.4,988.7,70,50,0.4,305,3.6,303,0.0
2020/10/03,990.8,992.6,988.6,67,45,0.3,302,3.0,316,0.0
2020/10/04,989.6,991.5,987.6,63,34,0.3,304,3.2,294,0.0
,990.5,--,--,69,--,0.5,52,--,--,0.0
2020/10/06,992.2,993.7,990.4,65,50,0.7,7,4.5,81,0.0
2020/10/07,992.8,995.0,990.9,64,49,0.6,44,5.9,47,0.0
2020/10/08,992.9,994.5,991.1,59,45,0.6,61,4.5,100,0.0
2020/10/09,992.9,994.7,990.9,64,49,0.6,46,3.9,106,0.0
2020/10/10,991.2,993.4,989.3,69,51,0.6,61,3.7,313,0.0
2020/10/11,989.5,991.4,987.1,76,58,0.4,308,3.4,328,0.0
2020/10/12,989.7,991.4,987.6,77,58,0.4,294,2.9,305,0.0
2020/10/13,991.8,993.7,990.2,77,52,0.4,300,3.3,309,0.0
2020/10/14,993.4,995.3,991.4,73,53,0.4,303,3.3,298,0.0
2020/10/15,992.9,994.7,991.1,71,54,0.3,299,2.5,329,0.0
2020/10/16,993.0,995.2,991.1,72,55,0.4,56,3.0,277,0.0
2020/10/17,993.8,995.6,992.6,71,54,0.5,35,3.1,99,0.0
2020/10/18,994.3,996.2,992.6,71,55,0.6,55,3.9,40,0.0
,993.6,--,--,71,--,0.6,13,--,--,0.0
2020/10/20,991.7,993.9,989.6,71,52,0.4,18,3.5,310,0.0
2020/10/21,987.9,990.8,985.8,76,55,0.3,12,2.2,306,0.0
2020/10/22,988.3,990.8,985.7,79,60,0.8,57,5.1,42,0.0
2020/10/23,990.6,992.1,988.7,83,74,0.6,28,4.5,34,2.0
,993.0,--,--,65,--,0.4,45,--,--,0.0
2020/10/25,993.8,995.8,992.1,69,58,0.2,292,2.3,293,0.0
2020/10/26,992.3,994.5,989.9,70,51,0.4,300,2.6,303,0.0
2020/10/27,992.2,994.2,990.1,68,51,0.3,300,2.5,310,0.0
2020/10/28,994.5,996.5,993.1,72,51,0.4,298,2.9,319,0.0
2020/10/29,996.1,998.1,993.9,73,56,0.5,30,4.4,336,0.0
2020/10/30,996.2,998.0,994.2,63,47,0.6,33,4.4,320,0.0
2020/10/31,995.2,997.5,993.1,56,45,0.5,50,3.6,315,0.0
2020/11/01,993.8,995.9,992.1,68,57,0.3,76,2.6,322,0.0
2020/11/02,992.6,994.3,990.4,70,48,0.4,17,4.5,307,0.0
2020/11/03,994.4,995.9,992.3,64,47,0.6,42,4.0,93,0.0
2020/11/04,995.2,996.7,993.6,60,45,0.5,62,3.0,297,0.0
2020/11/05,995.2,997.8,993.3,66,46,0.3,300,3.6,304,0.0
2020/11/06,991.3,994.6,988.6,77,59,0.2,92,1.9,291,0.0
2020/11/07,994.1,996.2,990.6,82,63,0.4,302,3.2,293,0.5
2020/11/08,995.8,998.0,994.5,79,64,0.6,46,4.4,86,0.0
2020/11/09,995.7,997.1,993.9,71,58,0.5,49,3.0,26,0.0
2020/11/10,997.3,998.7,995.3,74,64,0.4,12,2.8,307,1.0
,997.7,--,--,64,--,0.4,39,--,--,0.0
2020/11/12,995.8,997.7,993.9,68,45,0.3,57,2.7,306,0.0
2020/11/13,995.3,996.5,994.0,80,64,0.5,52,3.1,14,1.5
2020/11/14,996.0,998.7,993.1,78,61,0.2,24,2.5,10,0.0
2020/11/15,997.5,999.4,996.4,76,58,0.2,166,2.3,308,0.0
2020/11/16,996.0,998.4,994.0,76,58,0.2,79,2.4,316,0.0
2020/11/17,994.8,996.5,993.9,74,58,0.1,299,2.1,289,0.0
2020/11/18,993.2,995.5,991.4,72,46,0.2,298,1.8,309,0.0
2020/11/19,992.4,994.7,990.5,68,50,0.3,298,2.6,281,0.0
2020/11/20,993.4,995.2,992.0,71,51,0.3,313,2.6,290,0.0
2020/11/21,994.5,996.2,992.8,72,42,0.1,76,1.6,305,0.0
2020/11/22,997.0,999.1,995.5,79,62,0.4,304,3.3,16,0.0
2020/11/23,998.0,999.9,995.8,72,50,0.4,37,2.8,277,0.0
2020/11/24,998.0,1000.0,995.8,73,55,0.4,300,2.6,275,0.0
2020/11/25,997.3,999.3,995.3,75,56,0.2,74,2.4,329,0.0
,997.6,--,--,76,--,0.2,32,--,--,0.0
2020/11/27,998.5,1000.9,996.5,73,58,0.4,26,4.0,263,0.0
2020/11/28,999.0,1001.3,996.7,73,56,0.5,43,3.0,306,0.0
2020/11/29,999.0,1001.0,997.2,72,52,0.6,319,3.6,304,0.0
2020/11/30,999.1,1000.6,996.8,69,56,0.3,307,2.6,62,0.0
2020/12/01,997.9,1000.6,995.8,70,53,0.4,20,3.8,299,0.0
,996.6,--,--,70,--,0.6,44,--,--,0.0
2020/12/03,996.4,998.1,994.7,71,56,0.9,57,5.2,300,0.0
2020/12/04,996.2,998.1,994.7,73,63,0.6,56,4.0,52,0.0
2020/12/05,997.1,999.0,995.5,71,53,0.6,57,4.0,22,0.0
2020/12/06,996.5,998.0,994.6,74,54,0.5,295,3.7,286,0.0
2020/12/07,997.3,999.1,994.9,80,66,0.6,16,4.3,307,0.0
2020/12/08,996.9,999.0,995.5,80,69,0.6,58,3.1,326,0.0
2020/12/09,995.3,997.5,993.7,91,80,0.2,14,3.3,30,28.0
2020/12/10,995.0,996.7,992.4,87,74,0.4,3,3.4,296,0.0
2020/12/11,994.2,995.8,992.6,87,73,0.4,295,2.6,45,0.5
2020/12/12,993.7,995.8,991.7,78,60,0.4,315,3.1,322,0.0
2020/12/13,994.4,996.7,992.6,78,58,0.3,307,3.0,335,0.0
2020/12/14,997.0,999.3,994.6,79,63,0.5,51,4.4,49,0.0
2020/12/15,999.3,1001.3,997.1,78,62,0.7,50,4.2,68,0.0
,1000.0,--,--,78,--,0.6,63,--,--,0.0
2020/12/17,998.8,1000.6,996.5,75,55,0.3,40,3.7,331,0.0
2020/12/18,999.0,1000.5,996.8,81,60,0.5,3,4.3,315,0.0
2020/12/19,999.9,1002.1,997.5,79,64,0.8,13,4.9,29,0.0
2020/12/20,1000.3,1002.1,998.6,74,61,0.6,21,5.0,54,0.0
2020/12/21,998.9,1000.6,997.7,81,72,0.4,57,2.4,83,0.5
2020/12/22,997.2,999.3,994.9,78,54,0.3,26,2.2,280,0.0
2020/12/23,995.6,998.3,993.9,93,86,0.4,305,3.3,300,7.5
2020/12/24,994.3,996.1,992.3,88,79,0.5,41,4.1,296,1.5
2020/12/25,996.9,998.6,995.0,77,61,0.5,5,3.2,345,0.0
2020/12/26,997.7,1000.8,995.0,75,41,0.4,28,3.3,268,0.0
,995.5,--,--,72,--,0.3,57,--,--,0.5
2020/12/28,993.0,995.5,990.8,72,53,0.3,20,2.5,301,0.0
2020/12/29,993.4,994.9,991.5,79,68,0.2,289,2.6,311,0.0
2020/12/30,998.8,1001.9,994.0,69,46,1.0,41,7.6,59,0.0
2020/12/31,1002.9,1004.7,1001.5,65,55,0.7,64,4.5,41,0.0
2021/01/01,1002.2,1004.3,999.6,66,51,0.6,62,4.1,306,0.0
2021/01/02,1000.5,1002.5,997.8,70,49,0.4,318,4.1,300,0.0
2021/01/03,1000.8,1002.4,998.7,75,50,0.4,309,4.1,276,0.0
2021/01/04,999.4,1001.6,997.1,82,65,0.5,20,4.0,311,0.0
2021/01/05,997.8,999.7,995.5,79,61,0.6,57,4.0,256,0.0
2021/01/06,997.0,999.1,994.6,83,75,0.5,20,3.1,3,0.0
2021/01/07,998.1,1000.3,996.1,84,71,0.7,56,4.8,313,0.0
2021/01/08,1001.1,1002.7,999.3,78,63,0.8,53,4.7,290,0.0
2021/01/09,1001.0,1002.7,998.9,62,47,0.7,29,5.2,329,0.0
2021/01/10,1000.3,1002.1,997.8,64,46,0.3,13,4.1,299,0.0
2021/01/11,1001.2,1003.0,999.9,86,72,0.6,32,5.4,301,1.0
2021/01/12,999.9,1002.5,997.8,72,50,0.6,59,5.0,8,2.5
2021/01/13,998.0,999.7,995.8,69,31,0.2,71,3.4,284,0.0
2021/01/14,996.6,998.7,994.7,64,39,0.2,77,2.8,286,0.0
2021/01/15,995.3,997.4,992.1,72,39,0.3,299,3.1,285,0.0
2021/01/16,995.6,999.0,993.3,71,45,0.4,15,3.8,315,0.0
2021/01/17,1000.0,1002.2,998.0,70,52,0.8,10,5.3,311,0.0
2021/01/18,1000.0,1001.9,997.4,68,51,0.5,46,4.2,314,0.0
2021/01/19,998.6,1000.0,997.4,66,46,0.2,98,2.7,324,0.0
2021/01/20,997.2,999.1,995.6,76,45,0.3,296,2.6,323,0.0
2021/01/21,994.5,996.9,992.0,75,31,0.2,308,2.7,309,0.0
2021/01/22,991.0,993.0,989.0,78,52,0.1,81,2.0,325,0.5
2021/01/23,992.5,995.8,989.9,82,60,0.4,315,2.7,301,0.0
2021/01/24,996.1,998.0,994.2,76,59,0.5,304,3.3,321,0.0
2021/01/25,997.0,999.9,994.9,75,48,0.5,299,3.0,332,0.0
2021/01/26,995.9,998.1,994.5,77,54,0.3,36,2.9,321,0.0
2021/01/27,996.3,998.6,994.2,80,62,0.5,43,3.1,322,0.0
2021/01/28,999.2,1000.8,997.5,78,65,0.6,43,4.3,301,0.0
2021/01/29,999.7,1001.3,998.3,58,42,0.5,57,3.0,48,0.0
2021/01/30,1001.4,1003.4,999.6,70,49,0.3,301,3.2,336,0.0
2021/01/31,1001.3,1004.0,999.6,67,39,0.3,306,2.4,270,0.0
2021/02/01,998.9,1001.3,997.2,56,25,0.2,34,2.3,317,0.0
2021/02/02,998.8,1001.0,996.7,60,38,0.5,10,4.4,297,0.0
2021/02/03,1000.5,1002.8,998.9,72,43,0.3,306,2.7,279,0.0
2021/02/04,1000.5,1003.1,998.7,72,49,0.2,284,2.3,299,0.0
,998.6,--,--,72,--,0.2,134,--,--,0.0
,997.4,--,--,69,--,0.2,308,--,--,0.0
2021/02/07,997.3,999.7,995.3,77,47,0.3,305,2.4,309,0.0
2021/02/08,997.8,999.6,996.1,70,51,0.3,18,3.2,352,0.0
2021/02/09,997.2,999.4,995.0,68,49,0.4,290,2.6,325,0.0
2021/02/10,993.3,996.5,990.5,80,57,0.2,298,2.5,279,4.0
2021/02/11,990.8,992.7,989.3,94,89,0.3,42,2.7,52,21.0
2021/02/12,993.1,995.5,990.5,88,75,0.3,40,2.2,360,0.0
2021/02/13,994.6,997.1,992.8,79,59,0.3,305,2.8,332,0.0
2021/02/14,994.0,996.4,992.3,82,51,0.2,310,2.4,273,0.0
2021/02/15,994.1,995.8,992.7,69,46,0.3,294,3.1,325,0.0
2021/02/16,995.4,997.1,993.9,71,39,0.2,299,2.6,316,0.0
2021/02/17,998.3,1000.8,996.5,69,49,0.6,49,4.4,316,0.0
2021/02/18,1002.1,1004.0,1000.0,50,33,0.5,37,4.2,53,0.0
2021/02/19,1001.7,1004.4,999.9,61,41,0.3,287,3.1,301,0.0
2021/02/20,999.6,1001.9,998.0,64,42,0.3,307,2.7,326,0.0
2021/02/21,997.7,1000.6,996.1,52,19,0.2,100,3.0,318,0.0
2021/02/22,996.1,998.3,994.0,55,28,0.2,302,2.7,274,0.0
2021/02/23,994.1,996.9,991.5,71,47,0.4,291,3.5,307,0.0
2021/02/24,993.0,995.8,990.6,84,67,0.4,307,3.0,311,0.0
2021/02/25,990.9,992.7,989.0,76,48,0.2,312,2.7,344,0.0
2021/02/26,989.8,992.0,988.4,74,53,0.3,304,2.8,317,0.5
2021/02/27,993.5,995.5,991.1,83,66,0.5,12,3.2,319,0.0
2021/02/28,995.3,997.8,993.6,75,48,0.2,311,1.9,325,0.0
2021/03/01,996.4,998.9,994.6,70,52,0.1,86,2.0,313,0.0
2021/03/02,997.5,999.6,995.5,74,59,0.5,41,4.3,305,0.0
2021/03/03,999.3,1000.8,998.0,79,70,0.3,303,2.5,321,0.0
2021/03/04,998.7,1000.3,996.9,82,51,0.2,16,2.2,266,0.0
2021/03/05,996.5,999.0,995.0,76,48,0.2,60,1.8,325,0.5
2021/03/06,997.0,999.4,995.5,82,61,0.3,27,2.0,89,5.5
2021/03/07,997.9,1000.2,995.9,86,71,0.4,52,2.8,303,0.0
2021/03/08,998.8,1001.2,996.9,82,64,0.4,31,2.5,315,0.0
2021/03/09,999.2,1001.0,997.2,80,50,0.3,42,2.9,339,0.0
,999.2,--,--,77,--,0.3,307,--,--,0.0
2021/03/11,999.3,1001.6,997.5,75,57,0.2,294,2.3,266,0.0
2021/03/12,998.4,1000.5,995.8,69,50,0.3,4,3.4,284,0.0
2021/03/13,997.5,999.6,995.8,71,50,0.4,308,4.2,284,0.0
2021/03/14,995.8,998.0,993.7,71,52,0.4,303,3.0,325,0.0
2021/03/15,994.8,997.1,993.6,64,41,0.2,260,2.7,321,0.0
2021/03/16,993.9,995.6,992.1,58,43,0.2,309,2.5,303,0.0
2021/03/17,993.7,995.5,992.1,67,51,0.3,100,2.2,303,0.0
2021/03/18,993.4,995.5,991.8,74,51,0.3,308,2.3,275,0.0
,992.7,--,--,73,--,0.3,83,--,--,0.0
2021/03/20,991.5,993.1,990.1,73,47,0.2,77,1.9,272,0.0
2021/03/21,995.1,999.3,991.7,76,58,0.5,37,3.5,31,0.0
2021/03/22,1000.1,1002.1,998.1,83,70,0.4,52,2.5,306,2.0
2021/03/23,998.7,1001.6,996.7,79,60,0.1,265,1.9,315,0.0
2021/03/24,996.3,999.3,994.6,86,55,0.2,58,2.9,47,20.0
2021/03/25,996.0,999.0,994.6,65,49,0.5,323,3.7,300,0.0
2021/03/26,995.3,998.0,993.6,70,52,0.3,322,2.8,265,0.0
2021/03/27,992.3,995.0,989.6,66,45,0.3,266,2.7,322,0.0
2021/03/28,989.5,991.4,988.0,70,50,0.3,135,3.3,332,0.0
2021/03/29,988.5,990.8,986.0,75,51,0.3,298,3.1,311,0.0
2021/03/30,987.8,989.8,986.1,72,56,0.3,280,2.4,260,0.0
2021/03/31,988.2,989.8,987.1,76,53,0.3,302,3.0,303,0.0
2021/04/01,988.9,990.9,986.7,76,65,0.2,255,2.3,280,0.0
2021/04/02,990.7,992.7,989.0,72,46,0.3,263,2.7,298,0.0
2021/04/03,992.0,993.6,990.5,77,56,0.5,306,3.2,330,0.0
2021/04/04,993.3,995.0,992.0,73,56,0.5,306,3.9,331,0.0
,996.1,--,--,55,--,0.6,302,--,--,0.0
2021/04/06,996.3,998.4,993.9,59,39,0.6,301,4.4,309,0.0
2021/04/07,995.3,997.8,993.4,69,57,0.3,312,2.3,330,0.0
2021/04/08,993.9,996.2,992.1,77,56,0.5,6,4.1,313,0.0
2021/04/09,996.0,997.7,993.6,78,64,0.6,59,3.5,302,0.0
2021/04/10,997.8,999.3,996.2,74,55,0.5,37,3.9,306,0.0
2021/04/11,998.3,1000.5,996.9,79,60,0.5,303,3.3,275,0.0
2021/04/12,996.3,998.6,994.6,72,48,0.4,303,2.9,325,0.0
2021/04/13,994.5,996.2,993.0,71,47,0.4,27,2.9,274,0.0
2021/04/14,993.8,995.6,992.0,74,55,0.5,1,3.5,317,0.0
2021/04/15,993.0,995.2,990.9,73,51,0.5,309,3.3,275,0.0
2021/04/16,993.3,994.7,991.7,71,49,0.3,295,2.1,283,0.0
2021/04/17,994.2,996.1,992.3,64,38,0.4,307,2.4,301,0.0
2021/04/18,993.5,994.9,990.9,59,47,0.3,299,2.6,322,0.0
2021/04/19,992.2,993.7,990.5,60,47,0.3,303,2.7,312,0.0
2021/04/20,991.8,993.7,990.4,62,47,0.2,303,1.9,274,0.0
2021/04/21,990.7,993.0,988.9,63,47,0.2,301,2.7,319,0.0
2021/04/22,988.0,989.9,985.7,78,56,0.3,301,2.1,340,0.0
2021/04/23,987.5,989.6,985.4,75,54,0.4,35,3.2,301,0.0
2021/04/24,990.0,992.4,987.7,71,48,0.4,50,2.6,311,0.0
2021/04/25,992.1,994.0,989.2,79,73,0.2,75,1.6,35,0.0
2021/04/26,993.3,995.8,991.7,70,49,0.3,298,2.0,285,0.0
2021/04/27,995.4,997.1,993.9,79,58,0.2,301,2.0,306,0.0
2021/04/28,995.2,996.9,993.7,83,68,0.2,308,1.8,294,1.5
2021/04/29,992.6,994.0,991.2,88,76,0.1,51,1.6,47,10.5
2021/04/30,992.3,994.0,990.8,71,50,0.2,78,1.9,304,0.0
2021/05/01,992.8,994.6,991.1,65,44,0.1,261,1.5,328,0.0
2021/05/02,994.5,996.8,992.7,72,43,0.2,308,2.1,318,0.0
2021/05/03,994.0,996.1,992.3,76,39,0.2,77,1.5,308,0.5
2021/05/04,992.2,993.6,990.1,70,52,0.1,265,1.6,271,0.0
2021/05/05,993.8,995.6,991.7,76,58,0.3,274,2.4,310,0.0
2021/05/06,995.2,996.9,993.9,70,54,0.2,295,1.6,304,0.0
2021/05/07,993.2,995.8,990.8,68,53,0.2,177,1.8,278,0.0
2021/05/08,990.7,992.1,989.2,73,54,0.3,88,2.0,284,0.0
2021/05/09,990.3,992.6,988.3,69,44,0.3,252,2.0,324,0.0
2021/05/10,989.8,992.0,987.6,69,50,0.2,268,1.9,289,0.0
2021/05/11,989.8,991.7,988.2,64,45,0.3,277,2.0,327,0.0
2021/05/12,989.9,991.8,987.9,58,43,0.2,261,1.6,283,0.0
2021/05/13,990.3,992.3,988.6,63,48,0.2,256,1.9,313,0.0
2021/05/14,990.9,992.7,989.8,68,46,0.2,269,1.9,303,0.0
2021/05/15,990.5,992.6,988.6,67,44,0.2,269,1.8,179,0.0
2021/05/16,990.4,992.3,988.9,62,42,0.2,273,2.2,279,0.0
2021/05/17,991.0,993.0,989.6,60,46,0.2,263,2.2,313,0.0
2021/05/18,991.0,992.7,988.6,68,48,0.2,114,1.7,328,0.0
2021/05/19,989.7,991.7,987.7,68,46,0.2,245,1.8,321,0.0
2021/05/20,990.1,992.0,988.4,60,42,0.2,257,1.6,295,0.0
2021/05/21,989.7,991.5,987.6,61,46,0.3,267,1.8,204,0.0
2021/05/22,989.0,991.1,987.4,66,46,0.2,252,1.8,322,0.0
2021/05/23,989.6,990.9,988.4,64,44,0.2,271,2.2,343,0.0
2021/05/24,990.8,992.6,989.2,66,49,0.3,111,1.9,329,0.0
2021/05/25,991.0,993.3,989.3,66,47,0.2,291,2.2,288,0.0
2021/05/26,990.4,992.3,988.7,65,49,0.2,262,1.7,272,0.0
2021/05/27,990.3,991.8,988.7,61,43,0.2,266,1.5,281,0.0
2021/05/28,990.1,992.0,988.3,62,45,0.3,267,1.7,279,0.0
2021/05/29,987.9,989.3,986.4,71,51,0.2,254,1.6,302,2.5
2021/05/30,986.0,988.0,984.2,86,67,0.1,102,1.5,201,143.5
2021/05/31,986.3,988.4,984.8,90,72,0.1,74,1.2,331,60.5
2021/06/01,988.2,989.3,987.0,81,63,0.1,276,1.5,276,3.5
2021/06/02,989.0,990.5,987.0,70,49,0.2,265,1.8,300,0.0
2021/06/03,987.6,989.6,985.4,67,43,0.3,259,1.9,306,0.0
2021/06/04,985.1,986.8,982.9,73,52,0.2,307,2.1,320,3.5
,984.7,--,--,85,--,0.2,68,--,--,67.5
2021/06/06,986.2,989.2,983.6,90,80,0.1,275,1.6,292,56.5
2021/06/07,990.3,992.1,988.3,73,51,0.2,271,2.3,290,0.0
2021/06/08,990.9,992.6,989.5,70,50,0.3,299,3.1,305,2.5
2021/06/09,989.4,991.1,987.0,67,50,0.4,299,3.5,323,0.0
2021/06/10,987.9,989.5,985.7,66,52,0.4,302,3.6,328,0.0
2021/06/11,988.6,991.1,986.8,67,53,0.4,302,3.8,304,0.0
2021/06/12,991.3,993.3,989.6,73,52,0.2,109,2.9,321,4.0
2021/06/13,990.8,993.0,988.2,70,52,0.3,264,2.4,317,0.0
2021/06/14,987.9,990.5,985.8,64,47,0.3,290,2.7,327,0.0
2021/06/15,986.0,987.1,984.8,68,52,0.3,93,2.0,274,0.0
2021/06/16,987.9,989.8,984.8,74,62,0.3,126,2.4,127,26.5
2021/06/17,989.0,990.5,987.9,67,51,0.3,253,2.7,102,0.0
2021/06/18,987.8,989.8,985.7,68,49,0.3,277,2.1,272,1.0
2021/06/19,985.8,987.7,984.2,75,65,0.2,296,1.7,127,15.5
2021/06/20,984.2,985.8,982.7,79,69,0.1,202,2.2,130,25.5
2021/06/21,984.6,986.5,983.0,85,73,0.1,183,2.2,101,181.5
,985.9,--,--,87,--,0.1,194,--,--,60.0
2021/06/23,987.5,989.3,985.5,83,72,0.1,0,1.5,205,1.5
2021/06/24,987.8,989.0,986.4,82,67,0.1,41,1.8,306,21.0
,987.6,--,--,76,--,0.2,116,--,--,5.5
2021/06/26,989.0,990.4,987.4,82,69,0.1,266,1.7,72,10.5
2021/06/27,988.1,990.4,986.1,77,64,0.1,115,1.9,121,7.0
2021/06/28,987.0,988.0,985.8,83,68,0.2,0,2.1,189,48.0
2021/06/29,987.9,989.0,987.0,84,64,0.1,0,2.1,296,68.0
2021/06/30,988.5,989.9,987.3,73,57,0.2,0,2.1,319,0.0
2021/07/01,988.7,990.4,987.0,66,49,0.3,265,2.4,308,0.0
2021/07/02,989.0,990.2,987.6,68,54,0.3,271,2.0,266,0.0
2021/07/03,988.6,990.2,987.1,68,48,0.3,270,2.7,292,0.0
2021/07/04,989.6,991.1,988.2,71,53,0.3,299,2.3,297,0.0
2021/07/05,988.4,990.5,986.7,66,44,0.4,300,2.3,311,0.0
,985.2,--,--,79,--,0.2,0,--,--,0.0
2021/07/07,993.2,994.3,990.9,80,54,0.1,0,2.6,322,2.0
2021/07/08,992.8,994.6,991.2,70,53,0.3,305,3.2,312,0.0
2021/07/09,991.6,992.8,990.2,69,49,0.3,300,3.1,310,0.0
2021/07/10,992.1,993.9,990.6,71,61,0.3,306,3.4,315,0.0
2021/07/11,993.0,994.5,991.7,75,63,0.5,303,3.3,323,0.0
,992.0,--,--,77,--,0.4,302,--,--,5.5
2021/07/13,990.5,991.8,989.3,73,57,0.5,297,4.1,212,1.0
2021/07/14,990.0,991.4,988.4,69,50,0.4,298,3.3,272,0.0
2021/07/15,989.7,991.2,988.0,77,55,0.3,80,2.7,297,4.5
2021/07/16,989.3,989.9,987.7,78,52,0.3,76,4.1,86,1.0
2021/07/17,986.4,988.4,984.2,71,51,0.4,305,3.4,278,0.0
2021/07/18,985.0,986.4,983.3,73,58,0.2,0,3.4,306,0.0
2021/07/19,984.8,986.4,983.0,72,53,0.2,0,2.9,318,0.0
2021/07/20,984.6,986.0,982.7,73,64,0.2,0,2.3,311,0.0
2021/07/21,981.8,984.3,979.7,70,48,0.5,42,5.0,38,0.0
2021/07/22,976.5,980.4,974.4,84,69,0.6,58,5.7,307,24.0
2021/07/23,974.4,975.7,972.6,87,77,0.7,2,5.8,39,40.0
2021/07/24,976.8,978.8,974.5,79,62,0.4,301,4.4,306,3.5
2021/07/25,978.7,980.5,977.2,72,54,0.4,269,2.7,296,1.5
2021/07/26,978.5,980.4,976.9,80,62,0.3,213,2.7,333,24.5
2021/07/27,977.3,978.8,975.1,69,47,0.4,281,2.4,268,0.0
2021/07/28,978.8,981.1,976.7,67,47,0.4,269,2.5,245,0.0
2021/07/29,981.7,983.8,979.7,70,54,0.3,248,3.0,83,5.5
2021/07/30,982.9,984.5,981.4,69,55,0.4,270,2.9,243,0.0
2021/07/31,982.1,984.2,979.5,79,65,0.3,163,2.9,140,22.0
2021/08/01,979.4,981.4,977.5,88,68,0.2,0,2.5,125,139.0
2021/08/02,979.1,980.4,977.6,88,77,0.1,0,2.3,84,176.0
2021/08/03,979.7,981.1,978.3,85,67,0.1,0,2.2,198,9.0
2021/08/04,980.3,982.0,978.9,74,53,0.2,0,1.8,228,0.0
2021/08/05,979.5,980.8,978.0,84,77,0.1,0,1.6,82,10.0
2021/08/06,978.0,979.8,975.8,90,80,0.2,0,2.3,262,120.0
2021/08/07,980.3,985.1,974.4,93,90,0.2,0,2.4,249,152.0
2021/08/08,986.0,988.2,983.9,84,70,0.1,0,1.8,107,16.5
2021/08/09,988.0,989.3,986.3,79,66,0.1,0,1.6,211,0.0
2021/08/10,988.5,990.1,987.0,79,58,0.1,0,2.6,213,68.0
2021/08/11,990.3,992.3,988.6,77,56,0.2,0,1.9,330,0.5
2021/08/12,990.5,992.7,988.2,72,56,0.3,262,2.2,278,0.0
2021/08/13,988.0,989.9,986.1,71,54,0.3,263,2.5,282,0.0
2021/08/14,988.5,991.5,986.7,73,56,0.3,261,2.7,262,3.0
2021/08/15,991.9,994.5,989.9,74,57,0.2,0,1.5,277,2.5
2021/08/16,993.4,994.9,991.7,69,56,0.3,267,1.8,316,0.0
2021/08/17,991.4,993.7,988.7,70,55,0.3,40,1.9,252,0.0
2021/08/18,989.5,991.4,987.6,75,58,0.3,31,1.6,309,0.0
2021/08/19,989.8,991.7,987.9,76,51,0.2,0,2.7,286,54.5
2021/08/20,990.6,992.7,988.7,73,51,0.2,0,2.2,327,0.0
2021/08/21,989.7,991.4,987.6,72,58,0.2,0,2.0,313,0.0
2021/08/22,988.5,990.5,986.8,70,52,0.3,287,2.3,262,0.0
2021/08/23,988.7,989.9,987.6,67,48,0.3,259,2.3,277,0.0
2021/08/24,989.5,991.1,988.2,71,56,0.3,42,2.4,270,0.5
2021/08/25,990.9,993.3,988.9,71,52,0.2,0,2.0,261,29.0
2021/08/26,992.5,994.0,990.9,73,57,0.3,301,2.5,319,0.0
2021/08/27,992.6,994.0,991.1,71,53,0.3,308,1.9,319,0.0
2021/08/28,991.8,992.8,990.1,73,46,0.3,253,2.2,281,0.0
2021/08/29,991.6,993.0,990.4,72,46,0.3,67,2.1,263,0.0
2021/08/30,991.7,993.6,990.6,74,62,0.2,0,1.7,266,0.0
2021/08/31,991.4,992.8,989.8,72,58,0.2,0,1.8,258,0.0
2021/09/01,991.0,992.6,989.0,74,52,0.3,306,2.2,304,0.0
2021/09/02,989.9,991.8,987.4,73,57,0.3,36,1.8,259,0.0
2021/09/03,988.8,990.5,986.7,72,56,0.3,91,2.2,291,1.0
2021/09/04,989.8,991.4,988.6,73,55,0.3,65,2.0,258,0.0
2021/09/05,990.3,993.1,988.4,74,57,0.3,52,1.5,275,1.5
2021/09/06,991.9,993.1,990.5,67,51,0.2,0,1.9,293,0.0
2021/09/07,991.3,993.0,989.2,68,51,0.4,54,2.1,266,0.0
2021/09/08,989.8,991.1,988.4,75,60,0.3,310,2.0,306,11.5
2021/09/09,989.7,991.2,988.6,73,51,0.2,0,1.6,273,0.0
2021/09/10,988.0,990.2,985.4,73,56,0.3,302,1.9,279,0.0
2021/09/11,980.7,985.5,976.6,75,58,0.2,0,2.1,281,0.0
2021/09/12,978.7,985.1,974.5,85,72,0.3,1,2.4,285,33.0
2021/09/13,988.0,991.8,984.3,76,60,0.2,0,1.8,287,8.0
2021/09/14,992.0,993.7,990.5,69,52,0.2,0,2.1,290,0.0
2021/09/15,991.5,993.1,989.5,70,45,0.3,281,2.1,274,0.0
2021/09/16,989.9,991.8,987.4,74,54,0.2,0,3.1,74,10.5
2021/09/17,990.7,992.6,989.3,73,57,0.2,0,2.0,296,0.5
2021/09/18,992.3,994.0,991.1,71,52,0.2,0,2.1,327,0.0
2021/09/19,992.4,993.4,991.1,71,51,0.2,0,2.0,310,0.0
2021/09/20,991.6,993.6,989.2,68,47,0.2,0,2.1,271,0.0
2021/09/21,990.6,992.6,988.6,68,56,0.3,296,2.0,324,0.0
2021/09/22,992.4,994.7,990.8,67,55,0.3,300,2.5,307,0.0
2021/09/23,994.6,996.1,993.0,71,52,0.3,71,2.1,303,0.0
2021/09/24,994.1,996.2,992.1,72,54,0.2,0,1.9,273,14.0
2021/09/25,992.5,994.7,991.1,68,54,0.2,0,2.2,292,0.0
2021/09/26,991.6,993.3,990.2,69,45,0.3,33,2.2,326,0.0
2021/09/27,990.2,992.1,989.0,73,55,0.3,311,2.1,317,0.0
2021/09/28,988.8,990.8,987.1,72,57,0.2,0,2.5,327,0.0
2021/09/29,987.8,989.3,986.3,70,52,0.2,0,2.0,321,0.0
2021/09/30,988.7,990.6,987.0,73,53,0.2,0,2.0,280,0.0
2021/10/01,990.3,992.1,988.6,70,47,0.2,0,1.9,269,0.0
2021/10/02,992.0,994.3,990.2,71,53,0.3,41,2.3,307,0.0
2021/10/03,992.8,994.6,991.7,70,50,0.2,0,1.9,300,0.0
2021/10/04,992.9,995.0,991.7,68,50,0.2,0,1.6,267,0.0
2021/10/05,990.9,992.7,989.5,68,51,0.2,0,2.0,313,0.0
2021/10/06,988.7,991.5,986.3,62,45,0.2,0,2.0,279,0.0
2021/10/07,988.4,990.1,987.1,67,45,0.2,0,1.7,323,0.0
2021/10/08,988.9,990.5,987.4,70,53,0.2,0,2.1,268,0.0
2021/10/09,989.2,990.8,987.4,71,51,0.2,0,1.5,279,0.0
2021/10/10,987.3,989.9,985.2,66,51,0.2,0,1.5,273,0.0
2021/10/11,979.2,985.5,975.3,67,55,0.4,52,2.6,319,0.5
2021/10/12,979.8,984.9,975.0,78,63,0.1,0,2.0,78,3.0
2021/10/13,988.3,990.9,984.6,80,64,0.0,0,0.7,234,6.0
2021/10/14,990.3,992.3,988.3,84,70,0.0,0,0.6,277,9.5
2021/10/15,990.1,991.5,988.4,78,64,0.1,0,1.6,318,0.0
2021/10/16,993.0,995.8,990.8,72,57,0.3,14,3.2,69,0.0
2021/10/17,996.1,998.1,994.7,66,56,0.6,41,3.4,71,0.0
2021/10/18,996.8,998.6,995.0,69,53,0.4,303,2.2,331,0.0
2021/10/19,997.3,999.4,995.3,70,52,0.3,24,2.5,315,0.0
2021/10/20,996.1,998.4,994.5,74,58,0.2,0,1.8,281,0.0
2021/10/21,994.7,996.1,993.3,78,67,0.4,55,3.2,308,0.0
2021/10/22,996.5,998.0,994.6,80,74,0.3,49,2.0,70,0.0
2021/10/23,997.1,998.6,995.5,76,58,0.2,0,1.8,301,0.0
2021/10/24,996.7,998.6,994.6,81,71,0.3,33,2.2,273,0.0
2021/10/25,994.9,996.8,993.4,74,60,0.4,38,2.8,317,0.0
2021/10/26,994.9,996.9,993.1,72,49,0.3,15,2.5,276,0.5
2021/10/27,996.1,998.3,994.3,69,44,0.4,6,2.7,274,0.0
2021/10/28,997.2,999.0,995.6,66,48,0.4,14,2.6,278,0.0
2021/10/29,997.7,999.7,996.4,67,52,0.4,297,2.4,16,0.0
2021/10/30,998.4,1000.0,996.9,69,52,0.3,34,2.4,258,0.0
2021/10/31,998.0,999.6,996.4,72,53,0.4,323,2.5,302,0.0
2021/11/01,998.0,999.9,996.1,73,54,0.3,8,2.3,310,0.0
2021/11/02,997.4,999.6,995.5,72,59,0.3,303,2.1,272,0.0
2021/11/03,996.0,997.8,994.0,75,61,0.2,0,1.7,307,0.0
2021/11/04,995.2,997.2,994.2,74,52,0.1,0,2.0,309,0.0
2021/11/05,992.9,995.5,990.9,71,51,0.1,0,1.8,312,0.0
2021/11/06,990.9,992.4,989.6,72,47,0.3,84,2.3,309,0.0
2021/11/07,992.2,993.7,990.9,71,48,0.2,0,1.9,270,0.0
2021/11/08,994.6,996.8,992.4,76,64,0.4,5,2.9,42,0.0
2021/11/09,996.9,999.1,995.3,65,53,0.5,45,2.8,36,0.0
2021/11/10,997.3,999.0,995.6,58,37,0.3,6,2.7,289,0.0
2021/11/11,996.7,999.4,994.3,52,31,0.3,25,2.4,280,0.0
2021/11/12,997.5,1000.8,995.9,68,51,0.3,16,2.0,316,0.5
2021/11/13,997.4,999.7,995.6,80,66,0.4,35,3.1,298,0.0
2021/11/14,996.5,998.9,994.2,73,55,0.4,52,2.3,313,0.0
2021/11/15,996.0,998.7,994.2,69,50,0.2,0,1.8,300,0.0
2021/11/16,996.6,998.6,995.0,72,48,0.2,0,2.3,308,0.0
2021/11/17,995.8,998.0,994.0,76,51,0.2,0,2.0,334,0.0
2021/11/18,993.2,996.4,990.6,81,63,0.4,2,2.9,302,0.5
2021/11/19,991.1,993.3,989.0,75,58,0.4,15,2.6,276,0.0
2021/11/20,992.4,994.5,990.9,73,48,0.3,11,2.3,279,0.0
2021/11/21,993.7,995.5,992.1,78,55,0.2,0,1.7,280,0.0
2021/11/22,995.0,997.5,992.7,76,66,0.5,51,2.9,64,0.0
2021/11/23,998.4,1000.3,996.2,78,68,0.4,46,2.3,315,0.0
2021/11/24,998.4,1000.2,996.5,73,57,0.4,22,2.2,317,0.0
2021/11/25,996.9,998.4,995.5,79,66,0.2,0,1.9,52,0.0
2021/11/26,997.2,999.0,995.8,86,72,0.4,27,2.1,105,4.0
2021/11/27,997.6,998.7,996.4,76,60,0.2,0,2.2,61,0.0
2021/11/28,997.8,999.9,996.2,78,65,0.1,0,1.2,281,0.0
2021/11/29,994.9,996.8,992.8,76,49,0.2,0,1.5,322,0.0
2021/11/30,995.8,997.8,993.9,76,57,0.5,19,3.7,35,0.0
2021/12/01,998.0,1000.0,995.6,59,45,0.6,45,3.1,32,0.0
2021/12/02,998.8,1000.8,996.2,67,53,0.5,39,2.5,292,0.0
2021/12/03,999.3,1000.9,997.1,58,39,0.5,32,3.0,52,0.0
2021/12/04,999.9,1001.9,998.1,55,31,0.2,0,2.2,305,0.0
2021/12/05,999.4,1001.5,997.4,67,34,0.3,7,2.5,280,0.0
2021/12/06,997.5,999.3,995.9,76,60,0.4,37,2.8,288,0.0
2021/12/07,998.9,1000.8,997.5,71,52,0.4,35,2.3,266,0.0
2021/12/08,1000.6,1002.8,999.0,67,47,0.2,0,2.3,313,0.0
2021/12/09,1000.4,1002.7,999.0,73,50,0.2,0,2.5,263,0.0
2021/12/10,999.0,1001.0,996.9,69,39,0.1,0,1.6,317,0.0
2021/12/11,1000.1,1002.2,998.1,75,51,0.3,5,2.6,268,0.0
2021/12/12,999.6,1001.9,997.8,75,56,0.4,28,2.9,332,0.0
2021/12/13,998.9,1001.3,996.7,74,57,0.4,30,3.1,308,0.0
2021/12/14,997.5,1000.2,995.3,76,56,0.2,0,2.6,305,0.0
2021/12/15,996.6,999.1,993.7,79,48,0.2,0,1.9,304,0.0
2021/12/16,996.4,998.1,994.0,75,42,0.3,292,2.5,270,0.0
2021/12/17,997.5,1000.0,995.6,75,66,0.5,36,3.7,37,0.0
2021/12/18,1000.6,1002.5,998.9,66,54,0.5,22,3.1,292,0.0
2021/12/19,1000.4,1002.5,998.4,61,45,0.3,7,2.5,80,0.0
2021/12/20,998.9,1000.6,996.7,71,57,0.2,0,2.1,285,0.0
2021/12/21,994.2,996.9,991.4,90,80,0.2,0,1.9,42,15.0
2021/12/22,994.2,995.5,992.6,88,81,0.4,41,2.7,51,2.0
2021/12/23,995.4,997.1,994.2,86,76,0.3,300,2.0,312,0.0
2021/12/24,996.1,998.0,994.6,86,71,0.4,30,2.2,279,0.0
2021/12/25,999.4,1002.1,996.5,76,66,0.5,38,2.5,315,0.0
2021/12/26,1003.1,1005.2,1000.8,75,63,0.5,40,3.1,310,0.0
2021/12/27,1004.6,1006.3,1003.0,87,78,0.4,6,3.2,67,0.5
2021/12/28,1002.9,1005.2,1000.6,80,61,0.3,57,2.2,336,0.0
2021/12/29,1002.5,1004.0,1000.9,80,57,0.3,297,2.3,311,0.0
2021/12/30,1002.9,1004.3,1001.0,75,57,0.4,6,2.6,308,0.0
2021/12/31,1003.6,1005.4,1001.5,72,53,0.4,34,2.6,289,0.0
2022/01/01,1003.4,1005.7,1001.6,71,37,0.4,4,2.5,309,0.0
2022/01/02,1001.2,1003.7,999.0,70,51,0.4,321,3.0,54,0.0
2022/01/03,1000.2,1002.7,998.3,73,50,0.3,8,2.6,303,0.0
2022/01/04,998.9,1001.5,996.8,77,55,0.2,0,2.3,286,0.0
2022/01/05,997.3,999.0,995.5,79,65,0.3,1,1.9,276,0.0
2022/01/06,998.1,1001.3,995.8,79,57,0.5,41,2.5,44,5.0
2022/01/07,1000.1,1002.4,998.1,82,63,0.5,42,2.3,63,1.5
2022/01/08,998.3,1000.5,996.1,78,57,0.4,41,2.8,311,0.5
2022/01/09,996.5,998.4,994.6,78,60,0.4,312,2.7,324,0.0
2022/01/10,995.8,997.8,993.3,79,61,0.4,40,2.4,315,0.0
2022/01/11,997.6,999.4,995.5,77,62,0.6,12,3.5,51,0.0
2022/01/12,999.6,1001.9,997.7,75,59,0.3,1,1.6,314,0.0
2022/01/13,1000.2,1003.1,998.3,71,55,0.5,13,4.3,44,0.0
2022/01/14,999.8,1002.5,996.8,69,47,0.4,41,2.7,277,0.0
2022/01/15,1000.1,1002.1,998.1,75,52,0.3,30,2.7,283,0.0
2022/01/16,999.9,1002.1,997.4,77,43,0.4,20,2.4,324,0.0
2022/01/17,999.1,1000.6,997.4,86,70,0.5,48,2.5,317,1.5
2022/01/18,998.1,1000.2,995.8,84,69,0.4,47,3.2,38,0.0
2022/01/19,996.5,998.7,994.3,79,59,0.4,328,2.6,37,0.0
2022/01/20,996.0,998.4,994.2,74,45,0.3,306,2.1,284,0.0
2022/01/21,997.0,1000.3,995.3,90,80,0.3,36,2.3,34,9.5
2022/01/22,994.1,996.7,991.7,92,80,0.2,0,2.3,322,11.5
2022/01/23,992.3,993.6,990.9,90,66,0.2,0,2.1,336,0.0
2022/01/24,993.8,995.6,992.6,91,83,0.4,51,2.6,47,0.0
2022/01/25,995.7,998.1,993.9,82,60,0.3,15,2.3,267,0.5
2022/01/26,996.8,999.4,994.9,84,56,0.3,9,2.5,279,0.0
2022/01/27,996.5,998.4,994.5,81,55,0.4,2,2.9,308,0.0
2022/01/28,995.3,997.2,993.3,84,74,0.5,9,2.6,94,0.0
2022/01/29,992.5,995.5,989.8,90,80,0.5,11,2.6,29,5.0
2022/01/30,995.7,998.7,991.8,85,74,0.6,7,4.6,35,0.0
2022/01/31,998.0,999.6,995.2,74,55,0.3,37,2.2,91,0.0
2022/02/01,998.2,999.6,996.9,88,73,0.2,0,1.9,309,2.5
2022/02/02,998.2,999.9,996.7,89,73,0.4,341,3.2,311,1.5
2022/02/03,996.7,998.0,994.9,91,80,0.4,29,2.1,108,4.0
2022/02/04,998.5,1000.3,996.9,84,66,0.6,26,3.3,40,0.0
2022/02/05,1001.4,1003.2,999.6,79,64,0.5,46,2.4,315,0.0
2022/02/06,1001.1,1004.3,998.6,78,56,0.3,3,2.6,43,0.0
2022/02/07,997.2,999.7,992.8,80,46,0.3,23,3.1,89,1.0
2022/02/08,997.7,999.7,995.9,82,65,0.5,29,2.4,47,2.0
2022/02/09,998.3,1000.9,996.1,83,62,0.3,1,2.2,23,2.0
2022/02/10,997.2,1000.3,994.7,84,63,0.4,340,2.7,316,0.0
2022/02/11,996.9,999.3,995.5,86,68,0.3,35,2.5,309,0.0
2022/02/12,995.2,998.1,993.4,84,69,0.5,69,2.9,320,0.0
2022/02/13,993.4,995.3,991.5,85,63,0.4,42,2.6,40,11.0
2022/02/14,995.6,998.1,993.7,89,75,0.5,28,2.8,315,7.5
2022/02/15,996.4,999.0,994.9,82,60,0.4,10,3.2,41,0.0
2022/02/16,995.3,998.0,992.6,78,58,0.5,1,3.2,312,0.0
2022/02/17,994.4,996.2,992.0,83,60,0.4,3,2.6,312,0.0
2022/02/18,995.0,996.8,993.0,86,67,0.5,30,2.7,306,0.5
2022/02/19,995.2,996.9,993.3,90,74,0.5,43,3.4,29,8.5
2022/02/20,998.2,1000.6,995.6,93,91,0.7,41,4.3,37,20.0
2022/02/21,999.9,1001.2,998.4,94,86,0.2,0,2.6,40,14.0
2022/02/22,999.1,1000.6,996.9,94,92,0.1,0,1.4,30,14.5
2022/02/23,1000.4,1002.4,998.6,92,88,0.4,42,1.9,30,26.0
2022/02/24,1002.4,1003.7,1000.9,80,66,0.3,324,1.3,47,0.0
2022/02/25,1002.3,1005.0,1000.2,80,60,0.2,0,1.0,280,0.0
2022/02/26,1000.6,1003.8,998.4,79,57,0.1,0,1.0,307,0.0
2022/02/27,999.0,1001.9,996.7,64,41,0.2,0,2.4,327,0.0
2022/02/28,998.5,1001.6,996.4,63,40,0.2,0,2.0,334,0.0
2022/03/01,997.2,999.9,995.2,69,48,0.2,0,2.0,305,0.0
2022/03/02,996.9,999.6,994.7,77,54,0.4,311,2.9,300,0.0
2022/03/03,996.3,999.1,994.2,77,46,0.3,317,2.3,311,0.0
2022/03/04,994.5,997.5,992.4,71,49,0.2,0,2.1,317,0.0
2022/03/05,993.6,995.9,992.0,74,59,0.3,315,2.8,318,0.0
2022/03/06,994.8,996.9,992.4,75,54,0.4,305,2.4,303,0.0
2022/03/07,995.8,998.3,992.8,86,67,0.8,37,5.0,36,5.5
2022/03/08,995.9,998.3,994.2,64,37,0.6,38,3.7,299,0.0
2022/03/09,996.9,999.7,994.9,70,45,0.4,309,3.3,278,0.0
2022/03/10,996.2,999.3,994.5,63,38,0.4,81,2.4,293,0.0
2022/03/11,994.3,997.1,992.6,60,39,0.4,334,2.7,61,0.0
2022/03/12,993.5,995.8,992.3,61,39,0.2,0,2.2,271,0.0
2022/03/13,993.4,995.9,990.9,60,34,0.3,3,2.6,299,0.0
2022/03/14,992.5,995.2,990.9,63,46,0.3,38,2.1,322,0.0
2022/03/15,991.1,993.0,989.3,72,41,0.4,324,3.1,306,0.0
2022/03/16,991.8,993.4,990.4,80,51,0.2,0,2.7,303,0.0
2022/03/17,989.8,992.4,987.3,75,51,0.2,0,2.5,324,2.0
2022/03/18,988.7,991.2,987.4,76,53,0.3,37,3.1,64,0.0
2022/03/19,990.7,993.0,989.3,74,49,0.2,0,1.5,316,0.0
2022/03/20,993.7,995.9,992.1,77,59,0.2,0,1.0,308,0.0
2022/03/21,994.1,996.7,991.7,81,59,0.2,0,0.9,322,2.0
2022/03/22,993.7,995.5,992.1,82,66,0.2,0,1.2,335,1.5
2022/03/23,993.8,995.8,991.7,92,85,0.2,0,1.4,306,24.5
2022/03/24,995.0,997.5,993.6,91,83,0.2,0,1.1,327,8.0
2022/03/25,992.1,994.2,989.9,80,58,0.1,0,0.9,318,0.0
2022/03/26,992.5,994.7,990.9,82,69,0.0,0,0.8,119,19.0
2022/03/27,993.7,995.0,991.7,89,76,0.3,8,1.4,310,43.0
2022/03/28,996.7,999.7,993.9,94,91,0.2,0,1.5,84,40.0
2022/03/29,996.6,998.9,994.5,88,74,0.2,0,1.2,260,2.0
2022/03/30,996.3,998.9,994.2,80,51,0.1,0,1.2,308,0.0
2022/03/31,996.6,999.3,994.2,82,60,0.3,35,2.5,31,0.0
2022/04/01,998.7,1000.8,997.1,74,57,0.6,34,2.9,59,0.0
2022/04/02,999.7,1001.2,998.3,91,76,0.4,18,2.1,31,23.0
2022/04/03,999.7,1001.2,998.1,85,68,0.4,43,2.2,108,12.5
2022/04/04,1000.3,1002.2,999.0,73,48,0.3,45,2.2,317,0.0
2022/04/05,999.1,1002.2,996.4,74,33,0.3,30,3.0,110,0.0
2022/04/06,996.7,999.3,994.7,75,53,0.3,349,2.4,258,0.0
2022/04/07,995.1,996.9,993.1,71,56,0.3,304,3.1,313,0.0
2022/04/08,993.7,995.8,992.0,66,46,0.2,0,1.7,322,0.0
2022/04/09,993.0,994.9,991.2,68,55,0.2,0,2.2,318,0.0
2022/04/10,992.4,994.5,990.8,63,41,0.3,308,2.2,325,0.0
2022/04/11,991.2,993.6,989.5,66,49,0.3,310,2.0,309,0.0
2022/04/12,989.5,992.0,987.6,64,47,0.3,73,1.7,334,0.0
2022/04/13,987.6,989.3,985.7,67,49,0.3,60,2.0,285,0.0
2022/04/14,988.4,990.5,986.7,71,52,0.4,6,2.5,322,0.0
2022/04/15,991.2,993.4,989.3,72,54,0.6,49,3.2,24,0.0
2022/04/16,992.8,995.0,991.1,69,57,0.5,15,2.6,289,0.0
2022/04/17,995.4,997.4,993.7,79,65,0.3,48,2.2,24,1.0
2022/04/18,996.0,997.7,994.6,77,62,0.4,303,2.5,60,0.0
2022/04/19,996.4,997.7,994.9,86,72,0.3,311,2.2,85,5.5
2022/04/20,994.8,996.8,993.3,82,64,0.3,304,1.9,282,2.5
2022/04/21,993.9,996.2,992.3,75,57,0.2,0,1.6,315,0.0
2022/04/22,993.4,995.8,991.2,69,54,0.2,0,1.6,272,0.0
2022/04/23,991.6,993.6,990.1,69,41,0.3,263,2.2,280,0.5
2022/04/24,990.7,992.8,988.7,70,53,0.3,7,1.9,285,0.0
2022/04/25,990.4,991.8,988.9,73,56,0.2,0,2.1,317,0.0
2022/04/26,989.6,991.7,987.7,73,50,0.4,257,2.1,254,0.0
2022/04/27,991.2,993.1,989.3,71,48,0.3,263,2.3,296,0.0
2022/04/28,992.4,993.7,991.1,76,58,0.3,313,1.9,286,0.0
2022/04/29,992.1,994.3,989.9,75,54,0.4,7,2.9,313,0.0
2022/04/30,993.0,994.6,991.4,76,60,0.5,15,2.5,303,0.0
2022/05/01,992.5,994.3,991.4,79,66,0.6,55,3.3,52,2.5
2022/05/02,993.2,994.7,992.0,93,89,0.4,312,2.6,275,21.5
2022/05/03,994.2,995.8,993.0,80,62,0.2,0,1.8,309,0.0
2022/05/04,992.8,994.6,991.5,81,64,0.3,21,2.1,316,0.5
2022/05/05,991.4,993.3,990.1,82,70,0.4,46,2.9,277,0.0
2022/05/06,991.8,993.7,990.5,76,59,0.3,290,2.4,310,0.0
2022/05/07,992.9,994.6,991.4,72,43,0.4,310,2.6,304,0.0
2022/05/08,993.1,994.7,991.7,78,62,0.4,301,2.4,316,0.0
2022/05/09,992.8,994.6,991.2,81,63,0.3,5,2.0,259,0.0
2022/05/10,991.1,992.8,989.2,76,58,0.3,298,2.0,260,0.5
2022/05/11,990.3,992.3,988.9,81,51,0.2,0,1.6,273,35.5
2022/05/12,989.2,990.6,988.0,80,57,0.2,0,2.5,282,13.5
2022/05/13,988.2,990.1,986.8,80,61,0.2,0,1.7,281,13.0
2022/05/14,990.2,992.3,988.2,91,85,0.1,0,1.4,32,43.0
2022/05/15,991.0,992.6,989.0,91,83,0.5,37,2.9,42,22.5
2022/05/16,991.2,992.8,989.8,94,91,0.4,13,3.3,40,63.0
2022/05/17,992.8,994.6,990.8,85,70,0.4,34,2.5,74,10.0
2022/05/18,993.3,995.6,992.0,79,56,0.3,309,2.6,264,0.0
2022/05/19,991.2,993.3,989.0,78,52,0.3,264,2.6,324,0.0
2022/05/20,988.1,990.5,986.3,78,50,0.5,304,3.0,314,0.0
2022/05/21,988.1,989.8,986.4,81,69,0.3,306,2.3,276,0.0
2022/05/22,988.4,990.2,987.1,81,64,0.3,301,2.3,37,0.0
2022/05/23,989.4,991.1,987.6,80,67,0.3,321,2.4,280,0.0
2022/05/24,991.1,993.0,989.9,83,68,0.2,0,1.8,315,6.0
2022/05/25,989.5,991.2,987.9,89,74,0.1,0,1.5,266,14.0
2022/05/26,986.5,989.0,984.5,88,63,0.2,0,2.6,279,105.5
2022/05/27,986.9,989.8,984.8,93,76,0.1,0,2.5,269,179.5
2022/05/28,988.5,990.1,986.8,76,57,0.2,0,2.4,288,0.5
2022/05/29,988.3,989.8,987.3,71,50,0.3,257,2.3,278,0.0
2022/05/30,988.2,989.9,986.5,71,61,0.2,0,2.1,261,5.0
2022/05/31,989.4,990.9,987.6,78,60,0.2,0,3.0,112,5.5
2022/06/01,989.0,990.9,986.8,71,54,0.3,256,3.1,262,0.0
2022/06/02,988.0,989.6,986.7,70,55,0.3,121,2.4,257,0.0
2022/06/03,988.5,989.9,987.1,70,51,0.3,259,2.4,252,3.0
2022/06/04,988.9,990.6,987.7,77,59,0.3,257,2.8,276,27.5
2022/06/05,987.0,988.6,985.2,67,51,0.3,255,2.8,270,0.0
2022/06/06,985.9,987.6,984.8,73,57,0.3,265,2.7,271,6.0
2022/06/07,987.4,989.6,985.2,89,78,0.1,0,1.8,275,73.0
2022/06/08,989.1,990.5,988.0,91,83,0.0,0,2.0,262,73.5
2022/06/09,989.1,990.5,987.7,84,62,0.1,0,1.6,258,4.5
2022/06/10,988.2,989.9,987.0,74,57,0.2,0,2.1,198,1.0
2022/06/11,989.5,991.5,987.9,78,58,0.2,0,2.2,323,9.5
2022/06/12,990.0,991.1,988.6,78,64,0.2,0,2.2,281,4.5
2022/06/13,988.3,989.9,987.3,69,53,0.4,264,3.4,264,0.0
2022/06/14,989.3,991.8,987.6,67,50,0.4,263,2.6,279,0.0
2022/06/15,991.0,992.8,989.0,74,57,0.2,0,1.9,63,0.5
2022/06/16,991.1,993.3,989.5,74,57,0.3,86,2.7,321,5.0
2022/06/17,990.1,991.4,989.5,69,58,0.3,263,2.2,296,0.0
2022/06/18,989.5,990.9,988.4,66,52,0.3,264,2.6,276,0.0
2022/06/19,989.1,990.4,987.9,64,52,0.3,263,3.1,285,0.0
2022/06/20,987.6,989.3,986.3,66,51,0.3,260,2.9,272,0.0
2022/06/21,988.5,990.6,986.0,63,49,0.3,59,2.7,271,0.0
2022/06/22,991.6,993.6,989.3,64,50,0.3,263,3.0,326,0.0
2022/06/23,992.0,994.0,989.5,68,47,0.3,163,3.3,325,0.5
2022/06/24,990.2,991.8,988.4,76,52,0.3,270,3.0,304,28.5
2022/06/25,989.8,991.4,987.9,79,52,0.2,0,2.9,243,35.0
2022/06/26,991.5,993.6,989.6,73,50,0.3,92,3.1,274,0.0
2022/06/27,990.0,992.3,988.3,71,56,0.4,304,2.7,308,0.0
2022/06/28,986.9,988.9,985.2,76,61,0.3,302,2.5,311,0.0
2022/06/29,985.8,987.0,984.1,81,62,0.3,297,2.7,309,83.5
2022/06/30,985.5,986.8,983.6,74,61,0.3,296,2.1,269,0.0
