date,Taoyuan_StnPres,Taoyuan_StnPresMax,Taoyuan_StnPresMin,Taoyuan_RH,Taoyuan_RHMin,Taoyuan_WS,Taoyuan_WD,Taoyuan_WSGust,Taoyuan_WDGust,Taoyuan_Precp
2018/01/01,1009.4,1011.3,1006.9,72,61,2.1,105,8.6,94,0.0
2018/01/02,1007.2,1009.4,1004.6,69,51,2.3,113,7.9,106,0.0
,1006.8,--,--,67,--,1.4,114,--,--,0.0
2018/01/04,1005.6,1007.6,1003.6,83,69,0.4,112,5.2,91,0.0
2018/01/05,1006.3,1008.4,1004.5,89,82,0.6,116,7.1,98,2.0
2018/01/06,1004.6,1006.0,1002.1,90,83,2.3,114,8.1,78,24.5
2018/01/07,1004.1,1007.5,1001.2,93,88,0.9,112,5.7,109,80.0
2018/01/08,1003.7,1010.2,1000.4,94,90,0.1,110,4.4,80,102.0
2018/01/09,1011.8,1014.0,1009.1,87,71,0.3,128,4.6,130,20.5
2018/01/10,1014.7,1016.7,1012.9,65,35,0.2,124,4.8,126,0.0
2018/01/11,1016.1,1019.0,1013.7,61,43,0.5,113,6.3,114,0.0
2018/01/12,1018.0,1019.3,1015.7,59,42,0.6,117,6.6,106,0.0
2018/01/13,1015.6,1018.1,1013.2,60,43,1.3,115,9.2,98,0.0
2018/01/15,1010.3,1014.2,1007.4,67,48,1.2,113,6.1,107,0.0
2018/01/15,1006.2,1009.2,1003.4,68,44,0.5,110,4.8,86,0.0
2018/01/16,1003.1,1005.9,1000.9,77,52,0.0,0,2.7,255,0.0
2018/01/17,1003.5,1006.0,1001.7,76,44,1.1,112,7.3,96,0.0
2018/01/18,1005.4,1007.6,1003.5,82,71,1.7,112,8.2,118,0.0
2018/01/19,1007.4,1010.0,1005.9,91,87,0.6,110,6.2,79,9.5
2018/01/20,1005.3,1006.9,1003.1,86,74,1.5,113,6.2,102,0.5
2018/01/21,1003.2,1006.4,1000.7,84,72,1.3,107,7.6,88,0.0
2018/01/22,1003.5,1005.4,1001.1,81,65,1.0,109,7.5,118,0.5
2018/01/23,1004.4,1006.4,1002.1,70,55,1.7,113,7.8,120,0.0
2018/01/24,1005.5,1007.5,1002.6,74,59,2.1,106,9.4,107,0.0
2018/01/25,1005.2,1007.6,1002.6,78,65,2.0,108,9.1,113,0.0
,1008.3,--,--,80,--,1.5,113,--,--,1.5
2018/01/27,1005.3,1008.7,1002.7,74,60,2.0,110,11.3,118,0.0
2018/01/28,1004.7,1008.3,1001.3,92,77,0.1,82,6.0,125,13.0
2018/01/29,1009.6,1011.5,1007.5,91,86,0.5,108,6.9,128,14.5
2018/01/30,1009.1,1012.1,1006.8,91,79,1.3,111,7.4,55,7.5
,1008.1,--,--,91,--,0.8,114,--,--,32.0
2018/02/01,1011.4,1013.5,1008.7,91,86,0.4,122,6.6,131,6.0
2018/02/02,1012.6,1015.2,1009.7,91,83,0.3,114,5.8,137,5.5
,1014.9,--,--,91,--,0.2,114,--,--,24.5
,1015.0,--,--,94,--,0.1,121,--,--,21.5
2018/02/05,1015.4,1017.2,1013.6,91,87,0.1,116,3.9,127,14.0
2018/02/06,1013.3,1015.8,1011.5,69,57,0.7,98,5.7,101,0.0
2018/02/07,1009.2,1012.2,1006.1,82,64,1.7,107,6.9,74,10.0
2018/02/08,1007.6,1010.4,1005.1,83,66,1.8,106,8.8,113,9.0
2018/02/09,1005.3,1007.0,1003.1,94,86,0.3,108,6.2,97,4.5
2018/02/10,1007.2,1011.8,1004.4,95,91,0.1,102,7.3,129,4.0
2018/02/11,1013.2,1015.7,1010.9,84,69,0.6,114,6.7,134,4.0
2018/02/12,1015.3,1017.3,1013.3,58,42,1.2,108,6.7,85,0.0
2018/02/13,1011.7,1015.3,1008.7,59,47,1.8,103,7.4,75,0.0
2018/02/14,1007.9,1011.0,1005.3,68,41,0.1,117,2.8,257,0.0
2018/02/15,1005.2,1007.1,1003.0,65,33,0.1,102,3.9,280,0.0
2018/02/16,1004.4,1006.8,1002.6,83,61,0.1,268,5.0,253,0.0
2018/02/17,1006.7,1009.4,1003.8,74,63,2.2,113,9.8,112,0.0
2018/02/18,1006.5,1009.1,1004.9,73,40,0.2,266,4.2,82,0.0
2018/02/19,1005.1,1007.9,1001.8,71,43,0.1,274,3.4,276,0.0
2018/02/20,1004.4,1006.1,1001.6,85,70,0.1,109,4.0,278,0.0
2018/02/21,1005.5,1007.4,1003.5,87,72,0.6,114,6.6,128,0.0
2018/02/22,1007.9,1010.3,1005.7,91,81,0.3,106,7.6,98,27.0
2018/02/23,1008.6,1010.6,1006.2,79,66,1.8,110,9.1,90,0.5
2018/02/24,1008.1,1011.6,1006.9,84,76,0.1,108,3.5,132,0.0
2018/02/25,1008.6,1011.3,1006.0,91,88,0.1,111,4.4,124,2.5
2018/02/26,1008.9,1011.0,1006.8,76,58,1.7,112,9.0,111,0.5
2018/02/27,1005.7,1007.6,1004.0,76,54,0.4,113,5.7,94,0.0
2018/02/28,1002.3,1004.1,1001.4,91,78,0.0,246,4.2,356,13.0
2018/03/01,1001.2,1001.3,998.2,79,58,1.4,116,7.6,108,0.0
2018/03/02,1000.5,1002.6,998.7,78,61,0.3,117,4.3,84,0.0
2018/03/03,999.5,1001.2,997.5,84,64,0.1,271,3.2,292,0.0
2018/03/04,1000.2,1001.7,997.2,81,65,0.1,269,3.4,110,0.0
2018/03/05,1002.2,1007.9,999.0,85,62,0.3,109,5.4,298,1.0
2018/03/06,1008.0,1010.2,1006.2,78,67,1.6,116,8.1,109,0.0
2018/03/07,1004.9,1007.7,1001.2,78,55,0.9,112,8.8,114,1.0
2018/03/08,1009.0,1013.2,1003.8,87,73,0.6,120,6.6,136,20.5
2018/03/09,1011.6,1012.9,1010.3,61,41,1.2,116,8.7,119,0.0
2018/03/10,1010.2,1012.0,1008.1,57,38,1.7,118,7.8,112,0.0
2018/03/11,1008.8,1010.8,1007.0,50,31,1.4,118,6.8,112,0.0
2018/03/12,1006.9,1008.8,1005.0,59,28,0.2,92,4.2,91,0.0
2018/03/13,1005.3,1007.3,1003.6,70,43,0.2,270,4.1,285,0.0
2018/03/14,1003.8,1005.9,1002.0,71,26,0.1,105,3.8,52,0.0
2018/03/15,1002.5,1004.2,1000.9,78,53,0.2,274,3.7,288,3.0
2018/03/16,1004.3,1008.3,999.8,80,61,0.6,115,6.1,124,0.0
2018/03/17,1006.5,1008.8,1004.4,77,62,1.8,117,8.2,109,0.0
2018/03/18,1004.0,1005.7,1002.5,78,47,0.2,99,5.0,244,0.0
2018/03/20,1000.3,1002.9,996.8,75,47,0.1,112,4.8,239,0.0
2018/03/20,1000.6,1004.6,997.5,90,82,0.3,95,10.1,74,21.5
2018/03/21,1005.5,1007.6,1003.5,69,56,0.2,119,5.4,266,0.0
2018/03/22,1005.8,1008.1,1003.9,59,39,1.0,120,5.8,84,0.5
2018/03/23,1007.2,1008.4,1005.8,49,19,0.8,116,4.7,114,0.0
2018/03/24,1007.4,1009.3,1005.1,56,34,1.2,117,6.8,105,0.0
2018/03/25,1007.0,1009.2,1005.5,55,38,1.1,111,5.1,106,0.0
2018/03/26,1005.7,1007.6,1004.3,65,42,0.4,92,4.9,301,0.0
2018/03/27,1004.3,1005.7,1003.2,77,61,0.2,51,4.8,137,0.5
2018/03/28,1002.2,1004.0,1000.5,74,54,0.9,118,5.9,113,0.0
2018/03/29,1001.6,1003.1,999.8,59,35,1.1,113,6.6,121,0.0
2018/03/30,1002.9,1005.0,1001.0,59,40,2.0,116,8.0,120,0.0
2018/03/31,1002.1,1004.5,999.3,55,35,2.0,112,8.2,118,0.0
2018/04/01,1001.1,1003.0,999.6,52,37,1.1,115,5.7,98,0.0
2018/04/02,1001.3,1002.6,999.9,65,46,0.3,87,4.4,277,0.0
2018/04/03,1002.2,1003.2,1001.1,70,52,0.3,105,3.5,268,0.0
2018/04/04,1001.5,1003.3,999.8,70,50,0.2,82,3.5,264,0.0
2018/04/05,1000.2,1001.5,998.7,71,53,0.2,82,4.1,271,0.0
2018/04/06,1005.3,1012.8,999.0,78,61,0.7,121,7.4,128,2.5
2018/04/07,1012.2,1014.5,1010.8,68,44,0.6,90,4.1,73,4.5
2018/04/08,1007.7,1011.1,1005.5,53,34,1.3,118,7.0,119,0.0
2018/04/09,1006.1,1008.3,1003.8,63,32,0.3,119,4.7,284,0.0
2018/04/10,1003.4,1005.8,1001.2,60,28,0.2,284,3.4,279,0.0
2018/04/11,1000.6,1002.6,998.4,72,59,0.2,267,3.1,274,0.0
2018/04/12,1000.2,1002.6,998.7,82,64,0.3,100,4.3,99,47.5
2018/04/13,1000.9,1002.7,998.9,79,53,0.2,110,4.4,251,0.5
2018/04/14,999.0,1000.5,997.1,81,66,0.3,108,5.8,292,0.5
2018/04/15,1003.6,1006.2,999.5,79,66,1.3,117,8.5,282,9.0
2018/04/16,1004.1,1006.0,1002.3,63,52,2.3,117,8.6,137,6.0
2018/04/17,1006.2,1008.3,1004.1,82,66,0.7,117,6.5,136,15.5
2018/04/18,1003.7,1005.6,1002.1,67,53,1.5,117,6.6,73,0.0
2018/04/19,1002.6,1004.0,1001.3,64,46,1.0,116,6.5,108,0.0
2018/04/20,1002.4,1003.9,1000.4,63,45,1.1,118,6.2,111,0.0
2018/04/21,1001.6,1003.1,1000.1,70,52,0.2,119,3.2,136,0.0
2018/04/22,1000.0,1001.9,998.1,67,43,0.4,116,3.8,262,0.0
2018/04/24,997.4,999.3,995.4,67,48,0.3,96,4.0,89,0.0
2018/04/24,998.6,1002.1,995.6,82,69,0.6,113,4.9,296,9.5
2018/04/25,1002.0,1003.6,1000.6,65,46,1.5,118,6.4,74,0.0
2018/04/26,1001.6,1003.1,1000.1,61,40,1.4,116,6.9,94,0.0
2018/04/27,1003.4,1005.0,1001.4,71,55,1.0,119,7.8,130,0.0
2018/04/28,1002.8,1004.3,1000.9,68,57,1.6,119,6.8,126,0.0
2018/04/29,1001.3,1003.2,999.6,72,52,0.3,106,4.7,230,0.0
2018/04/30,1001.6,1003.3,1000.3,71,54,0.3,264,3.5,266,0.0
2018/05/01,1000.9,1002.9,999.4,73,55,0.4,257,4.8,276,0.0
2018/05/02,1000.2,1001.9,998.5,69,51,0.4,267,6.7,282,0.0
2018/05/03,1004.9,1006.8,1001.4,74,64,1.7,117,8.7,113,0.5
2018/05/04,1004.3,1005.4,1003.1,61,49,2.2,117,8.8,92,0.0
2018/05/05,1004.1,1005.9,1002.4,69,57,0.4,123,3.9,100,0.0
2018/05/07,1000.0,1003.3,997.6,69,53,0.4,96,4.2,269,0.0
2018/05/08,995.9,998.4,993.9,67,47,0.4,264,6.0,290,0.0
2018/05/08,997.9,1002.7,994.3,78,57,0.7,109,7.7,289,27.0
2018/05/09,1004.3,1006.9,1001.4,70,58,1.3,121,6.7,83,0.5
2018/05/10,1004.6,1006.8,1002.4,60,43,1.5,119,9.2,124,0.0
2018/05/11,1001.9,1004.1,999.9,65,51,0.5,115,5.3,141,0.0
2018/05/12,999.7,1001.4,998.0,69,47,0.3,111,4.8,263,0.0
2018/05/13,998.8,1000.3,997.5,69,51,0.4,127,4.4,256,0.0
2018/05/14,999.0,1001.2,996.8,70,46,0.3,269,3.5,278,0.0
2018/05/15,998.3,1000.2,997.4,72,60,0.4,272,4.7,277,0.0
2018/05/16,997.2,998.6,996.0,73,53,0.4,91,4.8,233,0.0
2018/05/17,996.1,997.6,994.5,73,59,0.4,254,4.4,299,0.0
2018/05/18,995.6,997.3,993.8,68,50,0.4,261,4.9,293,0.0
2018/05/19,996.7,997.9,995.3,72,53,0.3,270,4.1,262,0.0
2018/05/20,997.5,1000.3,995.3,67,52,0.6,281,5.0,230,0.0
2018/05/21,998.5,1000.1,995.7,68,56,0.4,113,3.7,271,0.0
2018/05/22,998.4,1000.5,996.3,66,49,0.6,264,4.7,243,0.0
2018/05/23,999.1,1000.3,997.4,70,60,0.9,117,6.2,125,0.0
2018/05/24,998.5,1000.3,997.0,66,52,0.6,120,4.5,82,0.0
2018/05/25,996.2,998.5,994.2,70,57,0.5,266,6.1,269,0.0
2018/05/26,995.5,997.0,994.3,66,53,0.7,267,7.2,278,0.0
2018/05/27,996.8,998.1,994.7,65,42,0.2,118,5.3,267,0.0
2018/05/28,997.4,999.1,996.4,69,51,0.5,273,5.3,298,0.0
2018/05/29,998.6,1000.2,996.9,68,53,0.5,124,5.0,267,0.0
2018/05/30,998.6,1000.1,996.5,69,53,0.4,264,5.7,218,0.0
2018/05/31,998.3,1000.2,996.6,69,50,0.5,264,7.6,276,0.0
2018/06/01,1000.3,1001.7,998.5,76,63,1.1,118,7.2,128,1.5
2018/06/02,999.7,1001.2,998.4,68,52,1.2,122,5.7,130,0.0
2018/06/03,997.6,999.0,995.7,72,54,0.4,117,4.5,92,0.0
2018/06/04,997.3,998.8,995.5,71,54,0.6,122,4.4,273,0.0
2018/06/05,997.7,999.3,995.7,72,46,0.3,102,4.2,105,27.5
2018/06/06,997.5,998.5,996.0,75,53,0.5,114,4.8,91,0.0
2018/06/07,995.2,996.7,993.1,68,46,1.4,119,7.4,109,0.0
2018/06/09,991.7,994.8,989.9,67,48,1.6,112,7.0,120,0.0
2018/06/09,989.2,991.0,987.1,70,48,0.8,116,4.5,130,0.0
2018/06/10,988.8,989.8,987.2,75,60,0.5,97,3.9,79,0.0
2018/06/11,990.2,993.2,987.1,82,67,0.3,97,4.6,116,2.5
2018/06/12,991.7,993.6,989.9,51,28,1.4,118,6.8,68,0.0
2018/06/13,988.5,991.0,986.2,58,46,2.0,116,9.6,128,0.0
2018/06/14,986.6,988.0,985.5,78,65,1.4,119,7.5,110,0.5
2018/06/15,989.2,993.5,986.3,91,82,0.3,125,5.1,118,19.5
2018/06/16,993.7,994.8,992.6,75,54,1.0,120,5.6,100,0.0
2018/06/17,993.0,994.3,991.1,78,52,0.6,121,5.1,138,7.0
2018/06/18,992.6,993.6,991.3,81,59,0.3,94,4.0,130,7.0
2018/06/19,992.3,994.1,990.8,72,57,0.8,267,8.9,293,0.0
2018/06/20,993.2,995.4,991.5,63,54,0.4,265,7.1,306,0.0
2018/06/21,994.7,996.1,993.2,69,52,0.6,264,7.4,294,0.0
2018/06/22,996.0,997.5,994.3,72,49,0.4,267,8.1,285,0.0
2018/06/23,996.4,998.1,995.3,73,56,0.5,265,10.2,276,0.0
2018/06/24,998.0,999.5,996.7,69,53,0.5,269,5.4,282,0.0
2018/06/25,999.1,1000.4,997.6,71,51,0.4,273,4.8,266,1.0
2018/06/26,999.5,1000.8,998.8,68,51,0.3,267,4.0,273,0.0
2018/06/27,997.8,999.2,995.7,60,41,0.4,112,5.8,286,0.0
2018/06/29,994.8,997.2,992.9,63,44,0.5,273,6.6,279,0.0
2018/06/29,992.5,993.6,990.9,66,48,0.4,126,5.7,300,0.0
2018/06/30,993.2,995.2,991.5,72,51,0.2,82,4.5,260,2.0
2018/07/02,992.2,993.6,990.5,68,51,0.5,269,5.2,267,0.0
2018/07/02,990.4,991.3,988.6,60,47,1.3,271,8.2,290,0.0
2018/07/03,989.8,991.6,988.6,58,50,1.3,265,10.0,287,0.0
2018/07/04,989.6,991.4,987.9,55,45,1.3,268,10.6,276,0.0
2018/07/05,989.9,991.7,988.4,60,49,0.9,273,8.6,286,0.0
2018/07/06,991.1,992.9,989.8,60,44,0.6,263,8.3,297,0.0
2018/07/07,993.3,995.4,992.0,78,49,0.2,101,8.1,118,53.5
2018/07/08,994.9,996.7,993.7,69,49,0.3,108,3.5,263,0.0
2018/07/09,995.2,997.4,992.5,62,43,1.3,115,7.7,141,0.0
2018/07/10,991.4,995.7,982.6,81,62,0.7,115,7.2,232,32.0
2018/07/11,987.6,994.8,978.5,84,67,0.6,116,10.0,281,49.5
2018/07/12,994.5,995.8,993.0,72,51,0.5,101,5.2,90,0.0
2018/07/13,994.9,995.8,993.4,65,46,0.3,111,4.5,127,0.0
2018/07/14,994.2,995.1,992.4,58,44,1.1,105,7.3,112,0.0
2018/07/15,994.0,995.3,992.9,58,44,1.3,111,9.3,124,0.0
2018/07/16,992.6,994.6,990.7,63,50,1.7,105,8.5,122,0.0
2018/07/17,991.7,993.0,989.7,61,48,2.0,101,8.7,86,0.0
2018/07/18,992.7,994.2,991.3,59,45,1.8,114,9.2,124,0.0
2018/07/19,993.8,995.3,991.8,64,43,1.7,117,7.7,107,0.0
2018/07/20,992.3,994.0,990.8,64,42,1.1,124,5.8,131,0.0
2018/07/22,989.7,991.6,988.3,78,55,0.2,127,4.3,239,9.0
2018/07/22,989.5,991.7,988.4,80,50,0.2,88,5.2,109,22.5
2018/07/23,991.7,994.8,989.1,74,63,0.3,266,4.9,287,0.5
2018/07/24,994.9,996.4,993.9,84,40,0.1,117,4.4,146,56.0
2018/07/25,995.5,997.0,993.7,76,56,0.1,262,3.2,282,0.0
2018/07/26,995.2,996.7,993.3,73,53,0.2,269,4.7,274,0.0
2018/07/27,995.3,996.8,993.6,72,56,0.2,105,4.5,139,0.0
2018/07/28,994.9,996.4,992.6,69,51,0.3,263,4.4,275,0.0
2018/07/29,993.6,995.2,991.4,65,43,0.6,276,4.1,279,0.0
2018/07/30,993.3,994.5,991.3,66,49,0.8,268,5.0,262,0.0
2018/07/31,992.9,994.3,990.7,65,48,0.8,270,5.8,277,0.0
2018/08/01,992.0,993.5,989.8,67,44,0.7,270,6.4,300,0.0
2018/08/02,990.8,992.3,988.7,65,44,0.8,270,6.3,291,0.0
2018/08/03,991.8,993.8,990.2,69,44,0.5,269,7.2,274,7.0
2018/08/04,993.9,995.2,992.3,76,50,0.1,94,4.3,124,7.5
2018/08/05,994.6,996.2,992.7,70,46,0.3,110,4.1,130,0.0
2018/08/06,993.7,995.7,991.1,65,51,0.5,111,5.4,69,0.0
2018/08/07,992.7,994.5,990.4,61,41,1.0,123,6.6,118,0.0
2018/08/08,993.2,994.2,991.8,63,46,0.8,118,5.5,137,0.0
2018/08/09,993.4,994.7,992.0,65,46,0.3,108,5.8,285,0.0
2018/08/10,992.3,993.8,990.3,66,50,0.3,278,4.2,265,0.0
2018/08/12,989.4,991.9,987.2,70,47,0.2,119,4.6,283,0.0
2018/08/12,985.6,988.0,983.5,75,57,0.4,268,6.5,290,0.5
2018/08/13,987.3,989.2,985.4,71,56,0.6,107,6.8,114,0.5
2018/08/14,988.5,989.5,987.2,81,61,0.4,274,4.3,250,11.5
2018/08/15,989.7,990.8,988.6,76,59,0.5,268,7.6,284,0.5
2018/08/16,989.1,990.8,987.2,70,53,0.8,264,6.8,301,0.0
2018/08/17,988.2,990.9,986.2,68,43,0.4,279,5.5,113,1.5
2018/08/18,990.9,992.3,989.7,75,60,0.2,275,3.8,144,2.5
2018/08/19,992.6,994.2,991.3,82,52,0.2,108,3.3,308,30.0
2018/08/21,991.7,993.7,990.2,76,55,0.1,276,3.6,288,0.0
2018/08/22,989.2,990.9,987.5,78,56,0.0,126,3.6,226,1.5
2018/08/23,986.9,988.9,984.7,76,54,0.3,108,5.0,142,2.0
2018/08/23,984.0,986.1,981.7,72,56,1.2,118,8.7,89,0.5
2018/08/24,985.9,987.6,984.1,87,72,0.2,101,2.9,267,6.0
2018/08/25,987.0,988.2,985.9,82,61,0.2,112,4.2,135,0.5
2018/08/26,989.1,991.8,987.3,89,73,0.1,274,2.9,265,22.0
2018/08/27,992.8,995.5,990.7,87,58,0.2,88,4.2,292,8.0
2018/08/28,995.0,996.7,993.7,88,63,0.3,116,6.3,250,79.0
2018/08/29,995.8,998.1,994.3,87,60,0.1,276,3.6,129,19.0
2018/08/30,998.8,1001.4,996.9,89,59,0.2,108,4.0,107,61.0
2018/08/31,1000.6,1001.4,999.4,76,47,0.2,105,4.7,277,0.0
2018/09/01,998.8,1001.1,996.4,76,55,0.2,94,3.9,116,13.0
2018/09/02,995.8,998.0,993.7,72,50,0.2,126,4.6,264,0.0
2018/09/03,993.6,995.6,991.8,66,45,0.7,271,6.5,285,0.0
2018/09/04,992.6,994.3,990.7,67,44,0.4,265,5.2,296,0.0
2018/09/05,994.1,995.3,992.9,75,56,0.2,83,3.5,264,0.0
2018/09/06,994.3,995.3,992.5,75,56,0.2,97,3.8,271,0.0
2018/09/07,994.9,996.7,993.3,78,56,0.3,281,3.9,274,0.0
2018/09/08,996.8,998.4,995.4,83,68,0.3,117,5.2,88,24.5
2018/09/09,999.6,1002.5,997.3,92,83,0.3,117,5.6,139,15.5
2018/09/10,999.2,1002.2,994.0,86,73,1.0,123,8.5,138,3.5
2018/09/11,996.1,998.1,993.2,72,48,0.4,111,8.4,117,0.0
2018/09/12,997.5,998.8,996.3,76,66,0.2,297,4.6,287,0.0
2018/09/13,997.5,998.7,996.3,65,45,0.9,112,7.0,128,0.0
2018/09/14,997.2,998.6,995.7,65,43,1.5,118,7.8,121,0.0
2018/09/15,993.7,996.8,991.3,75,63,2.0,118,8.9,101,2.0
2018/09/16,995.4,999.7,990.9,67,43,0.8,92,9.6,105,0.5
2018/09/17,1000.6,1003.7,998.7,68,39,0.2,123,4.0,262,0.0
2018/09/18,1001.8,1003.7,999.0,65,39,0.8,106,7.1,86,0.0
2018/09/19,1000.1,1001.9,998.2,62,46,0.6,102,4.2,100,0.0
2018/09/20,998.8,1000.2,997.3,70,54,0.2,278,3.7,271,0.0
2018/09/21,1000.1,1002.8,998.3,70,49,0.2,123,4.3,273,0.0
2018/09/22,1002.2,1003.4,1000.9,69,54,0.4,86,4.1,113,0.0
2018/09/23,1001.1,1002.7,999.2,75,58,0.3,112,5.6,121,0.0
2018/09/25,999.3,1001.4,997.7,78,59,0.4,119,4.7,141,6.0
2018/09/25,997.7,999.2,996.2,70,48,0.7,117,6.6,116,0.0
2018/09/26,997.7,998.9,996.1,86,76,0.4,120,5.3,144,5.0
2018/09/27,997.4,998.5,996.4,81,58,0.4,125,6.8,141,23.5
2018/09/29,996.6,998.1,995.1,87,78,0.3,124,6.1,128,14.5
2018/09/29,995.9,997.7,994.6,82,56,0.0,133,4.3,134,11.0
2018/09/30,999.5,1002.0,997.2,64,41,0.5,122,5.3,139,0.0
2018/10/01,1002.4,1004.6,1000.7,55,27,1.1,106,7.1,58,0.0
2018/10/02,1004.3,1005.9,1002.5,57,41,1.1,115,7.1,109,0.0
2018/10/03,1003.7,1005.1,1001.8,63,49,0.6,118,5.0,133,0.0
2018/10/04,1000.5,1003.3,998.2,84,60,0.3,124,5.2,148,24.5
2018/10/05,998.1,1000.2,996.5,69,47,0.3,287,4.0,286,1.5
2018/10/06,1001.6,1003.7,999.2,65,51,1.5,120,8.5,114,0.0
2018/10/07,1003.4,1005.4,1001.9,74,59,0.9,117,6.5,141,0.0
2018/10/08,1002.6,1004.1,1001.1,86,79,0.2,121,3.7,137,3.5
2018/10/09,1001.5,1002.9,999.5,86,70,0.4,119,5.4,106,3.5
2018/10/10,1003.3,1005.2,1001.3,83,68,0.6,116,7.2,111,5.0
2018/10/11,1007.0,1009.0,1004.3,92,84,0.5,114,5.8,129,16.0
2018/10/12,1008.2,1009.9,1006.7,91,84,0.8,115,5.7,119,27.0
2018/10/13,1006.3,1008.7,1004.0,82,70,1.2,111,8.0,111,0.0
2018/10/15,1003.5,1005.4,1001.6,80,66,1.3,115,7.4,121,0.0
2018/10/16,1002.4,1004.5,1000.4,79,58,0.8,114,6.9,118,0.5
2018/10/16,1001.2,1002.4,999.7,84,73,0.2,115,5.5,136,0.5
2018/10/17,1001.9,1003.5,1000.3,94,89,0.4,121,5.5,154,28.5
2018/10/18,1004.4,1006.4,1002.3,75,51,0.8,102,7.1,113,0.0
2018/10/19,1007.5,1010.8,1005.1,79,66,0.9,103,5.6,88,6.0
2018/10/20,1007.7,1009.9,1005.7,68,54,1.2,118,6.9,72,0.0
2018/10/21,1005.5,1007.4,1003.5,69,47,0.5,118,6.1,142,0.0
2018/10/22,1003.7,1005.3,1001.4,76,54,0.1,268,4.0,60,0.0
2018/10/23,1005.3,1006.8,1003.7,84,78,0.1,108,4.4,154,0.5
2018/10/24,1005.2,1006.7,1003.9,75,58,1.0,117,5.5,92,0.0
2018/10/25,1004.3,1005.8,1002.8,74,54,0.7,120,5.2,138,0.0
2018/10/26,1004.4,1006.3,1003.3,77,71,0.2,14,3.7,79,0.0
2018/10/27,1008.0,1010.0,1005.9,56,39,0.8,124,5.5,136,0.0
2018/10/28,1005.7,1008.4,1003.4,53,35,0.8,113,5.8,145,0.0
2018/10/29,1003.5,1005.0,1001.1,50,35,1.2,115,6.7,120,0.0
2018/10/30,1003.5,1005.4,1001.7,65,49,1.5,108,9.9,121,0.5
2018/10/31,1006.1,1008.5,1003.7,84,72,1.2,119,7.8,105,4.5
2018/11/01,1007.1,1008.4,1005.4,87,80,1.3,104,7.9,89,5.0
2018/11/02,1004.9,1007.0,1003.0,92,87,1.2,120,7.4,117,6.0
2018/11/03,1004.4,1005.7,1002.9,90,82,0.2,95,5.1,103,0.0
2018/11/04,1005.0,1006.7,1003.4,84,68,0.3,114,3.6,114,0.0
2018/11/05,1005.0,1006.4,1003.8,84,61,1.1,120,7.6,132,1.0
2018/11/06,1005.0,1006.7,1003.3,76,56,1.5,117,6.8,90,0.0
2018/11/07,1005.0,1007.3,1003.7,80,60,0.2,108,3.1,100,0.0
2018/11/08,1004.6,1006.1,1003.5,80,61,0.2,264,3.1,273,0.0
2018/11/09,1006.3,1008.0,1005.0,81,67,1.2,119,7.8,111,0.0
2018/11/10,1005.9,1008.1,1003.6,76,57,1.3,119,7.5,123,0.0
2018/11/11,1004.7,1006.9,1003.0,78,63,0.2,101,3.6,25,0.0
2018/11/12,1003.0,1005.4,1000.6,79,57,0.3,101,3.5,135,0.0
2018/11/13,1003.7,1005.1,1002.1,75,62,1.0,119,6.8,110,0.0
2018/11/14,1004.8,1006.5,1002.8,71,60,1.7,125,8.0,97,0.0
2018/11/15,1004.5,1006.7,1002.4,69,49,0.9,117,7.2,89,0.0
2018/11/16,1004.4,1005.9,1002.7,75,61,0.2,120,4.4,133,0.0
2018/11/17,1005.2,1007.5,1003.7,86,79,0.5,121,4.9,77,5.0
2018/11/18,1004.1,1005.9,1001.9,84,63,0.2,105,3.6,100,0.5
2018/11/19,1007.1,1009.2,1004.6,89,80,0.3,118,4.3,77,16.0
2018/11/20,1005.5,1007.6,1003.3,71,58,1.4,116,10.0,87,0.5
2018/11/21,1004.6,1007.0,1002.2,77,56,0.1,76,4.3,146,0.0
2018/11/22,1009.7,1012.1,1007.0,86,78,0.6,122,5.5,120,2.5
2018/11/23,1008.7,1010.9,1007.3,84,78,1.0,109,6.5,122,2.5
2018/11/24,1007.1,1008.7,1004.9,75,59,1.7,122,8.0,90,0.0
2018/11/25,1005.4,1007.2,1003.0,64,40,0.9,116,6.3,120,0.0
2018/11/26,1007.0,1008.7,1006.0,85,63,0.2,115,3.0,126,2.5
2018/11/27,1007.7,1009.0,1006.1,79,66,0.7,113,5.5,101,0.5
2018/11/28,1008.2,1010.4,1005.9,83,72,0.3,113,4.0,109,2.0
2018/11/29,1009.5,1011.9,1008.2,67,54,1.3,114,8.2,79,0.0
2018/11/30,1007.9,1010.0,1005.7,60,43,1.3,120,7.2,118,0.0
2018/12/01,1006.4,1008.8,1004.6,72,46,0.3,114,3.3,101,0.0
2018/12/02,1004.4,1005.8,1002.1,70,39,0.2,104,3.2,111,0.0
2018/12/03,1005.0,1006.9,1003.3,71,36,0.2,97,3.0,285,0.0
2018/12/04,1005.3,1006.9,1003.3,71,52,0.2,90,4.6,80,0.0
2018/12/05,1005.1,1008.0,1002.6,79,72,1.4,115,8.3,82,0.0
2018/12/07,1004.3,1006.8,1001.9,80,61,0.2,90,4.0,140,0.0
2018/12/07,1009.8,1011.9,1006.8,83,69,0.9,118,7.3,130,3.5
2018/12/08,1011.1,1013.0,1009.2,80,68,1.3,118,8.5,138,0.0
2018/12/09,1010.2,1012.7,1008.1,85,77,1.1,120,8.9,89,0.5
2018/12/10,1006.5,1008.7,1004.5,91,85,0.3,113,3.9,140,1.5
2018/12/11,1007.5,1011.8,1004.3,89,82,0.3,126,4.6,133,1.0
2018/12/12,1013.3,1015.2,1011.6,83,76,0.6,116,5.5,127,0.5
2018/12/13,1012.7,1014.2,1010.3,83,67,1.1,117,8.9,97,1.0
2018/12/14,1013.5,1015.2,1012.1,85,74,1.4,116,7.7,94,1.5
2018/12/15,1010.7,1013.6,1007.7,79,67,1.9,118,10.1,107,0.0
2018/12/16,1009.0,1010.9,1007.2,82,76,0.2,118,5.7,125,0.0
2018/12/17,1011.8,1013.8,1009.2,63,46,0.5,121,5.2,135,0.0
2018/12/18,1010.4,1012.9,1007.8,57,38,1.2,117,6.9,113,0.0
2018/12/19,1007.7,1010.1,1005.4,63,39,0.6,106,6.9,75,0.0
2018/12/20,1005.2,1007.1,1002.1,68,33,0.2,92,3.6,282,0.0
2018/12/21,1004.7,1007.1,1002.8,74,60,0.8,122,6.8,102,0.0
2018/12/22,1005.3,1007.1,1003.6,81,65,0.2,260,4.0,287,0.0
2018/12/23,1007.1,1009.7,1004.2,91,84,0.4,120,5.3,106,25.0
2018/12/24,1007.3,1010.7,1003.4,89,80,1.3,123,8.2,115,15.0
2018/12/25,1002.5,1005.0,1000.4,89,75,1.1,117,8.9,95,0.5
2018/12/26,1002.4,1004.0,1000.5,90,84,0.1,123,2.6,138,0.0
2018/12/27,1007.1,1010.7,1003.6,90,85,0.4,129,6.3,132,9.0
2018/12/28,1013.1,1015.5,1010.3,80,71,1.0,116,7.0,92,0.5
2018/12/29,1016.3,1018.8,1013.5,74,65,1.3,116,7.7,86,0.0
2018/12/30,1014.3,1016.1,1011.4,83,73,1.6,115,8.0,109,0.0
2018/12/31,1015.4,1017.1,1013.3,90,83,0.7,113,6.1,63,2.0
2019/01/01,1014.8,1017.0,1012.7,87,75,1.7,117,8.2,71,0.5
2019/01/02,1013.3,1015.9,1010.4,89,80,1.6,116,8.3,83,2.0
2019/01/03,1013.1,1015.5,1010.3,90,83,1.3,115,7.2,120,6.5
2019/01/04,1010.0,1011.1,1008.2,87,63,0.8,120,7.1,103,0.0
2019/01/05,1009.1,1010.8,1007.4,89,78,0.1,112,3.1,100,5.5
2019/01/06,1010.4,1013.0,1009.1,90,80,0.9,118,8.8,129,5.0
2019/01/07,1008.2,1009.8,1006.5,82,68,1.3,114,9.0,112,0.0
2019/01/08,1010.1,1012.3,1008.4,84,69,0.8,111,6.4,100,0.0
2019/01/09,1010.5,1013.0,1008.0,80,71,2.1,119,9.0,89,0.0
2019/01/10,1007.9,1010.0,1006.3,85,70,0.5,274,6.1,105,0.0
2019/01/11,1006.6,1008.3,1004.7,91,80,0.2,262,2.7,278,0.0
2019/01/12,1007.5,1009.2,1005.6,87,78,0.4,114,5.1,102,0.0
2019/01/13,1008.3,1009.8,1006.8,80,69,0.7,119,5.8,114,0.0
2019/01/14,1006.5,1008.7,1004.2,73,59,1.7,114,9.4,110,0.0
2019/01/15,1007.1,1009.6,1005.0,84,69,0.2,110,4.7,135,1.5
2019/01/16,1009.2,1011.4,1006.5,91,83,0.7,118,6.9,126,17.0
2019/01/17,1011.4,1013.2,1009.2,86,73,0.4,121,4.5,136,9.0
2019/01/18,1009.6,1012.9,1006.9,58,47,1.5,103,8.2,127,0.0
2019/01/19,1008.1,1010.2,1006.5,74,52,0.1,106,3.1,292,0.0
2019/01/20,1008.9,1012.2,1006.7,81,61,0.3,117,4.1,128,2.0
2019/01/21,1010.7,1012.5,1008.5,87,75,0.4,117,4.8,141,3.5
2019/01/22,1010.3,1011.8,1009.0,75,60,0.5,124,5.3,134,0.5
2019/01/24,1008.4,1009.9,1006.8,63,52,1.2,107,7.4,120,0.0
2019/01/24,1008.3,1010.4,1006.6,66,52,1.3,110,7.0,101,0.0
2019/01/25,1009.4,1012.5,1007.4,75,56,0.3,105,4.2,128,0.0
2019/01/26,1014.2,1016.0,1012.3,63,55,0.7,116,5.6,125,0.0
2019/01/27,1012.6,1015.4,1009.3,63,54,1.1,107,7.5,78,0.0
2019/01/28,1009.4,1011.6,1007.6,69,50,0.6,112,5.5,80,0.0
2019/01/29,1009.4,1011.6,1007.2,67,51,1.1,122,8.0,93,0.0
2019/01/30,1008.7,1011.2,1006.4,67,42,0.2,115,4.6,274,0.0
2019/01/31,1007.9,1012.7,1004.8,69,46,0.5,113,6.6,131,0.0
2019/02/01,1011.8,1014.8,1008.9,75,70,1.0,118,7.6,120,0.0
2019/02/02,1006.7,1009.1,1004.7,77,51,0.2,107,4.8,117,0.0
2019/02/03,1006.0,1007.7,1004.7,77,50,0.2,82,4.3,239,0.0
2019/02/04,1008.3,1011.2,1006.3,83,73,0.5,112,6.2,92,3.0
2019/02/05,1005.2,1007.5,1002.3,88,69,0.3,266,3.7,261,0.0
2019/02/07,1002.9,1006.0,1000.1,81,51,0.3,271,3.4,278,0.0
2019/02/07,1003.7,1006.3,1000.7,72,25,0.4,112,7.2,292,0.0
2019/02/08,1006.4,1009.0,1004.4,83,72,0.3,135,4.1,105,0.5
2019/02/09,1008.7,1011.3,1005.6,87,81,0.2,121,4.8,104,0.0
2019/02/10,1011.3,1013.3,1009.4,83,72,0.4,116,5.1,119,0.0
2019/02/11,1013.6,1015.1,1011.9,82,67,1.1,116,7.4,90,0.5
2019/02/12,1011.3,1013.6,1008.9,83,60,1.1,115,8.0,105,0.0
2019/02/13,1011.0,1013.2,1009.5,85,70,0.6,116,5.3,126,0.0
2019/02/14,1010.1,1012.0,1008.9,87,82,0.2,116,3.7,137,0.0
2019/02/15,1008.2,1010.3,1005.5,81,54,0.2,115,3.3,264,0.0
2019/02/16,1008.2,1009.8,1007.0,83,73,0.4,118,5.1,114,0.0
2019/02/17,1008.0,1010.5,1005.4,79,66,1.4,119,9.2,110,0.0
2019/02/18,1004.3,1007.6,1002.0,88,78,0.4,269,5.4,110,0.0
2019/02/19,1006.5,1009.0,1003.6,81,59,0.3,117,4.5,224,1.0
2019/02/20,1008.1,1009.6,1006.8,83,63,0.1,130,3.3,256,0.0
2019/02/21,1006.5,1009.0,1004.0,82,67,0.4,124,5.1,102,0.0
2019/02/22,1006.4,1008.9,1004.4,89,78,0.4,120,5.6,86,1.0
2019/02/23,1007.3,1008.8,1005.0,80,66,1.0,121,8.7,138,5.5
2019/02/24,1005.3,1007.3,1003.3,95,91,0.6,112,6.1,133,63.5
2019/02/25,1006.1,1008.0,1004.1,87,75,0.4,110,4.8,133,0.0
2019/02/26,1006.1,1008.6,1003.5,78,65,0.9,111,7.3,113,0.0
2019/02/27,1004.1,1006.7,1000.7,79,55,0.1,275,2.6,274,0.0
2019/02/28,1004.7,1007.0,1003.1,85,76,0.5,124,4.9,140,0.0
2019/03/01,1005.2,1006.7,1003.4,80,64,0.6,117,6.7,123,0.0
2019/03/02,1001.4,1004.5,999.6,82,64,0.2,111,4.6,273,0.0
2019/03/03,999.8,1003.0,997.1,92,86,0.1,106,4.5,278,17.0
2019/03/04,1004.1,1006.0,1002.1,75,52,1.2,116,8.0,102,0.0
2019/03/05,1002.0,1004.4,998.1,77,48,1.2,122,8.1,108,4.0
2019/03/06,1003.7,1007.5,1001.4,91,81,0.2,94,4.0,107,17.5
2019/03/07,1007.9,1009.7,1006.0,91,86,1.0,116,5.9,118,25.0
2019/03/08,1005.7,1008.9,1002.6,91,84,1.2,113,8.6,80,13.5
2019/03/09,1000.8,1004.1,997.6,97,93,0.0,279,3.2,137,57.0
2019/03/10,1001.8,1004.4,999.4,90,74,0.2,115,4.4,75,25.0
2019/03/11,1003.2,1004.8,1001.5,73,64,0.9,117,5.7,105,0.0
2019/03/12,1004.3,1006.0,1002.4,58,34,1.0,116,5.6,123,0.0
2019/03/13,1006.6,1008.2,1005.2,61,46,1.1,118,7.0,106,0.0
2019/03/14,1007.7,1010.4,1005.9,73,61,0.3,113,4.1,224,0.0
2019/03/15,1010.5,1012.5,1008.7,68,36,0.6,102,5.2,131,7.0
2019/03/16,1007.8,1009.8,1005.9,53,41,1.5,118,9.4,121,0.0
2019/03/17,1007.3,1009.6,1005.4,79,52,0.5,114,4.7,90,1.0
2019/03/18,1004.6,1006.6,1002.7,85,72,0.3,273,3.9,262,0.0
2019/03/19,1003.9,1006.5,1002.2,77,58,1.0,114,6.3,134,0.0
2019/03/20,1000.8,1001.5,998.3,77,60,0.3,263,3.9,247,0.0
2019/03/21,999.1,1001.6,996.5,69,44,0.4,270,5.7,296,0.0
2019/03/22,1003.2,1006.3,1000.7,80,70,0.6,115,5.1,102,0.5
2019/03/23,1008.8,1011.7,1005.5,83,72,0.7,121,5.6,126,1.0
2019/03/24,1006.2,1009.8,1004.1,87,76,1.4,118,8.3,69,3.5
2019/03/25,1005.1,1007.7,1002.4,94,89,0.1,254,3.4,239,18.5
2019/03/26,1007.4,1009.2,1005.8,75,56,1.1,119,6.7,130,0.0
2019/03/27,1005.0,1008.1,1002.3,76,60,0.2,102,3.9,274,0.0
2019/03/28,999.1,1002.5,995.5,71,52,0.5,271,5.9,281,0.0
2019/03/29,998.7,1003.8,996.4,81,68,0.3,278,7.6,266,14.0
2019/03/30,1002.8,1004.7,1000.3,78,61,0.7,113,7.1,115,3.0
2019/03/31,1007.3,1010.0,1004.3,71,59,1.9,110,9.5,124,0.0
2019/04/01,1009.6,1011.5,1007.6,82,72,1.7,112,8.2,87,4.5
2019/04/02,1006.0,1008.0,1004.1,79,65,1.2,111,8.2,105,0.0
2019/04/03,1006.2,1008.2,1004.7,89,81,0.3,259,2.9,267,0.5
2019/04/04,1003.4,1005.9,1000.7,82,58,0.7,117,5.9,99,0.5
2019/04/06,1001.9,1003.5,1000.1,80,54,0.5,110,4.2,115,0.0
2019/04/06,1000.9,1002.2,999.1,73,57,0.3,269,3.5,270,0.0
2019/04/07,1000.3,1002.2,998.4,74,52,0.3,267,7.1,295,0.0
2019/04/08,1000.6,1002.1,999.4,74,54,0.2,283,3.1,236,0.0
2019/04/10,998.5,1000.7,995.9,75,46,0.6,271,6.4,267,0.0
2019/04/10,998.9,1001.0,997.0,75,43,0.9,115,8.5,100,0.0
2019/04/11,1000.0,1004.3,996.9,83,64,0.6,96,7.4,260,17.5
2019/04/12,1004.2,1005.4,1002.8,76,64,1.4,119,8.1,126,0.0
2019/04/13,1003.4,1004.8,1001.4,85,65,0.3,106,5.6,113,2.5
2019/04/14,1003.4,1006.0,1001.9,84,65,0.3,117,4.7,133,3.5
2019/04/15,1003.8,1005.8,1001.9,72,59,1.6,118,10.6,87,2.0
2019/04/16,1001.2,1002.8,999.3,94,81,0.1,109,4.5,137,25.5
2019/04/17,1000.5,1002.5,998.7,70,42,0.4,107,4.8,124,0.0
2019/04/18,999.7,1001.7,998.3,70,57,0.2,283,3.2,264,0.0
2019/04/19,998.0,999.8,996.3,86,67,0.2,76,4.1,225,11.0
2019/04/20,997.3,998.8,995.6,86,70,0.2,116,4.1,272,7.0
2019/04/21,997.1,998.6,995.6,89,72,0.1,109,3.2,226,43.0
2019/04/22,997.7,1000.1,996.1,81,57,0.2,130,4.0,276,0.0
2019/04/23,997.6,999.6,995.7,73,48,0.4,275,5.1,70,0.0
2019/04/24,997.1,999.4,994.5,75,56,0.5,272,5.4,294,0.0
2019/04/25,996.5,1000.1,993.6,67,41,0.5,266,7.5,280,0.0
2019/04/26,1000.2,1003.7,998.0,70,50,0.8,116,6.2,106,0.0
2019/04/27,1002.3,1004.8,1000.2,78,68,1.7,119,9.4,106,0.0
2019/04/28,1001.6,1004.0,1000.3,81,67,0.3,106,3.9,104,0.0
2019/04/29,999.2,1001.4,997.0,73,55,0.2,268,4.6,277,0.0
2019/04/30,995.5,998.2,993.2,75,53,0.5,267,6.7,272,0.0
2019/05/01,998.6,1001.6,993.6,91,79,0.4,103,6.0,84,65.5
2019/05/02,1001.7,1003.7,999.7,80,69,1.4,113,7.0,90,4.5
2019/05/03,1003.1,1004.8,1001.5,66,43,1.5,115,7.9,82,1.0
2019/05/04,1001.8,1003.2,1000.1,66,60,1.5,112,6.5,131,0.0
2019/05/05,999.2,1001.3,996.2,63,47,1.5,117,6.8,115,0.0
2019/05/06,999.4,1001.2,996.8,82,62,1.1,116,6.6,122,9.5
2019/05/07,1000.4,1002.2,998.8,86,73,1.1,115,7.6,75,6.5
2019/05/08,998.2,999.9,996.4,87,78,0.6,114,6.6,135,0.0
2019/05/09,997.5,998.6,996.2,94,90,0.3,119,5.6,71,5.0
2019/05/10,998.4,999.8,996.9,82,64,1.2,120,6.5,146,0.0
2019/05/11,999.6,1001.3,998.1,80,63,1.1,119,6.8,91,0.0
2019/05/12,998.9,1000.5,996.9,74,53,1.0,117,6.3,93,0.0
2019/05/13,998.2,999.8,996.6,70,42,0.5,110,4.7,272,0.0
2019/05/14,998.0,999.4,996.6,78,66,0.4,262,4.5,266,0.0
2019/05/15,997.9,999.7,996.2,77,65,0.2,84,3.7,258,0.0
2019/05/16,994.9,997.3,993.1,77,57,0.6,270,6.9,283,0.0
2019/05/17,993.2,996.2,990.9,89,68,0.2,97,8.2,261,X
2019/05/18,993.5,995.6,991.8,83,72,0.6,264,6.4,273,X
2019/05/19,995.0,996.7,993.1,70,52,0.4,256,7.1,242,X
2019/05/20,997.2,1000.8,997.3,87,80,0.3,109,3.8,120,1.0
2019/05/21,999.3,1000.5,998.0,57,37,1.1,110,7.3,122,0.0
2019/05/22,998.4,999.5,997.0,63,52,0.4,108,3.8,110,0.0
2019/05/23,999.8,1001.8,998.2,79,57,0.6,113,5.4,99,1.0
2019/05/24,999.8,1001.5,998.3,66,45,1.2,115,4.9,117,0.0
2019/05/25,999.1,1000.4,998.1,61,46,0.5,115,3.8,82,0.0
2019/05/26,998.3,999.5,997.1,68,56,0.2,91,3.5,284,0.0
2019/05/27,997.7,998.7,996.3,78,65,0.2,64,4.4,243,6.5
2019/05/28,999.0,1001.8,996.6,92,81,0.1,85,3.5,126,89.5
2019/05/29,1000.2,1001.4,998.9,74,54,0.4,109,4.9,105,0.0
2019/05/31,998.4,1000.1,996.1,72,56,0.2,80,3.9,130,0.0
2019/05/31,997.4,998.7,996.0,71,52,0.3,274,4.6,266,0.0
2019/06/02,996.1,997.9,994.0,78,63,0.4,261,4.8,273,0.0
2019/06/02,994.1,996.2,992.4,67,47,0.8,261,10.3,277,0.0
2019/06/03,995.5,996.9,994.3,73,58,0.5,110,6.2,280,0.0
2019/06/04,997.4,999.3,995.6,79,58,0.2,94,4.9,252,12.0
2019/06/05,999.0,1000.3,997.6,73,56,0.2,58,3.6,273,0.0
2019/06/06,999.0,1000.2,997.8,72,57,0.5,263,5.7,276,0.0
2019/06/07,998.4,999.7,997.4,69,50,0.5,269,6.1,281,0.0
2019/06/08,996.1,998.3,994.0,69,53,0.4,268,6.3,317,0.0
2019/06/09,992.6,994.3,990.7,61,46,1.2,270,11.2,249,0.0
2019/06/10,991.7,993.1,990.0,73,55,0.5,270,7.1,272,10.0
2019/06/11,993.4,996.6,991.0,94,81,0.1,67,3.2,115,108.5
2019/06/12,995.6,996.5,994.6,89,69,0.4,120,5.7,82,28.0
2019/06/13,991.8,994.9,989.2,94,88,0.1,108,1.9,139,36.5
2019/06/14,991.2,994.2,987.6,89,73,0.2,261,3.6,230,78.5
2019/06/15,994.8,996.2,993.5,64,32,0.7,113,5.7,74,0.0
2019/06/16,995.7,998.0,993.8,60,42,0.4,119,4.2,266,0.0
2019/06/17,998.4,1000.3,997.0,73,58,0.3,119,4.2,297,3.0
2019/06/19,997.7,999.4,996.4,74,57,0.3,252,4.8,280,0.0
2019/06/19,995.7,997.3,993.6,66,53,0.7,271,8.7,282,0.0
2019/06/20,994.3,995.8,992.7,65,51,0.6,122,6.7,288,0.0
2019/06/21,992.9,993.2,991.3,62,57,0.7,261,5.7,283,0.0
2019/06/22,992.0,993.2,990.8,69,54,0.4,252,5.4,297,8.0
2019/06/23,993.6,996.7,990.5,93,80,0.3,270,6.0,259,63.0
2019/06/24,997.2,998.6,995.0,93,85,0.3,104,3.6,109,21.0
2019/06/25,996.3,998.2,993.9,83,49,0.2,25,3.8,237,90.5
2019/06/27,992.9,995.3,990.5,84,54,0.2,261,4.6,276,10.5
2019/06/27,991.0,992.1,989.6,78,59,0.3,97,5.7,107,0.0
2019/06/28,991.4,992.6,989.9,73,47,0.2,15,4.0,291,0.0
2019/06/29,991.0,992.6,989.5,72,53,0.2,91,4.9,302,0.0
2019/06/30,991.6,993.2,990.4,76,57,0.3,96,4.5,263,5.0
2019/07/01,991.5,993.5,989.4,69,52,0.6,98,6.1,116,0.0
2019/07/02,991.5,995.4,987.6,80,62,0.4,113,7.1,124,175.0
2019/07/03,996.0,998.2,994.2,78,51,0.2,109,4.9,292,0.0
2019/07/04,996.0,997.3,994.1,69,53,0.5,264,5.4,284,0.0
2019/07/06,991.9,995.0,989.4,58,46,1.1,263,10.6,282,0.0
2019/07/06,990.6,992.0,989.5,60,51,0.6,273,9.7,279,0.0
2019/07/07,992.8,995.3,990.9,62,44,0.5,263,8.7,289,0.0
2019/07/08,994.1,995.4,992.7,65,52,0.5,263,6.5,299,0.0
2019/07/09,991.6,993.7,989.5,60,45,0.7,259,8.5,278,0.0
2019/07/10,992.0,995.5,989.9,61,43,0.7,267,9.8,260,0.0
2019/07/11,997.0,998.8,994.5,67,51,0.4,269,6.2,281,0.0
2019/07/12,996.5,998.4,994.9,71,49,0.5,115,7.3,116,0.0
2019/07/13,992.7,995.3,990.6,61,43,0.7,266,9.4,277,0.0
2019/07/14,992.7,994.9,991.3,64,51,0.6,266,9.1,255,0.0
2019/07/15,993.8,995.0,992.9,67,45,0.2,105,4.3,277,0.0
2019/07/16,993.1,995.5,990.6,62,38,0.7,93,6.7,111,0.0
2019/07/18,988.8,992.0,986.6,74,52,1.5,108,9.0,116,19.0
2019/07/19,985.2,987.6,984.0,85,63,0.3,117,4.7,259,11.0
2019/07/19,987.6,991.3,985.2,73,51,0.7,257,5.5,291,6.0
2019/07/20,993.2,996.4,990.8,64,45,0.4,265,6.5,275,0.0
2019/07/21,995.1,996.6,993.4,73,44,0.3,92,7.3,81,0.5
2019/07/22,995.6,997.0,993.6,82,47,0.2,272,5.9,270,34.5
2019/07/24,995.5,996.9,994.1,80,51,0.1,89,4.4,99,0.0
2019/07/24,995.9,997.2,994.7,72,50,0.3,101,5.1,283,0.0
2019/07/25,996.4,997.8,994.9,69,51,0.4,273,5.5,283,0.0
2019/07/26,994.7,996.2,992.6,67,47,0.3,120,4.9,269,0.0
2019/07/27,995.1,997.2,993.4,70,46,0.2,75,4.1,271,0.0
2019/07/28,996.5,998.2,994.1,69,53,0.2,111,3.4,63,0.0
2019/07/29,996.5,997.9,994.5,72,55,0.1,124,3.4,304,0.0
2019/07/30,995.3,997.1,993.2,70,52,0.3,93,3.9,268,0.0
2019/07/31,994.4,995.9,992.5,60,43,0.7,98,6.5,64,0.0
2019/08/01,994.9,996.0,993.2,62,44,0.3,95,5.1,261,0.0
2019/08/02,993.5,995.8,991.4,61,40,0.8,104,6.5,96,0.0
2019/08/04,991.5,992.8,989.9,63,42,0.7,115,5.6,91,0.0
2019/08/04,990.0,991.5,988.6,63,43,1.0,120,6.1,91,0.0
2019/08/05,990.5,991.7,989.2,67,52,1.2,119,6.9,133,0.0
2019/08/06,990.6,992.1,989.1,62,37,1.0,116,6.5,124,0.0
2019/08/07,988.0,990.5,985.9,79,60,0.5,110,5.1,61,39.5
2019/08/09,983.2,986.3,979.2,89,65,0.2,105,5.4,139,80.5
2019/08/09,977.2,979.6,974.4,83,59,1.2,253,10.9,282,44.0
2019/08/10,981.1,985.7,977.5,63,47,1.7,262,12.7,284,7.0
2019/08/11,987.3,989.3,985.4,67,57,1.3,267,10.6,278,0.0
2019/08/12,989.5,990.9,988.2,72,53,0.4,270,6.9,273,0.0
2019/08/13,989.9,991.7,987.9,66,41,0.4,258,7.0,277,0.0
2019/08/14,989.9,991.3,987.7,67,49,0.5,267,8.2,286,0.0
2019/08/15,989.1,990.3,986.6,65,50,0.7,256,6.7,285,0.0
2019/08/16,990.6,993.2,988.9,67,51,0.7,270,7.8,292,2.5
2019/08/17,992.8,994.6,991.0,62,48,1.0,269,7.7,289,0.0
2019/08/18,993.7,995.2,992.6,72,52,0.5,264,6.2,290,8.0
2019/08/19,994.0,995.2,993.1,87,64,0.1,118,5.3,133,38.0
2019/08/20,993.6,995.1,992.3,80,53,0.2,112,3.6,96,2.0
2019/08/21,993.6,994.9,992.5,84,63,0.1,282,3.4,233,16.0
2019/08/22,994.6,995.6,993.5,73,56,0.2,94,3.8,133,0.5
2019/08/23,994.1,995.7,992.6,68,52,1.1,105,6.6,133,0.0
2019/08/24,988.5,993.1,985.3,72,62,1.9,113,10.0,135,6.5
2019/08/25,994.2,998.4,988.2,76,59,0.3,262,4.8,58,0.0
2019/08/26,998.0,1000.2,996.3,79,56,0.1,77,3.5,256,7.0
2019/08/28,997.0,998.9,995.4,72,54,0.2,111,4.3,267,0.0
2019/08/29,994.3,995.9,991.1,66,46,0.4,108,5.8,129,0.0
2019/08/29,995.2,997.3,993.5,66,49,0.5,255,6.0,283,0.0
2019/08/30,997.1,998.1,996.3,85,62,0.3,115,3.7,105,44.5
2019/08/31,995.4,997.0,993.9,66,48,0.9,105,7.2,107,&
2019/09/01,996.1,997.4,994.9,66,44,0.3,115,8.0,127,&
2019/09/02,996.7,997.3,994.3,65,53,0.3,29,3.7,87,0.0
2019/09/03,994.5,996.1,992.4,61,45,1.2,104,8.7,107,0.0
2019/09/04,994.0,995.6,993.0,81,62,0.6,112,5.2,121,5.0
2019/09/05,991.6,993.7,990.1,90,72,0.1,117,3.0,232,46.5
2019/09/06,990.0,991.4,988.1,75,53,0.3,255,3.6,267,14.5
2019/09/07,992.4,994.0,990.6,70,54,0.0,256,3.4,264,0.0
2019/09/08,993.8,995.0,992.0,69,52,0.2,109,4.0,287,0.0
2019/09/09,994.8,996.1,993.4,63,47,0.1,4,3.8,109,0.0
2019/09/10,997.2,998.9,995.3,60,39,0.5,100,4.4,138,0.0
2019/09/11,999.0,1000.5,997.1,60,42,0.7,104,6.3,126,0.0
2019/09/12,997.8,999.5,995.7,65,48,1.0,114,7.0,117,0.0
2019/09/13,996.0,997.5,994.2,65,43,0.8,111,6.4,106,0.0
2019/09/14,996.5,998.1,994.7,67,48,0.4,123,5.6,125,0.0
2019/09/15,996.6,997.7,995.4,88,71,0.1,74,2.4,117,61.5
2019/09/16,996.4,998.0,995.2,80,68,0.2,121,5.6,125,0.5
2019/09/17,998.2,1000.2,996.4,77,56,0.2,112,5.1,84,0.0
2019/09/18,1000.2,1002.5,998.1,77,59,0.2,120,4.6,124,4.0
2019/09/19,999.9,1001.2,998.4,71,57,0.2,109,5.9,138,0.5
2019/09/20,995.9,998.4,994.0,89,71,0.1,112,5.7,134,36.5
2019/09/21,994.0,997.3,992.1,90,74,0.5,256,4.1,281,34.0
2019/09/22,1000.1,1004.3,996.0,78,55,0.0,127,2.6,131,0.0
2019/09/23,1005.2,1007.0,1003.1,70,49,0.1,126,4.1,129,0.0
2019/09/24,1006.2,1007.7,1004.8,66,51,0.4,98,6.0,88,0.0
2019/09/25,1005.4,1006.6,1003.7,61,48,0.7,113,5.8,135,0.0
2019/09/26,1004.8,1006.5,1002.9,74,59,1.0,110,7.3,106,0.5
2019/09/28,1003.9,1006.1,1002.2,85,78,0.7,117,4.8,41,1.0
2019/09/28,1002.3,1003.8,1001.3,89,74,0.7,117,5.4,107,6.0
2019/09/30,999.9,1002.3,997.7,86,64,0.7,115,6.5,99,21.5
2019/09/30,992.9,998.4,987.4,88,72,0.9,112,8.8,124,81.5
2019/10/01,994.5,997.7,987.7,73,46,0.8,266,10.2,238,17.0
2019/10/02,999.3,1000.6,997.6,71,41,0.1,258,4.1,288,0.0
2019/10/03,1000.7,1002.8,999.3,73,56,0.2,113,3.3,105,0.0
2019/10/04,1000.5,1002.2,999.0,70,51,0.1,104,3.6,258,0.0
2019/10/05,1001.4,1004.0,999.4,64,41,0.9,106,7.3,103,0.0
2019/10/06,1003.6,1005.4,1001.2,67,54,1.5,111,8.9,102,0.0
2019/10/07,1003.7,1004.6,1002.1,69,44,1.2,116,7.0,118,0.0
2019/10/08,1004.2,1005.9,1002.5,70,53,1.2,116,7.1,128,0.0
2019/10/09,1003.3,1005.3,1001.2,74,54,0.9,119,6.4,106,1.0
2019/10/10,1001.5,1003.9,999.4,64,45,0.5,108,4.3,104,0.0
2019/10/11,999.8,1002.0,997.9,67,51,0.5,118,4.1,92,0.0
2019/10/12,1000.7,1002.8,999.1,70,51,0.7,114,6.2,59,0.0
2019/10/13,1004.0,1006.1,1002.2,67,51,0.7,113,5.5,113,0.0
2019/10/14,1007.8,1010.7,1005.3,63,43,0.9,105,6.7,90,0.0
2019/10/15,1009.7,1011.1,1008.7,64,45,0.7,116,6.2,85,0.0
2019/10/17,1007.3,1009.8,1005.4,74,63,0.4,116,4.8,103,0.0
2019/10/17,1006.3,1007.7,1004.7,65,45,0.3,110,4.8,135,0.0
2019/10/18,1006.1,1007.3,1004.4,67,51,0.4,109,6.0,104,0.0
2019/10/19,1006.4,1007.7,1005.2,76,67,0.4,121,4.0,135,0.5
2019/10/20,1005.2,1007.2,1003.7,65,49,0.5,123,4.5,129,0.0
2019/10/21,1002.9,1003.2,1001.7,67,60,0.2,122,1.9,137,0.0
2019/10/22,1000.6,1002.6,998.7,62,43,0.6,118,4.8,107,0.0
2019/10/23,1001.2,1003.2,999.2,68,51,0.2,131,4.3,128,0.0
2019/10/24,1004.3,1006.1,1002.3,65,45,0.5,122,4.4,130,0.0
2019/10/25,1005.8,1007.1,1003.8,62,42,0.8,128,5.2,96,0.0
2019/10/26,1005.6,1007.7,1003.8,63,45,1.0,126,6.3,134,0.0
2019/10/27,1003.2,1005.0,1000.9,69,54,0.9,130,6.3,137,0.0
2019/10/28,1002.4,1004.1,1000.6,79,66,0.2,99,3.9,34,0.0
2019/10/29,1004.7,1006.5,1002.7,85,71,0.2,124,4.8,139,2.0
2019/10/30,1006.0,1007.6,1004.2,79,69,0.9,127,6.5,68,0.5
2019/10/31,1004.9,1006.4,1003.0,87,81,0.8,125,7.4,131,1.5
2019/11/01,1004.1,1006.3,1002.6,74,61,1.4,122,7.2,118,0.0
2019/11/02,1002.0,1003.6,1000.1,71,60,1.7,127,7.9,106,0.0
2019/11/03,1002.7,1004.7,1000.5,77,68,0.5,124,5.8,97,0.0
2019/11/04,1004.4,1006.1,1003.1,73,65,0.2,101,3.4,139,0.0
2019/11/05,1002.9,1004.7,1001.5,76,64,0.5,110,5.6,154,1.0
2019/11/06,999.9,1001.9,997.2,64,54,1.1,121,7.1,101,0.0
2019/11/07,1001.5,1004.8,998.5,66,51,0.8,126,7.1,155,0.0
2019/11/08,1006.1,1007.7,1003.9,69,44,0.5,126,7.2,148,5.0
2019/11/09,1007.0,1009.5,1004.8,58,45,0.7,128,6.6,140,0.0
2019/11/10,1003.3,1005.7,1000.0,60,43,0.4,129,4.9,146,0.0
2019/11/11,1003.4,1005.1,1001.8,63,42,1.0,126,6.2,103,0.0
2019/11/12,1004.4,1006.3,1003.1,59,43,1.1,130,5.9,127,0.0
2019/11/13,1006.5,1009.6,1004.4,64,40,0.3,127,4.7,127,0.0
2019/11/14,1008.4,1010.7,1006.3,67,47,0.8,123,7.3,89,0.0
2019/11/15,1004.5,1006.6,1002.4,62,41,1.5,128,8.1,128,0.0
2019/11/16,1002.9,1004.4,1001.1,63,44,0.8,117,5.2,149,0.0
2019/11/17,1003.1,1004.7,1000.8,70,44,0.1,275,3.4,269,0.0
2019/11/18,1005.4,1009.2,1001.9,85,67,0.2,101,5.4,112,8.0
2019/11/19,1008.7,1010.4,1007.4,77,65,0.9,127,7.4,118,1.0
2019/11/20,1008.3,1010.3,1007.0,75,63,1.5,127,7.9,122,0.0
2019/11/21,1005.7,1007.6,1004.4,83,71,0.7,123,7.4,119,1.5
2019/11/22,1003.9,1005.0,1002.5,90,79,0.1,112,3.5,140,1.0
2019/11/23,1004.3,1006.2,1002.5,89,79,0.0,279,2.3,322,0.0
2019/11/24,1006.1,1008.2,1004.1,78,52,0.4,122,4.9,118,0.0
2019/11/25,1010.2,1012.3,1007.7,80,67,1.0,121,6.9,90,1.0
2019/11/26,1009.6,1011.9,1006.9,75,65,1.8,113,9.3,80,0.0
2019/11/27,1008.5,1010.5,1005.7,78,67,1.3,124,7.9,128,0.0
2019/11/28,1012.0,1013.7,1010.2,81,73,0.4,123,4.6,148,0.5
2019/11/29,1010.9,1013.0,1009.0,71,51,0.9,122,7.7,141,0.0
2019/11/30,1006.7,1009.1,1004.1,76,58,0.7,123,6.4,112,0.0
2019/12/01,1006.1,1007.7,1003.7,77,50,0.2,15,4.3,261,0.0
2019/12/02,1011.3,1014.3,1007.5,68,52,0.5,126,7.5,130,0.0
2019/12/03,1011.8,1012.8,1010.0,57,49,1.2,123,7.2,113,0.0
2019/12/04,1012.7,1014.5,1010.9,62,50,0.9,124,7.6,100,1.5
2019/12/05,1013.2,1015.1,1011.1,93,87,0.2,125,3.6,120,55.0
2019/12/06,1012.4,1014.4,1010.6,93,89,0.1,111,5.1,158,53.0
2019/12/07,1013.6,1015.1,1012.1,83,65,0.1,104,4.3,146,12.5
2019/12/08,1012.8,1014.8,1010.8,62,37,0.4,105,6.3,103,0.0
2019/12/10,1008.5,1011.8,1006.2,65,54,0.7,118,7.1,134,0.0
2019/12/10,1005.5,1007.5,1003.3,70,47,0.1,262,3.2,285,0.0
2019/12/11,1006.6,1009.4,1004.3,70,47,0.6,127,5.5,127,0.0
2019/12/12,1009.8,1011.5,1007.3,61,48,1.3,123,7.5,125,0.0
2019/12/13,1010.3,1012.3,1008.9,73,55,0.8,121,6.4,100,0.0
2019/12/14,1009.6,1012.0,1008.2,76,63,1.5,124,7.9,131,0.0
2019/12/15,1007.9,1010.3,1006.4,68,45,0.9,122,6.7,106,0.0
2019/12/16,1006.2,1008.6,1003.8,73,50,0.1,266,3.3,288,0.0
2019/12/17,1006.3,1008.8,1004.3,72,50,0.0,270,2.9,226,0.0
2019/12/18,1007.6,1009.4,1005.8,81,70,0.5,122,6.2,107,0.0
2019/12/19,1008.5,1010.8,1006.8,84,66,0.4,122,5.4,137,0.5
2019/12/20,1008.3,1010.4,1005.2,85,72,0.8,125,7.2,143,8.0
2019/12/21,1005.5,1008.1,1003.9,93,87,0.0,0,2.7,303,0.5
2019/12/22,1003.9,1004.8,1002.3,86,75,0.1,117,3.1,39,0.0
2019/12/23,1005.3,1006.9,1004.0,79,67,0.3,116,4.6,128,0.0
2019/12/24,1006.7,1008.4,1005.3,84,76,0.1,307,3.0,309,0.0
2019/12/26,1004.2,1006.9,1001.7,81,61,0.2,114,4.0,116,0.0
2019/12/26,1005.4,1009.7,1002.9,80,57,0.2,87,4.8,97,0.0
2019/12/27,1010.3,1012.8,1008.4,72,61,1.0,113,7.9,101,0.5
2019/12/28,1007.4,1009.5,1005.3,69,58,1.8,124,9.0,112,0.0
2019/12/29,1006.9,1008.7,1005.0,89,68,0.1,114,4.8,109,21.5
2019/12/30,1009.3,1012.5,1006.9,92,81,0.1,115,5.1,146,22.5
2019/12/31,1016.1,1019.1,1012.1,85,76,0.9,121,6.3,145,9.5
2020/01/01,1014.7,1016.9,1013.2,81,72,1.4,121,7.0,117,0.0
2020/01/02,1012.2,1014.3,1010.4,70,52,1.2,125,6.1,126,0.0
2020/01/03,1010.0,1012.9,1007.5,67,45,0.4,132,5.7,107,0.0
2020/01/04,1008.3,1010.8,1005.9,69,44,0.7,122,6.7,111,0.0
2020/01/05,1008.5,1010.2,1006.6,71,49,0.9,126,6.1,126,0.0
2020/01/06,1007.7,1010.4,1005.3,80,58,0.1,132,3.6,274,0.0
2020/01/07,1005.2,1007.4,1003.2,74,45,0.3,270,4.9,294,0.0
2020/01/08,1008.5,1011.5,1006.3,70,55,1.2,125,9.4,137,0.0
2020/01/09,1006.7,1009.7,1004.4,66,52,1.4,125,7.9,109,0.0
2020/01/10,1004.0,1006.1,1002.3,73,45,0.5,121,4.5,307,0.0
2020/01/11,1003.7,1004.8,1002.4,80,67,0.1,193,4.1,271,0.0
2020/01/12,1006.5,1008.7,1004.3,80,72,0.5,131,6.2,136,0.0
2020/01/13,1006.3,1008.6,1004.0,81,69,0.3,124,4.4,128,2.0
2020/01/14,1008.5,1010.5,1005.3,80,65,0.3,126,5.7,119,1.0
2020/01/16,1007.4,1009.4,1005.0,78,66,1.2,123,8.3,89,0.0
2020/01/16,1006.5,1007.8,1003.9,82,68,0.1,269,3.4,286,0.5
2020/01/17,1008.7,1010.3,1006.8,83,77,0.3,130,5.2,136,0.0
2020/01/18,1009.1,1010.9,1007.7,75,67,0.3,129,4.7,144,0.0
2020/01/19,1009.5,1011.2,1007.5,83,76,0.1,136,2.8,139,0.0
2020/01/20,1011.3,1012.9,1009.1,70,55,0.2,111,3.9,88,0.0
2020/01/21,1010.7,1013.3,1008.4,66,49,1.0,127,6.9,89,0.0
2020/01/22,1007.8,1010.0,1005.8,72,48,0.1,23,3.0,258,0.0
2020/01/23,1006.7,1008.3,1005.0,75,51,0.0,109,2.2,286,0.0
2020/01/24,1008.1,1009.6,1006.6,88,76,0.1,274,3.5,267,0.0
2020/01/25,1006.0,1008.4,1004.3,90,86,0.1,300,3.9,149,0.0
2020/01/26,1001.1,1004.6,998.2,93,89,0.2,125,4.9,80,34.5
2020/01/27,1003.8,1006.1,1001.5,87,77,0.1,126,3.2,221,4.5
2020/01/28,1006.5,1009.4,1003.5,79,71,0.2,135,4.9,142,0.5
2020/01/29,1008.8,1010.1,1007.5,71,64,0.2,132,4.3,142,0.0
2020/01/30,1009.9,1011.6,1008.1,59,34,0.1,119,4.6,295,0.0
2020/01/31,1011.1,1012.8,1009.4,60,37,0.5,124,5.6,132,0.0
2020/02/01,1011.4,1013.2,1009.6,61,42,0.8,121,6.7,124,0.0
2020/02/02,1010.5,1012.3,1008.6,63,37,0.4,125,5.3,119,0.0
2020/02/03,1009.9,1010.9,1008.6,78,58,0.1,136,5.0,325,0.0
2020/02/04,1008.9,1010.4,1007.4,89,84,0.1,289,3.6,150,4.0
2020/02/05,1010.8,1012.5,1009.1,84,68,0.5,122,6.2,150,6.5
2020/02/06,1007.5,1011.8,1003.6,74,53,1.0,121,8.3,113,0.0
2020/02/07,1010.6,1012.7,1008.1,89,80,0.1,130,4.6,153,8.0
2020/02/08,1013.6,1015.0,1012.1,73,67,0.3,133,5.9,144,0.0
2020/02/09,1014.2,1016.5,1012.7,74,67,0.5,118,4.9,119,0.0
2020/02/11,1010.5,1013.0,1008.9,61,47,1.2,126,6.6,110,0.0
2020/02/11,1009.7,1012.3,1007.7,77,53,0.0,0,2.0,247,0.0
2020/02/12,1006.5,1008.7,1004.0,69,40,0.1,277,3.5,263,0.0
2020/02/13,1004.2,1004.8,1001.8,76,65,0.2,123,3.3,290,3.0
2020/02/14,1003.8,1007.0,1000.9,87,57,0.2,113,4.3,283,0.0
2020/02/15,1003.2,1006.8,1000.2,79,58,0.2,270,3.1,63,0.0
2020/02/16,1009.3,1014.6,1002.0,89,69,0.4,127,6.4,142,24.5
2020/02/17,1015.9,1018.2,1012.9,59,38,0.5,120,6.1,145,0.0
2020/02/18,1015.1,1017.6,1012.8,57,40,1.1,117,8.4,103,0.0
2020/02/19,1012.0,1013.6,1010.1,63,42,0.8,116,6.8,105,0.0
2020/02/20,1013.1,1014.8,1011.7,76,50,1.0,118,7.3,81,0.0
2020/02/21,1014.1,1015.5,1012.4,81,64,0.3,271,4.8,124,0.0
2020/02/22,1014.8,1016.6,1013.3,80,59,0.8,123,5.5,117,0.0
2020/02/24,1012.7,1016.1,1009.8,72,61,1.8,119,9.9,130,0.5
2020/02/25,1008.2,1010.3,1006.3,74,50,0.3,116,4.6,111,0.0
2020/02/25,1006.4,1008.3,1004.3,70,40,0.1,32,3.5,268,0.0
2020/02/26,1007.0,1009.0,1005.3,74,55,0.2,266,4.2,133,0.0
2020/02/27,1009.0,1011.4,1007.2,76,64,1.3,121,9.4,105,0.0
2020/02/28,1005.7,1007.4,1004.3,80,61,0.3,115,6.1,105,0.0
2020/02/29,1002.9,1004.8,1000.9,72,49,0.1,121,3.2,282,0.0
2020/03/02,1003.2,1007.4,1000.9,84,74,0.2,269,3.8,242,0.0
2020/03/02,1008.2,1010.7,1006.1,72,60,1.3,121,8.5,127,0.0
2020/03/03,1007.1,1009.5,1004.8,73,54,0.7,119,6.9,120,0.0
2020/03/04,1007.8,1011.5,1004.4,84,77,0.3,113,6.6,135,3.5
2020/03/05,1009.3,1011.8,1007.2,84,73,1.3,119,8.5,117,16.0
2020/03/06,1004.9,1007.5,1002.5,78,61,0.7,116,7.9,108,0.0
2020/03/07,1002.5,1005.0,999.9,79,55,0.2,111,4.3,261,0.0
2020/03/08,999.8,1002.5,997.3,77,58,0.4,116,5.1,127,0.0
2020/03/09,996.1,999.3,993.8,85,64,0.3,264,5.5,284,2.5
2020/03/10,1003.0,1008.8,996.0,86,71,0.4,102,6.3,285,76.5
2020/03/11,1007.2,1009.4,1005.2,65,51,1.5,121,7.7,134,0.0
2020/03/12,1004.3,1007.3,1002.1,80,67,0.2,112,6.4,136,2.5
2020/03/13,1004.6,1006.5,1002.7,95,90,0.1,123,4.6,142,73.5
2020/03/14,1007.6,1009.5,1005.9,79,65,0.6,105,5.7,126,9.0
2020/03/15,1008.0,1010.1,1005.4,56,31,1.0,118,6.2,122,0.0
2020/03/16,1008.1,1010.0,1005.9,47,29,1.5,124,8.3,108,0.0
2020/03/17,1007.1,1008.5,1005.6,62,38,0.2,102,4.1,280,0.0
2020/03/18,1004.2,1004.2,1002.2,80,69,0.1,135,2.7,271,1.0
2020/03/19,1003.1,1005.5,1001.2,90,80,0.0,292,2.8,263,5.5
2020/03/20,1003.7,1005.2,1001.9,77,64,0.7,121,7.1,138,0.0
2020/03/21,1003.1,1005.8,999.8,76,50,0.1,274,4.7,71,0.0
2020/03/22,1001.4,1004.4,998.2,72,45,0.3,270,6.5,279,0.0
2020/03/23,1003.7,1006.6,1001.9,78,68,0.8,119,5.6,119,1.0
2020/03/24,1003.5,1004.8,1002.3,76,61,0.8,120,5.2,117,0.0
2020/03/25,1002.4,1004.0,1000.5,78,53,0.2,111,3.8,262,0.0
2020/03/26,1002.3,1004.2,999.4,72,40,0.2,125,4.0,136,1.5
2020/03/27,1002.3,1003.8,1000.8,80,55,0.4,289,5.5,105,0.0
2020/03/28,1004.1,1008.6,999.5,88,80,0.4,121,4.6,138,21.5
2020/03/29,1004.2,1008.2,999.7,77,64,0.6,121,5.9,66,0.0
2020/03/30,1002.1,1003.8,1000.6,86,72,0.1,117,2.8,248,0.5
2020/03/31,1001.4,1003.9,998.7,85,68,0.2,120,3.9,138,3.5
2020/04/01,1005.6,1007.9,1001.5,83,70,0.5,121,5.7,115,12.5
2020/04/02,1006.7,1009.4,1003.6,84,72,0.7,121,9.1,131,15.5
2020/04/03,1006.4,1008.6,1004.1,85,66,0.2,127,4.4,127,0.5
2020/04/04,1008.0,1010.5,1004.7,84,73,0.2,130,4.1,150,1.0
2020/04/05,1008.5,1009.7,1007.4,73,59,0.6,117,6.0,106,1.5
2020/04/06,1005.2,1008.2,1003.2,78,64,0.6,124,6.3,82,7.0
2020/04/07,1004.5,1006.0,1001.4,84,71,0.3,125,5.8,137,2.5
2020/04/08,1004.4,1006.0,1003.2,77,67,0.3,117,4.8,110,0.0
2020/04/09,1006.1,1007.6,1003.9,72,49,0.7,118,6.1,105,0.0
2020/04/10,1005.9,1008.0,1003.9,61,46,1.5,122,6.9,131,0.0
2020/04/12,1003.0,1004.8,1000.9,82,62,0.1,116,3.7,110,18.5
2020/04/12,1005.8,1007.9,1002.2,78,46,0.2,128,6.0,143,6.5
2020/04/13,1007.3,1009.3,1005.8,51,28,0.3,108,6.2,130,0.0
2020/04/15,1005.0,1008.1,1002.7,49,27,0.6,124,5.4,114,0.0
2020/04/15,1003.4,1005.0,1001.8,60,36,0.4,261,6.8,289,0.0
2020/04/16,1003.1,1004.5,1002.0,62,29,0.2,114,3.9,275,0.0
2020/04/17,1003.4,1005.4,1001.9,69,52,0.2,269,5.2,278,0.0
2020/04/18,1003.0,1005.2,1001.3,72,56,0.3,115,3.3,255,0.0
2020/04/19,999.9,1001.7,998.0,79,65,0.3,274,5.3,273,0.0
2020/04/20,1001.6,1004.0,999.8,76,60,0.9,121,8.5,101,0.0
2020/04/21,1002.0,1004.6,1000.5,84,73,0.1,258,2.9,293,1.5
2020/04/22,1004.9,1006.9,1002.9,82,67,1.1,118,7.6,103,1.0
2020/04/23,1006.4,1008.4,1004.3,86,63,1.3,118,9.4,94,15.5
2020/04/24,1006.6,1008.3,1004.7,83,64,1.6,117,7.9,130,3.5
2020/04/25,1004.8,1006.3,1003.3,77,68,0.7,117,5.9,117,0.0
2020/04/26,1004.9,1006.7,1003.7,82,65,0.3,123,5.2,126,0.0
2020/04/27,1004.5,1005.9,1003.2,74,65,1.6,122,6.9,110,1.0
2020/04/28,1005.4,1007.5,1003.8,59,44,1.6,122,8.0,125,0.0
2020/04/29,1004.2,1006.1,1002.9,59,40,0.7,112,4.6,101,0.0
2020/04/30,1003.5,1005.6,1001.4,63,41,0.3,111,4.1,280,0.0
2020/05/01,1000.8,1003.2,998.9,64,40,0.2,265,4.1,258,0.0
2020/05/02,997.9,999.9,996.3,64,41,0.2,109,4.6,278,0.0
2020/05/03,996.5,998.1,995.0,73,55,0.4,269,6.0,274,0.0
2020/05/04,998.1,999.5,996.9,72,44,0.4,267,4.2,280,0.0
2020/05/06,996.1,998.7,993.5,72,48,0.5,270,6.3,261,0.0
2020/05/06,996.9,999.4,993.5,72,48,0.7,269,7.6,283,0.0
2020/05/07,998.5,1000.0,997.3,82,70,0.2,110,3.5,120,17.0
2020/05/08,997.6,999.1,995.9,75,60,0.4,263,5.4,279,0.0
2020/05/09,996.7,997.9,994.6,69,52,0.5,270,6.0,280,0.0
2020/05/10,997.8,999.9,996.0,75,57,0.4,127,4.0,273,0.0
2020/05/11,998.7,1000.2,997.0,77,64,0.7,115,4.6,118,0.0
2020/05/12,999.5,1001.4,997.3,84,74,0.6,121,5.6,118,6.5
2020/05/13,1001.1,1003.2,999.7,64,37,1.9,118,8.3,123,0.0
2020/05/14,999.7,1001.5,997.8,66,51,0.6,118,5.1,122,0.0
2020/05/15,997.5,998.9,996.1,68,52,0.3,126,5.6,269,0.0
2020/05/16,997.0,998.5,995.7,77,50,0.5,290,6.4,276,6.5
2020/05/18,993.6,995.9,991.1,69,48,0.2,59,4.4,271,0.0
2020/05/18,992.3,995.2,989.9,83,68,0.4,272,7.5,292,50.0
2020/05/19,995.3,997.6,995.3,89,87,0.5,126,3.6,133,9.0
2020/05/20,997.4,998.6,996.5,86,72,0.8,124,4.3,89,8.0
2020/05/21,995.1,997.2,993.0,89,73,0.5,116,5.5,104,37.5
2020/05/23,992.3,994.1,990.6,96,92,0.1,119,3.0,274,88.5
2020/05/23,994.7,996.8,992.3,96,89,0.1,99,1.9,101,24.0
2020/05/24,997.5,998.7,996.2,77,44,0.7,120,5.0,137,0.0
2020/05/25,998.3,999.7,997.4,78,55,0.3,119,4.3,278,0.5
2020/05/26,996.3,998.1,994.4,76,59,0.6,266,7.0,285,2.0
2020/05/27,998.0,1000.0,995.9,87,74,0.5,120,4.7,122,17.5
2020/05/28,999.8,1001.3,998.2,95,86,0.3,118,4.1,126,93.5
2020/05/29,999.7,1000.7,998.5,87,66,0.3,120,3.7,260,3.5
2020/05/31,998.9,1000.2,997.0,75,58,0.5,258,6.7,260,0.5
2020/05/31,999.4,1000.9,997.6,74,53,0.6,267,7.7,266,0.5
2020/06/01,999.4,1000.9,997.3,76,52,0.4,266,6.2,286,1.5
2020/06/03,998.2,1000.6,996.2,77,62,0.4,271,5.1,279,2.5
2020/06/03,996.6,998.4,994.0,69,48,0.6,265,6.5,284,0.0
2020/06/04,995.9,997.3,994.7,64,44,0.7,268,9.4,287,0.0
2020/06/05,995.8,997.5,993.6,67,48,0.6,267,6.1,279,0.0
2020/06/06,994.9,995.9,993.6,67,51,0.7,258,9.2,282,0.0
2020/06/07,995.9,997.3,994.8,85,57,0.2,259,5.5,296,25.5
2020/06/08,996.9,998.0,995.2,86,75,0.4,125,4.1,272,3.5
2020/06/09,997.8,998.8,996.4,79,62,0.3,92,4.5,83,0.5
2020/06/10,997.6,999.0,996.0,70,51,0.5,125,6.2,291,0.0
2020/06/11,996.3,997.9,994.6,77,56,0.2,247,4.4,290,0.0
2020/06/12,995.2,996.8,993.3,74,56,0.2,285,3.4,229,0.0
2020/06/13,996.4,999.6,993.9,71,53,0.2,102,3.8,276,0.0
2020/06/14,1000.2,1002.7,997.7,83,56,0.1,117,4.5,138,56.5
2020/06/16,1000.1,1002.0,998.2,72,52,0.6,267,8.0,282,0.0
2020/06/16,997.2,999.2,995.4,63,44,0.8,264,8.1,280,0.0
2020/06/17,995.8,996.9,994.4,61,48,0.7,264,6.8,279,0.0
2020/06/18,995.8,997.8,993.9,62,46,0.9,266,6.7,266,0.0
2020/06/19,996.4,997.6,995.4,61,49,0.7,270,7.7,298,0.0
2020/06/20,996.0,997.5,994.1,63,50,0.7,266,7.5,279,0.0
2020/06/21,993.3,995.5,990.8,64,47,0.7,267,7.0,293,0.0
2020/06/22,993.8,995.4,992.9,61,49,0.6,269,7.1,294,0.0
2020/06/23,994.5,995.3,993.4,61,42,0.7,269,8.7,279,0.0
2020/06/24,994.1,995.4,992.4,65,44,0.5,267,7.0,285,0.0
2020/06/25,995.0,996.7,993.4,62,46,0.5,265,8.3,240,0.0
2020/06/26,997.2,998.9,995.8,67,44,0.5,118,5.9,285,0.0
2020/06/27,997.1,998.2,995.7,67,50,0.6,272,7.2,299,0.0
2020/06/28,996.1,997.6,994.9,63,42,0.5,86,6.4,275,0.0
2020/06/29,994.0,995.8,992.4,63,49,0.7,273,7.1,256,0.0
2020/06/30,993.1,994.7,991.9,67,55,0.6,270,7.2,291,0.0
2020/07/01,994.0,996.5,992.4,69,53,0.4,268,6.3,284,0.0
2020/07/02,996.3,998.9,994.3,78,50,0.3,123,4.7,121,58.0
2020/07/03,998.0,999.6,996.9,73,50,0.4,266,5.4,275,0.0
2020/07/04,997.5,999.2,995.5,67,52,0.3,267,4.3,271,0.0
2020/07/05,995.3,996.9,993.8,64,48,0.4,258,6.4,280,0.0
2020/07/06,995.4,997.3,993.7,64,50,0.5,265,7.2,287,0.0
2020/07/07,997.2,998.5,996.2,63,48,0.7,268,6.2,238,0.0
2020/07/08,994.5,997.1,992.6,66,48,0.6,269,7.3,265,0.0
2020/07/09,991.8,992.8,990.5,62,49,0.4,265,7.5,302,0.0
2020/07/10,994.8,996.9,992.3,62,42,0.5,274,6.5,282,0.0
2020/07/11,996.7,998.0,995.3,64,46,0.5,91,6.1,294,0.0
2020/07/12,996.4,998.0,993.9,61,43,0.4,268,4.7,285,0.0
,995.5,--,--,59,--,0.4,267,--,--,0.0
,--,--,--,--,--,--,--,--,--,&
2020/07/15,993.5,995.1,991.8,64,57,0.7,274,5.6,283,0.0
2020/07/16,994.4,996.0,993.5,57,42,0.5,272,9.0,265,0.0
2020/07/17,996.0,997.4,994.3,61,46,0.7,267,6.1,274,0.0
2020/07/18,996.1,997.1,994.8,61,43,0.5,118,7.0,265,0.0
2020/07/19,996.4,998.1,994.9,67,45,0.2,118,6.0,278,0.0
2020/07/20,998.6,1000.3,997.1,73,47,0.3,264,5.0,261,6.5
2020/07/21,999.9,1000.8,998.8,71,47,0.1,95,4.5,263,0.0
2020/07/23,998.6,1000.3,997.0,67,48,0.2,273,4.7,265,0.0
2020/07/23,997.6,999.0,996.1,69,56,0.3,265,5.0,325,0.0
2020/07/24,996.1,998.0,993.9,62,45,0.5,272,6.3,288,0.0
2020/07/25,995.8,996.8,994.1,68,54,0.5,272,6.9,286,0.0
2020/07/26,995.5,996.7,993.3,68,53,0.5,260,5.7,265,0.0
2020/07/27,995.9,997.3,994.3,77,47,0.2,80,4.7,293,8.0
2020/07/28,997.1,998.3,995.5,81,58,0.1,81,3.8,133,14.0
2020/07/29,996.2,997.9,993.5,66,45,0.7,97,5.8,126,0.5
2020/07/31,995.6,997.1,993.9,62,50,1.1,99,7.1,139,0.0
2020/07/31,995.4,997.1,993.8,58,43,0.6,102,6.0,135,0.0
2020/08/01,996.5,998.8,994.2,61,43,0.6,109,5.6,93,0.0
2020/08/02,995.8,998.6,993.9,68,51,0.4,110,5.0,41,0.0
2020/08/04,991.9,994.5,990.2,89,76,0.5,269,6.4,295,153.0
2020/08/04,995.3,999.4,991.6,83,56,0.2,80,3.4,295,7.0
2020/08/05,999.4,1001.1,997.5,77,52,0.1,121,4.2,137,0.5
2020/08/06,999.0,1000.7,997.0,66,43,0.2,118,3.6,123,0.0
2020/08/08,997.0,998.6,994.8,70,55,0.2,20,5.0,265,0.0
2020/08/08,994.2,996.1,992.3,71,51,0.2,97,3.6,142,0.0
2020/08/09,992.3,993.5,990.8,68,49,0.3,272,5.2,278,0.0
2020/08/10,994.2,995.6,992.6,77,51,0.1,113,3.4,141,13.5
2020/08/11,998.1,1001.5,994.0,87,62,0.2,97,4.4,142,5.0
2020/08/12,1002.1,1003.9,1000.5,78,55,0.2,112,4.3,129,0.0
2020/08/14,1000.7,1003.2,999.3,73,48,0.2,107,4.5,266,0.0
2020/08/14,998.3,999.8,996.5,75,54,0.1,276,4.7,257,6.5
2020/08/15,997.8,999.6,995.6,82,54,0.1,141,5.3,245,41.5
2020/08/16,997.9,999.6,996.4,78,62,0.2,101,4.3,103,0.0
2020/08/17,996.4,998.2,995.3,63,46,1.1,103,7.8,77,0.0
2020/08/18,995.9,997.6,993.9,62,43,0.9,108,5.9,140,0.0
2020/08/19,996.5,997.8,994.5,61,36,0.9,120,5.8,130,0.0
2020/08/20,997.0,998.7,994.9,58,31,0.8,101,6.0,139,0.0
2020/08/21,995.9,998.7,993.7,60,42,1.3,100,7.2,136,0.0
2020/08/23,994.5,996.1,993.4,83,54,0.7,107,5.4,115,24.5
2020/08/23,994.0,995.2,992.8,74,50,0.9,267,9.4,283,2.0
2020/08/25,992.0,994.2,989.8,69,49,0.7,274,6.6,300,0.0
2020/08/25,990.2,991.8,988.0,65,39,0.8,274,7.2,277,0.0
2020/08/26,990.0,991.5,988.3,61,43,0.6,271,9.1,286,0.0
2020/08/27,991.1,993.4,989.7,77,51,0.4,121,5.5,120,2.5
2020/08/28,992.0,993.9,990.7,77,49,0.2,106,4.6,286,0.0
2020/08/29,993.2,994.5,992.5,73,53,0.7,116,5.9,115,0.0
2020/08/30,993.7,995.0,991.9,67,46,0.9,120,6.1,88,0.0
2020/08/31,993.1,995.4,991.2,83,55,0.4,120,4.8,137,26.0
2020/09/01,991.4,992.7,990.1,76,52,0.4,272,5.7,263,23.5
2020/09/02,993.2,995.4,991.6,63,44,0.5,267,6.8,293,0.0
2020/09/03,997.3,999.5,994.7,80,57,0.3,267,4.2,280,14.5
2020/09/04,997.9,999.9,995.8,71,47,0.8,112,6.7,120,0.0
2020/09/05,995.8,997.8,994.1,66,39,0.3,117,4.5,127,0.0
2020/09/06,994.3,995.3,992.9,56,33,0.2,115,4.4,262,0.0
2020/09/07,997.1,999.7,994.9,52,29,0.3,113,3.3,133,0.0
2020/09/08,1000.5,1001.9,999.1,60,39,0.2,87,3.5,271,0.0
2020/09/09,998.5,1001.3,996.5,67,46,0.3,274,3.8,270,0.0
2020/09/10,996.1,997.7,993.8,76,55,0.1,128,2.6,120,0.0
2020/09/11,996.9,999.0,995.5,73,51,0.3,261,4.4,278,0.0
2020/09/12,999.8,1001.4,998.0,78,57,0.4,122,5.3,112,0.0
,1000.3,--,--,79,--,0.4,121,--,--,0.0
2020/09/15,999.1,1000.5,997.0,80,58,0.2,90,3.6,136,0.0
2020/09/15,998.3,999.5,997.0,78,60,0.1,124,5.1,269,0.0
2020/09/16,997.7,998.6,996.6,75,51,0.2,107,3.8,149,0.0
2020/09/17,997.2,998.8,995.7,68,44,0.1,253,3.4,264,0.0
2020/09/18,1000.3,1001.7,998.6,78,52,0.2,124,4.5,255,8.5
2020/09/19,1001.3,1002.8,1000.1,80,60,0.3,121,4.0,286,0.0
2020/09/20,1000.8,1001.9,999.6,91,68,0.3,120,4.4,127,35.0
2020/09/21,1000.3,1001.5,998.5,73,49,0.6,124,5.1,120,0.0
2020/09/22,999.4,1000.8,997.7,62,43,0.8,116,6.0,125,0.0
2020/09/23,999.0,999.9,997.5,64,47,0.5,123,4.0,113,0.0
2020/09/24,999.5,1000.6,998.4,85,69,0.2,129,3.6,137,1.5
2020/09/25,999.3,1000.5,998.0,84,71,0.3,113,2.9,139,1.5
2020/09/26,999.7,1001.5,998.0,82,62,0.7,114,4.6,138,1.0
2020/09/27,1000.7,1002.4,999.3,98,93,0.3,122,3.9,140,45.0
2020/09/28,999.8,1001.6,998.4,98,95,0.3,113,3.5,92,16.0
2020/09/29,997.4,999.6,995.0,83,56,0.3,104,3.9,127,0.0
2020/09/30,999.0,1000.3,996.3,92,83,0.2,91,3.5,139,6.0
2020/10/01,998.7,1000.7,996.8,74,47,1.1,120,6.6,127,0.0
2020/10/02,999.0,1000.5,996.7,73,52,1.5,120,7.3,106,0.0
2020/10/03,998.8,1000.2,996.4,67,43,1.1,119,5.3,107,0.0
2020/10/04,997.9,999.8,995.2,67,44,0.5,118,5.4,82,0.0
2020/10/05,1001.8,1004.5,999.4,91,71,0.4,118,4.3,107,4.0
2020/10/06,1004.3,1005.8,1002.8,72,55,1.0,117,6.3,134,0.0
2020/10/07,1004.3,1006.0,1003.0,69,56,0.5,118,4.8,126,0.0
2020/10/08,1004.3,1005.5,1003.0,81,53,0.4,116,4.7,143,1.0
2020/10/09,1004.1,1006.0,1002.6,84,61,0.4,115,3.8,135,0.0
2020/10/11,1001.7,1003.6,1000.5,87,73,0.4,114,5.4,88,0.5
2020/10/11,998.5,1000.6,996.1,85,68,1.2,122,8.4,142,1.5
2020/10/13,998.7,1000.7,995.9,86,69,1.1,117,9.2,128,1.5
2020/10/13,1001.9,1004.5,1000.0,89,76,1.2,119,7.9,126,2.0
2020/10/14,1003.9,1005.4,1002.1,81,70,1.6,122,7.8,90,0.0
2020/10/15,1003.4,1005.2,1001.8,79,67,1.5,118,7.8,104,0.0
2020/10/16,1003.0,1005.1,1001.3,83,62,1.2,121,8.8,134,1.0
2020/10/17,1005.2,1006.6,1004.0,86,70,0.3,110,5.5,143,1.5
2020/10/18,1005.5,1007.4,1003.8,89,71,0.6,120,5.6,118,3.0
2020/10/19,1005.2,1006.8,1003.2,82,70,0.9,120,5.1,94,0.0
2020/10/21,1003.1,1005.6,1000.9,82,72,1.4,118,7.6,104,0.0
2020/10/21,997.9,1001.1,995.8,89,71,1.2,122,7.4,103,5.5
2020/10/22,1000.1,1003.8,996.5,95,86,0.4,117,6.4,131,11.0
2020/10/23,1004.1,1005.8,1001.9,85,65,0.6,114,4.1,103,11.0
2020/10/24,1004.9,1007.1,1003.3,63,51,2.0,118,9.7,115,0.0
2020/10/25,1003.3,1005.4,1001.0,67,53,2.3,118,9.8,114,0.0
2020/10/26,1001.6,1004.0,998.9,65,48,2.0,120,9.5,101,0.0
2020/10/27,1001.5,1003.5,999.4,66,54,1.9,113,8.2,129,0.0
2020/10/28,1004.4,1006.5,1002.3,71,56,1.8,117,8.4,112,0.0
2020/10/29,1006.7,1008.4,1004.9,75,63,1.1,119,6.8,108,0.0
2020/10/30,1008.2,1009.9,1007.0,64,53,1.0,102,5.3,65,0.0
2020/10/31,1005.8,1008.6,1003.9,62,42,1.4,119,7.9,118,0.0
2020/11/01,1002.5,1004.4,1000.2,71,49,1.6,120,7.2,101,0.0
2020/11/02,1003.3,1006.0,1001.6,70,56,1.2,120,6.5,93,0.0
2020/11/03,1007.0,1008.7,1005.3,76,50,0.8,116,5.7,128,1.5
2020/11/04,1007.2,1008.9,1005.1,65,47,1.3,116,7.5,93,0.0
2020/11/05,1005.5,1007.5,1003.9,74,56,1.5,119,7.6,109,0.0
2020/11/06,999.0,1004.7,996.2,74,62,2.0,101,9.9,100,0.5
2020/11/07,1002.8,1006.6,997.8,82,63,0.5,108,6.2,120,0.0
2020/11/08,1008.3,1009.9,1006.5,89,79,0.9,126,6.2,136,2.0
2020/11/09,1008.5,1009.7,1007.2,70,61,1.5,121,7.6,140,0.0
2020/11/10,1009.6,1011.2,1007.7,75,60,1.3,109,7.9,80,0.5
2020/11/11,1010.4,1012.1,1009.2,63,53,2.0,120,9.5,119,0.0
2020/11/12,1007.9,1010.0,1006.0,80,66,1.8,119,8.3,100,0.0
2020/11/13,1007.2,1008.5,1005.8,94,86,0.9,122,6.8,111,11.5
2020/11/14,1007.7,1009.2,1005.9,80,68,1.5,111,7.2,117,1.5
2020/11/16,1006.3,1008.1,1004.7,70,52,1.9,117,7.9,135,0.0
2020/11/16,1004.8,1006.8,1002.8,72,57,1.7,117,8.8,115,0.0
2020/11/17,1003.0,1004.5,1001.5,70,54,1.6,118,6.1,92,0.0
2020/11/18,1001.2,1003.2,999.6,76,56,0.2,88,3.5,272,0.0
2020/11/19,1000.4,1002.6,998.4,73,53,0.1,113,2.9,136,0.0
2020/11/20,1002.2,1004.0,1000.0,79,57,0.4,116,4.8,123,0.0
2020/11/21,1003.6,1005.4,1002.3,87,72,1.9,120,7.2,94,0.0
2020/11/22,1006.5,1010.1,1003.2,86,70,0.3,95,4.5,98,0.0
2020/11/23,1008.9,1011.0,1006.3,82,70,1.8,119,11.6,131,0.0
2020/11/24,1007.9,1010.0,1005.4,77,63,2.0,121,8.1,106,0.0
2020/11/26,1006.0,1007.7,1003.5,73,55,2.1,118,8.6,101,0.0
2020/11/26,1006.6,1008.4,1004.6,65,47,1.8,121,7.5,114,0.0
2020/11/27,1009.6,1012.0,1007.2,77,67,1.2,118,6.8,117,0.5
2020/11/28,1010.6,1012.6,1008.8,86,70,1.1,117,5.9,115,1.5
2020/11/29,1010.8,1012.3,1009.3,83,69,1.5,120,7.0,126,0.0
2020/11/30,1011.8,1013.2,1010.0,83,65,1.6,122,7.7,119,2.0
2020/12/01,1010.4,1012.4,1008.7,93,84,0.9,116,5.5,141,12.0
2020/12/02,1009.2,1010.8,1007.3,84,65,0.8,111,4.8,126,2.0
2020/12/03,1010.7,1012.2,1009.2,93,83,0.6,109,5.2,134,10.0
2020/12/04,1009.6,1011.2,1008.1,91,77,1.0,110,6.7,84,6.0
2020/12/05,1009.6,1011.5,1007.9,84,72,1.6,119,7.3,108,0.0
2020/12/06,1008.1,1009.7,1006.4,86,74,1.6,120,8.0,132,0.0
2020/12/07,1008.6,1010.1,1006.9,91,83,0.8,116,5.6,132,1.5
2020/12/08,1008.6,1010.2,1007.2,93,76,0.8,123,6.4,86,8.5
2020/12/09,1005.6,1008.6,1002.4,95,91,1.1,117,6.7,113,25.0
2020/12/10,1004.6,1006.5,1002.5,90,72,0.8,116,5.7,126,2.5
2020/12/11,1003.9,1005.6,1001.6,93,82,0.6,123,5.3,112,4.5
2020/12/12,1004.1,1006.2,1002.5,84,75,0.5,115,5.3,114,0.0
2020/12/13,1003.8,1005.6,1002.3,82,62,0.5,101,6.0,114,0.0
2020/12/14,1008.2,1011.2,1003.7,87,74,0.8,115,5.8,141,1.5
2020/12/15,1011.2,1013.3,1009.2,94,87,1.0,115,6.1,115,8.0
2020/12/16,1011.8,1013.8,1010.4,93,86,1.2,117,6.0,100,6.0
2020/12/17,1009.2,1012.3,1006.2,86,70,2.0,121,8.4,135,0.5
2020/12/18,1008.7,1010.5,1006.8,92,82,0.2,116,5.1,98,2.0
2020/12/19,1012.6,1014.6,1010.1,91,85,0.7,112,5.5,136,2.0
2020/12/20,1012.5,1014.3,1011.0,85,71,1.7,116,9.1,108,0.0
2020/12/21,1010.7,1013.0,1008.3,89,77,1.7,117,6.7,105,3.5
2020/12/22,1007.2,1010.6,1003.7,85,72,1.9,119,8.5,119,0.0
2020/12/23,1004.2,1006.4,1002.4,95,84,0.5,109,6.6,117,15.0
2020/12/24,1004.9,1007.4,1002.8,89,75,0.4,112,5.9,132,7.0
2020/12/25,1007.6,1009.4,1006.1,80,67,1.2,113,5.7,113,0.5
2020/12/26,1006.3,1008.9,1003.7,81,56,0.5,113,4.8,102,0.0
2020/12/27,1004.8,1006.1,1002.9,85,64,0.3,114,3.5,109,1.0
2020/12/28,1003.1,1006.0,1000.4,79,66,2.0,117,8.4,88,2.0
2020/12/29,1002.2,1004.9,1000.5,86,69,0.2,102,5.0,95,1.5
2020/12/30,1013.7,1017.1,1004.6,75,56,1.1,114,8.8,117,0.5
2020/12/31,1016.5,1018.5,1014.4,63,52,0.8,105,5.9,123,0.0
2021/01/01,1012.7,1015.5,1009.7,65,51,0.7,118,5.7,125,0.0
2021/01/02,1011.2,1013.1,1009.9,75,64,1.2,105,6.7,111,0.0
2021/01/03,1010.1,1012.1,1007.7,76,53,1.1,122,6.5,106,0.0
2021/01/04,1008.8,1011.1,1006.1,93,82,0.3,120,4.6,141,2.0
2021/01/05,1008.9,1010.8,1007.0,94,85,0.6,105,4.7,129,5.0
2021/01/06,1008.2,1010.6,1005.1,91,79,0.8,115,5.6,116,6.5
2021/01/07,1011.1,1014.3,1007.8,95,89,0.5,115,5.1,129,19.5
2021/01/08,1014.4,1015.4,1012.9,84,67,0.7,109,5.9,126,4.0
2021/01/09,1014.0,1015.5,1011.8,66,55,0.5,105,4.4,123,0.0
2021/01/10,1011.6,1014.0,1009.1,65,51,1.1,104,6.6,127,0.0
2021/01/11,1012.2,1013.9,1010.4,95,83,0.3,118,4.0,119,15.5
2021/01/12,1010.9,1013.7,1008.7,75,47,0.4,112,4.0,136,2.5
2021/01/13,1007.3,1009.1,1003.7,65,33,0.6,117,5.8,97,0.0
2021/01/14,1005.1,1007.4,1003.2,63,29,0.7,116,3.9,139,0.0
2021/01/15,1004.0,1005.9,1001.3,70,33,0.1,100,3.7,267,0.0
2021/01/16,1006.6,1011.6,1004.0,71,45,1.3,115,6.7,121,0.0
2021/01/17,1013.8,1015.9,1011.5,81,70,0.8,109,4.3,111,1.0
2021/01/18,1010.8,1013.6,1008.3,66,50,1.4,117,8.0,141,0.0
2021/01/19,1007.9,1009.5,1006.0,64,49,2.4,110,8.9,129,0.0
2021/01/20,1005.4,1007.3,1003.1,72,55,2.1,117,8.9,114,0.0
2021/01/21,1003.2,1005.2,1000.9,72,41,0.4,118,3.7,129,0.0
2021/01/22,999.5,1001.2,997.4,83,65,1.2,116,7.7,109,0.0
2021/01/23,1002.1,1006.2,999.0,88,77,0.3,130,3.3,124,0.0
2021/01/24,1006.4,1007.7,1005.2,71,57,1.6,116,7.7,109,0.0
2021/01/25,1006.4,1008.6,1004.7,78,59,0.5,115,5.7,106,0.0
2021/01/26,1005.3,1006.7,1004.0,84,56,0.3,314,4.4,279,0.0
2021/01/27,1006.0,1007.9,1003.5,82,63,0.9,114,6.5,125,1.0
2021/01/28,1010.0,1013.2,1006.6,77,55,0.3,106,4.4,139,0.0
2021/01/29,1012.0,1014.1,1010.0,56,44,1.8,96,10.0,87,0.0
2021/01/30,1010.2,1012.1,1007.8,61,39,1.8,115,9.0,116,0.0
2021/01/31,1009.7,1011.7,1007.6,67,47,0.2,100,3.6,266,0.0
2021/02/01,1007.2,1009.5,1005.4,67,40,0.3,267,3.9,267,0.0
2021/02/02,1010.1,1012.1,1006.8,74,62,1.0,112,5.7,105,0.0
2021/02/03,1009.7,1011.7,1007.2,58,42,1.6,115,8.0,127,0.0
2021/02/04,1009.2,1011.3,1006.9,66,46,1.7,115,8.8,141,0.0
2021/02/05,1006.8,1008.4,1004.8,70,40,0.7,118,5.6,128,0.0
2021/02/06,1005.9,1007.7,1004.5,76,46,0.3,110,3.5,242,0.0
2021/02/07,1005.7,1007.6,1003.5,75,46,0.7,116,5.4,120,0.0
2021/02/08,1008.7,1012.3,1005.3,79,67,1.6,115,7.3,103,0.0
2021/02/09,1008.3,1011.4,1004.6,77,62,2.2,115,11.0,115,0.0
2021/02/10,1001.1,1005.2,997.9,78,50,1.7,118,7.4,104,6.5
2021/02/11,999.0,1001.5,996.7,97,83,0.3,292,3.9,289,20.5
2021/02/12,1002.4,1004.9,1000.3,85,60,0.9,121,6.8,117,1.5
2021/02/13,1004.5,1006.2,1003.4,95,81,0.2,111,3.2,127,7.0
2021/02/14,1002.5,1004.1,1000.9,89,71,0.2,100,3.3,285,0.0
2021/02/15,1003.6,1005.3,1001.8,70,44,1.3,117,8.5,107,0.0
2021/02/16,1003.9,1006.5,1001.7,69,43,1.0,120,6.3,140,0.5
2021/02/17,1010.4,1013.4,1006.4,75,51,0.8,101,6.7,136,1.5
2021/02/18,1014.9,1017.1,1013.1,52,29,1.1,108,7.0,112,0.0
2021/02/19,1011.0,1014.7,1008.3,56,38,0.9,113,7.4,110,0.0
2021/02/20,1008.0,1010.1,1005.9,73,24,0.3,113,4.3,267,0.0
2021/02/21,1005.9,1007.9,1004.3,65,40,0.2,92,3.5,279,0.0
2021/02/22,1004.5,1006.0,1002.7,63,29,0.3,111,3.7,271,0.0
2021/02/23,1003.6,1005.4,1001.6,70,41,1.5,120,6.5,134,0.0
2021/02/24,1001.0,1003.6,998.7,64,41,1.6,121,6.4,95,0.0
2021/02/25,998.7,1000.1,996.6,74,53,0.3,100,3.6,108,0.0
2021/02/26,998.9,1001.7,996.6,87,65,0.2,118,4.1,128,0.0
2021/02/27,1003.8,1005.9,1001.2,94,87,0.2,108,3.8,124,2.5
2021/02/28,1004.9,1006.8,1003.0,85,67,0.4,116,3.7,131,0.0
2021/03/01,1004.1,1006.9,1001.9,80,53,0.3,260,4.6,252,0.0
2021/03/02,1009.6,1012.0,1004.1,89,81,0.8,120,7.8,129,14.5
2021/03/03,1008.3,1011.2,1006.5,83,74,1.5,118,7.2,120,0.0
2021/03/04,1007.3,1008.9,1005.3,95,72,0.2,113,3.0,307,2.5
2021/03/06,1005.0,1008.0,1002.8,84,63,1.2,121,6.4,121,0.5
2021/03/06,1006.2,1009.4,1003.7,97,93,0.1,116,6.6,287,47.5
2021/03/07,1008.3,1010.5,1006.4,96,90,0.2,111,3.9,131,2.0
2021/03/08,1008.9,1010.4,1006.8,88,75,0.7,116,5.7,84,0.0
2021/03/09,1008.7,1010.6,1006.7,83,60,0.5,122,5.1,146,0.0
2021/03/10,1009.2,1011.2,1007.0,80,62,2.3,121,9.7,122,0.0
2021/03/11,1007.6,1009.0,1006.2,80,57,0.7,122,7.5,103,0.0
2021/03/12,1007.8,1009.1,1006.3,80,60,1.0,114,7.9,97,0.0
2021/03/13,1007.5,1009.2,1005.8,64,49,1.8,119,7.5,92,0.0
2021/03/14,1004.8,1007.3,1002.7,65,50,1.6,120,7.6,128,0.0
2021/03/15,1002.7,1004.4,1001.1,69,45,0.5,111,4.2,270,0.0
2021/03/16,1002.2,1003.8,1000.1,66,39,0.3,114,4.2,271,0.0
2021/03/17,1002.6,1003.7,1001.5,86,71,0.3,265,3.8,267,0.0
2021/03/18,1002.2,1004.1,1000.4,90,71,0.4,266,3.8,261,0.0
2021/03/19,1000.8,1002.6,998.9,83,63,0.4,113,3.6,277,0.0
2021/03/20,999.9,1001.8,998.2,81,61,0.4,267,4.2,271,0.0
2021/03/21,1007.1,1012.0,1000.8,81,67,1.0,118,7.1,143,0.0
2021/03/22,1012.8,1014.7,1010.9,87,63,1.4,115,5.7,127,14.0
2021/03/23,1007.9,1012.0,1004.9,68,61,2.3,119,8.5,121,0.5
2021/03/24,1005.5,1007.6,1003.7,89,59,0.3,104,2.8,288,32.5
2021/03/25,1006.6,1009.3,1004.8,78,59,1.2,115,6.9,127,0.0
2021/03/26,1003.4,1005.8,1001.9,80,57,0.8,118,5.3,129,0.0
2021/03/27,999.9,1002.6,997.1,73,46,0.4,269,5.2,291,0.0
2021/03/29,997.1,998.4,995.9,80,55,0.4,276,6.4,266,0.0
2021/03/29,996.4,999.0,993.9,84,59,0.4,261,3.2,255,0.0
2021/03/30,995.2,997.9,993.6,80,61,0.3,270,4.8,267,0.0
2021/03/31,996.1,997.6,995.1,89,65,0.3,100,4.0,260,0.5
2021/04/01,996.3,998.1,994.8,83,59,0.2,110,3.2,284,0.0
2021/04/02,998.5,1000.1,996.9,83,58,0.2,290,3.4,259,0.0
2021/04/03,1000.3,1002.1,998.5,83,60,0.4,104,3.5,285,0.0
2021/04/04,1004.5,1007.9,1001.0,76,65,2.2,111,7.7,116,0.0
2021/04/05,1007.5,1010.0,1005.4,56,39,1.9,117,7.0,120,0.0
2021/04/06,1006.8,1009.0,1004.9,65,47,1.6,116,7.7,121,0.0
2021/04/07,1004.4,1007.9,1002.0,65,47,2.6,119,9.1,109,0.0
2021/04/08,1003.4,1006.9,1000.1,86,67,0.8,124,5.6,129,1.0
2021/04/09,1007.0,1008.4,1004.5,87,77,1.2,116,6.5,115,0.5
2021/04/10,1008.1,1009.4,1006.8,86,78,0.8,113,4.8,121,0.0
2021/04/11,1006.2,1008.3,1004.6,80,51,0.2,114,4.6,249,0.0
2021/04/12,1004.0,1006.1,1002.3,74,43,0.5,118,4.4,286,0.0
2021/04/13,1003.0,1004.0,1001.9,79,54,0.8,118,5.9,132,0.0
2021/04/14,1003.7,1005.3,1002.2,83,74,1.2,119,10.3,128,0.0
2021/04/15,1002.0,1003.7,1000.0,85,74,1.3,113,8.6,123,0.0
2021/04/16,1002.5,1004.2,1000.3,81,55,0.5,106,5.2,128,0.0
2021/04/17,1005.3,1007.2,1003.0,71,37,1.8,117,8.4,129,1.5
2021/04/18,1004.7,1006.9,1002.5,58,46,3.8,113,13.1,113,0.0
2021/04/19,1001.4,1003.2,999.8,62,45,3.6,111,10.0,120,0.0
2021/04/20,1000.4,1001.7,998.8,57,38,3.5,112,10.1,123,0.0
2021/04/21,999.0,1000.9,997.0,66,41,3.3,117,9.4,128,0.0
2021/04/23,995.5,997.5,993.2,72,50,1.2,117,6.7,120,0.0
2021/04/23,996.7,998.8,994.4,82,57,0.5,113,6.0,124,0.0
2021/04/24,999.2,1001.3,997.4,73,45,1.3,111,5.9,124,0.0
2021/04/25,1001.0,1003.3,998.1,73,57,2.4,107,8.0,139,0.0
2021/04/26,1001.6,1003.4,999.4,59,42,3.0,117,10.0,124,0.0
2021/04/27,1003.4,1005.7,1002.1,72,47,0.6,98,4.3,284,0.5
2021/04/28,1003.6,1005.5,1001.9,95,84,0.2,111,2.2,261,28.0
2021/04/29,1001.5,1003.9,999.8,91,71,0.6,111,5.1,126,33.0
2021/04/30,999.9,1001.6,998.2,71,42,0.4,111,4.1,270,0.5
2021/05/02,1000.2,1002.2,998.4,68,38,0.5,113,4.5,274,0.0
2021/05/02,1002.7,1004.4,1001.2,74,47,1.2,114,8.4,115,0.0
2021/05/03,1001.9,1003.5,1000.8,76,56,1.0,113,6.9,123,0.0
2021/05/04,999.8,1001.6,997.6,72,48,0.3,280,3.5,273,0.0
2021/05/05,1003.1,1005.2,999.5,81,66,1.5,117,8.2,127,1.0
2021/05/06,1003.5,1005.1,1001.9,80,60,0.8,117,5.8,123,0.0
2021/05/07,1000.7,1002.7,998.4,72,53,0.6,265,6.5,306,0.0
2021/05/08,998.6,999.7,997.3,86,71,0.3,263,4.7,273,1.5
2021/05/09,998.0,999.9,996.3,78,59,0.3,288,4.3,131,0.0
2021/05/10,997.2,998.9,995.4,74,56,0.4,107,5.0,273,0.0
2021/05/11,996.4,998.2,994.7,72,51,0.5,111,5.1,300,0.0
2021/05/12,996.9,998.9,995.0,65,41,0.7,113,6.1,265,0.0
2021/05/13,997.8,999.3,996.0,69,49,0.6,268,4.4,284,0.0
2021/05/14,998.3,1000.1,997.0,70,48,0.5,112,4.5,266,0.0
2021/05/15,997.7,1000.0,995.8,73,44,0.5,271,4.8,285,0.0
2021/05/16,997.2,998.6,995.6,67,44,0.7,109,6.3,266,0.0
2021/05/17,998.2,999.7,996.7,66,47,0.8,119,5.8,252,0.0
2021/05/18,998.7,1000.1,997.0,75,59,0.5,253,4.7,150,0.0
2021/05/19,997.3,998.9,995.6,75,55,0.5,105,6.2,271,0.0
2021/05/20,996.9,998.2,995.6,65,40,0.7,265,6.9,256,0.0
2021/05/21,996.7,997.9,995.0,68,44,0.7,122,6.9,269,6.0
2021/05/22,996.3,998.0,994.9,76,49,0.5,267,7.3,284,0.0
2021/05/23,997.1,998.4,995.6,71,50,0.4,265,4.9,236,0.0
2021/05/24,998.6,1001.4,996.9,75,51,0.8,115,6.1,127,1.5
2021/05/25,999.4,1001.7,997.6,77,51,1.1,122,5.7,135,0.0
2021/05/26,997.3,999.4,995.2,70,50,0.5,264,6.1,288,0.0
2021/05/27,996.5,998.7,995.3,64,36,0.7,272,7.1,270,0.0
2021/05/28,996.3,998.6,993.7,70,40,0.7,266,9.6,247,0.0
2021/05/29,995.0,996.8,992.6,88,75,0.8,119,5.7,134,18.5
2021/05/30,993.2,995.1,991.6,94,74,0.2,122,3.1,266,35.0
2021/05/31,994.7,996.1,992.5,97,79,0.9,118,4.8,130,65.5
2021/06/01,996.0,997.5,994.8,87,62,0.4,120,3.6,141,8.0
2021/06/02,996.5,998.1,994.7,80,51,0.3,111,5.0,298,1.5
2021/06/04,994.7,997.1,992.3,73,47,0.4,272,5.2,273,0.5
2021/06/05,992.8,993.9,991.4,86,58,0.6,117,5.2,129,55.5
2021/06/05,992.3,994.3,990.9,94,84,0.7,117,7.2,129,30.5
2021/06/06,994.8,998.0,992.3,96,91,1.0,119,4.9,116,13.5
2021/06/07,998.2,1000.0,996.5,90,59,0.8,115,4.2,117,9.5
2021/06/08,998.7,1000.3,996.8,77,48,0.3,117,3.8,250,0.0
2021/06/09,997.2,999.0,995.1,75,52,0.2,117,5.0,124,0.0
2021/06/10,995.6,997.2,993.7,70,45,0.4,104,5.1,262,0.0
2021/06/11,996.5,998.9,995.0,67,45,0.4,118,4.8,140,0.0
2021/06/12,998.6,1000.8,997.2,73,51,0.3,271,6.3,227,4.5
2021/06/13,998.1,1000.4,995.6,74,54,0.5,263,4.4,265,0.5
2021/06/14,994.3,996.9,991.9,65,48,0.6,272,6.6,276,0.0
2021/06/15,991.9,993.0,990.7,65,51,1.0,265,8.5,286,0.0
2021/06/16,993.1,994.7,991.0,59,43,1.1,270,10.5,257,0.0
2021/06/17,994.4,995.8,993.1,61,47,1.3,266,8.4,267,0.0
2021/06/18,993.1,994.9,990.8,60,40,1.3,269,9.4,264,0.0
2021/06/20,991.0,992.8,988.8,57,42,1.2,270,10.8,280,0.0
2021/06/20,989.9,991.1,987.8,61,46,0.8,269,8.6,278,0.0
2021/06/21,990.6,993.0,989.4,66,50,0.9,265,9.3,265,0.0
2021/06/22,993.1,995.7,990.7,88,58,0.5,264,5.3,267,25.5
2021/06/23,995.7,997.8,993.6,91,71,1.2,123,6.9,132,16.0
2021/06/24,995.8,996.9,994.7,91,72,0.3,102,4.0,130,2.0
2021/06/25,995.5,996.8,994.1,91,74,0.2,283,2.4,130,2.0
2021/06/26,995.3,996.8,994.1,73,51,0.7,267,8.5,258,0.0
2021/06/28,993.7,995.8,991.7,62,45,0.7,268,8.7,244,0.0
2021/06/28,992.2,993.4,990.8,61,44,1.1,268,9.4,292,0.0
2021/06/29,993.0,994.3,991.9,62,46,1.5,268,10.4,295,0.0
2021/06/30,994.1,995.1,993.0,67,53,0.9,270,9.1,286,0.0
2021/07/01,994.7,996.6,993.5,66,42,0.8,265,6.7,255,0.0
2021/07/02,995.7,997.1,994.4,68,50,0.6,270,5.9,263,0.0
2021/07/03,995.8,997.4,994.1,69,45,0.3,113,5.5,281,0.0
2021/07/04,997.2,999.0,995.8,73,55,0.3,268,3.9,226,0.0
2021/07/06,996.0,997.6,994.1,64,46,0.6,113,6.7,131,0.0
2021/07/06,994.6,999.8,991.0,72,52,0.8,259,9.5,132,0.0
2021/07/07,1000.0,1001.8,998.4,79,52,0.2,111,5.5,276,14.0
2021/07/08,1000.1,1001.9,998.3,72,45,0.3,115,4.3,254,0.0
2021/07/10,998.7,999.8,997.2,65,39,0.3,263,5.1,290,0.0
2021/07/10,999.5,1001.4,998.6,71,52,0.3,269,4.5,265,0.0
2021/07/11,1000.6,1001.8,999.5,74,51,0.4,124,3.5,252,0.0
2021/07/12,1000.1,1000.6,999.0,80,65,0.2,99,3.8,211,0.0
2021/07/13,999.0,1001.4,997.8,77,51,0.4,265,6.0,260,46.0
2021/07/14,998.5,1000.4,996.5,69,44,0.6,111,6.0,95,0.0
2021/07/15,998.0,999.5,995.7,61,43,0.9,114,7.3,127,0.0
2021/07/16,997.8,999.0,996.2,66,44,0.6,111,6.0,124,0.0
2021/07/17,994.8,996.5,992.4,60,38,1.2,116,7.9,124,0.0
2021/07/18,993.6,994.9,991.9,61,43,1.5,120,5.8,124,0.0
2021/07/19,993.4,994.6,991.6,59,38,1.8,119,8.1,124,0.0
2021/07/20,994.0,995.2,992.4,68,43,1.9,122,7.7,125,0.0
2021/07/21,992.2,994.2,989.6,84,51,0.8,108,7.8,138,37.0
2021/07/22,986.6,989.7,984.8,97,82,0.6,126,7.6,131,73.0
2021/07/23,983.7,985.4,982.1,93,78,0.4,130,8.3,132,39.0
2021/07/24,983.7,985.5,981.9,86,59,0.7,266,7.8,235,73.0
2021/07/25,984.5,985.8,982.7,62,37,1.4,267,9.5,289,2.5
2021/07/26,985.3,986.8,984.1,63,44,0.7,264,8.3,289,0.0
2021/07/27,985.3,986.4,983.1,70,40,0.4,119,5.5,260,7.0
2021/07/28,987.0,989.5,985.3,77,36,0.4,109,4.1,135,20.0
2021/07/29,990.2,992.4,988.4,81,48,0.3,99,6.1,141,20.5
2021/07/30,991.3,992.4,990.0,86,51,0.4,117,5.4,290,40.5
2021/07/31,990.3,991.8,987.9,87,54,0.4,104,7.2,296,7.0
2021/08/01,987.5,989.5,985.7,89,64,0.4,109,3.9,124,2.5
2021/08/02,987.7,988.9,986.7,81,56,0.2,269,4.8,290,0.0
2021/08/03,988.2,989.8,986.6,81,66,0.5,262,4.6,264,0.0
2021/08/04,989.5,990.6,988.1,87,57,0.6,110,5.4,124,62.0
2021/08/05,988.6,989.7,987.6,92,64,0.3,121,4.4,272,3.0
2021/08/06,987.3,989.8,984.6,97,88,0.3,115,3.6,130,26.5
2021/08/07,988.0,993.2,984.1,99,95,0.6,120,7.9,255,162.5
2021/08/08,994.0,996.6,991.7,82,57,0.3,269,5.7,288,0.0
2021/08/09,996.1,997.5,994.3,81,63,0.5,119,4.9,129,0.5
2021/08/10,997.2,998.5,995.8,87,56,0.3,123,6.2,291,65.5
2021/08/11,998.7,1000.1,997.2,78,53,0.3,106,5.1,293,0.0
2021/08/12,998.4,1000.3,996.1,71,52,0.4,266,6.8,275,0.0
2021/08/13,996.2,997.6,994.4,77,52,0.4,266,4.9,290,0.0
2021/08/14,996.7,999.6,995.0,82,47,0.3,108,4.6,281,2.5
2021/08/15,1000.4,1002.7,998.3,76,55,0.4,273,4.2,318,0.5
2021/08/16,1001.8,1003.1,1000.0,72,50,0.4,266,4.3,298,0.0
2021/08/17,999.8,1001.8,997.2,67,51,0.5,270,5.3,263,0.0
2021/08/18,998.4,999.8,996.9,78,65,0.5,117,4.7,250,0.0
2021/08/19,998.7,1000.0,996.9,79,54,0.3,111,4.0,263,5.0
2021/08/20,999.3,1000.5,997.3,75,49,0.4,117,5.7,129,0.0
2021/08/21,998.3,999.5,996.0,78,54,0.3,94,5.0,129,0.0
2021/08/22,997.0,998.8,995.0,73,52,0.4,259,5.1,280,0.0
2021/08/23,996.8,997.8,995.8,70,44,0.5,266,5.9,281,0.0
2021/08/24,997.7,999.4,996.2,74,50,0.4,266,4.9,289,0.0
2021/08/25,999.5,1001.9,997.9,80,45,0.4,105,4.5,133,14.5
2021/08/26,1001.3,1002.5,999.2,73,47,0.4,14,4.3,128,0.0
2021/08/27,1001.2,1002.1,999.7,72,52,0.3,120,4.0,241,0.0
2021/08/28,1000.4,1001.5,998.1,71,42,0.7,127,4.6,132,0.0
2021/08/29,1000.2,1001.5,998.5,64,47,1.0,124,5.5,129,0.0
2021/08/30,1000.5,1001.8,999.3,67,46,1.0,104,7.9,138,0.0
2021/08/31,1000.0,1001.1,997.7,68,53,0.8,109,8.4,117,0.0
2021/09/01,999.5,1000.9,997.9,72,57,0.4,291,5.6,283,0.0
2021/09/02,998.4,1000.3,996.4,73,52,0.5,118,4.3,271,0.0
2021/09/03,997.3,998.5,995.4,74,50,0.4,116,4.3,265,0.0
2021/09/04,998.6,999.9,997.6,77,51,0.4,107,5.2,131,0.0
2021/09/05,998.6,1000.5,997.0,73,48,0.7,110,4.8,270,2.5
2021/09/06,1000.4,1001.7,999.0,76,55,0.3,120,3.9,283,0.0
2021/09/07,999.7,1001.4,997.1,69,52,0.4,117,5.0,140,0.0
2021/09/08,998.3,999.5,996.6,68,43,0.8,122,7.6,128,0.0
2021/09/09,998.4,999.4,997.2,60,40,1.1,113,6.6,138,0.0
2021/09/10,996.7,998.7,994.6,61,43,1.0,114,7.9,115,0.0
2021/09/11,989.9,995.8,986.0,69,47,1.9,109,8.6,131,0.0
2021/09/12,986.4,991.6,983.5,89,66,1.3,263,8.4,123,51.0
2021/09/13,994.9,998.9,990.9,66,49,1.0,265,7.7,285,0.0
2021/09/14,999.9,1001.5,998.5,71,50,0.4,266,7.9,276,0.0
2021/09/15,1000.0,1001.5,998.0,75,53,0.5,122,3.9,290,4.0
2021/09/16,998.7,1000.1,996.8,82,63,0.3,122,3.4,252,7.5
2021/09/17,999.5,1000.9,998.4,79,51,0.7,122,4.7,129,0.0
2021/09/18,1001.0,1002.3,999.8,78,43,0.7,113,5.5,136,1.5
2021/09/19,1000.7,1002.0,999.2,71,48,0.2,94,4.5,257,0.5
2021/09/20,999.9,1001.7,997.1,66,40,0.3,269,4.2,268,0.0
2021/09/21,999.1,1000.7,997.0,68,43,0.6,121,4.7,272,0.0
2021/09/22,1001.1,1003.3,999.6,66,45,0.4,126,3.6,24,0.0
2021/09/23,1003.1,1004.6,1001.1,65,44,1.0,121,7.0,128,0.0
2021/09/24,1003.3,1004.6,1001.7,69,48,2.0,124,8.3,127,0.0
2021/09/25,1002.1,1003.9,1001.1,69,50,2.5,118,7.5,133,0.0
2021/09/26,1001.0,1002.3,999.5,72,51,2.1,123,6.8,142,0.0
2021/09/27,999.4,1000.7,997.9,72,46,1.7,120,6.8,128,0.0
2021/09/28,998.2,999.6,996.5,70,44,1.4,125,6.6,136,0.0
2021/09/29,996.9,998.5,995.3,71,43,0.4,123,3.8,220,0.0
2021/09/30,997.4,999.2,995.8,69,48,0.5,108,4.1,268,0.0
2021/10/01,999.0,1001.0,997.3,78,57,0.5,120,4.1,129,1.5
2021/10/02,1001.0,1002.7,999.6,72,52,1.3,125,6.7,122,0.0
2021/10/03,1001.7,1003.2,999.9,57,37,1.9,121,8.3,125,0.0
2021/10/04,1002.0,1003.5,1000.8,60,40,2.1,123,8.3,141,0.0
2021/10/05,1001.0,1002.9,998.8,59,41,1.9,109,10.2,131,0.0
2021/10/06,997.9,1000.9,995.0,63,48,2.3,115,10.1,136,0.0
2021/10/07,997.0,999.0,995.3,61,46,1.7,123,6.6,128,0.0
2021/10/08,997.8,999.4,996.0,61,46,1.4,104,8.2,144,0.0
2021/10/09,998.9,1000.6,996.7,65,49,2.3,122,9.4,113,0.0
2021/10/10,998.0,999.6,995.7,67,41,1.9,118,11.1,133,3.0
2021/10/11,994.2,998.0,990.9,96,78,1.9,122,9.7,119,73.5
2021/10/12,992.3,995.7,988.5,86,66,2.4,121,9.4,113,14.5
2021/10/13,997.3,999.6,994.7,86,75,1.6,123,6.6,129,4.5
2021/10/14,999.1,1000.7,997.1,75,61,1.8,114,6.8,134,0.0
2021/10/15,999.3,1000.8,997.6,63,47,2.0,111,9.7,111,0.0
2021/10/16,1003.7,1009.5,999.7,72,43,1.5,119,8.0,135,24.5
2021/10/17,1010.4,1012.1,1008.9,79,63,1.1,120,9.0,127,2.5
2021/10/18,1007.8,1009.3,1005.9,73,53,1.1,120,6.4,128,0.0
2021/10/19,1007.6,1009.3,1005.7,73,54,0.8,117,4.8,133,0.0
2021/10/21,1005.5,1007.6,1003.4,80,62,0.8,125,5.8,140,0.0
2021/10/21,1005.0,1007.8,1002.4,94,85,0.5,123,5.7,109,4.5
2021/10/22,1009.2,1011.1,1006.6,97,90,0.9,125,5.5,138,21.5
2021/10/23,1009.3,1010.8,1007.6,92,74,1.5,123,7.4,126,5.5
2021/10/24,1007.8,1009.4,1006.1,99,95,0.6,125,5.8,99,27.5
2021/10/25,1006.6,1008.0,1005.4,95,80,0.6,116,4.4,128,3.0
2021/10/26,1005.0,1006.5,1003.3,74,61,2.0,122,9.1,128,0.0
2021/10/27,1006.6,1008.1,1004.8,70,55,1.9,123,7.8,149,0.0
2021/10/28,1008.2,1009.8,1006.7,62,46,1.4,121,7.2,121,0.0
2021/10/29,1008.5,1010.4,1007.3,69,50,0.8,113,5.6,147,0.0
2021/10/30,1009.0,1010.6,1007.3,82,71,0.4,127,3.2,129,0.5
2021/10/31,1008.6,1009.8,1006.4,77,60,1.1,117,6.6,143,0.0
2021/11/01,1008.7,1009.9,1007.0,73,64,1.4,116,6.8,123,0.0
2021/11/02,1007.8,1010.2,1005.7,75,67,1.3,120,6.6,140,0.0
2021/11/03,1005.5,1004.9,1003.2,77,74,2.2,119,8.1,126,0.0
2021/11/04,1003.7,1005.5,1002.7,81,72,1.8,121,6.5,131,0.0
2021/11/05,1000.9,1003.2,998.6,82,56,0.2,111,3.7,240,0.0
2021/11/06,999.5,1001.4,997.8,81,62,0.3,63,3.9,276,0.0
2021/11/07,1000.9,1002.8,999.0,76,53,0.8,125,6.1,118,0.0
2021/11/08,1005.9,1010.0,1000.7,88,63,0.7,110,5.3,138,18.5
2021/11/09,1008.4,1010.9,1006.3,60,52,1.1,117,5.9,128,0.0
2021/11/10,1007.4,1009.3,1005.7,63,44,0.7,119,3.9,134,0.0
2021/11/11,1006.4,1008.5,1004.1,60,40,1.3,116,6.3,133,0.0
2021/11/12,1007.8,1011.2,1006.1,71,60,1.8,111,8.6,121,4.0
2021/11/13,1007.3,1008.9,1005.3,91,72,1.3,119,7.5,124,7.0
2021/11/14,1007.4,1009.6,1005.7,79,61,1.0,121,5.3,135,0.5
2021/11/15,1005.5,1007.9,1003.9,66,51,1.8,116,7.7,132,0.0
2021/11/16,1005.3,1007.5,1003.3,67,47,1.2,120,6.0,139,0.0
2021/11/17,1004.1,1005.9,1002.2,76,64,1.6,121,7.6,118,0.0
2021/11/18,1002.5,1005.5,1000.3,97,92,0.1,117,3.9,294,6.5
2021/11/19,1000.8,1002.4,999.4,87,67,0.5,111,4.7,110,3.5
2021/11/20,1001.8,1003.6,999.9,84,72,1.2,109,8.2,129,0.5
2021/11/21,1001.9,1003.1,1000.3,79,61,0.3,105,6.3,136,0.0
2021/11/22,1006.6,1010.6,1001.3,92,85,0.7,119,9.4,120,1.5
2021/11/23,1010.2,1011.6,1009.1,95,83,0.6,125,4.1,139,7.0
2021/11/24,1008.4,1010.8,1006.6,74,60,1.8,120,7.6,137,0.0
2021/11/25,1006.7,1008.4,1005.1,86,74,0.7,114,6.0,143,0.0
2021/11/26,1008.7,1012.0,1005.9,93,80,0.5,114,5.0,134,2.5
2021/11/27,1010.2,1012.1,1008.7,93,77,1.4,118,7.8,102,8.0
2021/11/28,1006.9,1009.3,1004.9,79,61,2.3,122,7.2,101,0.0
2021/11/29,1003.4,1005.6,1001.0,73,56,2.1,123,8.4,134,0.0
2021/11/30,1006.1,1011.0,1002.8,76,57,0.5,105,6.7,144,0.0
2021/12/01,1011.6,1013.4,1009.3,57,45,1.2,118,7.1,130,0.0
2021/12/02,1009.7,1010.9,1007.4,73,57,0.4,107,5.4,122,0.0
2021/12/03,1010.9,1013.0,1008.6,61,36,0.7,102,6.5,125,0.0
2021/12/04,1011.3,1013.1,1009.4,59,37,1.4,122,7.3,120,0.0
2021/12/05,1009.1,1011.2,1007.0,79,59,1.1,119,7.1,131,0.0
2021/12/06,1008.2,1009.7,1006.7,89,65,0.9,119,6.0,111,4.5
2021/12/07,1011.1,1012.5,1009.3,77,57,1.2,120,8.3,127,5.0
2021/12/08,1011.2,1013.0,1009.2,63,41,1.5,118,8.3,130,0.0
2021/12/09,1009.6,1010.6,1008.3,73,59,1.4,116,9.0,134,0.0
2021/12/10,1008.7,1010.6,1006.8,72,56,1.6,121,7.6,113,0.0
2021/12/11,1008.8,1010.7,1006.9,77,48,0.7,105,5.6,119,0.0
2021/12/12,1010.5,1012.6,1008.4,91,75,0.5,131,6.6,134,5.5
2021/12/13,1010.7,1013.1,1008.6,90,71,1.2,123,6.2,142,2.0
2021/12/15,1006.4,1008.8,1004.1,77,60,1.8,121,7.0,108,0.0
2021/12/15,1004.9,1007.2,1002.1,80,55,0.1,76,3.1,265,0.0
2021/12/16,1005.1,1006.8,1002.8,85,55,0.2,118,3.4,271,0.0
2021/12/17,1010.7,1015.4,1006.6,77,58,0.9,117,7.9,133,0.0
2021/12/19,1013.6,1015.2,1012.1,65,51,1.4,119,8.0,129,0.0
2021/12/19,1011.2,1014.0,1008.5,59,44,2.0,119,9.3,122,0.0
2021/12/20,1007.6,1009.2,1006.0,72,52,0.8,122,7.6,109,0.0
2021/12/21,1003.7,1006.1,1000.2,96,77,0.1,113,4.7,139,29.5
2021/12/22,1005.4,1007.1,1003.3,97,90,0.5,103,5.1,124,6.5
2021/12/23,1004.6,1006.6,1002.8,93,80,0.2,120,3.1,126,0.0
2021/12/24,1005.6,1009.3,1002.9,94,66,0.2,124,4.3,136,3.0
2021/12/25,1012.9,1016.6,1008.7,89,70,0.7,117,6.3,130,2.0
2021/12/26,1016.9,1018.8,1015.4,87,68,1.0,116,6.3,123,2.5
2021/12/27,1016.4,1018.5,1014.8,91,85,1.2,120,6.1,136,3.5
2021/12/28,1012.3,1015.4,1010.1,84,65,0.8,118,5.7,130,0.0
2021/12/29,1011.9,1014.0,1010.5,86,72,0.1,0,3.1,299,0.0
2021/12/30,1014.6,1016.3,1013.2,68,55,1.2,117,6.4,113,0.0
2021/12/31,1014.2,1015.9,1012.1,70,57,1.5,116,8.0,131,0.0
2022/01/01,1013.0,1015.3,1011.2,84,63,0.5,37,5.6,129,0.0
2022/01/02,1011.9,1014.0,1010.2,81,62,0.6,112,4.7,133,0.0
2022/01/03,1010.2,1012.4,1008.4,75,55,1.1,119,6.0,135,0.0
2022/01/04,1008.4,1010.9,1006.1,85,72,2.0,117,8.4,116,0.0
2022/01/05,1006.5,1008.3,1004.9,92,77,0.2,0,4.5,127,0.0
2022/01/06,1010.4,1013.6,1007.6,90,69,0.8,122,4.8,135,10.5
2022/01/07,1011.6,1013.8,1009.8,81,62,1.0,118,5.8,124,5.0
2022/01/08,1009.1,1011.3,1007.3,75,62,1.3,115,8.5,123,0.0
2022/01/09,1006.4,1007.8,1004.1,79,62,0.6,115,4.9,78,0.0
2022/01/10,1005.3,1006.7,1002.8,83,64,0.9,118,6.1,142,1.0
2022/01/11,1009.8,1012.5,1005.4,78,56,0.9,120,5.7,119,1.0
2022/01/12,1009.7,1011.4,1007.7,83,57,0.7,115,6.2,132,0.5
2022/01/13,1011.0,1012.9,1009.1,77,58,0.3,113,7.2,128,0.0
2022/01/14,1009.8,1012.3,1006.1,63,49,0.9,119,6.1,110,0.0
2022/01/15,1009.6,1012.0,1007.7,81,53,0.3,81,4.0,134,0.5
2022/01/16,1009.5,1010.8,1007.2,84,68,0.6,117,5.3,124,0.0
2022/01/17,1010.0,1011.7,1008.4,94,85,0.4,119,4.3,131,7.5
2022/01/18,1008.6,1011.2,1006.2,89,79,1.9,115,8.4,118,0.5
2022/01/19,1007.4,1009.1,1005.7,84,70,1.7,121,7.4,130,0.0
2022/01/20,1007.4,1009.7,1005.7,81,67,2.0,119,8.7,133,0.5
2022/01/21,1006.8,1010.6,1004.5,96,88,1.9,118,7.9,85,29.0
2022/01/22,1003.2,1007.0,998.8,96,77,0.8,117,6.3,137,35.0
2022/01/23,1000.6,1002.7,999.2,97,76,0.1,0,3.9,258,0.5
2022/01/24,1004.1,1005.7,1001.8,95,77,0.3,104,5.0,88,1.5
2022/01/25,1005.2,1007.4,1003.2,83,63,1.5,120,7.6,127,0.5
2022/01/26,1005.4,1006.7,1003.5,86,61,0.8,113,5.3,124,0.0
2022/01/27,1006.0,1007.5,1004.1,86,56,0.3,106,4.0,125,0.0
2022/01/28,1005.7,1007.4,1003.2,86,69,1.1,115,7.3,104,0.0
2022/01/30,1003.0,1005.1,1000.5,93,82,0.3,121,5.1,132,6.0
2022/01/30,1007.1,1011.5,1002.0,89,72,0.5,122,5.2,128,1.5
2022/02/01,1008.8,1010.6,1007.2,67,51,1.7,115,10.1,130,0.5
2022/02/01,1007.8,1010.1,1006.2,92,70,0.5,118,7.3,90,14.5
2022/02/02,1008.2,1010.0,1006.6,97,88,0.2,0,3.8,120,2.5
2022/02/03,1006.6,1007.9,1004.3,99,96,0.3,119,4.9,137,31.0
2022/02/04,1009.9,1012.7,1006.8,95,87,0.5,121,5.1,132,2.5
2022/02/05,1012.8,1014.1,1011.8,87,77,0.9,114,7.5,128,0.0
2022/02/06,1011.8,1015.1,1008.6,82,62,2.0,112,9.3,117,0.0
2022/02/07,1005.9,1009.3,1000.6,86,55,0.8,115,7.2,131,14.5
2022/02/08,1009.0,1011.5,1007.2,87,74,0.7,112,9.1,61,0.0
2022/02/09,1007.5,1010.0,1005.9,94,83,0.6,116,7.8,109,11.0
2022/02/10,1007.1,1009.9,1004.8,93,80,0.7,115,8.6,140,0.0
2022/02/11,1005.4,1007.6,1003.5,88,63,0.5,104,6.4,128,0.0
2022/02/12,1004.9,1007.1,1003.9,93,83,0.4,117,5.1,125,0.5
2022/02/13,1003.0,1006.0,1000.5,90,77,0.7,119,5.5,122,18.5
2022/02/14,1006.8,1009.2,1004.9,89,67,0.5,115,5.0,128,34.5
2022/02/15,1006.1,1007.7,1004.2,76,62,1.1,118,7.7,108,0.0
2022/02/16,1005.6,1007.4,1003.6,82,62,1.1,119,7.7,129,0.0
2022/02/17,1004.5,1006.9,1000.8,90,79,0.9,119,6.8,130,1.5
2022/02/18,1005.1,1007.3,1002.6,97,91,0.2,0,4.0,135,6.0
2022/02/19,1006.8,1011.0,1003.3,97,94,0.4,118,5.6,141,28.0
2022/02/20,1012.9,1015.6,1010.5,96,94,0.9,109,7.4,131,34.5
,1010.9,--,--,96,--,1.8,115,--,--,23.5
2022/02/22,1010.3,1012.0,1008.1,97,92,1.3,113,7.6,127,30.5
2022/02/23,1012.6,1015.2,1009.1,98,94,0.5,124,5.2,145,46.5
2022/02/24,1014.1,1015.9,1012.3,87,70,1.2,121,6.7,119,1.5
2022/02/25,1011.0,1013.5,1008.8,80,59,0.9,120,7.5,117,0.0
2022/02/26,1009.0,1011.5,1006.8,86,62,0.1,0,4.6,272,0.0
2022/02/27,1007.9,1010.4,1005.7,72,45,1.5,116,7.4,118,0.0
2022/02/28,1006.1,1009.1,1003.9,65,34,0.4,121,4.0,124,0.0
2022/03/01,1004.8,1007.0,1002.9,74,51,0.2,0,4.3,274,0.0
2022/03/02,1005.8,1008.0,1004.3,82,62,1.3,119,8.1,122,0.0
2022/03/03,1004.0,1007.0,1001.5,75,51,1.5,119,8.0,108,0.0
2022/03/04,1002.0,1004.4,1000.2,78,56,0.3,119,4.6,272,0.0
2022/03/05,1002.2,1004.7,1000.2,74,59,1.8,121,8.3,140,0.0
2022/03/06,1003.4,1005.4,1000.9,73,50,2.8,121,9.0,132,0.0
2022/03/07,1005.2,1009.2,1001.0,94,80,0.3,126,5.6,126,25.5
2022/03/08,1005.5,1007.9,1003.1,62,38,1.5,121,7.4,114,0.0
2022/03/09,1004.6,1007.0,1002.6,59,43,0.9,110,9.2,124,0.0
2022/03/10,1003.8,1006.0,1002.1,67,48,0.3,112,4.1,51,0.0
2022/03/11,1002.3,1005.0,1001.1,66,36,0.4,123,4.1,259,0.0
2022/03/12,1000.9,1002.4,999.6,67,41,0.3,123,3.7,256,0.0
2022/03/13,1000.9,1003.1,998.7,66,36,0.5,267,4.7,246,0.0
2022/03/14,1000.2,1002.4,998.8,64,15,0.3,123,3.2,268,0.0
2022/03/15,999.2,1000.7,997.5,71,45,1.0,124,5.5,268,0.0
2022/03/16,999.1,1001.0,997.8,71,39,0.4,120,5.1,255,0.0
2022/03/17,997.1,999.7,995.0,78,42,0.2,0,4.3,234,4.0
2022/03/18,997.2,999.5,994.4,76,43,0.7,124,5.1,136,0.5
2022/03/19,998.9,1000.4,997.2,72,47,1.1,120,7.4,146,0.0
2022/03/20,1001.4,1003.1,999.7,74,47,0.8,125,5.8,133,0.0
2022/03/21,1001.9,1004.4,999.5,86,68,0.3,118,3.5,260,4.0
2022/03/22,1003.2,1005.7,1000.8,90,85,0.2,0,4.2,141,6.0
2022/03/23,1004.2,1006.2,1000.6,93,87,0.6,123,5.7,143,21.5
2022/03/24,1003.3,1005.1,1001.7,82,70,1.2,120,7.1,134,0.5
2022/03/25,999.1,1001.8,997.0,80,62,0.2,0,4.0,264,0.5
2022/03/26,998.7,1003.8,996.3,84,62,0.8,125,7.8,127,18.5
2022/03/27,1003.6,1006.0,999.6,89,71,0.9,127,7.5,131,48.5
2022/03/28,1007.0,1009.5,1004.9,94,82,0.9,122,6.4,140,85.5
2022/03/29,1004.7,1009.0,1002.1,79,61,2.3,126,8.5,136,8.5
2022/03/30,1004.6,1007.3,1002.1,81,54,0.4,124,5.2,133,0.0
2022/03/31,1006.3,1010.9,1003.2,87,71,0.6,128,6.4,142,1.0
2022/04/01,1011.5,1013.6,1009.7,75,63,1.4,125,7.1,124,0.5
2022/04/02,1011.5,1012.9,1009.9,92,74,0.6,121,4.4,129,38.0
2022/04/03,1011.6,1013.2,1010.2,80,63,1.0,126,5.9,132,12.0
2022/04/04,1010.1,1011.8,1008.7,66,56,2.2,119,9.7,130,0.0
2022/04/05,1007.1,1010.0,1004.2,67,45,1.0,126,7.3,133,0.0
2022/04/06,1004.9,1007.1,1003.2,67,40,1.1,124,7.3,140,0.0
2022/04/07,1004.8,1006.2,1003.6,68,55,1.3,119,7.4,136,0.0
2022/04/08,1002.9,1005.0,1000.5,60,45,2.2,118,8.5,112,0.0
2022/04/09,1000.8,1002.5,998.8,58,35,1.7,124,6.2,133,0.0
2022/04/10,1000.0,1001.7,998.5,61,37,0.5,113,4.6,272,0.0
2022/04/11,998.8,1000.9,997.1,68,40,0.2,0,3.8,261,0.0
2022/04/12,996.9,998.8,995.3,70,42,0.3,128,4.0,289,0.0
2022/04/13,994.9,996.5,992.9,67,45,0.4,128,9.9,252,0.0
2022/04/14,997.6,1002.0,993.7,79,60,0.4,124,4.0,294,45.5
2022/04/15,1002.6,1005.3,1000.8,80,69,1.0,119,7.5,124,0.5
2022/04/16,1003.6,1006.2,1001.9,63,50,1.8,125,7.9,127,0.0
2022/04/17,1004.7,1006.2,1003.2,74,63,1.1,123,7.3,129,1.0
2022/04/18,1005.0,1007.3,1003.1,79,71,0.2,0,4.9,131,0.0
2022/04/19,1006.2,1007.4,1005.1,86,74,0.9,126,5.9,141,9.0
2022/04/20,1002.9,1006.1,1000.9,76,59,1.2,124,7.3,130,3.0
2022/04/21,1001.7,1003.6,999.8,82,61,0.1,0,2.7,132,1.0
2022/04/22,1000.8,1002.8,998.9,73,49,0.2,0,3.3,277,0.0
2022/04/23,998.9,1000.8,996.7,76,50,0.2,0,4.6,262,0.5
2022/04/24,997.9,999.2,996.2,76,60,0.3,121,4.4,227,0.0
2022/04/25,997.5,999.0,995.9,77,61,0.3,125,4.3,280,0.0
2022/04/26,996.2,998.1,994.2,74,49,0.5,272,6.4,278,0.0
2022/04/27,998.8,1001.1,996.9,78,56,0.3,123,4.8,278,0.0
2022/04/28,999.8,1001.0,998.4,78,63,0.3,125,3.9,262,0.0
2022/04/29,1000.3,1003.8,997.5,78,58,0.9,125,7.5,119,0.0
2022/04/30,1002.3,1004.3,1000.4,82,71,1.2,124,7.6,118,0.0
2022/05/01,1003.4,1005.5,1001.6,92,84,0.8,127,4.4,140,13.5
2022/05/02,1004.0,1005.6,1002.7,92,85,1.0,129,7.1,132,22.5
2022/05/03,1003.8,1005.1,1003.0,80,68,1.6,126,8.0,145,0.0
2022/05/04,1001.0,1003.3,999.5,78,63,2.7,123,8.8,122,1.0
2022/05/05,999.7,1000.7,998.6,85,75,0.3,123,6.5,130,0.0
2022/05/06,1000.3,1001.6,999.1,79,61,0.4,124,5.3,135,0.0
2022/05/07,1001.6,1003.0,1000.0,73,54,0.5,127,5.0,133,0.0
2022/05/08,1001.6,1003.0,999.8,82,61,0.4,123,4.7,139,0.0
2022/05/09,1000.9,1002.8,999.4,82,62,0.6,120,4.8,139,0.0
2022/05/10,998.5,1000.3,996.7,77,54,0.3,128,4.1,140,0.5
2022/05/11,997.9,999.5,996.0,88,55,0.2,0,2.9,278,14.5
2022/05/12,996.4,998.2,995.0,89,54,0.2,0,3.2,294,17.5
2022/05/13,994.5,997.5,992.5,82,44,0.5,267,7.1,275,3.0
2022/05/14,999.1,1001.2,996.6,98,81,0.3,122,3.9,135,46.0
2022/05/15,1001.1,1002.6,999.5,97,86,0.9,123,6.1,131,34.0
2022/05/16,1001.4,1002.6,1000.3,98,95,0.9,123,5.7,132,63.5
2022/05/17,1002.2,1004.0,1000.3,76,51,1.2,125,5.8,133,7.0
2022/05/18,1001.7,1003.5,999.9,74,58,2.5,125,8.9,134,0.0
2022/05/19,999.1,1000.8,997.1,79,62,1.6,122,8.3,134,0.0
2022/05/20,996.7,998.5,995.1,82,64,0.5,122,5.1,140,0.0
2022/05/21,996.9,998.4,994.7,82,72,0.6,126,4.9,142,0.5
2022/05/22,996.6,997.9,995.5,86,75,1.1,128,5.3,142,0.0
2022/05/23,997.3,999.4,995.2,95,81,0.1,0,3.3,141,1.0
2022/05/24,999.4,1001.2,998.1,96,85,0.1,0,2.4,286,59.5
2022/05/25,997.2,999.6,995.0,99,98,0.4,126,4.3,128,172.0
2022/05/26,993.9,996.4,991.8,97,76,0.5,118,4.6,30,78.5
2022/05/27,994.3,996.4,992.6,98,89,0.6,123,4.1,128,53.0
2022/05/28,994.9,996.5,993.7,88,65,0.3,269,4.8,294,1.5
2022/05/29,994.5,995.5,993.3,75,48,0.5,269,6.8,283,0.0
2022/05/30,994.6,996.9,992.9,78,57,0.6,265,7.6,276,0.5
2022/05/31,996.6,998.0,994.9,94,79,0.2,0,3.8,132,18.0
2022/06/01,995.2,997.1,992.6,78,55,0.6,273,5.8,262,0.0
2022/06/02,994.2,995.8,992.8,68,47,0.5,258,9.4,277,0.0
2022/06/03,995.0,996.5,993.8,69,50,0.5,268,5.7,300,0.0
2022/06/04,994.9,996.4,993.2,68,50,0.6,272,6.5,294,0.0
2022/06/05,991.3,994.4,988.8,59,39,0.9,270,10.6,280,0.0
2022/06/06,991.0,994.4,988.3,74,49,0.8,264,9.9,280,24.5
2022/06/07,995.0,997.2,992.7,98,91,0.3,125,4.2,117,81.0
2022/06/08,996.9,998.0,996.1,99,95,1.2,125,5.7,138,54.5
2022/06/09,996.6,997.7,995.0,93,67,0.2,0,3.4,135,12.0
2022/06/10,994.6,996.4,993.1,88,60,0.3,123,4.2,257,2.5
2022/06/11,996.2,998.6,994.0,87,50,0.5,127,7.6,275,4.5
2022/06/12,996.7,998.0,995.7,97,87,0.2,0,4.0,143,13.0
2022/06/13,993.7,995.9,992.5,74,47,0.6,270,7.4,274,0.0
2022/06/14,995.1,998.4,993.2,69,43,0.7,264,10.0,280,0.0
2022/06/15,997.8,999.7,995.6,92,75,0.1,0,4.5,279,11.5
2022/06/16,998.1,1001.1,996.8,88,62,0.3,126,7.5,247,9.0
2022/06/17,996.6,997.7,995.8,78,54,0.5,104,7.9,279,0.0
2022/06/18,996.0,997.3,994.8,70,46,0.5,273,6.8,260,0.0
2022/06/19,995.7,996.5,994.3,69,46,0.5,268,6.2,273,0.0
2022/06/20,994.0,995.2,992.5,67,45,0.7,125,7.0,246,0.0
2022/06/21,995.2,997.4,992.5,67,30,0.5,124,4.9,276,0.0
2022/06/22,998.3,1000.2,996.3,65,40,0.4,272,5.6,268,0.0
2022/06/23,998.7,1000.5,996.7,73,46,0.3,123,4.4,131,3.5
2022/06/24,997.1,998.5,995.6,80,50,0.3,266,6.7,132,8.5
2022/06/25,996.9,998.5,994.9,82,52,0.3,106,5.2,284,19.0
2022/06/26,998.7,1000.2,997.0,75,41,0.1,0,3.5,284,0.0
2022/06/27,997.2,999.1,995.4,72,45,0.3,114,4.2,126,0.0
2022/06/28,994.2,996.0,992.2,72,51,0.3,125,4.5,134,0.0
2022/06/29,993.1,994.9,990.9,75,60,0.4,274,6.8,291,0.0
2022/06/30,992.5,994.5,990.8,63,43,0.8,111,7.2,129,0.0
