date,Tucheng_StnPres,Tucheng_StnPresMax,Tucheng_StnPresMin,Tucheng_RH,Tucheng_RHMin,Tucheng_WS,Tucheng_WD,Tucheng_WSGust,Tucheng_WDGust,Tucheng_Precp
2018/01/01,1017.8,1019.9,1015.0,73,62,3.4,57,12.6,31,0.5
2018/01/02,1015.3,1017.9,1012.4,67,52,3.1,51,11.0,77,0.0
2018/01/03,1014.6,1017.0,1012.2,67,52,2.7,60,11.0,56,0.5
2018/01/04,1013.2,1015.2,1010.9,81,64,1.1,268,7.1,61,0.5
2018/01/05,1014.3,1016.1,1012.1,90,80,1.5,347,9.3,38,0.0
2018/01/06,1013.2,1014.9,1010.6,90,80,3.3,42,9.9,24,0.5
2018/01/07,1012.3,1015.5,1009.1,93,79,1.9,31,7.7,51,1.5
2018/01/08,1011.6,1018.3,1008.3,96,92,1.1,6,8.2,90,2.0
2018/01/09,1020.0,1022.4,1017.0,84,63,1.1,78,8.2,297,5.5
2018/01/10,1022.8,1025.0,1020.7,65,32,1.3,1,8.2,6,0.0
2018/01/11,1024.1,1027.1,1021.8,57,43,2.2,76,9.3,61,0.0
2018/01/12,1026.0,1027.5,1023.4,55,44,2.1,55,9.9,65,0.0
2018/01/13,1023.8,1026.1,1021.6,60,44,2.8,70,11.5,46,0.0
2018/01/14,1018.3,1022.4,1014.6,64,39,2.6,33,8.8,33,0.0
2018/01/15,1013.9,1017.3,1011.0,70,45,1.5,31,8.8,37,0.0
2018/01/16,1010.8,1013.8,1008.3,76,33,0.4,107,4.1,269,0.0
2018/01/17,1011.7,1014.3,1009.5,77,49,2.2,43,9.9,55,0.0
2018/01/18,1013.7,1015.9,1011.8,85,72,3.2,38,9.9,53,0.0
2018/01/19,1015.6,1018.2,1014.3,93,88,1.9,48,7.7,114,13.0
2018/01/20,1013.6,1015.4,1011.1,88,79,3.2,48,9.3,73,0.5
2018/01/21,1011.5,1014.9,1008.7,86,71,2.2,52,9.3,31,0.0
2018/01/22,1011.7,1013.4,1009.3,82,67,2.3,53,11.5,55,2.5
2018/01/23,1012.6,1014.8,1010.0,72,60,3.6,49,10.4,45,0.0
2018/01/24,1014.2,1016.0,1011.8,74,63,3.3,59,12.1,83,0.0
2018/01/25,1013.7,1016.1,1010.5,78,65,3.4,38,12.1,27,0.0
2018/01/26,1016.7,1019.3,1013.5,83,77,3.6,44,12.6,70,0.0
2018/01/27,1013.8,1017.4,1010.7,74,59,2.9,47,12.1,55,0.0
2018/01/28,1012.6,1016.5,1009.0,92,84,0.9,19,7.1,12,10.5
2018/01/29,1018.1,1020.0,1015.7,91,83,2.4,69,9.3,76,18.0
2018/01/30,1017.8,1020.7,1015.5,92,82,2.7,46,9.3,43,13.0
2018/01/31,1016.5,1020.3,1013.0,91,79,2.0,38,9.3,24,35.5
2018/02/01,1019.7,1022.0,1017.3,92,88,1.3,73,7.1,6,8.5
2018/02/02,1020.9,1023.8,1018.1,93,89,1.4,48,6.6,82,15.0
2018/02/03,1023.3,1024.3,1021.2,93,91,1.1,59,6.0,37,33.0
2018/02/04,1023.4,1024.6,1021.7,94,91,1.1,76,6.0,72,27.5
2018/02/05,1023.8,1025.7,1022.0,92,86,0.3,43,3.5,80,23.0
2018/02/06,1021.8,1024.2,1019.9,68,62,1.8,87,9.3,105,0.0
2018/02/07,1018.0,1020.7,1015.0,82,61,2.5,36,10.4,61,14.0
2018/02/08,1016.5,1018.8,1014.1,86,70,3.1,49,12.1,95,10.5
2018/02/09,1013.5,1015.5,1010.7,93,85,0.8,313,5.5,42,4.5
2018/02/10,1015.4,1020.1,1012.4,96,92,0.6,27,6.0,72,5.5
2018/02/11,1021.6,1024.3,1019.5,87,73,1.7,79,7.7,73,8.5
2018/02/12,1023.6,1025.7,1021.5,60,45,2.6,75,11.0,20,0.0
2018/02/13,1020.0,1023.7,1016.6,61,49,2.5,48,11.0,68,0.0
2018/02/14,1015.7,1019.0,1012.6,73,35,0.7,178,5.5,21,0.0
2018/02/15,1012.9,1015.5,1009.9,70,32,0.6,8,6.0,12,0.0
2018/02/16,1012.1,1014.9,1010.0,81,56,0.7,14,7.7,69,0.0
2018/02/17,1015.1,1017.8,1012.8,75,66,3.7,42,13.7,44,0.0
2018/02/18,1014.2,1017.0,1011.8,73,39,0.6,129,6.6,21,0.0
2018/02/19,1012.7,1016.0,1008.9,73,39,0.6,161,6.0,276,0.0
2018/02/20,1012.1,1014.1,1008.9,83,70,1.3,32,7.7,18,0.0
2018/02/21,1013.6,1015.4,1011.5,89,83,2.0,55,9.9,60,0.0
2018/02/22,1016.1,1018.8,1014.0,91,86,2.4,40,11.0,47,28.0
2018/02/23,1017.1,1019.0,1015.0,78,66,3.4,62,12.6,33,0.0
2018/02/24,1016.0,1019.3,1014.8,85,73,0.5,42,4.9,279,0.0
2018/02/25,1016.7,1019.5,1014.1,93,91,0.5,1,6.6,93,6.5
2018/02/26,1017.4,1019.5,1015.6,75,68,3.1,73,11.5,104,0.5
2018/02/27,1013.6,1015.6,1011.7,75,45,0.9,13,6.0,36,0.0
2018/02/28,1010.4,1011.9,1009.1,95,89,0.4,172,/,/,14.0
2018/03/01,1009.5,1011.6,1006.9,79,59,2.3,42,11.5,24,0.0
2018/03/02,1008.8,1011.2,1006.6,79,56,0.5,177,4.9,14,0.0
2018/03/03,1008.0,1009.6,1005.8,87,70,0.5,148,4.1,312,0.0
2018/03/04,1008.7,1010.5,1005.5,85,62,0.6,277,8.2,329,0.0
2018/03/05,1010.8,1016.8,1007.6,87,64,1.9,74,11.0,97,0.5
2018/03/06,1017.0,1019.3,1015.9,83,76,3.7,51,11.0,35,0.0
2018/03/07,1013.5,1016.7,1009.0,79,62,1.8,27,8.8,43,1.0
2018/03/08,1017.8,1022.2,1012.6,91,71,1.2,13,9.3,360,32.5
2018/03/09,1020.5,1022.0,1019.2,65,46,2.4,120,14.3,86,0.0
2018/03/10,1018.9,1020.9,1016.7,55,40,3.1,48,11.5,45,0.0
2018/03/11,1017.2,1019.5,1015.1,52,35,2.3,47,8.8,38,0.0
2018/03/12,1015.1,1017.3,1012.6,66,20,0.9,8,7.1,325,0.0
2018/03/13,1013.5,1016.0,1011.1,71,24,0.8,192,5.5,8,0.0
2018/03/14,1012.0,1014.5,1009.9,71,34,0.9,10,7.1,97,0.0
2018/03/15,1010.8,1012.8,1009.0,81,51,0.6,134,7.7,326,2.5
2018/03/16,1013.0,1017.2,1008.4,85,58,1.7,74,8.8,98,0.0
2018/03/17,1015.4,1017.7,1013.0,82,72,3.4,38,12.6,77,0.0
2018/03/18,1012.3,1014.4,1010.4,78,46,0.7,4,6.0,311,0.0
2018/03/19,1008.7,1011.5,1004.7,78,47,0.9,35,6.6,328,0.0
2018/03/20,1009.0,1013.4,1006.2,89,83,1.1,5,10.4,249,7.5
2018/03/21,1014.1,1016.2,1012.2,74,54,1.3,344,9.9,37,1.0
2018/03/22,1014.4,1016.2,1012.3,61,38,1.9,47,8.8,43,0.0
2018/03/23,1015.5,1017.0,1014.0,58,19,1.6,43,8.2,54,0.0
2018/03/24,1015.8,1017.7,1013.0,62,41,2.0,54,9.3,54,0.0
2018/03/25,1015.3,1017.6,1013.5,57,42,2.0,84,8.8,73,0.0
2018/03/26,1013.8,1016.1,1011.8,67,38,1.1,325,8.2,286,0.0
2018/03/27,1012.6,1014.1,1010.8,78,52,1.3,1,7.1,19,0.0
2018/03/28,1010.6,1012.6,1008.5,72,55,2.2,37,9.3,40,0.0
2018/03/29,1009.9,1011.6,1007.9,63,39,2.4,61,8.8,44,0.0
2018/03/30,1011.5,1014.1,1009.4,61,42,3.0,59,11.0,57,0.5
2018/03/31,1010.7,1013.2,1008.0,58,38,3.3,59,13.7,129,0.0
2018/04/01,1009.1,1011.0,1006.9,52,37,1.7,42,9.9,98,0.0
2018/04/02,1009.3,1011.0,1007.6,69,42,0.9,334,6.6,292,0.0
2018/04/03,1010.4,1011.6,1009.3,78,50,1.0,172,6.6,325,0.0
2018/04/04,1009.7,1011.8,1007.6,76,53,0.6,316,5.5,360,0.0
2018/04/05,1008.3,1009.9,1006.5,76,54,0.8,291,6.0,287,0.0
2018/04/06,1013.8,1021.7,1006.8,82,59,1.9,82,11.5,84,1.5
2018/04/07,1020.8,1023.2,1019.3,65,40,1.6,85,9.3,49,4.0
2018/04/08,1016.1,1019.6,1013.4,57,40,2.2,57,9.9,101,0.0
2018/04/09,1014.2,1017.0,1011.5,69,36,0.9,304,7.1,15,0.0
2018/04/10,1011.5,1014.4,1008.8,66,28,0.7,4,6.0,278,0.0
2018/04/11,1008.7,1011.1,1006.3,76,54,0.7,2,4.9,265,0.0
2018/04/12,1008.7,1010.7,1006.8,85,65,0.5,24,8.2,306,6.5
2018/04/13,1009.2,1011.2,1006.5,83,52,0.5,13,6.0,20,0.0
2018/04/14,1007.4,1009.1,1005.2,85,60,0.7,2,8.2,272,0.5
2018/04/15,1012.5,1015.1,1007.8,83,70,3.2,69,10.4,77,12.0
2018/04/16,1013.1,1015.0,1011.2,66,57,3.7,79,12.6,20,5.5
2018/04/17,1014.9,1017.1,1013.0,82,68,2.1,56,7.7,30,15.0
2018/04/18,1012.3,1014.3,1010.2,69,57,2.8,40,9.3,44,0.0
2018/04/19,1010.9,1012.6,1009.1,69,45,1.7,47,7.7,26,0.0
2018/04/20,1010.7,1012.2,1008.8,66,49,2.0,37,10.4,9,0.0
2018/04/21,1009.8,1011.7,1008.0,74,46,0.8,25,4.9,22,0.0
2018/04/22,1008.2,1010.6,1005.8,74,44,0.3,12,6.6,351,0.0
2018/04/23,1005.7,1007.6,1003.3,78,44,0.7,31,7.1,261,3.0
2018/04/24,1007.1,1011.0,1004.0,89,68,1.5,84,9.9,9,10.5
2018/04/25,1010.7,1012.4,1009.0,69,52,2.7,50,9.9,11,0.0
2018/04/26,1010.1,1011.6,1008.3,67,51,2.4,43,9.3,45,0.0
2018/04/27,1011.9,1013.9,1009.8,78,58,1.5,44,9.3,61,0.0
2018/04/28,1011.3,1012.9,1009.1,70,60,2.3,39,8.8,36,0.0
2018/04/29,1009.5,1011.8,1006.7,79,52,0.7,38,5.5,291,0.0
2018/04/30,1009.8,1011.7,1008.2,77,53,0.5,40,5.5,62,0.0
2018/05/01,1009.2,1011.5,1007.4,78,56,0.6,164,6.0,360,0.0
2018/05/02,1008.3,1010.2,1006.3,73,47,1.2,44,10.4,259,0.0
2018/05/03,1013.7,1015.9,1009.8,79,66,3.3,66,11.5,57,1.5
2018/05/04,1013.0,1014.1,1011.6,62,52,3.2,53,11.0,60,0.0
2018/05/05,1012.3,1014.3,1010.2,73,51,0.5,10,5.5,43,0.0
2018/05/06,1008.2,1011.7,1005.6,74,49,0.6,27,5.5,278,0.0
2018/05/07,1004.1,1006.7,1001.4,74,42,1.0,56,10.4,275,0.0
2018/05/08,1006.2,1011.5,1002.3,82,59,1.7,242,10.4,287,27.0
2018/05/09,1013.0,1015.6,1010.1,75,65,2.6,63,9.9,44,1.5
2018/05/10,1013.2,1015.6,1011.0,62,49,3.7,45,13.7,26,0.0
2018/05/11,1010.2,1012.7,1007.8,67,52,1.0,59,6.6,12,0.0
2018/05/12,1007.8,1009.8,1005.6,75,49,0.7,280,6.6,258,0.0
2018/05/13,1007.0,1008.5,1005.2,75,53,0.9,263,6.6,300,0.0
2018/05/14,1007.1,1009.5,1004.4,75,47,0.7,186,7.1,83,0.0
2018/05/15,1006.5,1008.4,1005.1,77,55,0.7,175,5.5,286,0.0
2018/05/16,1005.3,1006.7,1003.8,77,51,0.7,1,6.0,265,0.0
2018/05/17,1004.1,1006.0,1001.9,76,51,0.8,273,6.6,270,0.0
2018/05/18,1003.5,1005.5,1001.2,74,43,0.9,8,6.0,257,0.0
2018/05/19,1004.8,1006.3,1002.9,77,54,1.0,191,6.0,18,0.0
2018/05/20,1005.6,1008.4,1003.4,72,52,1.2,260,7.1,298,0.0
2018/05/21,1006.6,1008.2,1003.8,73,58,1.1,87,6.0,305,0.0
2018/05/22,1006.5,1008.8,1003.8,71,51,1.3,46,7.7,263,0.0
2018/05/23,1007.5,1009.0,1005.2,77,58,2.0,63,9.9,95,0.0
2018/05/24,1006.7,1008.5,1004.7,71,52,1.1,75,6.0,55,0.0
2018/05/25,1004.2,1006.9,1001.8,75,55,1.1,144,7.7,266,0.0
2018/05/26,1003.5,1005.1,1001.6,73,50,1.1,263,9.3,271,0.0
2018/05/27,1004.9,1006.6,1002.5,72,35,1.1,8,7.7,4,0.0
2018/05/28,1005.5,1007.3,1004.4,73,50,1.0,166,6.6,259,0.0
2018/05/29,1006.7,1008.5,1005.0,79,54,0.8,314,7.7,290,3.5
2018/05/30,1006.9,1008.7,1004.4,83,54,0.7,7,7.7,93,12.5
2018/05/31,1006.4,1008.4,1004.4,74,54,1.3,266,8.2,272,0.0
2018/06/01,1008.9,1010.2,1006.7,82,72,3.0,71,10.4,98,1.0
2018/06/02,1008.2,1009.8,1006.7,74,64,2.8,67,9.3,78,0.0
2018/06/03,1005.9,1007.6,1003.9,79,61,1.4,58,7.1,8,0.0
2018/06/04,1005.6,1007.1,1003.4,78,52,1.2,52,8.2,58,0.0
2018/06/05,1005.8,1007.9,1003.4,78,45,0.9,342,7.7,63,10.5
2018/06/06,1005.9,1007.3,1003.6,85,54,0.9,50,7.7,11,25.0
2018/06/07,1003.7,1005.4,1001.2,73,55,2.9,56,9.9,62,0.0
2018/06/08,1000.2,1003.3,998.0,70,54,2.9,57,10.4,79,0.0
2018/06/09,997.4,999.5,994.7,75,55,1.8,82,6.6,83,0.0
2018/06/10,997.1,998.6,995.6,85,64,0.9,56,9.3,183,31.0
2018/06/11,998.6,1001.8,995.6,90,79,0.7,2,8.2,5,3.0
2018/06/12,1000.0,1002.1,997.8,57,33,2.3,45,9.9,54,0.0
2018/06/13,997.0,999.6,994.6,64,54,2.9,45,14.8,119,0.0
2018/06/14,995.1,996.8,993.9,85,67,2.6,57,9.3,61,4.0
2018/06/15,997.6,1001.9,994.1,92,82,1.3,87,7.7,81,3.5
2018/06/16,1002.2,1003.4,1000.5,79,60,2.2,69,10.4,43,0.0
2018/06/17,1001.2,1002.8,998.6,79,58,1.6,70,8.8,32,0.0
2018/06/18,1000.9,1002.1,999.5,84,62,1.0,76,6.6,63,11.5
2018/06/19,1000.4,1002.1,999.0,76,55,1.3,252,13.2,287,0.0
2018/06/20,1001.3,1003.5,999.5,74,56,0.7,162,8.8,279,0.0
2018/06/21,1002.8,1004.5,1001.0,74,57,1.0,271,8.8,260,0.0
2018/06/22,1004.3,1006.1,1002.7,83,55,0.7,23,8.8,256,2.5
2018/06/23,1004.6,1006.6,1003.3,79,57,1.1,162,11.0,277,0.5
2018/06/24,1006.2,1007.8,1004.7,76,57,0.8,157,7.1,259,0.0
2018/06/25,1007.3,1008.8,1005.6,80,53,0.5,2,5.5,319,1.0
2018/06/26,1007.7,1009.3,1006.3,75,46,0.6,59,6.0,325,0.0
2018/06/27,1005.9,1007.8,1003.5,70,44,0.8,34,6.0,291,0.0
2018/06/28,1002.8,1005.5,1000.3,71,45,1.3,159,7.7,261,0.0
2018/06/29,1000.7,1001.8,999.0,80,48,0.8,8,9.9,111,2.0
2018/06/30,1001.4,1003.6,999.5,75,55,0.9,29,6.6,272,0.0
2018/07/01,1000.1,1001.8,998.0,71,51,1.5,205,9.3,290,0.0
2018/07/02,998.2,999.5,996.1,61,47,1.6,248,12.6,290,0.0
2018/07/03,997.4,998.6,995.8,61,49,2.0,258,16.5,262,0.0
2018/07/04,997.1,998.6,994.9,59,44,2.0,259,16.0,269,0.0
2018/07/05,997.8,999.7,995.6,68,53,1.1,108,12.1,274,0.0
2018/07/06,999.0,1000.8,996.9,68,40,1.3,266,11.0,259,0.0
2018/07/07,1001.4,1003.8,1000.0,82,52,0.9,136,9.9,327,5.0
2018/07/08,1003.0,1004.7,1001.4,74,47,0.9,7,6.0,11,0.0
2018/07/09,1003.5,1005.8,1000.6,66,46,2.6,76,11.5,77,0.0
2018/07/10,999.5,1004.0,990.2,78,66,2.2,48,12.6,282,19.5
2018/07/11,995.8,1003.2,986.2,87,72,1.5,79,16.5,242,72.0
2018/07/12,1002.7,1004.3,1000.8,74,56,1.2,26,9.9,116,0.0
2018/07/13,1003.0,1004.1,1001.3,66,54,2.0,86,9.3,124,0.0
2018/07/14,1002.4,1003.4,1000.5,62,49,2.5,87,11.5,84,0.0
2018/07/15,1002.3,1003.4,1001.2,61,46,2.5,56,11.0,88,0.0
2018/07/16,1001.3,1003.3,998.9,67,56,3.5,71,13.7,83,0.0
2018/07/17,1000.4,1001.4,998.8,64,53,3.1,52,12.6,91,0.0
2018/07/18,1001.2,1002.8,999.1,62,48,3.2,66,11.0,52,0.0
2018/07/19,1002.1,1003.6,1000.2,65,49,3.1,39,10.4,45,0.0
2018/07/20,1000.5,1002.4,998.8,68,49,2.4,91,9.9,38,0.0
2018/07/21,997.8,999.7,996.3,83,53,0.9,105,9.9,22,15.5
2018/07/22,997.7,1000.1,996.1,82,52,0.8,37,6.6,186,12.0
2018/07/23,999.9,1003.2,997.4,80,64,0.5,39,4.9,266,0.0
2018/07/24,1003.2,1004.9,1001.9,86,56,0.5,1,6.0,16,3.5
2018/07/25,1003.7,1005.6,1001.8,82,54,0.5,15,4.9,326,1.0
2018/07/26,1003.3,1005.2,1001.1,77,53,0.6,3,6.0,5,0.0
2018/07/27,1003.4,1005.2,1001.8,80,57,0.9,11,7.7,59,3.0
2018/07/28,1002.9,1004.9,1000.2,74,50,1.0,4,7.1,24,0.0
2018/07/29,1001.5,1003.4,998.9,67,44,1.1,165,7.7,278,0.0
2018/07/30,1001.2,1002.5,998.6,68,49,1.3,226,7.7,270,0.0
2018/07/31,1000.7,1002.4,998.2,68,47,1.2,282,8.2,266,0.0
2018/08/01,999.8,1001.6,996.6,67,44,1.3,271,9.3,301,0.0
2018/08/02,998.7,1000.5,996.0,66,40,1.9,264,12.1,268,0.0
2018/08/03,999.9,1002.4,997.3,76,47,0.9,29,10.4,72,15.0
2018/08/04,1002.1,1003.6,1000.3,84,54,0.9,169,8.2,102,3.0
2018/08/05,1002.8,1004.7,1000.5,76,53,0.9,161,7.7,19,0.0
2018/08/06,1001.8,1004.0,999.2,70,55,1.5,30,7.7,10,0.0
2018/08/07,1000.8,1002.8,998.5,64,44,2.1,16,9.3,58,0.0
2018/08/08,1001.1,1002.4,999.5,66,47,1.9,34,9.3,73,0.0
2018/08/09,1001.5,1002.8,1000.1,74,49,1.1,61,5.5,92,6.5
2018/08/10,1000.3,1002.1,998.0,72,48,1.2,89,6.6,1,0.0
2018/08/11,997.3,1000.0,994.7,74,52,1.0,1,7.7,10,0.0
2018/08/12,993.7,996.1,991.6,77,62,0.8,186,8.8,291,0.0
2018/08/13,995.6,997.4,993.8,76,57,1.2,17,9.9,58,0.5
2018/08/14,996.8,998.0,995.1,87,67,0.8,6,6.0,18,6.5
2018/08/15,997.9,999.1,995.8,79,59,1.1,168,9.9,298,0.0
2018/08/16,997.2,999.0,995.0,74,56,1.0,219,9.3,226,0.0
2018/08/17,996.4,999.2,993.3,76,42,1.0,90,6.6,44,1.5
2018/08/18,999.1,1000.5,997.5,82,60,0.6,187,5.5,58,0.0
2018/08/19,1000.9,1002.8,999.2,86,56,0.6,32,7.1,90,25.0
2018/08/20,1000.0,1002.3,998.2,82,52,0.6,184,6.0,325,0.0
2018/08/21,997.5,999.2,995.3,82,55,0.6,10,5.5,10,0.0
2018/08/22,995.1,997.3,992.7,76,56,1.3,17,8.8,48,0.0
2018/08/23,992.4,994.4,990.3,77,60,2.1,64,11.5,84,0.0
2018/08/24,994.3,996.1,992.3,88,71,0.7,82,4.1,254,4.0
2018/08/25,995.3,996.8,994.0,82,63,0.8,10,7.1,6,0.0
2018/08/26,997.4,1000.2,995.3,88,68,0.4,102,6.0,279,6.0
2018/08/27,1001.1,1003.9,999.2,85,55,0.6,44,7.7,266,2.0
2018/08/28,1003.5,1005.4,1001.6,86,58,0.7,14,10.4,73,7.5
2018/08/29,1004.3,1006.8,1002.3,88,60,0.5,200,5.5,278,46.5
2018/08/30,1007.3,1010.1,1005.5,90,58,0.4,30,4.9,62,12.5
2018/08/31,1009.0,1010.2,1007.3,85,49,0.8,52,7.1,121,1.0
2018/09/01,1007.2,1009.9,1004.7,83,53,0.5,29,6.6,34,1.5
2018/09/02,1004.1,1006.7,1001.6,78,51,0.7,28,6.0,248,0.0
2018/09/03,1001.7,1004.0,999.4,72,42,1.3,265,9.3,241,0.0
2018/09/04,1000.6,1002.5,998.2,71,41,1.0,47,8.8,254,0.0
2018/09/05,1002.3,1003.9,1000.7,80,46,0.9,32,6.6,13,16.0
2018/09/06,1002.6,1003.9,1000.3,85,52,0.5,12,5.5,144,2.5
2018/09/07,1003.3,1005.4,1001.6,87,56,0.8,173,6.0,270,26.0
2018/09/08,1005.2,1007.1,1003.5,86,66,0.7,28,7.7,49,45.5
2018/09/09,1008.3,1011.5,1005.8,93,81,1.3,88,9.3,44,14.5
2018/09/10,1008.1,1011.0,1004.5,89,81,2.4,60,9.3,50,5.0
2018/09/11,1004.4,1006.5,1001.4,73,55,1.1,35,9.9,74,0.0
2018/09/12,1005.8,1007.4,1004.7,80,60,1.1,10,6.6,31,0.0
2018/09/13,1006.0,1007.3,1004.4,70,48,2.0,62,9.3,55,0.0
2018/09/14,1005.8,1007.3,1003.9,66,48,3.3,51,12.1,77,0.0
2018/09/15,1002.6,1005.5,1000.3,78,67,4.2,64,15.4,87,13.0
2018/09/16,1004.1,1008.0,1000.7,72,57,2.6,91,13.7,106,4.5
2018/09/17,1008.7,1011.9,1006.0,71,42,0.5,3,6.0,328,0.0
2018/09/18,1010.2,1012.1,1007.3,68,45,2.1,68,9.9,43,0.0
2018/09/19,1008.2,1010.5,1005.8,63,47,1.5,87,7.7,57,0.0
2018/09/20,1006.9,1008.7,1005.0,76,49,0.9,310,7.1,324,0.0
2018/09/21,1008.3,1011.2,1006.2,75,41,0.9,34,6.0,146,0.0
2018/09/22,1010.5,1011.7,1008.4,76,53,1.1,64,5.5,75,4.0
2018/09/23,1009.4,1011.2,1006.8,78,53,1.2,32,9.3,30,1.5
2018/09/24,1007.7,1009.9,1006.1,82,64,1.7,44,9.9,34,14.5
2018/09/25,1006.2,1007.7,1004.4,73,55,2.1,66,12.1,70,0.0
2018/09/26,1006.2,1007.7,1004.5,91,76,0.5,18,6.6,132,4.0
2018/09/27,1006.0,1007.3,1004.6,88,55,0.8,16,7.7,37,13.5
2018/09/28,1005.3,1006.7,1003.8,90,79,1.0,13,10.4,10,16.5
2018/09/29,1004.5,1006.3,1003.2,85,63,0.6,248,6.0,269,15.5
2018/09/30,1008.1,1010.5,1005.8,67,45,1.8,82,8.2,108,0.0
2018/10/01,1010.8,1013.2,1008.9,54,26,2.8,57,11.0,30,0.0
2018/10/02,1012.7,1014.4,1010.6,59,42,2.5,81,12.6,46,0.0
2018/10/03,1012.0,1013.7,1010.0,65,52,2.1,82,10.4,43,0.0
2018/10/04,1008.9,1011.7,1006.2,85,67,0.8,85,7.7,271,8.5
2018/10/05,1006.4,1008.5,1004.3,68,47,1.2,13,6.6,38,0.5
2018/10/06,1010.1,1012.3,1007.6,67,56,2.7,46,9.9,61,0.0
2018/10/07,1012.1,1014.1,1010.6,79,71,2.2,93,8.8,83,0.5
2018/10/08,1011.2,1012.8,1009.8,88,80,1.4,63,6.6,29,3.5
2018/10/09,1010.1,1011.7,1008.2,87,75,1.8,45,7.1,56,8.5
2018/10/10,1012.0,1013.9,1010.0,85,71,1.6,78,7.1,91,2.0
2018/10/11,1015.8,1017.9,1012.8,92,87,1.5,83,8.2,94,19.0
2018/10/12,1017.2,1019.0,1015.9,90,80,2.2,55,8.8,50,22.5
2018/10/13,1015.5,1017.9,1013.4,83,73,2.5,44,11.5,17,1.0
2018/10/14,1012.5,1014.6,1010.4,83,70,2.4,42,8.8,45,0.0
2018/10/15,1011.0,1013.2,1008.3,81,65,2.1,72,8.2,33,0.0
2018/10/16,1009.7,1011.2,1007.9,86,71,0.7,342,6.6,13,7.5
2018/10/17,1010.7,1012.4,1008.9,93,88,0.6,107,4.9,78,31.0
2018/10/18,1013.4,1015.5,1011.1,76,62,2.3,94,9.3,59,0.0
2018/10/19,1016.6,1018.4,1014.0,81,65,2.7,89,8.8,76,8.5
2018/10/20,1016.7,1018.9,1014.9,71,65,2.8,87,10.4,80,0.0
2018/10/21,1014.0,1016.1,1011.7,71,53,2.0,48,9.3,23,0.0
2018/10/22,1012.1,1013.9,1009.3,78,52,0.7,167,6.6,355,0.0
2018/10/23,1014.0,1015.6,1012.1,91,80,0.5,41,6.0,93,26.0
2018/10/24,1014.0,1015.6,1012.6,76,67,2.5,72,8.8,89,0.0
2018/10/25,1012.9,1014.5,1010.8,76,57,1.7,44,7.1,9,0.0
2018/10/26,1012.7,1015.0,1009.9,78,50,1.1,13,7.7,53,0.0
2018/10/27,1016.5,1018.5,1014.3,58,37,2.5,66,10.4,35,0.0
2018/10/28,1014.1,1017.0,1011.7,54,37,1.8,96,9.3,49,0.0
2018/10/29,1011.9,1013.5,1009.3,49,36,2.7,69,11.5,89,0.0
2018/10/30,1012.4,1014.1,1010.7,66,50,3.8,72,14.3,97,2.0
2018/10/31,1015.1,1017.6,1012.4,86,78,2.8,84,11.5,27,6.5
2018/11/01,1016.3,1017.8,1014.8,86,77,2.8,64,10.4,77,5.0
2018/11/02,1014.0,1015.9,1011.9,93,89,2.9,44,10.4,48,15.5
2018/11/03,1013.1,1014.4,1011.6,89,79,1.2,31,6.0,41,0.0
2018/11/04,1013.7,1015.6,1011.8,84,68,1.6,42,7.7,72,0.0
2018/11/05,1013.9,1015.4,1011.9,89,77,2.0,39,9.3,73,3.5
2018/11/06,1013.8,1015.6,1011.7,77,61,2.5,56,9.9,75,0.0
2018/11/07,1013.5,1016.0,1011.7,81,54,0.5,181,4.9,46,0.0
2018/11/08,1013.1,1014.8,1011.6,82,58,0.5,32,6.0,251,0.0
2018/11/09,1015.3,1016.8,1013.5,86,80,2.6,54,11.0,71,0.0
2018/11/10,1014.7,1017.2,1012.2,77,59,2.9,39,11.0,58,0.0
2018/11/11,1013.1,1015.6,1011.2,80,55,0.6,44,5.5,244,0.0
2018/11/12,1011.5,1014.0,1008.8,80,57,1.2,73,6.6,54,0.0
2018/11/13,1012.6,1014.0,1011.0,79,73,2.6,80,9.3,85,0.0
2018/11/14,1013.9,1015.7,1012.1,72,65,3.0,58,11.0,52,0.0
2018/11/15,1013.1,1015.4,1010.0,71,55,2.2,49,8.2,68,0.0
2018/11/16,1012.9,1014.5,1010.7,78,59,1.1,6,8.2,27,0.0
2018/11/17,1014.0,1016.3,1012.6,88,82,2.1,60,8.2,39,4.0
2018/11/18,1012.6,1014.6,1009.9,83,60,1.0,328,6.0,268,0.5
2018/11/19,1015.9,1018.1,1013.2,88,77,1.7,88,8.2,81,24.0
2018/11/20,1014.6,1016.6,1012.4,71,62,3.1,64,12.1,22,0.0
2018/11/21,1013.0,1015.7,1010.2,78,55,0.9,2,7.1,24,1.5
2018/11/22,1018.6,1021.0,1015.4,91,83,1.2,60,8.8,66,25.5
2018/11/23,1017.7,1019.8,1016.5,84,77,2.6,59,8.8,65,4.0
2018/11/24,1016.3,1018.1,1013.9,76,64,2.6,54,10.4,73,0.0
2018/11/25,1013.8,1016.3,1010.6,63,40,1.5,80,9.3,93,0.0
2018/11/26,1015.7,1017.3,1013.9,88,64,0.8,45,5.5,166,3.0
2018/11/27,1016.5,1017.9,1014.9,80,72,1.8,75,6.6,87,0.0
2018/11/28,1016.9,1019.0,1014.6,82,67,1.2,70,7.1,95,2.0
2018/11/29,1018.4,1020.7,1017.0,66,55,2.9,53,9.9,20,0.0
2018/11/30,1016.4,1018.8,1013.9,62,45,2.2,34,11.0,65,0.0
2018/12/01,1014.8,1017.6,1012.4,72,44,1.2,349,7.7,27,0.0
2018/12/02,1012.8,1014.4,1009.9,73,38,0.6,21,6.6,21,0.0
2018/12/03,1013.4,1015.7,1011.0,75,28,0.5,12,4.9,293,0.0
2018/12/04,1013.7,1015.7,1011.2,77,49,0.9,169,7.7,52,0.0
2018/12/05,1014.2,1017.1,1011.3,82,77,3.0,50,9.3,56,0.0
2018/12/06,1012.8,1015.5,1009.9,81,55,1.3,18,9.9,117,0.0
2018/12/07,1018.7,1020.9,1014.8,86,79,3.2,73,10.4,54,0.5
2018/12/08,1020.2,1022.3,1018.5,88,76,3.3,51,10.4,67,0.5
2018/12/09,1019.3,1021.8,1017.2,91,82,2.8,61,9.3,59,2.0
2018/12/10,1015.4,1017.4,1013.4,91,81,2.0,53,8.2,64,0.0
2018/12/11,1016.3,1020.6,1013.0,89,83,1.3,89,8.8,117,1.0
2018/12/12,1022.3,1024.2,1020.4,85,79,2.8,68,10.4,57,0.0
2018/12/13,1021.8,1023.2,1019.4,86,74,3.0,49,11.5,26,3.5
2018/12/14,1022.8,1024.6,1021.2,89,80,2.9,55,11.0,36,4.5
2018/12/15,1019.9,1022.9,1017.0,80,68,2.7,37,12.1,55,0.0
2018/12/16,1017.5,1019.6,1015.6,83,72,0.6,3,6.0,8,0.0
2018/12/17,1020.5,1022.7,1017.6,71,49,1.4,65,8.2,40,4.5
2018/12/18,1019.2,1021.6,1016.3,55,33,2.7,41,11.0,7,0.0
2018/12/19,1016.0,1018.8,1013.2,65,35,1.3,41,8.8,48,0.0
2018/12/20,1013.6,1015.7,1010.0,73,34,0.6,37,5.5,14,0.0
2018/12/21,1013.3,1015.7,1011.5,78,63,1.8,39,10.4,35,0.0
2018/12/22,1013.7,1015.9,1011.6,82,55,0.5,162,3.5,17,0.0
2018/12/23,1015.9,1018.8,1012.7,92,85,2.2,52,9.9,31,30.5
2018/12/24,1016.7,1019.9,1013.5,90,81,3.0,52,9.9,104,18.5
2018/12/25,1011.6,1014.5,1008.9,89,78,1.6,32,8.8,34,1.0
2018/12/26,1011.1,1012.8,1009.0,91,85,0.6,7,5.5,108,0.0
2018/12/27,1016.0,1019.6,1012.3,92,85,1.8,94,8.2,96,13.0
2018/12/28,1022.3,1025.0,1019.3,85,77,3.1,71,10.4,88,0.0
2018/12/29,1025.6,1028.2,1023.2,81,71,3.3,80,11.0,48,0.5
2018/12/30,1023.5,1025.5,1020.9,85,74,2.9,38,9.9,86,0.0
2018/12/31,1024.5,1026.1,1022.4,93,90,2.2,58,8.8,90,3.5
2019/01/01,1024.3,1026.2,1022.4,92,84,2.9,55,11.0,74,2.0
2019/01/02,1022.8,1025.4,1020.1,90,78,2.7,38,9.9,29,3.5
2019/01/03,1022.5,1022.8,1020.1,91,85,2.5,37,7.7,12,9.0
2019/01/04,1018.7,1020.3,1016.2,84,62,1.3,38,8.8,28,0.0
2019/01/05,1017.8,1019.6,1016.0,89,76,0.9,20,6.6,101,3.5
2019/01/06,1019.5,1022.1,1018.2,90,81,1.8,46,9.3,44,6.0
2019/01/07,1017.2,1019.3,1015.2,83,71,2.2,30,10.4,31,0.0
2019/01/08,1019.1,1021.5,1016.5,88,77,2.0,73,9.9,62,0.0
2019/01/09,1020.0,1022.7,1017.0,81,71,3.4,42,12.6,25,0.0
2019/01/10,1016.5,1018.8,1014.1,82,58,0.8,9,7.7,61,0.0
2019/01/11,1015.2,1017.1,1012.9,88,66,0.5,154,5.5,256,0.0
2019/01/12,1016.3,1018.3,1014.1,87,78,1.8,70,9.3,70,0.0
2019/01/13,1017.2,1018.8,1015.6,83,80,2.6,52,8.8,27,0.0
2019/01/14,1015.6,1018.3,1013.0,73,61,3.2,33,12.6,26,0.0
2019/01/15,1015.7,1018.5,1013.5,84,68,1.2,154,8.2,59,0.5
2019/01/16,1018.3,1020.6,1015.6,91,83,2.7,67,9.3,56,14.5
2019/01/17,1020.4,1022.6,1018.1,87,75,2.1,89,7.7,112,6.0
2019/01/18,1018.7,1022.3,1015.7,58,48,3.4,42,12.6,27,0.0
2019/01/19,1016.5,1018.8,1014.6,77,54,0.5,168,4.1,156,0.0
2019/01/20,1017.6,1021.2,1015.1,85,66,1.7,82,8.2,80,1.5
2019/01/21,1019.6,1021.6,1017.1,88,80,2.2,61,8.2,86,7.0
2019/01/22,1019.2,1020.7,1017.3,85,66,1.0,70,6.0,82,0.5
2019/01/23,1017.4,1019.0,1015.2,62,56,3.0,63,9.9,72,0.0
2019/01/24,1017.2,1019.3,1014.9,66,54,2.7,77,11.0,56,0.0
2019/01/25,1018.0,1021.2,1015.6,76,55,1.4,28,6.6,72,0.0
2019/01/26,1023.0,1024.8,1021.0,63,54,2.4,51,9.3,63,0.0
2019/01/27,1021.5,1024.3,1018.3,66,59,2.5,41,9.3,32,0.0
2019/01/28,1018.0,1020.4,1015.9,71,47,1.4,46,6.6,86,0.0
2019/01/29,1018.2,1020.7,1016.0,68,54,2.5,59,11.5,115,0.0
2019/01/30,1017.1,1019.8,1014.9,73,40,0.7,39,5.5,256,0.0
2019/01/31,1016.4,1021.7,1013.2,74,44,1.8,158,11.0,329,0.0
2019/02/01,1020.8,1023.7,1017.8,80,72,2.9,39,9.3,33,0.0
2019/02/02,1015.1,1017.8,1012.4,75,44,0.8,269,7.1,45,0.0
2019/02/03,1014.5,1016.5,1012.3,79,46,0.8,16,6.6,26,0.0
2019/02/04,1017.1,1020.4,1014.5,88,83,2.7,70,9.9,63,1.0
2019/02/05,1013.7,1016.2,1009.9,84,71,1.5,66,8.2,70,0.0
2019/02/06,1011.3,1014.6,1007.9,81,54,0.8,10,7.7,26,0.0
2019/02/07,1012.0,1015.0,1008.4,75,24,1.4,29,9.9,73,0.0
2019/02/08,1015.0,1017.6,1013.2,85,80,2.4,88,8.8,36,0.0
2019/02/09,1017.5,1020.3,1014.1,87,82,1.9,54,9.9,73,0.0
2019/02/10,1020.0,1022.0,1018.2,86,80,2.2,33,9.9,20,0.0
2019/02/11,1022.6,1024.2,1021.0,84,78,3.3,36,13.7,43,0.0
2019/02/12,1020.1,1022.3,1017.1,84,67,2.5,36,10.4,42,0.0
2019/02/13,1019.8,1022.0,1018.3,87,77,1.9,14,8.8,81,0.0
2019/02/14,1018.8,1020.9,1017.4,86,78,1.4,8,7.1,62,0.0
2019/02/15,1016.7,1018.9,1013.4,79,52,0.9,2,4.9,19,0.0
2019/02/16,1017.0,1018.7,1015.5,85,79,2.3,69,9.3,90,0.0
2019/02/17,1017.1,1019.6,1014.4,83,75,3.5,39,12.6,33,0.0
2019/02/18,1012.9,1016.5,1010.4,85,73,1.3,43,6.6,47,0.0
2019/02/19,1015.2,1017.8,1011.6,83,60,0.8,35,7.7,290,1.5
2019/02/20,1016.6,1018.4,1014.6,83,58,0.7,13,4.9,3,0.0
2019/02/21,1015.0,1017.6,1012.3,83,65,1.4,74,7.7,14,0.0
2019/02/22,1015.2,1018.1,1012.8,91,81,1.3,78,9.3,74,5.5
2019/02/23,1016.4,1017.9,1014.0,85,72,3.0,67,12.1,80,3.0
2019/02/24,1014.3,1016.3,1012.4,94,91,2.0,39,7.7,74,44.5
2019/02/25,1015.0,1017.0,1012.9,88,75,1.5,28,8.2,29,0.5
2019/02/26,1015.0,1017.4,1012.3,81,70,2.2,49,9.3,42,0.0
2019/02/27,1012.7,1015.5,1009.1,82,59,0.4,93,3.3,89,0.0
2019/02/28,1013.4,1015.9,1011.5,86,81,1.7,74,8.2,68,0.0
2019/03/01,1013.9,1015.6,1011.9,83,69,2.3,37,9.3,15,0.0
2019/03/02,1009.8,1013.3,1007.3,82,59,0.8,15,7.1,269,0.0
2019/03/03,1008.4,1011.7,1005.1,92,87,0.6,175,8.8,9,14.5
2019/03/04,1013.0,1014.9,1010.8,77,58,2.3,41,11.5,44,0.0
2019/03/05,1010.6,1013.7,1006.2,75,50,2.2,33,11.0,51,0.5
2019/03/06,1012.3,1016.5,1009.8,90,81,1.3,354,7.7,21,11.5
2019/03/07,1017.2,1019.0,1014.9,91,86,2.7,76,9.9,69,29.5
2019/03/08,1015.0,1018.1,1011.6,92,87,2.7,39,9.3,24,15.0
2019/03/09,1009.5,1012.9,1006.3,97,93,0.4,298,4.1,34,48.5
2019/03/10,1010.4,1013.4,1008.0,90,71,0.8,319,6.6,63,24.5
2019/03/11,1012.0,1013.9,1010.1,73,65,2.2,39,8.8,9,0.0
2019/03/12,1012.8,1014.4,1010.1,57,32,1.7,31,7.7,76,0.0
2019/03/13,1015.2,1016.8,1013.7,67,48,2.3,96,11.5,101,0.0
2019/03/14,1016.1,1018.9,1014.1,75,55,1.2,265,7.1,294,0.0
2019/03/15,1019.2,1021.2,1017.2,69,40,1.6,81,7.7,107,8.5
2019/03/16,1016.5,1018.3,1014.5,51,40,2.9,33,11.5,30,0.0
2019/03/17,1016.0,1018.3,1013.9,83,65,1.2,61,6.6,54,0.5
2019/03/18,1013.1,1015.2,1010.8,85,66,0.8,302,7.7,283,0.5
2019/03/19,1012.6,1015.4,1010.8,79,63,1.7,40,9.3,42,0.0
2019/03/20,1009.2,1011.9,1005.8,77,53,0.9,149,6.6,252,0.0
2019/03/21,1007.4,1010.1,1004.4,78,43,0.7,7,6.6,49,0.0
2019/03/22,1011.8,1015.1,1009.0,84,73,2.3,50,9.9,88,0.0
2019/03/23,1017.7,1020.5,1014.4,84,77,2.8,75,9.9,84,3.5
2019/03/24,1015.4,1019.2,1012.9,87,81,2.2,45,9.9,64,5.5
2019/03/25,1013.8,1016.5,1011.0,95,92,0.5,272,4.1,272,18.0
2019/03/26,1016.2,1018.2,1014.5,76,59,2.6,38,11.5,16,0.5
2019/03/27,1013.4,1016.8,1010.6,79,58,0.7,156,6.6,269,0.0
2019/03/28,1007.3,1011.0,1003.4,75,51,0.9,39,8.2,281,0.0
2019/03/30,1007.0,1012.4,1004.7,82,68,1.0,102,8.8,39,11.5
2019/03/30,1011.6,1014.0,1008.7,80,63,1.9,86,9.3,56,4.0
2019/03/31,1016.7,1019.0,1013.4,75,62,3.5,46,12.6,35,1.0
2019/04/01,1018.9,1020.7,1017.2,84,74,3.1,57,10.4,64,5.0
2019/04/02,1014.8,1017.3,1011.9,82,70,1.8,21,8.8,44,0.0
2019/04/03,1014.8,1016.8,1013.2,88,77,0.5,53,4.9,269,0.5
2019/04/04,1011.8,1014.9,1008.5,81,54,1.5,38,6.6,279,0.0
2019/04/05,1010.6,1012.2,1008.7,83,61,1.2,59,6.6,83,0.0
2019/04/06,1009.4,1010.8,1007.6,79,57,0.7,257,5.5,267,0.0
2019/04/07,1008.6,1010.7,1006.3,78,52,0.9,59,9.9,260,0.0
2019/04/08,1008.8,1010.7,1007.2,78,47,0.6,22,5.5,341,0.0
2019/04/09,1006.7,1009.3,1003.5,78,45,0.7,174,6.6,302,0.0
2019/04/10,1007.3,1010.0,1005.2,81,43,1.8,37,10.4,286,0.0
2019/04/11,1008.6,1013.2,1005.0,85,66,1.4,40,11.0,320,20.0
2019/04/12,1013.1,1014.3,1011.7,78,69,2.9,38,11.0,1,0.5
2019/04/13,1012.0,1013.8,1010.1,87,68,0.6,34,7.7,32,3.5
2019/04/14,1012.0,1014.5,1009.5,85,61,1.2,17,7.7,98,1.5
2019/04/15,1012.8,1014.9,1010.2,73,64,3.1,38,10.4,97,1.5
2019/04/16,1009.7,1011.5,1007.9,95,82,0.4,44,4.9,17,32.5
2019/04/17,1009.0,1011.2,1006.9,73,38,1.2,4,7.1,83,0.0
2019/04/18,1008.0,1010.1,1006.2,75,54,0.5,189,6.0,11,0.0
2019/04/19,1006.5,1008.4,1004.4,87,56,0.3,7,5.5,292,9.0
2019/04/20,1005.8,1007.4,1003.8,87,67,0.6,279,4.9,304,6.0
2019/04/21,1005.7,1007.2,1004.1,89,67,0.4,43,3.5,281,33.5
2019/04/22,1006.2,1008.8,1004.0,86,53,0.7,52,5.5,281,5.0
2019/04/23,1005.9,1008.0,1003.8,76,47,1.1,26,6.6,285,0.0
2019/04/24,1005.3,1007.8,1002.2,78,53,0.9,180,5.5,274,0.0
2019/04/25,1004.6,1008.2,1001.3,70,42,1.4,113,8.8,249,0.0
2019/04/26,1008.6,1012.3,1006.5,76,60,2.0,62,9.9,23,0.0
2019/04/27,1011.3,1013.7,1009.5,83,75,2.9,37,10.4,38,0.0
2019/04/28,1010.0,1012.1,1008.7,84,66,0.6,60,8.2,328,0.0
2019/04/29,1007.5,1010.1,1004.9,76,52,0.8,13,7.1,244,0.0
2019/04/30,1003.7,1006.6,1001.1,77,51,1.3,273,8.8,271,0.0
2019/05/01,1007.1,1010.7,1001.8,91,79,1.2,16,7.1,353,68.0
2019/05/02,1010.8,1012.8,1008.4,83,66,2.6,59,11.0,99,14.5
2019/05/03,1012.0,1013.7,1010.0,66,46,2.9,59,12.1,77,1.5
2019/05/04,1010.6,1012.3,1008.5,69,58,2.6,46,9.9,47,0.0
2019/05/05,1007.8,1009.8,1004.1,65,51,2.4,27,10.4,55,0.5
2019/05/06,1008.3,1010.1,1005.8,84,61,2.5,60,11.0,102,17.5
2019/05/07,1009.5,1011.3,1007.8,88,77,2.8,56,9.3,52,13.0
2019/05/08,1006.8,1008.5,1004.7,86,80,1.6,16,7.7,18,0.0
2019/05/09,1006.3,1007.7,1004.7,93,88,1.6,44,6.0,62,13.5
2019/05/10,1007.3,1008.7,1005.8,85,72,2.0,50,7.7,34,1.0
2019/05/11,1008.4,1009.9,1006.8,84,76,2.0,39,9.3,22,0.0
2019/05/12,1007.5,1009.3,1005.2,80,63,2.1,34,8.8,22,0.0
2019/05/13,1006.4,1008.0,1004.1,71,45,0.9,34,6.6,265,0.0
2019/05/14,1006.2,1007.8,1004.7,81,66,1.2,270,7.7,270,0.0
2019/05/15,1006.3,1008.3,1004.0,82,65,0.3,11,4.1,293,0.0
2019/05/16,1003.1,1005.7,1000.6,77,53,0.9,24,11.5,265,0.0
2019/05/17,1001.7,1004.5,999.6,92,75,0.6,25,6.6,173,83.5
2019/05/18,1001.8,1003.8,1000.3,85,68,1.1,265,9.9,281,2.0
2019/05/19,1003.2,1005.0,1000.7,74,53,1.1,26,9.9,283,0.0
2019/05/20,1005.9,1009.6,1002.1,89,77,1.5,50,7.7,355,92.0
2019/05/21,1007.8,1009.5,1005.8,59,39,2.6,55,9.3,87,0.0
2019/05/22,1006.8,1007.9,1005.4,66,49,1.0,50,5.5,65,0.0
2019/05/23,1008.4,1010.4,1006.6,83,66,1.4,160,7.1,44,1.5
2019/05/24,1008.2,1009.9,1006.5,68,54,2.1,40,8.2,92,0.0
2019/05/25,1007.4,1008.7,1006.1,69,53,0.9,94,7.1,116,0.0
2019/05/26,1006.4,1007.9,1004.7,74,52,0.7,14,6.0,322,0.0
2019/05/27,1006.0,1007.3,1004.7,85,63,0.7,29,6.0,332,20.0
2019/05/28,1007.6,1010.5,1005.2,93,84,1.2,95,7.7,70,56.5
2019/05/29,1008.7,1010.0,1007.6,70,62,2.1,94,8.2,63,0.0
2019/05/30,1006.6,1008.4,1004.0,74,56,0.9,9,6.0,49,0.0
2019/05/31,1005.6,1007.2,1003.8,77,54,1.1,64,7.1,256,0.0
2019/06/01,1004.5,1006.3,1002.1,85,63,0.6,114,7.7,328,6.0
2019/06/02,1002.2,1004.4,1000.0,75,49,1.2,266,13.7,260,0.0
2019/06/03,1003.8,1005.2,1002.3,78,61,0.8,81,7.1,272,0.5
2019/06/04,1005.7,1007.7,1003.9,86,64,0.3,68,4.9,279,5.0
2019/06/05,1007.4,1008.8,1006.1,83,56,0.5,39,5.5,93,6.5
2019/06/06,1007.3,1008.4,1006.2,79,53,0.8,133,7.1,258,0.0
2019/06/07,1006.6,1008.2,1005.0,75,50,1.0,54,7.7,327,0.0
2019/06/08,1004.2,1006.7,1001.9,77,54,0.8,156,8.8,250,0.0
2019/06/09,1000.5,1002.4,997.9,70,46,1.1,179,14.3,249,0.0
2019/06/10,1000.0,1001.7,997.9,83,60,0.3,66,7.7,259,13.0
2019/06/11,1002.1,1005.4,999.1,97,89,0.8,63,5.5,94,105.0
2019/06/12,1004.2,1005.5,1002.5,88,70,1.4,63,7.1,28,37.5
2019/06/13,1000.4,1003.4,997.8,96,90,0.2,36,3.0,20,42.5
2019/06/14,999.8,1002.8,996.2,92,75,0.4,14,5.5,332,83.5
2019/06/15,1003.2,1004.7,1001.7,65,37,1.9,56,9.3,62,0.0
2019/06/16,1003.8,1006.3,1002.2,67,43,1.0,47,6.6,58,0.0
2019/06/17,1006.6,1008.7,1005.2,78,55,0.6,153,6.0,330,0.0
2019/06/18,1006.0,1007.9,1004.5,81,58,0.7,276,6.6,267,0.0
2019/06/19,1003.8,1005.8,1001.2,75,52,1.4,265,11.0,266,0.0
2019/06/20,1002.3,1003.9,1000.3,72,53,1.4,271,9.3,270,0.0
2019/06/21,1000.7,1002.4,998.9,71,46,1.6,266,12.6,273,0.0
2019/06/22,1000.1,1001.3,998.8,76,60,0.9,211,6.0,79,3.5
2019/06/23,1002.1,1005.4,998.9,94,82,0.7,31,8.2,267,41.5
2019/06/24,1005.9,1007.4,1003.6,94,90,0.7,75,5.5,66,12.5
2019/06/25,1004.9,1006.9,1001.6,86,50,0.7,34,10.4,141,57.0
2019/06/26,1001.4,1004.0,998.5,85,54,0.7,52,6.6,298,5.0
2019/06/27,999.5,1000.6,998.2,87,53,0.5,37,7.1,265,28.5
2019/06/28,999.7,1001.2,997.5,79,50,0.8,184,7.1,360,0.0
2019/06/29,999.2,1000.8,997.5,83,58,0.7,87,7.1,258,2.5
2019/06/30,999.9,1001.7,998.4,80,58,0.7,29,6.0,41,1.0
2019/07/01,999.7,1001.8,997.5,71,54,1.5,76,11.0,88,0.0
2019/07/02,999.8,1003.8,996.1,82,62,1.5,92,14.3,94,126.5
2019/07/03,1004.5,1006.7,1002.8,84,62,0.8,12,7.1,88,35.0
2019/07/04,1004.3,1005.8,1001.6,78,54,0.6,216,6.0,277,0.0
2019/07/05,999.9,1003.4,997.1,66,44,1.5,203,13.2,270,0.0
2019/07/06,998.7,1000.1,996.6,70,53,1.1,94,12.1,286,0.0
2019/07/07,1000.7,1003.5,998.4,69,43,1.3,203,12.1,272,0.0
2019/07/08,1002.2,1003.6,1000.6,74,53,0.9,165,8.8,279,0.0
2019/07/09,999.7,1001.8,997.3,71,45,1.0,258,11.0,288,0.0
2019/07/10,999.9,1003.6,997.9,69,46,1.0,234,9.9,255,0.0
2019/07/11,1005.2,1007.1,1002.5,76,51,1.0,63,8.2,283,0.0
2019/07/12,1004.8,1006.8,1002.8,84,48,0.7,37,7.7,111,13.5
2019/07/13,1000.8,1003.9,998.2,72,43,1.3,264,12.1,262,0.0
2019/07/14,1000.7,1003.0,998.8,73,51,1.2,265,10.4,260,0.0
2019/07/15,1001.9,1003.3,1000.7,79,48,0.9,58,6.6,355,6.0
2019/07/16,1001.5,1004.0,998.9,69,48,2.1,66,11.5,62,0.0
2019/07/17,997.3,1000.8,995.0,76,57,3.2,66,12.6,49,10.5
2019/07/18,993.5,996.1,991.9,89,70,1.1,217,7.7,13,17.5
2019/07/19,995.8,999.6,993.4,80,58,0.7,266,7.1,269,16.5
2019/07/20,1001.4,1004.7,999.1,79,48,0.6,1,7.7,74,14.5
2019/07/21,1003.5,1005.1,1001.4,85,47,0.5,60,9.9,314,29.5
2019/07/22,1004.0,1005.6,1001.6,89,50,0.7,19,7.7,259,46.0
2019/07/23,1004.0,1005.5,1002.1,87,48,0.6,6,6.0,22,36.0
2019/07/24,1004.3,1005.7,1002.5,85,52,0.7,100,6.6,38,3.0
2019/07/25,1004.6,1006.3,1002.5,78,53,0.6,168,7.7,269,0.0
2019/07/26,1003.0,1004.7,1000.7,82,48,0.6,10,9.9,171,11.0
2019/07/27,1003.4,1005.5,1001.6,83,50,0.9,184,8.2,185,1.0
2019/07/28,1004.7,1006.6,1002.5,77,53,0.9,27,6.6,23,0.0
2019/07/29,1004.6,1006.3,1001.7,76,53,0.7,81,4.9,26,0.0
2019/07/30,1003.4,1005.4,1000.7,73,54,1.0,92,7.1,106,0.0
2019/07/31,1002.6,1004.1,1000.5,67,50,2.1,45,11.0,96,0.0
2019/08/01,1002.9,1004.4,1001.1,67,48,1.4,105,10.4,121,0.0
2019/08/02,1001.7,1003.9,998.9,67,43,2.2,41,10.4,23,0.0
2019/08/03,999.7,1001.1,997.9,68,51,2.3,74,9.3,26,0.0
2019/08/04,998.2,1000.0,996.8,68,50,2.6,73,9.3,84,0.0
2019/08/05,998.8,1000.1,997.3,72,56,2.3,73,11.0,82,0.0
2019/08/06,998.8,1000.5,996.9,67,49,2.5,64,11.0,49,0.0
2019/08/07,996.3,998.9,994.4,83,69,1.6,74,8.8,30,40.5
2019/08/08,991.5,994.7,987.8,89,63,1.1,28,11.0,158,49.0
2019/08/09,985.0,988.0,981.4,81,55,2.9,252,19.3,273,34.5
2019/08/10,988.8,993.8,984.8,66,47,1.7,250,14.3,271,4.0
2019/08/11,995.2,997.5,993.4,68,56,1.8,260,12.6,258,0.0
2019/08/12,997.6,999.1,996.3,80,55,0.9,37,10.4,275,0.0
2019/08/13,997.9,999.9,995.5,70,40,1.2,166,9.9,249,0.0
2019/08/14,997.9,999.6,995.3,73,50,1.2,265,8.8,260,0.0
2019/08/15,997.0,998.3,994.5,72,57,1.0,188,8.8,276,0.0
2019/08/16,998.6,1001.3,996.9,71,50,1.2,68,9.9,288,0.0
2019/08/17,1000.6,1002.5,998.5,67,49,1.5,200,10.4,254,0.0
2019/08/18,1001.9,1003.5,1000.7,80,52,1.1,199,8.2,251,16.0
2019/08/19,1002.4,1003.6,1001.1,87,69,1.2,59,7.7,33,7.0
2019/08/20,1001.8,1003.6,1000.1,78,55,1.3,45,7.1,77,0.0
2019/08/21,1001.9,1003.4,1000.6,86,60,0.5,140,6.0,268,29.5
2019/08/22,1002.8,1004.3,1001.1,77,54,1.1,34,7.7,104,0.0
2019/08/23,1002.5,1004.4,1000.8,71,56,2.8,52,12.6,60,0.0
2019/08/24,997.6,1001.7,994.5,75,66,4.5,51,18.7,105,13.0
2019/08/25,1002.4,1006.7,996.2,76,59,0.6,71,8.8,67,0.0
2019/08/26,1006.2,1008.4,1003.9,79,57,0.7,54,6.6,305,0.0
2019/08/27,1005.1,1007.3,1002.7,74,54,0.9,58,8.2,115,0.0
2019/08/28,1002.3,1004.1,998.5,71,53,1.3,86,11.0,84,0.0
2019/08/29,1003.2,1005.5,1001.0,72,51,1.0,110,9.3,256,0.0
2019/08/30,1005.6,1006.7,1003.8,89,68,0.7,8,6.6,125,59.0
2019/08/31,1004.0,1005.8,1002.2,71,55,2.6,75,10.4,93,0.0
2019/09/01,1004.2,1005.6,1002.8,65,52,1.5,109,9.3,85,0.0
2019/09/02,1004.7,1006.9,1002.1,68,51,1.6,76,8.2,95,0.0
2019/09/03,1003.0,1004.4,1001.0,67,52,2.5,65,11.0,59,0.0
2019/09/04,1002.3,1003.8,1001.3,85,72,1.1,33,6.0,325,13.5
2019/09/05,1000.0,1002.2,998.5,93,84,0.6,230,5.5,269,41.5
2019/09/06,998.1,999.7,996.0,78,54,1.1,53,6.6,284,15.5
2019/09/07,1000.5,1002.4,998.8,79,57,0.5,76,5.5,88,0.0
2019/09/08,1002.0,1003.5,999.7,79,57,0.8,48,6.6,331,0.0
2019/09/09,1003.0,1004.6,1001.1,71,49,1.0,50,6.0,35,0.0
2019/09/10,1005.5,1007.4,1002.9,67,46,1.6,83,8.8,86,0.0
2019/09/11,1007.3,1008.8,1005.1,66,48,2.1,82,10.4,47,0.0
2019/09/12,1006.2,1008.0,1003.9,69,51,2.7,60,10.4,81,0.0
2019/09/13,1004.3,1005.8,1002.1,70,54,2.3,63,10.4,59,0.0
2019/09/14,1004.7,1006.5,1002.7,73,55,1.8,62,9.3,84,0.0
2019/09/15,1005.0,1006.2,1003.5,86,76,0.7,109,6.6,60,13.5
2019/09/16,1004.8,1006.6,1002.9,81,69,1.2,108,7.7,34,5.0
2019/09/17,1006.6,1008.7,1004.1,77,61,1.7,92,8.2,67,0.0
2019/09/18,1008.6,1011.0,1006.6,75,60,1.2,45,9.3,35,0.5
2019/09/19,1008.1,1009.8,1006.7,70,53,1.4,17,9.9,47,0.5
2019/09/20,1004.5,1006.7,1002.4,93,79,0.7,3,7.1,244,54.0
2019/09/21,1002.3,1005.8,1000.3,91,77,1.9,264,8.8,251,23.5
2019/09/22,1008.5,1012.8,1004.5,78,56,0.7,116,5.5,2,0.0
2019/09/23,1013.7,1015.6,1011.6,75,57,1.1,100,6.6,85,0.0
2019/09/24,1014.8,1016.3,1013.4,72,63,1.9,90,8.2,103,0.0
2019/09/25,1014.0,1015.2,1011.9,64,55,2.6,69,10.4,31,0.0
2019/09/26,1013.5,1015.1,1011.5,78,68,2.6,65,10.4,8,0.0
2019/09/27,1012.8,1014.8,1011.2,92,88,1.9,59,8.2,42,9.0
2019/09/28,1011.1,1012.7,1010.0,94,89,1.5,62,7.7,53,46.0
2019/09/29,1008.6,1011.0,1006.3,88,62,2.1,49,11.0,44,37.0
2019/09/30,1001.5,1007.3,995.2,88,80,3.2,43,15.4,11,63.0
2019/10/01,1002.6,1006.3,995.3,75,44,2.1,243,14.3,269,16.0
2019/10/02,1007.5,1009.0,1005.5,75,40,0.7,58,6.0,259,0.0
2019/10/03,1009.1,1011.5,1007.2,79,53,0.9,8,5.5,14,0.0
2019/10/04,1008.8,1011.0,1006.8,75,47,0.9,69,7.7,311,0.0
2019/10/05,1010.0,1012.7,1007.8,70,46,2.3,47,10.4,106,0.0
2019/10/06,1012.4,1014.1,1010.4,70,61,3.1,75,11.5,70,0.0
2019/10/07,1012.2,1013.4,1010.4,69,49,2.7,63,9.3,95,0.0
2019/10/08,1012.9,1014.5,1011.5,72,59,3.0,43,11.0,34,0.0
2019/10/09,1012.0,1013.9,1009.9,79,66,2.1,74,9.9,59,2.5
2019/10/10,1009.9,1012.4,1007.3,66,49,1.5,60,6.0,93,0.0
2019/10/11,1008.1,1010.5,1005.8,68,43,1.3,35,6.0,102,0.0
2019/10/12,1009.1,1011.3,1007.2,72,58,2.0,65,8.8,24,0.0
2019/10/13,1012.5,1014.8,1010.5,72,58,2.2,71,8.2,64,0.0
2019/10/14,1016.3,1019.4,1013.8,68,47,2.6,59,10.4,22,0.5
2019/10/15,1018.4,1019.9,1017.2,69,51,2.3,67,11.0,78,0.0
2019/10/16,1015.9,1018.4,1013.9,79,69,1.6,118,6.6,92,0.0
2019/10/17,1014.8,1016.3,1012.6,69,51,2.0,91,9.9,37,0.0
2019/10/18,1014.5,1016.0,1011.9,69,51,1.5,95,7.7,71,0.0
2019/10/19,1015.0,1016.3,1013.0,83,72,1.1,89,6.0,94,0.5
2019/10/20,1013.7,1015.9,1011.9,70,53,1.5,90,7.1,91,0.0
2019/10/21,1011.2,1013.3,1009.3,70,60,1.2,79,6.6,61,0.0
2019/10/22,1009.0,1011.1,1006.8,63,50,2.0,60,8.2,28,0.0
2019/10/23,1009.5,1011.6,1007.6,69,60,1.3,54,6.0,69,0.0
2019/10/24,1012.7,1014.8,1010.7,68,50,1.8,73,7.1,92,0.0
2019/10/25,1014.3,1015.7,1011.7,64,44,2.6,82,11.5,14,0.0
2019/10/26,1014.2,1016.5,1012.2,66,55,2.6,71,11.0,20,0.0
2019/10/27,1011.7,1013.5,1009.0,72,59,2.4,35,9.3,20,0.0
2019/10/28,1010.7,1012.6,1008.9,78,64,1.3,266,7.1,270,0.0
2019/10/29,1013.3,1015.4,1011.0,89,81,1.1,79,7.1,89,5.0
2019/10/30,1015.0,1016.8,1013.2,82,77,2.4,89,10.4,58,0.0
2019/10/31,1013.8,1015.2,1011.5,91,81,2.5,37,8.8,43,2.0
2019/11/01,1013.2,1015.1,1011.7,76,66,3.1,44,10.4,64,0.0
2019/11/02,1011.0,1012.6,1009.0,73,65,2.9,45,10.4,77,0.0
2019/11/03,1011.5,1013.4,1009.4,82,76,2.2,44,8.2,92,0.0
2019/11/04,1013.1,1014.9,1011.7,81,70,1.7,109,7.1,119,0.0
2019/11/05,1011.8,1013.8,1010.5,79,66,2.4,100,8.2,66,1.0
2019/11/06,1008.6,1010.7,1006.0,65,55,2.9,94,11.0,58,0.0
2019/11/07,1010.0,1013.3,1006.9,66,57,2.4,59,13.2,61,0.0
2019/11/08,1014.6,1016.5,1012.3,69,46,2.4,55,9.3,79,2.0
2019/11/09,1015.6,1018.3,1013.4,61,50,2.7,89,11.5,95,0.0
2019/11/10,1011.7,1014.3,1008.0,63,46,1.9,91,8.2,84,0.0
2019/11/11,1011.9,1013.8,1009.5,67,43,2.1,38,9.3,22,0.0
2019/11/12,1013.0,1015.0,1011.2,60,47,2.3,40,9.3,42,0.0
2019/11/13,1014.8,1018.4,1012.4,69,38,1.4,82,9.3,61,0.0
2019/11/14,1017.1,1019.4,1015.4,69,60,2.6,59,9.9,75,0.0
2019/11/15,1013.4,1015.5,1010.8,63,50,3.1,54,10.4,51,0.0
2019/11/16,1011.3,1013.0,1009.1,65,45,2.0,46,8.8,70,0.0
2019/11/17,1011.4,1013.3,1008.3,76,39,0.5,12,5.5,37,0.0
2019/11/18,1014.1,1018.3,1010.5,89,76,2.1,87,11.5,55,6.0
2019/11/19,1017.8,1019.5,1016.1,81,71,3.1,80,10.4,65,0.5
2019/11/20,1017.5,1019.6,1016.2,78,70,3.1,77,12.1,69,0.0
2019/11/21,1014.6,1016.8,1012.9,86,77,1.8,61,9.9,38,8.0
2019/11/22,1012.6,1013.9,1011.1,95,87,0.7,85,6.0,95,4.0
2019/11/23,1012.8,1014.8,1011.0,88,74,0.7,346,5.5,5,0.0
2019/11/24,1014.8,1017.1,1012.4,80,58,1.6,47,7.7,33,0.0
2019/11/25,1019.2,1021.6,1016.1,86,75,2.6,76,9.9,91,11.5
2019/11/26,1018.9,1021.2,1016.0,76,66,3.3,46,12.1,77,0.0
2019/11/27,1017.6,1019.4,1014.8,82,71,3.0,46,11.5,16,0.0
2019/11/28,1020.8,1022.7,1018.8,83,74,2.3,88,9.3,101,1.5
2019/11/29,1019.8,1022.0,1017.9,72,55,2.3,84,11.0,33,0.0
2019/11/30,1015.5,1018.1,1013.0,79,61,1.6,74,11.5,155,0.5
2019/12/01,1014.6,1016.3,1011.5,80,42,1.0,168,7.1,324,0.0
2019/12/02,1020.0,1022.9,1016.1,73,53,1.6,89,8.2,11,1.0
2019/12/03,1020.7,1021.8,1018.9,59,53,3.0,69,11.5,74,0.0
2019/12/04,1021.5,1023.4,1019.8,66,54,2.5,90,9.9,73,1.0
2019/12/05,1022.2,1024.2,1020.0,94,88,1.9,53,8.2,77,50.5
2019/12/06,1021.4,1023.4,1019.5,95,92,1.8,84,8.8,44,68.5
2019/12/07,1022.6,1023.9,1021.0,86,63,0.8,101,7.1,68,6.0
2019/12/08,1021.4,1023.7,1019.4,59,36,1.6,64,8.8,99,0.0
2019/12/09,1017.2,1020.4,1014.9,64,54,2.0,42,11.0,83,0.0
2019/12/10,1013.9,1016.0,1011.3,72,45,0.6,71,5.5,264,0.0
2019/12/11,1015.3,1018.4,1013.2,74,51,2.0,81,9.9,82,0.0
2019/12/12,1018.8,1020.5,1015.7,62,48,3.0,66,12.6,61,0.0
2019/12/13,1019.0,1021.1,1017.0,73,59,2.1,40,9.3,22,0.0
2019/12/14,1018.7,1021.0,1017.3,77,67,2.4,48,9.9,36,0.0
2019/12/15,1016.5,1019.0,1014.5,68,50,1.7,38,8.8,57,0.0
2019/12/16,1014.6,1017.2,1011.8,78,43,0.5,26,3.5,284,0.0
2019/12/17,1014.7,1017.4,1012.3,78,46,0.5,95,5.5,12,0.0
2019/12/18,1016.5,1018.4,1014.4,90,84,2.1,50,8.8,40,0.0
2019/12/19,1017.3,1019.8,1015.5,86,78,2.5,85,8.8,62,0.0
2019/12/20,1017.4,1019.4,1014.6,89,76,2.5,76,11.5,28,5.5
2019/12/21,1014.1,1017.0,1012.1,91,81,0.9,310,6.6,103,0.0
2019/12/22,1012.5,1013.9,1010.7,88,78,0.9,83,7.7,75,2.0
2019/12/23,1014.0,1015.7,1012.4,80,71,1.9,46,9.3,38,0.0
2019/12/24,1015.3,1017.1,1013.2,86,70,0.9,151,5.5,86,0.0
2019/12/25,1012.8,1015.7,1009.9,81,61,1.1,35,6.0,63,0.0
2019/12/26,1014.2,1018.5,1011.5,84,70,1.4,90,9.9,105,0.0
2019/12/27,1019.4,1021.8,1017.8,73,67,3.2,70,11.0,48,0.0
2019/12/28,1016.5,1018.9,1014.1,68,57,3.0,45,13.2,82,0.0
2019/12/29,1015.5,1017.3,1013.5,91,60,0.3,23,4.9,12,15.5
2019/12/30,1018.1,1021.5,1015.7,95,88,0.9,35,7.7,90,17.5
2019/12/31,1025.4,1028.3,1021.0,87,79,3.3,82,11.0,80,0.5
2020/01/01,1024.0,1026.0,1022.4,83,79,2.8,39,10.4,86,0.0
2020/01/02,1021.1,1023.2,1018.8,70,49,2.1,35,7.7,28,0.0
2020/01/03,1018.5,1021.7,1015.7,69,48,1.4,48,7.7,99,0.0
2020/01/04,1017.0,1019.5,1014.0,73,47,1.9,51,7.7,46,0.0
2020/01/05,1017.1,1019.0,1014.9,73,52,2.1,85,9.3,85,0.0
2020/01/06,1016.2,1018.9,1013.3,82,44,0.5,175,5.5,19,0.0
2020/01/07,1013.7,1015.9,1011.3,78,47,0.8,108,7.7,260,0.0
2020/01/08,1017.6,1020.5,1015.0,75,60,3.0,46,13.2,68,0.0
2020/01/09,1015.5,1018.7,1012.9,68,53,2.6,31,10.4,6,0.0
2020/01/10,1012.5,1014.9,1010.2,74,43,1.3,49,6.0,18,0.0
2020/01/11,1012.1,1013.4,1010.6,81,64,0.8,340,6.0,323,0.0
2020/01/12,1015.4,1017.6,1012.7,87,79,1.5,85,7.1,83,15.5
2020/01/13,1015.1,1017.8,1012.7,84,72,2.2,48,8.8,41,4.0
2020/01/14,1017.2,1019.6,1013.8,81,68,1.8,29,9.3,113,0.0
2020/01/15,1016.5,1018.5,1014.1,82,75,2.3,48,11.5,72,0.0
2020/01/16,1014.9,1016.5,1011.9,80,62,0.7,342,6.6,11,0.0
2020/01/17,1017.4,1019.3,1015.2,87,78,0.8,88,7.1,30,5.0
2020/01/18,1018.0,1019.9,1016.3,83,74,1.5,44,7.1,111,4.0
2020/01/19,1018.3,1020.1,1016.1,90,79,0.7,86,4.1,89,0.0
2020/01/20,1020.0,1021.7,1017.2,76,59,1.3,59,7.7,10,0.0
2020/01/21,1019.4,1022.4,1016.5,70,51,2.1,43,9.3,77,0.0
2020/01/22,1016.2,1018.5,1013.7,75,40,0.4,158,4.1,269,0.0
2020/01/23,1015.2,1017.1,1013.2,80,51,0.3,19,4.1,37,0.0
2020/01/24,1016.6,1018.3,1015.0,88,70,1.0,23,7.1,262,0.0
2020/01/25,1014.7,1017.0,1012.9,89,80,1.4,26,8.2,64,0.5
2020/01/26,1009.9,1013.3,1006.8,95,91,0.8,21,7.1,110,27.5
2020/01/27,1012.6,1014.9,1010.1,86,73,0.8,277,6.0,7,2.5
2020/01/28,1015.3,1018.4,1012.2,85,73,0.8,92,7.1,326,3.5
2020/01/29,1017.7,1019.2,1016.1,83,63,0.6,166,6.0,24,1.0
2020/01/30,1018.5,1020.3,1016.3,67,36,1.0,4,7.1,327,0.0
2020/01/31,1019.8,1021.7,1018.1,67,41,1.7,62,9.3,57,0.0
2020/02/01,1020.1,1022.0,1018.2,59,47,2.3,39,11.0,52,0.0
2020/02/02,1019.0,1021.0,1016.2,65,34,1.2,28,7.1,32,0.0
2020/02/03,1018.4,1019.5,1016.8,83,56,0.5,352,7.1,18,0.0
2020/02/04,1017.6,1019.0,1015.9,93,83,0.8,110,4.9,2,9.0
2020/02/05,1019.9,1021.5,1017.9,87,77,1.9,74,8.2,79,7.5
2020/02/06,1016.4,1020.9,1011.7,75,57,2.4,64,11.0,73,0.0
2020/02/07,1019.3,1021.7,1015.9,91,81,0.8,74,6.6,8,5.5
2020/02/08,1022.5,1023.9,1020.7,78,69,1.2,74,7.1,63,0.0
2020/02/09,1023.1,1025.4,1021.6,76,70,2.1,80,7.1,56,0.0
2020/02/10,1019.4,1022.1,1017.6,63,49,2.3,34,11.0,94,0.0
2020/02/11,1018.2,1021.0,1016.0,78,58,0.4,37,4.9,45,0.0
2020/02/12,1015.0,1017.3,1012.1,74,36,0.5,46,4.9,307,0.0
2020/02/13,1012.5,1014.9,1008.7,80,49,0.9,3,6.6,297,4.0
2020/02/14,1012.4,1015.7,1008.7,87,60,0.9,31,7.7,269,0.0
2020/02/15,1011.7,1015.5,1008.7,83,62,0.8,38,6.0,35,0.0
2020/02/16,1018.1,1023.8,1010.4,87,66,2.1,90,9.3,96,8.5
2020/02/17,1024.7,1027.1,1021.8,60,42,2.0,66,8.8,107,0.0
2020/02/18,1024.0,1026.6,1021.7,55,42,3.0,85,12.6,56,0.0
2020/02/19,1020.5,1022.4,1017.9,65,41,1.4,32,7.7,75,0.0
2020/02/20,1021.9,1023.5,1020.0,83,58,1.8,41,12.1,52,0.0
2020/02/21,1022.5,1024.2,1020.3,80,56,1.1,3,7.7,261,0.0
2020/02/22,1023.7,1025.6,1022.1,86,63,2.0,56,11.5,12,1.5
2020/02/23,1022.0,1025.0,1018.9,75,66,3.1,48,11.0,35,0.5
2020/02/24,1016.5,1019.2,1013.8,74,45,0.9,13,6.6,77,0.0
2020/02/25,1014.7,1017.0,1012.3,75,43,0.5,43,5.5,271,0.0
2020/02/26,1015.4,1017.8,1013.4,79,51,1.5,2,8.8,92,0.0
2020/02/27,1018.0,1020.4,1016.5,83,74,3.0,71,9.9,12,0.0
2020/02/28,1014.2,1016.7,1012.9,81,54,0.8,36,7.7,326,0.0
2020/02/29,1011.3,1013.7,1009.0,80,47,0.5,280,5.5,33,0.0
2020/03/01,1011.7,1016.1,1009.4,86,68,1.1,100,8.2,102,0.0
2020/03/02,1017.2,1019.9,1015.5,78,72,3.3,47,11.5,81,0.0
2020/03/03,1015.7,1017.8,1013.2,74,57,1.8,47,8.8,33,0.0
2020/03/04,1016.6,1020.3,1013.0,86,79,2.1,90,9.3,97,5.0
2020/03/05,1018.6,1021.0,1016.5,86,78,3.0,70,11.0,71,16.0
2020/03/06,1013.6,1017.0,1010.5,77,59,1.4,42,8.2,18,0.0
2020/03/07,1011.0,1013.8,1008.0,81,59,0.4,52,4.1,186,0.0
2020/03/08,1008.3,1011.2,1004.9,81,60,1.3,42,8.2,16,0.0
2020/03/09,1004.5,1007.8,1002.2,85,59,0.8,49,6.0,256,0.5
2020/03/10,1011.8,1017.6,1004.4,89,71,1.5,84,10.4,288,90.0
2020/03/11,1016.2,1018.4,1014.1,66,53,2.8,44,12.6,62,0.0
2020/03/12,1012.8,1016.0,1010.4,77,61,0.8,14,7.1,79,0.5
2020/03/13,1013.2,1015.4,1011.2,96,85,0.7,295,5.5,6,63.5
2020/03/14,1016.5,1018.4,1014.8,84,66,1.5,92,7.7,102,17.0
2020/03/15,1016.7,1018.8,1013.8,54,32,2.4,53,9.9,22,0.0
2020/03/16,1016.8,1018.9,1014.4,49,29,2.6,93,12.1,70,0.0
2020/03/17,1015.4,1017.1,1013.4,65,34,0.9,165,7.7,267,0.0
2020/03/18,1012.6,1014.9,1010.5,82,58,0.5,1,4.9,325,0.5
2020/03/19,1011.8,1014.4,1009.3,95,84,0.3,13,3.3,302,8.0
2020/03/20,1012.4,1014.1,1010.4,80,64,1.8,36,9.3,19,0.0
2020/03/21,1011.5,1014.6,1007.8,77,51,0.7,287,6.6,332,0.0
2020/03/22,1009.7,1012.7,1005.8,77,45,0.8,234,8.2,267,0.0
2020/03/23,1012.4,1015.2,1010.5,83,71,2.3,60,9.9,68,0.5
2020/03/24,1012.2,1013.5,1010.7,79,63,2.3,39,8.2,88,0.0
2020/03/25,1010.8,1012.9,1008.2,81,57,0.7,9,5.5,5,0.0
2020/03/26,1010.6,1012.9,1007.1,74,42,0.6,1,6.6,141,0.0
2020/03/27,1010.9,1012.9,1008.8,86,52,0.8,155,9.9,181,28.5
2020/03/28,1012.8,1017.4,1008.3,94,84,1.0,106,7.1,28,48.5
2020/03/29,1012.9,1017.2,1008.3,79,65,2.0,53,9.3,64,0.0
2020/03/30,1010.7,1012.4,1008.9,88,70,0.8,262,6.0,263,0.5
2020/03/31,1010.0,1012.7,1007.2,88,70,1.1,50,6.0,25,1.5
2020/04/01,1014.5,1016.8,1009.8,89,77,1.6,70,9.9,68,15.5
2020/04/02,1015.5,1018.3,1012.9,85,77,2.0,31,9.9,73,13.0
2020/04/03,1015.1,1017.4,1012.6,89,75,1.3,59,7.7,54,1.0
2020/04/04,1016.7,1019.3,1012.8,85,71,1.5,91,7.1,3,0.0
2020/04/05,1017.4,1018.7,1016.2,75,62,2.5,93,8.2,63,1.5
2020/04/06,1014.1,1017.1,1012.1,80,67,2.3,42,9.3,91,7.0
2020/04/07,1013.2,1014.8,1010.1,88,76,0.8,80,4.9,323,3.0
2020/04/08,1013.2,1015.0,1011.9,77,70,1.8,43,7.1,83,0.0
2020/04/09,1014.9,1016.5,1012.6,75,55,1.8,44,8.2,32,1.5
2020/04/10,1014.7,1017.0,1012.7,63,47,2.4,35,11.5,89,0.0
2020/04/11,1011.5,1013.3,1009.5,84,59,0.6,149,4.9,334,16.0
2020/04/12,1014.4,1016.5,1010.7,81,42,0.9,6,7.7,11,15.5
2020/04/13,1015.7,1017.6,1013.9,53,26,1.8,134,8.8,24,0.0
2020/04/14,1013.3,1016.6,1010.5,52,35,1.6,9,8.2,62,0.0
2020/04/15,1011.6,1013.5,1009.6,67,39,0.9,181,9.9,276,0.0
2020/04/16,1011.3,1012.9,1009.3,67,22,0.8,23,6.0,6,0.0
2020/04/17,1011.7,1013.7,1009.3,75,49,0.9,165,6.6,328,0.0
2020/04/18,1011.4,1013.8,1009.4,79,53,0.6,11,5.5,21,0.0
2020/04/19,1008.3,1010.2,1006.0,84,62,0.6,14,7.7,248,0.0
2020/04/20,1010.2,1012.8,1008.3,83,67,1.5,40,9.3,21,0.0
2020/04/21,1010.5,1013.2,1008.9,87,77,1.1,92,8.8,103,0.0
2020/04/22,1014.0,1015.9,1011.9,84,75,2.8,75,13.2,59,0.5
2020/04/23,1015.7,1017.4,1013.5,90,71,2.9,53,12.6,62,22.5
2020/04/24,1016.1,1017.8,1014.6,88,65,2.9,50,10.4,58,11.0
2020/04/25,1013.5,1015.5,1011.9,80,68,0.8,31,8.8,71,0.0
2020/04/26,1013.7,1015.4,1012.2,86,59,0.8,80,6.0,17,0.5
2020/04/27,1013.5,1014.9,1012.2,73,64,2.3,37,8.2,81,1.0
2020/04/28,1014.3,1016.3,1012.6,59,45,3.4,61,12.1,48,0.0
2020/04/29,1012.4,1014.4,1010.6,62,42,1.7,181,7.7,100,0.0
2020/04/30,1011.6,1014.4,1009.1,68,34,0.7,182,6.6,354,0.0
2020/05/01,1009.0,1011.7,1006.6,71,42,0.4,40,5.5,332,0.0
2020/05/02,1006.0,1008.7,1004.0,69,37,0.8,151,6.6,277,0.0
2020/05/03,1004.7,1006.5,1002.8,77,58,1.1,273,8.8,275,0.0
2020/05/04,1006.2,1007.9,1004.4,74,40,0.7,15,7.1,328,0.0
2020/05/05,1004.3,1006.9,1001.3,75,46,1.0,39,7.1,294,0.0
2020/05/06,1005.1,1008.3,1001.6,78,50,1.4,9,9.3,3,0.0
2020/05/07,1006.9,1008.9,1005.5,88,69,0.4,142,4.9,145,13.0
2020/05/08,1005.9,1007.7,1003.8,81,59,0.5,24,5.5,354,0.0
2020/05/09,1004.8,1006.5,1002.3,74,54,1.1,265,7.1,284,0.0
2020/05/10,1006.0,1008.4,1003.5,82,56,0.8,19,7.1,31,2.0
2020/05/11,1007.2,1009.0,1005.2,85,72,1.9,42,7.1,52,0.0
2020/05/12,1008.2,1010.4,1005.2,90,78,1.1,63,6.0,97,25.5
2020/05/13,1009.8,1012.1,1008.3,65,30,2.6,50,11.0,70,0.0
2020/05/14,1007.9,1009.9,1005.7,72,46,0.5,38,6.0,10,0.0
2020/05/15,1005.7,1007.4,1004.0,77,52,0.6,101,5.5,8,0.0
2020/05/16,1005.4,1007.1,1003.9,85,52,0.8,16,8.8,129,26.5
2020/05/17,1001.9,1004.5,999.1,78,50,0.7,13,7.1,352,0.0
2020/05/18,1000.6,1003.3,998.5,87,70,0.8,205,9.9,248,21.5
2020/05/19,1004.1,1006.3,1001.3,94,88,1.0,45,7.1,93,7.5
2020/05/20,1006.0,1007.2,1005.1,89,76,1.2,24,6.0,85,1.0
2020/05/21,1003.7,1005.8,1001.8,90,69,1.0,42,6.0,87,44.0
2020/05/22,1000.9,1002.9,999.1,99,97,0.5,75,5.5,69,100.0
2020/05/23,1003.4,1005.6,1000.7,97,92,0.6,63,4.1,100,17.5
2020/05/24,1006.0,1007.4,1004.4,80,58,1.5,57,7.7,84,0.0
2020/05/25,1006.9,1008.5,1005.1,85,63,0.7,29,5.5,87,0.5
2020/05/26,1004.6,1006.7,1001.9,81,60,0.8,162,11.5,258,5.0
2020/05/27,1006.7,1008.9,1004.4,89,75,1.5,42,7.7,84,13.5
2020/05/28,1008.5,1010.2,1007.1,98,90,0.8,40,4.9,23,142.0
2020/05/29,1008.3,1009.6,1006.6,92,65,0.7,34,7.1,54,31.5
2020/05/30,1007.4,1009.0,1005.4,79,58,0.8,260,9.9,269,0.0
2020/05/31,1007.7,1009.4,1005.7,79,53,1.4,268,10.4,258,3.5
2020/06/01,1007.7,1009.5,1005.2,80,52,1.0,56,8.2,261,2.0
2020/06/02,1006.6,1009.3,1004.4,82,62,0.7,270,6.0,296,0.0
2020/06/03,1004.8,1006.8,1001.7,75,52,1.1,115,9.3,261,0.0
2020/06/04,1004.1,1005.8,1002.5,72,46,1.4,167,11.5,271,0.0
2020/06/05,1004.0,1005.8,1001.4,75,47,1.0,266,9.3,246,0.0
2020/06/06,1003.0,1004.3,1001.4,75,51,1.1,206,11.0,238,0.0
2020/06/07,1004.3,1005.8,1003.0,88,60,0.5,114,9.9,260,18.0
2020/06/08,1005.5,1006.9,1003.9,91,73,0.4,73,7.1,277,2.0
2020/06/09,1006.4,1007.4,1005.0,86,58,0.3,77,5.5,297,0.0
2020/06/10,1005.9,1007.6,1003.6,75,48,0.7,169,6.6,261,0.0
2020/06/11,1004.6,1006.5,1002.4,79,57,0.5,58,5.5,249,0.0
2020/06/12,1003.4,1005.4,1001.3,82,58,0.7,20,5.5,286,0.5
2020/06/13,1004.6,1007.8,1002.2,77,52,0.7,6,6.6,4,0.0
2020/06/14,1008.7,1011.3,1006.0,86,61,0.8,22,6.0,326,99.5
2020/06/15,1008.4,1010.7,1006.1,77,54,1.2,266,9.3,267,0.0
2020/06/16,1005.3,1007.7,1002.9,72,48,1.4,239,11.0,270,0.0
2020/06/17,1003.8,1005.2,1001.7,72,50,1.4,267,11.5,282,0.0
2020/06/18,1003.7,1006.1,1001.2,69,47,1.3,172,9.3,282,0.0
2020/06/19,1004.4,1005.8,1002.9,71,50,1.2,260,9.9,258,0.0
2020/06/20,1004.0,1005.8,1001.7,71,49,1.2,268,7.7,282,0.0
2020/06/21,1001.4,1003.8,998.4,70,43,1.3,166,12.6,273,0.0
2020/06/22,1001.7,1003.5,1000.0,70,46,1.7,268,9.9,264,0.0
2020/06/23,1002.4,1003.5,1000.3,69,43,1.2,91,8.8,250,0.0
2020/06/24,1002.0,1003.6,999.2,72,47,0.9,98,7.1,278,0.0
2020/06/25,1003.0,1005.1,1000.5,75,48,0.9,190,8.2,288,0.5
2020/06/26,1005.5,1007.6,1002.8,83,45,0.7,11,9.3,70,20.5
2020/06/27,1005.2,1006.8,1002.8,76,48,1.0,272,8.8,257,0.0
2020/06/28,1004.1,1006.0,1002.1,73,41,0.9,59,7.7,158,0.0
2020/06/29,1002.1,1004.3,999.6,76,48,0.8,254,6.6,274,0.0
2020/06/30,1001.2,1002.9,999.6,77,54,0.9,140,7.7,280,0.0
2020/07/01,1002.3,1005.1,1000.6,84,52,0.7,49,6.6,147,6.5
2020/07/02,1004.7,1007.6,1002.5,89,56,0.8,25,8.2,295,134.0
2020/07/03,1006.3,1008.0,1004.7,80,47,0.8,121,7.7,268,0.0
2020/07/04,1005.7,1007.7,1003.3,76,50,0.8,175,7.7,258,0.0
2020/07/05,1003.4,1005.2,1001.7,73,51,1.0,166,7.7,301,0.0
2020/07/06,1003.5,1005.5,1001.8,73,53,1.0,142,9.3,275,0.0
2020/07/07,1005.3,1006.6,1004.0,74,53,0.7,59,7.7,279,0.0
2020/07/08,1002.6,1005.4,1000.2,74,49,1.2,269,9.3,275,0.0
2020/07/09,999.8,1001.1,998.2,72,51,0.9,166,9.9,252,0.0
2020/07/10,1002.8,1005.1,1000.5,72,39,0.9,150,11.0,269,0.0
2020/07/11,1004.8,1006.5,1002.9,72,46,0.9,83,6.6,276,0.0
2020/07/12,1004.4,1006.6,1001.3,68,43,1.0,22,6.0,276,0.0
2020/07/13,1003.5,1005.2,1001.3,69,43,0.9,26,6.0,38,0.0
2020/07/14,1002.2,1004.3,999.5,69,43,0.8,75,6.6,94,0.0
2020/07/15,1001.8,1003.6,999.6,74,55,1.1,210,8.2,277,0.0
2020/07/16,1002.4,1004.0,1001.2,69,44,1.2,96,13.2,273,0.0
2020/07/17,1003.9,1005.7,1002.3,68,45,1.3,149,9.9,252,0.0
2020/07/18,1004.1,1005.5,1002.4,74,42,0.9,146,7.7,268,1.0
2020/07/19,1004.6,1006.6,1002.8,82,45,0.4,30,9.9,70,19.5
2020/07/20,1007.0,1008.9,1004.9,84,43,0.9,54,11.0,184,25.0
2020/07/21,1008.2,1009.4,1006.7,81,49,0.7,31,6.6,16,0.0
2020/07/22,1006.8,1008.8,1004.9,76,47,0.8,117,6.6,17,0.0
2020/07/23,1005.8,1007.4,1003.8,82,54,1.0,164,8.2,128,4.0
2020/07/24,1004.2,1006.6,1001.4,73,44,1.0,109,7.7,275,0.0
2020/07/25,1004.0,1005.2,1001.9,79,58,1.0,32,9.3,260,0.0
2020/07/26,1003.8,1005.4,1000.8,85,52,0.8,63,8.2,63,4.0
2020/07/27,1004.3,1006.0,1002.2,88,50,0.5,15,7.7,12,21.0
2020/07/28,1005.5,1007.1,1003.8,87,57,0.6,8,8.2,19,8.5
2020/07/29,1004.6,1006.1,1001.9,69,51,1.9,45,10.4,112,0.0
2020/07/30,1004.2,1005.8,1002.9,65,55,2.6,77,10.4,77,0.0
2020/07/31,1003.4,1005.2,1001.6,61,51,2.0,107,12.1,78,0.0
2020/08/01,1004.5,1006.9,1002.2,70,51,1.4,94,9.9,122,0.0
2020/08/02,1004.1,1006.9,1002.1,76,52,1.3,78,9.3,81,0.0
2020/08/03,1000.1,1002.9,998.2,94,86,1.0,248,15.4,281,95.0
2020/08/04,1003.8,1008.2,1000.2,89,59,0.5,15,6.6,29,13.0
2020/08/05,1007.7,1009.5,1006.1,82,53,0.6,7,5.5,24,0.5
2020/08/06,1007.2,1009.3,1004.9,74,45,1.0,95,7.1,98,0.0
2020/08/07,1005.0,1006.9,1002.5,73,51,0.9,164,6.0,320,0.0
2020/08/08,1002.3,1004.4,1000.1,74,56,0.8,35,6.0,24,0.0
2020/08/09,1000.3,1001.8,998.4,72,49,1.0,148,6.0,276,0.0
2020/08/10,1002.4,1003.9,1000.6,83,55,0.7,195,5.5,327,29.0
2020/08/11,1006.5,1010.1,1002.4,90,59,0.5,58,7.1,32,33.0
2020/08/12,1010.4,1012.4,1008.8,86,54,0.8,60,6.0,354,4.5
2020/08/13,1009.0,1011.7,1007.1,80,50,0.8,158,6.0,278,6.5
2020/08/14,1006.5,1008.5,1004.3,79,48,0.9,23,7.1,46,1.5
2020/08/15,1006.1,1008.2,1003.3,82,52,0.7,134,8.8,263,0.0
2020/08/16,1006.2,1008.2,1004.1,75,54,1.1,162,10.4,250,0.0
2020/08/17,1004.8,1006.6,1003.2,64,53,2.5,108,10.4,120,0.0
2020/08/18,1004.3,1005.8,1001.8,63,48,2.7,86,12.6,77,0.0
2020/08/19,1004.6,1006.2,1001.7,66,39,1.8,80,10.4,64,0.0
2020/08/20,1005.2,1006.8,1002.2,65,43,1.9,75,10.4,129,0.0
2020/08/21,1004.4,1006.9,1001.3,64,47,2.7,75,12.1,99,0.0
2020/08/22,1002.9,1004.9,1001.6,86,62,1.2,48,8.2,76,18.5
2020/08/23,1002.0,1003.4,1000.3,74,50,2.1,270,12.1,272,2.5
2020/08/24,999.9,1002.3,997.3,68,44,1.3,250,11.0,247,0.0
2020/08/25,998.1,1000.1,995.3,67,38,1.7,268,12.6,243,0.0
2020/08/26,998.0,999.7,996.2,70,44,1.0,174,12.1,252,0.0
2020/08/27,999.4,1001.9,997.8,84,49,0.9,54,7.1,62,79.5
2020/08/28,1000.3,1002.3,998.6,83,55,0.6,6,6.6,334,0.5
2020/08/29,1001.6,1003.0,1000.8,80,61,1.6,73,7.7,46,0.0
2020/08/30,1001.9,1003.4,1000.0,70,53,1.6,72,9.3,72,0.0
2020/08/31,1001.4,1003.4,999.4,81,64,1.0,265,9.9,72,56.5
2020/09/01,999.5,1001.0,998.2,77,54,1.4,269,7.7,252,17.5
2020/09/02,1001.1,1003.6,999.0,67,43,1.1,267,8.2,260,0.0
2020/09/03,1005.7,1008.0,1002.8,85,63,0.7,9,7.1,273,19.0
2020/09/04,1006.4,1008.7,1004.1,76,53,1.7,61,8.8,94,0.0
2020/09/05,1003.9,1006.2,1001.7,67,43,1.1,332,7.7,21,0.0
2020/09/06,1002.3,1003.5,1000.3,63,29,1.2,175,8.2,296,0.0
2020/09/07,1005.1,1007.9,1002.9,63,28,1.0,163,6.0,74,0.0
2020/09/08,1008.6,1010.4,1006.7,74,39,0.6,177,6.0,303,3.5
2020/09/09,1006.8,1009.8,1004.1,78,49,0.8,87,6.6,301,0.5
2020/09/10,1004.4,1006.2,1001.6,87,57,0.5,21,12.1,353,33.5
2020/09/11,1005.2,1007.6,1003.3,83,53,0.4,86,6.0,266,0.0
2020/09/12,1008.2,1010.2,1005.8,86,55,1.1,34,8.2,65,11.0
2020/09/13,1008.9,1010.7,1006.5,87,69,1.0,53,6.6,78,0.0
2020/09/14,1007.3,1009.1,1005.0,81,57,0.9,64,6.0,3,0.0
2020/09/15,1006.6,1008.2,1004.9,81,58,0.7,3,5.5,336,0.0
2020/09/16,1006.1,1007.2,1004.7,83,59,0.9,168,5.5,20,0.5
2020/09/17,1005.4,1007.2,1003.4,78,46,0.6,14,4.1,331,0.0
2020/09/18,1008.6,1010.4,1006.9,82,44,1.0,4,7.1,64,7.5
2020/09/19,1009.6,1011.3,1007.9,80,58,1.1,11,7.1,228,0.0
2020/09/20,1009.3,1010.6,1008.0,88,75,1.5,81,7.1,96,9.0
2020/09/21,1008.8,1010.2,1006.9,74,58,1.9,94,8.2,66,0.0
2020/09/22,1007.7,1009.3,1005.8,64,49,2.0,83,8.8,84,0.0
2020/09/23,1007.2,1008.3,1005.4,66,46,1.6,56,6.6,55,0.0
2020/09/24,1008.0,1009.4,1006.6,86,74,0.8,82,6.6,95,24.5
2020/09/25,1008.0,1009.3,1006.6,86,75,0.8,93,6.0,105,10.5
2020/09/26,1008.4,1010.4,1006.6,83,72,1.8,72,8.2,52,2.5
2020/09/27,1009.6,1011.1,1008.0,96,90,1.5,35,7.7,87,31.5
2020/09/28,1008.6,1010.5,1007.1,95,90,1.2,43,7.1,113,19.5
2020/09/29,1006.0,1008.4,1003.3,79,58,1.1,96,6.0,88,0.5
2020/09/30,1007.1,1009.0,1004.3,88,80,0.8,48,6.6,96,5.5
2020/10/01,1007.4,1009.5,1004.9,70,52,2.1,80,8.8,60,0.0
2020/10/02,1007.6,1009.1,1005.1,71,49,2.3,40,9.9,22,0.0
2020/10/03,1007.2,1008.8,1004.4,69,48,2.2,29,9.3,61,0.0
2020/10/04,1006.2,1008.4,1002.7,68,36,1.1,59,6.0,15,0.0
2020/10/05,1010.5,1013.4,1007.8,87,76,2.3,79,8.2,139,0.0
2020/10/06,1013.1,1014.6,1011.6,75,61,2.4,81,11.5,72,0.0
2020/10/07,1012.9,1014.6,1011.5,71,63,1.9,92,7.7,65,0.0
2020/10/08,1012.8,1014.0,1011.3,74,55,1.4,108,8.2,64,0.5
2020/10/09,1012.7,1014.6,1011.1,85,69,0.9,93,6.0,95,0.5
2020/10/10,1010.5,1012.2,1009.3,86,80,1.8,91,7.1,79,0.0
2020/10/11,1007.7,1009.6,1005.1,89,77,2.2,41,9.9,81,4.0
2020/10/12,1007.5,1009.5,1005.5,91,81,2.4,57,11.5,71,2.5
2020/10/13,1010.8,1013.4,1008.9,92,87,2.7,42,9.9,41,5.0
2020/10/14,1013.0,1014.4,1011.3,81,76,2.7,55,10.4,54,0.0
2020/10/15,1012.3,1014.1,1010.0,80,73,2.9,63,11.5,79,0.0
2020/10/16,1011.8,1014.1,1010.1,86,70,2.2,47,9.9,36,7.0
2020/10/17,1014.1,1015.5,1012.7,88,79,2.1,91,7.1,58,0.5
2020/10/18,1014.5,1016.5,1012.8,92,86,2.2,94,8.2,105,1.0
2020/10/19,1014.3,1015.9,1012.2,88,81,2.3,70,8.8,91,2.5
2020/10/20,1012.1,1014.8,1009.9,84,78,2.9,39,11.0,36,0.0
2020/10/21,1007.0,1010.1,1004.6,91,77,2.3,45,9.9,91,2.5
2020/10/22,1008.8,1012.8,1005.0,92,87,1.3,109,11.0,113,15.0
2020/10/23,1013.1,1014.8,1010.8,85,69,1.7,90,7.1,80,4.5
2020/10/24,1014.2,1016.6,1012.4,64,56,3.4,60,13.2,41,0.0
2020/10/25,1012.5,1014.8,1009.9,67,56,3.4,48,12.6,63,0.0
2020/10/26,1010.5,1013.2,1007.8,65,52,3.3,54,13.7,73,0.0
2020/10/27,1010.4,1012.6,1008.2,65,54,3.4,56,12.1,61,0.0
2020/10/28,1013.4,1015.4,1011.5,72,64,2.6,57,10.4,70,0.0
2020/10/29,1015.5,1017.3,1013.0,77,72,2.7,48,9.3,54,0.0
2020/10/30,1017.1,1018.7,1015.4,67,56,2.4,79,9.3,55,0.0
2020/10/31,1014.6,1017.3,1012.4,61,42,2.9,70,12.1,78,0.0
2020/11/01,1011.4,1013.3,1009.1,71,52,2.8,62,11.5,64,0.0
2020/11/02,1012.1,1014.8,1010.4,74,54,2.3,52,10.4,23,0.0
2020/11/03,1015.7,1017.4,1014.0,78,53,1.9,92,9.9,41,3.0
2020/11/04,1016.1,1018.1,1013.9,68,52,2.3,84,11.0,77,0.0
2020/11/05,1014.5,1016.5,1012.6,75,64,2.6,61,10.4,62,0.0
2020/11/06,1009.2,1013.5,1005.7,79,62,3.1,38,17.1,130,0.0
2020/11/07,1010.9,1015.2,1006.3,79,58,1.2,38,16.5,121,2.5
2020/11/08,1017.2,1018.8,1015.0,91,83,2.1,103,9.3,76,3.0
2020/11/09,1017.6,1018.9,1016.1,74,70,2.7,96,9.9,90,0.0
2020/11/10,1018.6,1020.3,1016.8,78,67,2.6,64,9.3,81,0.5
2020/11/11,1019.5,1021.0,1018.2,66,58,3.1,79,12.6,58,0.0
2020/11/12,1016.9,1019.2,1015.1,79,70,2.9,47,13.2,48,0.0
2020/11/13,1016.1,1017.8,1014.5,93,86,1.9,60,7.7,61,11.0
2020/11/14,1016.9,1018.4,1014.9,81,68,2.7,66,10.4,76,3.0
2020/11/15,1015.4,1017.2,1012.9,70,54,2.9,53,10.4,103,0.0
2020/11/16,1013.8,1015.7,1011.8,71,59,2.8,47,11.0,80,0.0
2020/11/17,1011.6,1013.3,1010.0,69,57,2.4,68,9.3,61,0.0
2020/11/18,1009.6,1011.8,1007.2,79,43,0.4,4,4.1,11,0.0
2020/11/19,1008.7,1011.2,1006.2,78,45,0.5,31,5.5,329,0.0
2020/11/20,1010.8,1012.8,1008.4,83,64,1.2,82,7.7,84,0.0
2020/11/21,1012.8,1014.5,1011.6,93,84,2.0,48,8.2,71,3.0
2020/11/22,1015.1,1019.2,1011.7,86,63,1.4,82,9.3,71,0.0
2020/11/23,1018.1,1020.3,1016.0,85,72,2.9,54,10.4,71,0.0
2020/11/24,1017.1,1019.2,1015.0,78,68,2.9,50,11.5,72,0.0
2020/11/25,1015.1,1016.8,1012.6,71,56,2.9,62,12.1,107,0.0
2020/11/26,1015.3,1017.2,1012.8,64,50,2.7,55,12.1,43,0.0
2020/11/27,1018.5,1020.9,1016.0,82,66,2.5,55,11.0,74,6.0
2020/11/28,1019.6,1021.5,1017.3,90,81,2.3,91,9.3,71,3.5
2020/11/29,1019.9,1021.5,1018.4,88,80,2.5,62,9.9,76,2.0
2020/11/30,1020.8,1022.4,1019.2,88,75,2.4,61,11.0,48,4.5
2020/12/01,1019.4,1021.5,1017.6,93,84,2.0,50,7.7,63,22.5
2020/12/02,1018.2,1019.9,1016.5,87,75,2.1,76,8.8,65,12.0
2020/12/03,1019.6,1021.0,1018.1,92,82,1.7,94,7.1,96,8.0
2020/12/04,1018.8,1020.4,1017.3,92,82,2.6,77,9.9,100,6.5
2020/12/05,1018.8,1020.7,1017.2,89,79,2.6,71,9.9,82,0.5
2020/12/06,1017.3,1018.8,1015.6,93,85,2.0,57,8.8,52,0.5
2020/12/07,1017.6,1019.2,1015.9,94,86,2.2,75,8.8,54,0.5
2020/12/08,1017.8,1019.4,1016.1,94,89,2.3,69,8.2,89,2.5
2020/12/09,1014.8,1017.9,1011.8,96,93,1.9,47,8.2,86,31.5
2020/12/10,1013.6,1015.5,1011.0,93,82,1.6,75,9.3,78,2.5
2020/12/11,1012.9,1014.6,1010.5,94,90,1.6,59,7.1,69,14.0
2020/12/12,1013.0,1015.1,1011.3,83,75,1.7,81,7.7,83,0.0
2020/12/13,1012.5,1014.4,1011.0,79,59,1.2,53,8.2,31,0.0
2020/12/14,1017.2,1020.3,1012.7,90,84,2.3,49,9.3,81,1.0
2020/12/15,1020.3,1022.3,1018.4,94,88,2.1,63,8.2,50,7.0
2020/12/16,1021.0,1023.1,1019.8,94,88,2.2,59,8.8,81,10.0
2020/12/17,1018.7,1021.7,1015.9,87,72,2.5,46,12.6,38,1.5
2020/12/18,1017.5,1019.4,1015.4,91,73,0.8,90,6.6,100,0.5
2020/12/19,1021.7,1023.5,1018.8,90,81,2.2,83,8.8,67,2.0
2020/12/20,1021.8,1023.7,1020.1,88,76,2.7,62,10.4,87,1.0
2020/12/21,1020.2,1022.4,1017.3,90,79,2.5,51,8.8,89,5.5
2020/12/22,1016.7,1019.9,1013.0,86,74,2.6,49,10.4,65,0.0
2020/12/23,1013.1,1015.4,1010.6,93,76,1.0,67,9.9,52,16.5
2020/12/24,1013.7,1016.3,1011.2,92,79,0.6,95,6.0,31,7.5
2020/12/25,1016.8,1018.7,1015.4,82,75,2.1,90,9.9,74,0.5
2020/12/26,1015.1,1017.9,1012.3,82,51,0.8,41,11.5,88,0.0
2020/12/27,1013.7,1015.2,1011.7,87,62,0.7,63,6.0,28,1.0
2020/12/28,1012.4,1015.4,1009.3,77,67,2.7,58,13.2,58,2.0
2020/12/29,1010.8,1013.7,1008.8,84,62,0.4,41,5.5,57,0.0
2020/12/30,1022.7,1026.1,1013.3,77,55,2.1,61,11.5,67,22.5
2020/12/31,1025.4,1027.3,1023.3,65,49,1.8,102,11.0,30,0.0
2021/01/01,1021.5,1024.5,1018.4,65,53,1.9,50,8.2,33,0.0
2021/01/02,1020.4,1022.1,1019.0,78,70,2.1,79,8.8,55,0.0
2021/01/03,1019.0,1021.1,1016.3,76,54,1.7,51,9.9,46,0.0
2021/01/04,1017.5,1020.0,1014.9,94,80,0.6,95,7.1,84,6.5
2021/01/05,1017.8,1019.8,1015.9,93,83,1.9,91,7.7,86,4.5
2021/01/06,1017.2,1019.8,1014.1,90,79,2.2,90,8.2,62,4.5
2021/01/07,1020.2,1023.4,1017.0,95,90,2.2,84,8.2,82,13.0
2021/01/08,1023.5,1024.5,1022.1,91,72,0.9,87,6.0,73,10.5
2021/01/09,1023.0,1024.6,1020.7,65,54,1.8,38,8.2,21,0.0
2021/01/10,1020.7,1023.2,1018.2,64,53,2.7,89,10.4,49,0.0
2021/01/11,1021.2,1023.1,1019.3,95,83,1.1,68,9.9,27,24.5
2021/01/12,1020.0,1022.8,1017.6,77,51,1.1,82,6.0,78,2.5
2021/01/13,1015.9,1018.2,1011.9,66,33,0.9,38,7.1,6,0.0
2021/01/14,1013.9,1016.2,1011.5,74,37,1.0,41,6.0,70,0.0
2021/01/15,1012.6,1014.9,1009.1,76,26,0.6,183,4.9,6,0.0
2021/01/16,1015.4,1020.4,1012.7,73,47,2.7,80,12.6,104,0.5
2021/01/17,1022.7,1024.9,1020.3,80,72,2.3,89,8.8,74,0.0
2021/01/18,1019.9,1022.6,1017.3,66,54,2.9,76,9.9,82,0.0
2021/01/19,1017.2,1018.9,1014.9,63,50,3.4,55,12.1,58,0.0
2021/01/20,1014.2,1016.3,1011.9,67,56,3.1,81,11.5,108,0.0
2021/01/21,1011.6,1014.0,1008.3,74,40,0.6,56,5.5,77,0.0
2021/01/22,1008.2,1009.9,1006.1,82,66,2.1,43,9.9,60,0.0
2021/01/23,1010.6,1015.0,1007.6,89,74,0.8,91,6.6,97,0.0
2021/01/24,1015.3,1016.7,1014.0,73,64,3.0,38,11.5,48,0.0
2021/01/25,1014.9,1017.1,1012.9,74,53,1.3,42,7.1,19,0.0
2021/01/26,1013.8,1015.4,1012.1,82,52,1.0,17,6.6,2,0.0
2021/01/27,1014.8,1016.6,1012.3,80,68,2.2,49,8.2,92,0.0
2021/01/28,1018.7,1022.2,1015.1,82,63,1.1,63,7.7,2,0.0
2021/01/29,1021.1,1020.9,1019.3,58,46,3.5,64,13.2,28,0.0
2021/01/30,1018.9,1020.7,1016.0,59,42,2.4,94,9.3,76,0.0
2021/01/31,1018.0,1020.4,1015.5,73,39,0.6,158,4.9,17,0.0
2021/02/01,1015.6,1017.9,1013.2,73,42,0.7,258,5.5,286,0.0
2021/02/02,1018.9,1021.1,1015.1,80,67,1.8,81,9.3,71,0.0
2021/02/03,1018.7,1020.9,1015.6,59,46,2.9,72,11.0,48,0.0
2021/02/04,1018.0,1020.3,1015.7,66,51,2.7,72,11.5,81,0.0
2021/02/05,1015.1,1017.0,1012.2,67,42,1.4,76,6.6,49,0.0
2021/02/06,1014.2,1016.5,1012.4,77,42,0.8,35,5.5,284,0.0
2021/02/07,1014.2,1016.2,1011.6,74,44,1.4,44,7.7,55,0.0
2021/02/08,1017.6,1021.2,1014.3,79,71,2.5,65,9.3,85,0.0
2021/02/09,1017.7,1020.1,1014.3,76,67,3.1,49,11.5,54,0.0
2021/02/10,1010.0,1014.5,1006.8,74,53,2.9,40,12.1,89,3.0
2021/02/11,1007.5,1010.2,1005.0,95,83,0.7,268,6.0,103,19.0
2021/02/12,1011.1,1013.5,1009.1,89,68,1.5,72,9.3,28,4.5
2021/02/13,1013.2,1014.9,1011.8,90,77,1.0,95,7.1,86,6.0
2021/02/14,1011.0,1012.8,1009.0,87,68,0.5,169,6.0,14,2.5
2021/02/15,1012.5,1014.0,1010.4,73,48,2.1,78,10.4,39,0.0
2021/02/16,1012.3,1015.0,1009.6,65,41,1.4,40,7.1,57,0.0
2021/02/17,1019.1,1022.4,1014.8,79,62,1.5,3,8.2,9,8.5
2021/02/18,1023.6,1025.9,1022.0,54,32,2.4,95,10.4,354,0.0
2021/02/19,1019.6,1023.4,1016.6,58,40,2.0,37,8.8,55,0.0
2021/02/20,1016.3,1018.9,1013.4,73,24,0.8,169,5.5,30,0.0
2021/02/21,1014.2,1016.7,1011.6,73,33,0.7,139,7.1,248,0.0
2021/02/22,1012.8,1014.8,1009.6,71,32,0.6,30,6.6,332,0.0
2021/02/23,1012.2,1014.5,1009.4,72,41,2.2,47,11.0,23,0.0
2021/02/24,1009.5,1012.2,1006.9,64,43,2.3,53,9.3,66,0.0
2021/02/25,1006.8,1008.5,1004.6,73,47,0.9,39,6.6,268,0.0
2021/02/26,1007.2,1010.2,1004.9,82,58,0.9,325,6.0,97,0.0
2021/02/27,1012.3,1014.6,1009.6,94,86,0.7,65,5.5,324,4.5
2021/02/28,1013.5,1015.6,1011.5,86,71,0.8,61,6.0,30,0.0
2021/03/01,1012.5,1015.4,1010.1,82,56,0.7,265,7.1,272,0.0
2021/03/02,1018.3,1021.2,1012.4,89,80,2.1,84,8.2,141,14.5
2021/03/03,1017.3,1020.5,1015.1,84,75,2.1,50,8.8,111,0.0
2021/03/04,1015.9,1017.7,1013.7,91,73,0.6,15,5.5,283,1.0
2021/03/05,1013.8,1016.8,1011.2,84,68,1.5,27,8.2,36,0.5
2021/03/06,1014.8,1018.2,1012.3,96,90,0.6,15,9.9,297,35.5
2021/03/07,1017.0,1019.3,1015.2,93,85,1.6,86,8.2,111,2.5
2021/03/08,1017.8,1019.4,1015.7,89,84,2.0,64,11.0,57,0.0
2021/03/09,1017.4,1019.5,1015.1,85,67,2.0,44,9.3,77,0.0
2021/03/10,1018.4,1020.5,1016.5,80,67,3.1,67,13.2,45,0.0
2021/03/11,1016.0,1017.9,1014.1,79,53,1.0,30,7.1,24,0.0
2021/03/12,1016.7,1018.3,1015.2,83,66,2.0,70,11.0,74,0.0
2021/03/13,1016.2,1018.2,1014.4,66,56,3.1,47,10.4,4,0.0
2021/03/14,1013.4,1016.0,1011.5,66,55,2.7,36,10.4,77,0.0
2021/03/15,1011.0,1013.0,1008.5,75,44,0.6,171,4.9,64,0.0
2021/03/16,1010.4,1012.6,1007.7,73,39,0.7,7,6.6,18,0.0
2021/03/17,1010.9,1012.1,1009.5,85,66,1.2,266,6.6,269,0.0
2021/03/18,1010.6,1012.7,1008.5,86,68,0.6,30,4.1,277,0.0
2021/03/19,1009.2,1011.2,1007.1,83,63,0.7,194,6.0,262,0.0
2021/03/20,1008.2,1010.5,1005.8,80,57,1.2,26,7.7,88,0.0
,1015.9,--,--,83,--,2.6,90,--,--,0.0
2021/03/22,1021.8,1023.8,1019.8,89,70,2.2,87,8.8,48,12.5
2021/03/23,1016.8,1021.3,1013.3,67,59,2.4,57,10.4,85,0.0
2021/03/24,1014.1,1016.2,1012.2,95,83,0.5,117,5.5,297,17.0
2021/03/25,1015.4,1018.3,1013.8,83,59,1.7,70,8.8,56,0.0
2021/03/26,1011.7,1014.4,1009.9,75,43,0.9,33,6.0,263,0.0
2021/03/27,1008.2,1011.2,1004.4,78,48,0.7,57,7.7,266,0.0
2021/03/28,1005.5,1006.9,1003.3,83,55,0.8,9,8.2,259,0.0
2021/03/29,1004.7,1007.6,1001.0,82,57,0.5,190,4.9,8,0.0
2021/03/30,1003.5,1006.3,1001.2,83,61,0.7,33,8.2,326,0.0
2021/03/31,1004.5,1006.2,1002.7,89,64,0.7,151,4.9,330,0.5
2021/04/01,1004.7,1006.7,1002.8,84,60,0.5,3,4.9,264,0.0
2021/04/02,1006.8,1008.8,1005.5,83,53,0.6,44,6.0,20,0.0
2021/04/03,1008.6,1010.7,1006.3,82,56,1.1,256,6.6,2,0.0
2021/04/04,1013.4,1017.1,1009.6,82,65,3.0,70,11.0,69,0.0
,1016.2,--,--,59,--,2.7,62,--,--,0.0
2021/04/06,1015.3,1017.6,1013.4,67,53,2.2,54,9.3,18,0.0
2021/04/07,1013.1,1016.5,1010.5,64,45,2.9,41,12.1,69,0.0
2021/04/08,1012.0,1015.6,1008.5,84,71,1.4,87,8.2,56,0.5
2021/04/09,1015.8,1017.3,1013.3,89,83,2.7,82,8.8,86,1.0
2021/04/10,1016.8,1018.3,1015.5,88,82,2.0,79,7.7,93,0.0
2021/04/11,1014.5,1017.2,1012.1,81,52,0.7,27,7.1,18,0.0
2021/04/12,1012.4,1014.8,1010.4,79,49,0.8,284,7.1,296,0.0
2021/04/13,1011.5,1013.2,1010.2,84,50,1.2,65,7.7,88,0.0
2021/04/14,1012.5,1014.1,1011.2,85,79,2.7,67,9.9,36,0.0
2021/04/15,1010.7,1012.4,1008.4,84,76,1.9,40,8.8,43,0.0
2021/04/16,1011.0,1012.7,1008.3,83,64,1.6,23,6.0,56,0.0
2021/04/17,1014.0,1015.9,1011.5,72,41,2.0,54,10.4,77,1.5
2021/04/18,1013.9,1016.1,1011.8,60,51,3.7,49,13.7,59,0.0
2021/04/19,1010.4,1012.4,1009.3,62,48,3.4,44,12.1,31,0.0
2021/04/20,1009.0,1010.6,1007.3,58,41,3.4,61,13.7,117,0.0
2021/04/21,1007.7,1009.6,1005.4,66,44,3.0,45,11.0,110,0.0
2021/04/22,1003.8,1006.7,1001.0,75,56,1.6,58,9.9,66,0.0
2021/04/23,1005.1,1007.6,1002.7,83,65,1.5,73,7.7,332,0.0
,1007.6,--,--,74,--,2.0,55,--,--,0.0
2021/04/25,1009.8,1012.2,1006.9,74,62,2.2,79,10.4,30,0.0
2021/04/26,1010.2,1011.8,1007.8,59,46,2.7,86,12.1,25,0.0
2021/04/27,1011.8,1014.3,1010.2,80,48,0.6,62,6.6,320,1.5
2021/04/28,1012.2,1014.1,1009.8,97,90,0.3,145,3.0,303,19.0
2021/04/29,1010.3,1012.7,1007.9,96,76,0.5,66,6.0,328,35.0
2021/04/30,1008.2,1010.5,1005.2,74,28,0.5,56,6.6,273,0.0
2021/05/01,1008.5,1010.5,1006.2,76,39,0.5,73,5.5,311,0.0
2021/05/02,1011.1,1013.0,1009.8,74,47,1.3,52,8.2,84,0.0
2021/05/03,1010.2,1011.9,1008.8,75,62,1.5,95,8.8,77,0.0
2021/05/04,1008.1,1010.1,1005.5,74,47,0.7,46,7.1,15,0.0
2021/05/05,1011.8,1014.3,1007.9,86,75,2.0,84,11.5,60,1.5
2021/05/06,1011.9,1013.7,1009.8,82,64,0.9,14,6.6,44,0.0
2021/05/07,1009.0,1011.2,1006.3,79,56,0.9,271,8.8,274,0.0
,1006.9,--,--,85,--,0.9,306,--,--,0.5
2021/05/09,1006.3,1008.5,1004.3,81,56,0.7,275,6.6,5,0.0
,1005.4,--,--,77,--,0.9,31,--,--,0.0
2021/05/11,1004.5,1006.7,1002.5,78,45,0.6,49,6.6,271,0.0
2021/05/12,1004.9,1007.2,1002.7,72,40,0.9,55,8.2,313,0.0
2021/05/13,1005.9,1007.6,1003.8,74,53,0.7,275,7.7,251,0.0
2021/05/14,1006.5,1008.7,1005.0,80,55,0.5,167,6.0,276,0.0
2021/05/15,1005.9,1008.4,1003.8,79,49,0.7,4,6.6,28,0.0
,1005.3,--,--,74,--,0.8,269,--,--,0.0
2021/05/17,1006.4,1007.9,1005.0,74,52,1.1,73,7.1,276,0.0
2021/05/18,1006.9,1008.3,1005.1,80,60,0.8,289,8.2,85,0.0
2021/05/19,1005.5,1007.4,1003.9,81,51,0.6,3,6.6,326,0.0
2021/05/20,1005.0,1006.6,1003.3,72,42,1.0,57,8.2,266,0.0
2021/05/21,1004.9,1006.5,1002.8,75,48,1.1,30,9.9,257,6.5
2021/05/22,1004.5,1006.3,1002.5,79,52,1.2,271,10.4,256,0.0
2021/05/23,1005.2,1006.8,1003.4,76,51,0.7,139,7.7,328,0.0
2021/05/24,1006.9,1010.1,1004.6,82,51,1.4,49,9.3,301,25.5
2021/05/25,1007.8,1010.2,1005.6,83,57,1.3,49,7.7,57,0.0
2021/05/26,1005.5,1007.8,1003.0,76,54,1.0,164,9.3,260,0.5
2021/05/27,1004.4,1006.7,1002.8,69,36,1.6,262,12.1,259,0.0
2021/05/28,1004.2,1006.6,1000.8,70,39,1.9,3,12.6,259,0.0
2021/05/29,1003.4,1005.1,1001.0,88,77,0.9,266,6.6,55,3.0
2021/05/30,1001.7,1003.6,999.9,93,72,0.4,7,6.0,350,43.5
2021/05/31,1003.4,1005.0,1001.0,97,86,0.9,36,5.5,69,57.0
2021/06/01,1004.5,1006.2,1003.2,90,63,0.5,34,6.0,66,47.5
2021/06/02,1004.9,1006.7,1002.8,86,56,0.7,58,6.0,329,3.5
2021/06/03,1002.9,1005.8,1000.1,77,48,0.9,143,7.1,258,0.0
2021/06/04,1001.2,1002.3,999.9,90,58,0.5,27,8.2,325,144.5
2021/06/05,1001.0,1003.4,999.4,97,91,0.8,42,8.8,72,21.5
2021/06/06,1003.5,1006.8,1001.2,95,90,1.2,52,6.0,74,9.0
2021/06/07,1006.8,1008.4,1005.4,89,65,0.9,40,5.5,21,2.5
,1007.0,--,--,83,--,0.8,12,--,--,1.5
2021/06/09,1005.6,1007.7,1003.4,80,58,0.7,84,6.6,1,0.0
2021/06/10,1003.9,1005.7,1001.4,77,50,1.0,17,7.1,327,6.0
2021/06/11,1004.7,1007.2,1002.7,75,50,0.9,178,7.1,294,0.0
2021/06/12,1006.8,1009.3,1004.9,75,49,1.1,161,7.7,311,1.5
,1006.3,--,--,81,--,0.8,92,--,--,0.0
,1002.3,--,--,72,--,1.7,266,--,--,0.0
,999.9,--,--,72,--,1.7,267,--,--,0.0
,1000.8,--,--,63,--,2.2,260,--,--,0.0
2021/06/17,1002.1,1003.6,1000.6,61,46,1.8,263,11.5,268,0.0
2021/06/18,1000.8,1002.8,998.3,61,45,1.8,243,15.4,268,0.0
2021/06/19,998.7,1000.7,996.3,61,44,1.5,204,12.1,276,0.0
2021/06/20,997.8,999.1,995.5,66,47,1.4,156,12.6,268,0.0
2021/06/21,998.5,1001.0,996.9,66,49,1.8,256,13.7,270,0.0
,1001.4,--,--,90,--,0.9,46,--,--,21.0
2021/06/23,1004.3,1006.6,1002.2,94,78,1.1,72,7.1,71,34.5
2021/06/24,1004.3,1005.6,1003.0,93,76,0.4,107,4.9,88,5.5
2021/06/25,1004.0,1005.6,1002.4,93,73,0.3,173,6.0,271,9.5
2021/06/26,1003.6,1005.4,1001.7,79,53,1.2,261,12.1,273,0.5
,1001.7,--,--,71,--,1.1,106,--,--,0.0
,1000.1,--,--,69,--,1.3,238,--,--,0.0
,1000.7,--,--,65,--,1.7,264,--,--,0.0
,1002.0,--,--,71,--,1.7,268,--,--,0.0
,1002.6,--,--,71,--,1.7,203,--,--,0.0
2021/07/02,1003.7,1005.1,1001.7,71,50,1.0,156,7.1,290,0.0
2021/07/03,1003.9,1005.8,1001.3,80,41,0.7,180,7.1,49,24.5
2021/07/04,1005.4,1007.4,1004.1,81,58,0.8,320,6.0,294,0.0
2021/07/05,1004.1,1006.1,1001.9,69,50,1.4,68,11.5,96,0.0
2021/07/06,1002.7,1008.2,999.1,71,52,1.5,75,11.0,80,0.0
,1008.3,--,--,81,--,0.5,173,--,--,0.0
2021/07/08,1008.2,1010.4,1006.1,77,51,1.0,179,7.1,298,0.0
2021/07/09,1006.7,1008.2,1004.6,70,39,0.8,63,7.7,299,0.0
2021/07/10,1007.7,1009.8,1006.5,77,58,0.8,202,7.1,35,0.0
2021/07/11,1008.8,1010.1,1007.3,75,50,0.7,167,6.6,276,0.0
2021/07/12,1007.9,1009.6,1006.2,85,53,0.7,156,6.0,21,16.5
2021/07/13,1006.4,1008.3,1004.6,84,53,0.6,35,7.7,325,50.0
2021/07/14,1005.8,1008.2,1003.5,73,48,1.1,76,7.7,23,0.0
2021/07/15,1005.3,1006.8,1002.9,66,49,1.7,98,9.9,90,0.0
,1004.9,--,--,65,--,1.4,79,--,--,0.0
2021/07/17,1001.9,1004.1,999.4,63,44,1.9,77,9.3,67,0.0
2021/07/18,1000.7,1002.1,998.8,64,50,1.8,49,8.8,56,0.0
2021/07/19,1000.6,1002.1,998.8,64,46,2.3,72,10.4,79,0.0
2021/07/20,1001.2,1002.8,999.4,71,52,2.2,67,10.4,23,1.0
2021/07/21,999.6,1001.6,997.1,87,57,1.0,81,13.2,320,41.5
2021/07/22,994.2,997.2,992.0,95,79,0.7,11,8.2,360,70.5
2021/07/23,991.1,993.0,989.0,93,77,1.2,356,12.1,71,69.5
2021/07/24,990.8,992.3,988.5,83,61,2.3,267,13.2,291,75.5
2021/07/25,991.3,992.7,988.3,64,38,2.4,261,16.0,277,1.5
2021/07/26,992.3,993.9,990.1,66,46,1.3,266,8.2,261,0.0
2021/07/27,992.3,994.0,989.6,72,44,1.0,18,7.1,360,0.0
2021/07/28,994.3,997.1,991.3,81,43,0.9,20,8.8,57,37.0
,997.6,--,--,88,--,0.6,184,--,--,50.5
2021/07/30,998.7,1000.1,997.1,88,53,0.6,127,7.7,136,0.5
2021/07/31,997.8,999.5,994.9,91,59,0.7,32,12.1,271,29.0
,995.0,--,--,88,--,0.4,18,--,--,0.5
2021/08/02,995.1,996.7,993.8,90,57,0.7,36,9.3,121,52.5
2021/08/03,995.7,997.7,994.1,91,71,0.6,264,6.6,277,0.5
2021/08/04,997.0,998.4,995.3,90,66,0.7,49,5.5,241,9.0
2021/08/05,996.1,997.5,995.2,89,65,0.5,31,7.1,255,1.0
2021/08/06,995.0,997.4,992.4,94,85,0.5,51,4.9,37,18.0
2021/08/07,995.6,1000.7,991.8,98,93,1.1,261,9.9,277,136.0
,1001.3,--,--,80,--,1.2,267,--,--,0.0
,1003.7,--,--,87,--,0.7,9,--,--,12.0
2021/08/10,1004.7,1006.1,1003.5,86,60,0.8,40,7.1,72,0.0
2021/08/11,1006.3,1007.9,1004.4,82,56,0.5,170,6.0,332,0.0
2021/08/12,1005.9,1008.2,1003.2,82,54,0.9,267,7.7,261,0.0
2021/08/13,1003.7,1005.1,1001.6,89,51,0.4,32,11.0,254,47.0
2021/08/14,1004.3,1007.3,1002.2,88,53,0.5,30,4.9,45,70.5
2021/08/15,1007.9,1010.2,1005.8,86,67,0.4,108,3.8,296,0.5
,1009.2,--,--,81,--,0.6,32,--,--,0.0
,1007.1,--,--,78,--,0.9,260,--,--,0.0
2021/08/18,1005.8,1007.2,1004.4,81,64,0.8,54,6.6,294,0.0
2021/08/19,1006.2,1007.7,1004.4,86,53,0.7,157,10.4,168,24.5
,1006.8,--,--,84,--,0.8,21,--,--,13.5
2021/08/21,1005.9,1007.4,1003.4,87,53,0.7,48,7.1,11,19.5
2021/08/22,1004.4,1006.7,1001.9,81,54,0.8,321,6.6,328,0.0
2021/08/23,1004.1,1005.2,1002.5,78,51,0.7,8,6.0,308,0.0
2021/08/24,1005.3,1007.1,1003.5,87,52,0.6,166,6.6,353,15.0
2021/08/25,1007.0,1009.6,1005.0,88,48,0.5,19,7.1,267,41.0
2021/08/26,1008.7,1010.1,1006.3,78,53,0.8,35,6.6,38,0.0
2021/08/27,1008.5,1009.8,1006.6,77,50,0.6,14,4.9,272,0.0
2021/08/28,1007.6,1009.1,1004.7,72,50,1.5,34,9.9,36,0.0
2021/08/29,1007.4,1009.0,1005.5,67,54,1.7,84,7.7,101,0.0
,1007.9,--,--,67,--,1.5,67,--,--,0.0
,1007.4,--,--,71,--,1.6,49,--,--,0.0
2021/09/01,1006.7,1008.4,1004.9,74,50,0.9,25,6.0,298,0.0
2021/09/02,1005.8,1007.7,1003.6,85,57,0.7,176,7.7,150,27.0
2021/09/03,1004.6,1006.1,1002.5,80,51,0.8,10,6.0,38,0.0
2021/09/04,1006.1,1007.7,1005.1,86,51,0.9,4,6.0,326,2.0
2021/09/05,1006.1,1007.9,1003.9,77,55,1.4,80,7.7,105,3.5
2021/09/06,1007.8,1009.5,1005.8,85,54,0.6,13,6.6,144,42.0
2021/09/07,1007.0,1009.1,1004.0,76,50,0.9,14,7.7,71,0.0
2021/09/08,1005.7,1006.9,1003.5,70,47,1.4,86,11.0,53,0.0
2021/09/09,1005.5,1006.8,1004.0,63,43,1.5,86,8.2,94,0.0
2021/09/10,1004.1,1006.1,1002.2,67,51,1.7,84,10.4,120,0.0
2021/09/11,997.8,1003.4,994.5,73,54,2.6,62,14.3,103,0.5
2021/09/12,993.8,998.9,990.1,87,70,2.5,264,12.1,323,64.5
2021/09/13,1001.9,1006.1,997.9,68,53,1.7,194,12.1,268,0.0
2021/09/14,1007.1,1008.9,1005.4,76,58,1.0,160,7.7,275,0.0
2021/09/15,1007.3,1009.1,1004.7,79,57,1.0,4,6.0,360,0.5
2021/09/16,1006.1,1007.8,1003.8,85,60,0.6,4,7.7,308,4.0
2021/09/17,1007.2,1008.7,1005.7,84,57,1.0,54,6.0,327,6.5
2021/09/18,1008.5,1010.1,1006.8,80,52,1.3,23,7.1,60,1.5
2021/09/19,1008.0,1009.6,1005.8,78,48,0.6,182,6.0,9,0.0
2021/09/20,1007.1,1009.4,1003.6,74,45,0.8,50,6.6,282,0.0
2021/09/21,1006.3,1008.3,1003.9,77,49,0.8,157,9.9,129,0.0
2021/09/22,1008.4,1010.7,1006.0,74,50,0.7,34,5.5,279,0.0
2021/09/23,1010.4,1012.1,1007.7,72,53,1.6,54,7.7,84,0.0
2021/09/24,1010.9,1012.4,1008.8,71,55,2.5,57,11.0,56,0.0
2021/09/25,1010.0,1011.6,1008.0,71,58,2.7,56,9.3,68,0.0
2021/09/26,1008.6,1010.0,1006.1,73,58,2.4,54,10.4,28,0.0
2021/09/27,1006.9,1008.5,1004.4,74,57,2.2,71,9.3,99,0.0
2021/09/28,1005.6,1007.2,1003.0,71,49,1.9,66,9.3,66,0.0
2021/09/29,1004.1,1006.0,1001.2,73,44,0.9,12,6.0,34,0.0
2021/09/30,1004.7,1006.6,1001.8,76,49,0.8,3,6.0,88,0.0
2021/10/01,1006.5,1008.7,1004.5,83,64,0.9,94,6.0,329,2.5
2021/10/02,1008.5,1010.2,1006.8,74,59,2.0,74,9.3,58,0.0
,1009.3,--,--,58,--,3.1,56,--,--,0.0
2021/10/04,1009.6,1011.2,1008.0,62,44,3.0,55,12.1,59,0.0
2021/10/05,1008.8,1010.8,1006.3,63,47,3.2,71,11.0,99,0.0
2021/10/06,1005.8,1008.8,1003.0,65,53,3.1,45,13.7,120,0.0
2021/10/07,1004.3,1006.3,1002.5,63,51,2.5,95,9.9,68,0.0
2021/10/08,1005.3,1007.3,1003.3,65,53,2.5,93,11.5,100,0.0
2021/10/09,1006.7,1008.5,1004.9,67,57,3.2,74,13.2,95,0.0
2021/10/10,1005.6,1007.3,1003.3,68,48,3.0,69,11.5,78,2.5
2021/10/11,1002.0,1005.5,999.0,94,84,3.1,61,13.7,65,114.0
2021/10/12,1000.3,1004.0,996.8,87,74,3.1,58,14.3,24,33.5
2021/10/13,1005.3,1007.8,1002.9,85,77,2.2,71,9.3,89,7.0
2021/10/14,1007.1,1008.9,1005.4,76,68,2.5,69,9.9,130,0.5
2021/10/15,1007.2,1008.7,1005.4,65,53,2.5,54,13.2,163,0.0
2021/10/16,1011.2,1017.3,1007.7,73,49,2.2,59,11.5,32,11.0
2021/10/17,1018.1,1019.8,1016.7,76,62,2.3,95,9.3,65,0.0
2021/10/18,1015.5,1017.2,1013.7,76,60,2.0,88,9.3,76,0.0
2021/10/19,1015.2,1017.1,1013.2,75,62,1.7,82,8.2,80,0.0
2021/10/20,1013.0,1015.6,1010.7,82,71,1.5,58,8.2,28,0.0
2021/10/21,1012.6,1015.7,1009.9,91,82,0.9,76,6.0,32,8.5
2021/10/22,1017.1,1019.3,1014.4,95,90,1.3,86,7.7,78,25.0
2021/10/23,1017.5,1018.9,1016.0,90,73,2.3,60,8.8,92,6.0
2021/10/24,1015.7,1017.4,1013.9,97,91,0.9,36,5.5,61,27.5
2021/10/25,1014.6,1016.0,1012.9,92,75,1.3,93,7.1,67,2.5
2021/10/26,1013.2,1014.8,1011.3,75,67,2.5,79,9.9,58,0.0
,1014.6,--,--,73,--,2.4,91,--,--,0.0
2021/10/28,1015.8,1017.6,1014.1,65,50,2.1,71,9.3,56,0.0
2021/10/29,1016.1,1018.1,1014.6,72,57,1.2,90,8.2,121,0.0
2021/10/30,1016.7,1018.3,1014.6,80,73,0.9,82,4.9,125,0.5
2021/10/31,1016.3,1017.7,1013.9,78,67,1.9,94,9.3,47,0.0
2021/11/01,1016.6,1017.8,1014.9,75,67,2.4,48,8.8,62,0.0
,1015.7,--,--,77,--,2.2,79,--,--,0.0
2021/11/03,1013.7,1015.4,1012.2,77,69,2.6,45,9.3,29,0.0
2021/11/04,1012.2,1013.9,1011.1,80,72,2.0,34,8.8,43,0.0
2021/11/05,1008.9,1011.6,1005.7,82,56,0.4,42,5.5,327,0.0
2021/11/06,1007.6,1009.8,1005.0,81,64,0.8,81,6.6,101,0.0
2021/11/07,1009.0,1011.2,1006.1,76,61,1.6,40,8.8,71,0.0
2021/11/08,1014.4,1018.5,1008.0,84,69,2.1,95,9.3,72,50.5
2021/11/09,1016.7,1019.3,1013.8,64,57,2.4,83,8.2,98,0.0
2021/11/10,1015.5,1017.4,1013.2,64,50,1.0,34,4.9,58,0.0
,1014.7,--,--,62,--,1.8,48,--,--,0.0
2021/11/12,1016.5,1020.0,1013.8,74,61,2.5,92,9.9,85,4.5
2021/11/13,1015.8,1017.4,1013.5,91,78,1.5,38,8.2,15,7.5
2021/11/14,1016.0,1018.1,1014.4,82,71,1.6,89,8.2,88,0.0
2021/11/15,1014.1,1016.5,1012.4,67,56,2.8,93,11.5,86,0.0
,1013.5,--,--,67,--,1.9,64,--,--,0.0
,1012.5,--,--,78,--,2.0,64,--,--,0.0
2021/11/18,1010.8,1013.9,1008.5,95,89,0.5,139,6.6,4,5.5
2021/11/19,1009.2,1011.1,1007.4,87,71,1.3,72,7.1,98,1.5
2021/11/20,1010.3,1012.3,1008.3,86,76,1.5,49,9.9,84,1.5
2021/11/21,1010.0,1011.6,1008.0,79,57,0.6,178,7.7,81,0.0
2021/11/22,1015.0,1019.3,1009.5,94,89,1.0,85,7.7,81,28.0
2021/11/23,1018.9,1020.3,1017.7,93,83,1.9,80,6.6,80,4.0
2021/11/24,1017.2,1019.5,1015.5,75,66,2.5,63,9.3,92,0.0
2021/11/25,1015.2,1016.8,1013.4,88,78,1.8,53,9.3,76,0.0
2021/11/26,1017.2,1020.9,1014.4,94,83,2.1,91,7.1,53,7.5
2021/11/27,1019.2,1020.9,1017.8,91,77,2.4,61,9.3,81,10.0
2021/11/28,1015.9,1018.5,1014.0,76,62,2.7,51,12.1,117,0.5
,1012.0,--,--,70,--,2.9,78,--,--,0.0
2021/11/30,1014.3,1019.5,1010.8,81,59,1.3,97,9.3,99,1.0
2021/12/01,1019.9,1021.7,1017.7,59,47,2.2,92,10.4,60,0.0
2021/12/02,1017.8,1019.3,1015.4,69,55,1.3,82,7.1,115,0.0
2021/12/03,1019.2,1021.2,1016.6,65,37,1.5,109,9.3,22,0.0
2021/12/04,1019.6,1021.3,1017.6,57,40,2.5,68,12.1,29,0.0
2021/12/05,1017.5,1019.6,1015.1,80,64,1.9,47,8.8,17,0.0
2021/12/06,1016.6,1018.3,1015.0,89,66,1.6,69,9.3,25,7.5
2021/12/07,1019.7,1021.3,1017.8,80,65,2.1,93,9.3,60,8.0
2021/12/08,1019.8,1021.7,1017.6,64,42,2.7,75,11.0,61,0.0
2021/12/09,1018.1,1019.2,1016.7,74,63,2.1,50,9.3,40,0.0
2021/12/10,1017.2,1019.3,1015.2,72,62,2.5,61,11.0,54,0.0
2021/12/11,1017.0,1019.3,1014.5,75,47,1.7,45,7.7,68,0.0
2021/12/12,1018.8,1021.1,1016.5,93,83,0.9,88,7.7,95,9.0
2021/12/13,1019.4,1021.7,1017.3,90,82,2.1,87,8.2,92,3.0
2021/12/14,1015.0,1017.8,1012.1,75,61,2.2,35,9.3,21,0.0
,1013.0,--,--,82,--,0.6,59,--,--,0.0
2021/12/16,1013.2,1015.0,1010.5,81,45,0.5,33,6.0,7,0.0
2021/12/17,1019.1,1024.3,1014.6,81,63,1.6,93,10.4,62,1.0
2021/12/18,1022.2,1023.9,1020.4,71,60,2.2,88,9.3,78,0.0
2021/12/19,1019.9,1022.7,1017.1,61,47,3.1,69,13.2,53,0.0
2021/12/20,1015.8,1017.4,1014.3,73,58,1.2,37,6.6,51,0.0
2021/12/21,1012.0,1014.5,1008.3,96,87,0.2,159,4.9,349,17.0
2021/12/22,1013.9,1015.6,1011.1,96,86,1.0,14,7.1,71,13.0
2021/12/23,1013.1,1015.1,1011.0,90,81,1.1,86,7.1,93,0.0
2021/12/24,1013.9,1017.7,1011.2,95,69,0.5,274,6.6,131,1.0
2021/12/25,1021.5,1025.5,1017.2,91,69,2.0,83,9.3,92,3.5
2021/12/26,1025.9,1027.8,1024.3,92,85,2.8,85,9.9,69,0.5
,1025.4,--,--,93,--,2.2,70,--,--,5.0
2021/12/28,1020.9,1024.2,1018.4,85,71,1.6,64,9.3,25,0.0
2021/12/29,1020.3,1022.4,1018.8,89,72,0.5,6,6.0,6,0.0
2021/12/30,1023.1,1024.9,1021.6,70,63,2.4,85,8.8,66,0.0
2021/12/31,1023.1,1024.6,1021.1,73,65,2.6,85,9.3,84,0.0
2022/01/01,1021.5,1023.8,1019.5,83,67,0.9,52,4.9,27,0.0
2022/01/02,1020.4,1022.6,1018.8,84,69,1.6,60,8.2,54,0.0
,1018.7,--,--,77,--,2.0,54,--,--,0.0
2022/01/04,1017.3,1019.8,1015.0,85,74,2.5,33,10.4,87,0.0
2022/01/05,1014.7,1016.7,1013.0,88,73,0.6,154,5.5,263,0.0
2022/01/06,1018.9,1022.3,1015.9,90,76,2.3,84,9.3,79,7.0
,1020.3,--,--,85,--,2.3,87,--,--,6.0
2022/01/08,1017.8,1020.0,1016.0,79,70,2.5,84,11.5,64,0.5
2022/01/09,1014.8,1016.2,1012.2,79,65,1.8,46,8.2,81,0.0
2022/01/10,1013.7,1015.5,1010.5,85,68,1.8,41,8.8,21,0.5
,1018.4,--,--,86,--,1.4,102,--,--,13.0
,1018.2,--,--,80,--,1.6,77,--,--,0.0
2022/01/13,1019.5,1021.5,1017.4,81,63,0.8,58,7.1,51,0.0
2022/01/14,1018.3,1021.0,1014.5,65,53,2.1,56,8.8,62,0.0
2022/01/15,1017.9,1020.6,1015.7,83,55,0.9,55,6.6,108,0.5
2022/01/16,1017.9,1019.4,1015.7,85,62,1.6,85,9.9,95,0.0
2022/01/17,1018.6,1020.3,1016.8,96,89,2.3,59,8.2,49,10.0
2022/01/18,1017.7,1019.9,1015.7,92,82,2.5,62,9.3,56,2.5
2022/01/19,1016.2,1017.9,1014.5,88,78,2.3,63,9.9,65,0.0
,1016.5,--,--,82,--,2.7,52,--,--,0.5
2022/01/21,1015.9,1019.3,1013.3,94,83,2.3,43,8.8,44,30.0
2022/01/22,1011.8,1015.6,1008.0,94,77,1.2,41,10.4,113,40.5
2022/01/23,1009.0,1011.1,1007.3,96,75,0.5,141,6.6,250,0.0
2022/01/24,1012.6,1014.5,1010.2,97,92,0.9,63,8.2,77,6.5
2022/01/25,1014.0,1016.1,1011.5,83,67,2.2,39,9.9,32,0.0
,1013.7,--,--,84,--,1.4,40,--,--,0.0
2022/01/27,1014.3,1016.1,1011.5,83,61,1.5,70,9.9,74,0.0
2022/01/28,1014.3,1016.1,1011.9,92,84,2.8,52,11.0,15,0.5
2022/01/29,1011.4,1014.0,1009.0,92,82,2.4,91,8.8,71,4.5
,1015.5,--,--,92,--,1.1,314,--,--,11.5
2022/01/31,1017.7,1019.5,1016.0,70,56,3.1,71,11.5,58,0.5
2022/02/01,1016.3,1018.5,1014.5,89,74,1.0,25,7.7,71,13.0
2022/02/02,1016.7,1018.7,1015.0,96,82,1.4,83,7.7,58,3.5
2022/02/03,1015.1,1016.5,1012.3,99,95,0.7,52,6.0,54,36.5
2022/02/04,1018.5,1021.5,1015.4,97,89,1.0,88,8.2,90,12.0
2022/02/05,1021.7,1022.8,1020.5,87,79,2.0,66,7.7,88,0.0
2022/02/06,1020.9,1023.9,1017.8,82,65,2.8,50,11.5,69,0.0
2022/02/07,1014.3,1018.1,1008.3,84,52,1.1,19,9.9,327,9.0
2022/02/08,1017.3,1020.1,1016.0,88,72,1.4,58,8.2,61,1.5
2022/02/09,1015.3,1017.7,1013.7,94,83,1.2,40,7.1,66,11.0
2022/02/10,1015.1,1017.7,1013.2,94,85,1.2,46,8.2,43,0.0
2022/02/11,1013.0,1015.4,1011.1,85,65,0.9,260,6.6,331,0.0
2022/02/12,1012.7,1014.9,1011.2,92,86,1.0,4,6.6,1,0.0
2022/02/13,1010.7,1013.8,1008.0,89,80,1.9,50,8.8,56,16.0
2022/02/14,1014.8,1017.1,1012.6,92,72,1.3,2,9.9,62,41.0
2022/02/15,1014.1,1016.0,1011.7,77,62,2.3,72,11.0,79,0.0
2022/02/16,1013.5,1015.4,1011.6,88,76,1.6,45,11.0,66,0.5
2022/02/17,1012.5,1014.5,1009.4,92,84,2.1,41,8.8,79,1.5
2022/02/18,1012.8,1015.2,1010.1,96,91,1.1,79,6.6,54,5.0
2022/02/19,1014.6,1019.2,1010.4,97,93,1.4,88,8.2,61,24.0
2022/02/20,1021.1,1023.9,1018.0,97,94,2.3,84,10.4,93,30.0
2022/02/21,1019.7,1021.9,1016.5,97,90,2.2,49,8.2,64,26.0
2022/02/22,1019.1,1020.9,1016.7,99,97,2.1,61,8.8,48,37.5
2022/02/23,1021.3,1023.9,1017.2,98,93,2.1,82,8.2,97,36.5
2022/02/24,1022.9,1024.9,1020.5,87,76,2.4,63,9.3,85,0.5
2022/02/25,1019.6,1022.4,1017.1,80,67,2.1,48,9.3,5,0.0
2022/02/26,1017.2,1019.9,1014.8,85,60,0.5,326,6.6,329,0.0
2022/02/27,1016.5,1019.3,1014.3,73,51,2.3,34,9.9,81,0.0
2022/02/28,1014.1,1017.5,1011.2,70,35,0.5,20,5.5,46,0.0
2022/03/01,1012.9,1015.2,1010.5,76,51,0.7,54,6.6,263,0.0
2022/03/02,1014.3,1015.9,1013.0,82,71,2.3,47,9.9,78,0.0
2022/03/03,1012.3,1015.6,1009.2,77,61,1.6,30,8.2,42,0.0
2022/03/04,1009.9,1012.5,1007.5,81,56,0.9,72,8.2,244,0.0
2022/03/05,1010.7,1013.4,1008.3,76,60,2.1,52,10.4,37,0.0
2022/03/06,1012.1,1014.3,1009.7,73,53,2.8,48,11.5,50,0.0
2022/03/07,1013.5,1017.6,1009.3,95,79,1.3,24,8.2,14,29.5
2022/03/08,1013.9,1016.5,1011.2,62,37,2.6,42,11.5,36,0.0
2022/03/09,1012.6,1015.3,1010.8,62,36,1.9,87,10.4,117,0.0
2022/03/10,1011.6,1014.1,1009.3,73,42,0.6,34,6.6,295,0.0
2022/03/11,1010.2,1013.2,1008.4,70,34,1.0,15,5.5,354,0.0
2022/03/12,1008.7,1010.5,1006.6,73,44,0.9,89,6.6,54,0.0
2022/03/13,1008.7,1011.2,1005.9,72,37,0.8,61,6.6,271,0.0
2022/03/14,1008.0,1010.5,1006.5,72,41,0.7,31,4.9,330,0.0
2022/03/15,1007.0,1008.9,1004.8,74,50,1.7,48,7.1,27,0.0
2022/03/16,1006.8,1009.1,1004.7,75,48,1.0,66,6.6,7,0.0
2022/03/17,1005.0,1007.7,1002.5,78,44,0.8,155,6.0,321,6.0
2022/03/18,1005.4,1007.6,1002.5,82,67,1.3,66,7.7,90,0.5
2022/03/19,1006.9,1008.8,1004.4,75,45,1.4,53,8.8,82,0.0
2022/03/20,1009.3,1011.4,1007.0,76,56,1.3,36,7.1,58,0.0
2022/03/21,1009.9,1010.8,1007.0,89,66,0.5,40,6.0,19,2.5
2022/03/22,1011.3,1013.9,1008.7,93,84,1.5,83,7.7,72,5.0
2022/03/23,1012.5,1014.8,1008.6,96,89,2.0,90,8.2,39,19.5
2022/03/24,1011.7,1013.9,1009.8,85,70,1.3,40,9.3,37,0.5
2022/03/25,1007.2,1010.0,1004.4,84,57,0.5,51,6.0,293,0.0
2022/03/26,1007.1,1012.3,1004.3,95,77,1.2,43,9.9,71,17.0
2022/03/27,1012.2,1014.9,1008.7,93,75,2.5,51,9.9,70,46.5
2022/03/28,1015.7,1018.3,1013.3,97,82,2.2,52,9.3,58,71.5
2022/03/29,1013.3,1017.7,1010.6,81,61,2.5,38,9.9,46,10.0
2022/03/30,1012.7,1014.8,1010.1,85,57,0.8,38,6.0,334,0.0
2022/03/31,1014.6,1019.4,1011.4,89,79,2.2,88,9.9,57,0.0
2022/04/01,1020.2,1022.2,1018.2,83,73,2.9,73,9.3,65,0.5
2022/04/02,1020.0,1021.5,1018.3,96,83,1.6,91,6.0,89,35.0
2022/04/03,1020.2,1021.7,1018.8,86,72,1.8,93,8.2,104,12.5
2022/04/04,1018.9,1020.5,1017.4,69,59,3.0,73,11.5,68,0.0
2022/04/05,1015.0,1018.3,1011.5,66,26,1.0,82,6.6,28,0.0
2022/04/06,1013.1,1015.4,1011.4,74,42,1.7,58,10.4,13,0.0
2022/04/07,1013.1,1014.5,1011.6,72,66,2.2,60,8.2,91,0.0
2022/04/08,1011.4,1013.6,1009.2,63,49,3.3,58,13.2,26,0.0
2022/04/09,1008.8,1010.8,1006.5,61,41,1.9,43,7.7,65,0.0
2022/04/10,1007.8,1009.8,1005.6,66,31,0.9,3,6.0,297,0.0
2022/04/11,1006.5,1009.1,1003.7,72,41,0.6,25,6.0,353,0.0
2022/04/12,1004.5,1007.0,1002.6,70,43,0.7,37,5.5,332,0.0
2022/04/13,1002.6,1004.4,1000.3,73,47,0.6,1,6.6,299,0.0
2022/04/14,1005.7,1010.3,1001.6,89,80,1.0,93,7.1,2,26.5
2022/04/15,1010.9,1013.7,1009.1,90,84,1.2,92,7.1,118,7.5
2022/04/16,1012.0,1014.7,1010.0,69,58,2.9,81,10.4,103,0.0
2022/04/17,1012.9,1014.4,1011.5,77,67,2.1,57,7.7,80,1.5
2022/04/18,1013.1,1015.5,1011.2,80,74,1.3,68,7.1,38,0.5
2022/04/19,1014.6,1015.8,1013.3,86,76,1.8,85,7.7,68,3.5
2022/04/20,1011.3,1014.8,1008.9,84,67,1.3,42,7.7,45,2.0
2022/04/21,1009.9,1012.1,1007.7,90,65,0.3,41,3.8,10,0.5
2022/04/22,1008.8,1011.1,1006.6,80,48,0.5,344,5.5,275,0.0
2022/04/23,1006.8,1008.8,1004.3,84,56,0.4,142,4.9,320,0.0
2022/04/24,1005.9,1007.5,1004.2,86,59,0.9,62,7.1,262,0.0
2022/04/25,1005.4,1007.3,1003.7,84,60,0.4,53,5.5,281,0.0
2022/04/26,1004.0,1006.1,1001.6,80,51,0.8,80,7.7,264,0.0
2022/04/27,1006.7,1009.4,1004.8,84,61,0.9,39,6.6,318,0.0
2022/04/28,1007.7,1009.2,1006.0,84,60,0.7,175,5.5,1,0.0
2022/04/29,1008.5,1012.6,1005.8,86,61,2.0,274,11.0,99,0.0
2022/04/30,1010.6,1012.6,1008.4,86,77,2.3,91,9.3,34,0.0
2022/05/01,1011.7,1014.1,1009.7,91,81,2.0,84,8.2,81,8.0
2022/05/02,1012.7,1014.3,1011.5,95,89,2.3,63,9.3,87,24.5
2022/05/03,1012.6,1013.8,1011.7,83,68,2.6,43,10.4,74,0.5
2022/05/04,1009.9,1012.6,1008.0,84,66,2.4,44,10.4,74,0.5
2022/05/05,1007.8,1008.8,1006.6,86,76,0.8,35,6.0,29,0.0
2022/05/06,1008.3,1009.9,1006.9,83,65,1.0,24,6.6,120,0.0
2022/05/07,1009.6,1011.4,1008.2,75,53,1.6,60,6.6,54,0.0
2022/05/08,1009.6,1011.2,1007.7,82,67,1.6,67,8.8,84,0.0
2022/05/09,1009.0,1010.9,1007.6,84,69,1.5,60,7.7,88,0.0
2022/05/10,1006.5,1008.6,1004.4,84,55,0.6,53,6.0,274,2.0
2022/05/11,1006.0,1007.7,1003.4,92,65,0.4,38,4.9,267,10.0
2022/05/12,1004.5,1005.0,1002.8,90,52,0.6,16,8.8,288,31.0
2022/05/13,1002.5,1005.6,1000.4,87,61,0.8,279,7.1,261,5.0
2022/05/14,1007.3,1009.5,1004.5,98,94,1.8,85,6.6,25,30.5
2022/05/15,1009.5,1011.2,1007.6,97,87,1.9,61,8.8,44,16.5
2022/05/16,1009.9,1011.0,1008.7,99,98,2.1,54,8.2,54,55.5
2022/05/17,1010.6,1012.5,1008.6,82,60,2.1,67,7.7,104,10.0
2022/05/18,1010.3,1012.3,1008.6,77,64,2.9,64,11.0,51,0.0
2022/05/19,1007.6,1009.5,1005.0,88,77,1.9,57,8.8,61,1.0
2022/05/20,1004.9,1006.7,1002.8,88,73,0.9,14,6.0,43,0.0
2022/05/21,1005.1,1006.7,1002.8,84,76,1.7,62,6.6,85,0.0
2022/05/22,1004.9,1006.1,1003.8,90,83,1.7,39,7.1,26,0.0
2022/05/23,1005.5,1007.6,1003.2,95,82,0.4,15,4.9,252,2.0
2022/05/24,1007.7,1009.5,1006.2,98,90,0.3,31,3.5,267,46.0
2022/05/25,1005.7,1008.0,1002.9,99,99,0.7,30,4.1,66,124.5
2022/05/26,1002.2,1005.0,1000.0,97,73,0.6,29,9.3,24,61.0
2022/05/27,1002.7,1004.9,1000.7,99,99,0.7,63,6.0,106,42.0
2022/05/28,1003.1,1004.7,1001.6,94,78,0.4,274,6.6,276,0.5
2022/05/29,1002.4,1003.8,1000.7,82,54,0.8,271,8.8,243,0.0
2022/05/30,1002.5,1004.9,1000.0,82,61,1.2,269,10.4,255,0.0
2022/05/31,1004.8,1006.2,1002.5,98,87,0.3,37,3.5,26,30.0
2022/06/01,1003.1,1005.5,1000.1,83,63,1.1,271,9.9,263,0.0
2022/06/02,1002.0,1003.8,1000.0,79,54,1.1,267,9.9,266,0.0
2022/06/03,1002.8,1004.4,1000.7,83,53,0.9,71,7.7,261,0.0
2022/06/04,1002.7,1004.7,1000.1,80,57,0.8,253,8.8,254,0.0
2022/06/05,999.0,1002.3,995.6,72,43,1.5,261,13.2,268,0.0
2022/06/06,998.7,1002.6,995.6,82,53,1.0,251,12.1,273,28.0
2022/06/07,1003.3,1005.6,1000.7,99,99,0.5,39,5.5,59,63.5
2022/06/08,1005.4,1006.4,1004.3,99,99,1.1,32,6.6,41,57.0
2022/06/09,1004.8,1006.0,1003.1,94,73,0.4,38,4.9,78,7.5
2022/06/10,1002.7,1004.8,1000.9,91,62,0.3,23,4.9,248,1.5
2022/06/11,1004.3,1006.9,1002.1,90,58,1.2,40,8.8,274,5.5
2022/06/12,1005.1,1006.2,1003.8,99,94,0.3,25,3.5,52,12.0
2022/06/13,1001.6,1004.2,999.6,82,51,1.3,33,11.0,261,0.0
2022/06/14,1002.8,1006.2,1000.5,77,45,1.4,276,10.4,282,0.0
2022/06/15,1006.0,1008.0,1003.8,96,75,0.5,26,5.5,249,10.5
2022/06/16,1006.3,1009.1,1004.5,93,69,0.4,65,10.4,258,2.0
2022/06/17,1004.6,1005.8,1003.4,85,64,0.7,270,9.3,252,0.0
2022/06/18,1003.7,1005.0,1002.0,78,50,0.9,267,8.8,292,0.0
2022/06/19,1003.5,1004.7,1001.6,82,53,0.7,263,7.1,252,0.0
2022/06/20,1001.7,1003.2,999.6,78,52,1.0,87,9.3,261,0.0
2022/06/21,1003.0,1005.4,1000.3,80,52,0.9,50,7.7,106,0.0
2022/06/22,1006.0,1008.0,1004.0,76,51,0.9,82,7.1,277,0.0
2022/06/23,1006.6,1008.4,1004.0,86,49,0.7,12,9.3,175,25.0
2022/06/24,1005.1,1006.7,1002.9,88,54,0.8,166,8.2,145,26.0
2022/06/25,1005.0,1006.6,1002.8,90,49,0.7,187,6.0,43,62.0
2022/06/26,1006.6,1008.3,1005.0,86,49,0.6,7,6.6,21,6.5
2022/06/27,1005.0,1007.2,1003.3,83,57,0.8,38,6.6,282,0.0
2022/06/28,1001.9,1004.0,999.9,81,57,0.8,28,6.0,25,0.0
2022/06/29,1000.7,1002.7,998.3,81,64,0.8,11,9.3,262,0.0
2022/06/30,1000.3,1002.5,998.4,72,55,1.9,104,11.5,83,0.0
