date,Xinyi_StnPres,Xinyi_StnPresMax,Xinyi_StnPresMin,Xinyi_RH,Xinyi_RHMin,Xinyi_WS,Xinyi_WD,Xinyi_WSGust,Xinyi_WDGust,Xinyi_Precp
2018/01/01,1013.8,1015.8,1011.8,77,66,2.0,83,11.0,57,0.0
2018/01/02,1011.7,1014.1,1009.1,75,59,2.0,82,12.1,127,0.0
2018/01/03,1010.9,1013.0,1008.8,72,57,1.9,74,9.3,100,0.0
2018/01/04,1008.7,1010.6,1005.8,82,61,0.8,253,16.5,142,0.0
2018/01/05,1009.6,1011.3,1006.9,93,86,1.1,75,9.9,52,0.0
2018/01/06,1009.0,1011.1,1006.2,97,94,2.0,83,9.3,64,26.5
2018/01/07,1007.9,1011.1,1004.4,94,73,0.9,79,11.0,84,66.5
2018/01/08,1006.8,1013.4,1003.5,96,80,0.6,87,8.2,62,63.0
2018/01/09,1015.0,1017.3,1011.9,83,60,0.5,90,7.1,126,16.5
2018/01/10,1017.9,1019.9,1015.8,63,35,0.5,30,9.3,85,0.0
2018/01/11,1019.3,1022.3,1016.9,56,43,0.5,16,8.2,110,0.0
2018/01/12,1021.4,1022.9,1019.1,53,42,0.6,70,6.6,46,0.0
2018/01/13,1019.2,1021.6,1016.9,58,45,1.4,70,10.4,78,0.0
2018/01/14,1013.8,1017.9,1010.7,72,54,1.0,82,7.1,87,0.0
2018/01/15,1009.4,1012.5,1006.9,69,47,1.0,75,9.9,116,0.0
2018/01/16,1006.1,1009.0,1003.7,73,28,0.2,86,4.9,258,0.0
2018/01/17,1007.1,1009.4,1004.7,80,50,0.9,79,9.3,140,0.0
2018/01/18,1009.1,1011.2,1007.5,95,84,1.6,78,9.9,83,0.5
2018/01/19,1010.7,1013.4,1009.1,98,96,0.9,61,7.1,76,13.0
2018/01/20,1009.0,1010.9,1006.6,97,92,1.9,79,8.8,65,3.5
2018/01/21,1006.8,1010.2,1004.0,95,83,1.4,84,8.2,89,0.0
2018/01/22,1007.0,1009.1,1004.7,87,69,1.3,75,8.8,85,3.0
2018/01/23,1008.1,1009.9,1005.7,79,66,1.8,71,9.3,108,0.0
2018/01/24,1009.7,1011.4,1007.7,86,71,2.2,75,9.3,95,0.0
2018/01/25,1009.5,1011.8,1006.9,92,78,2.0,82,9.9,83,0.0
2018/01/26,1012.1,1014.4,1008.6,94,87,1.9,81,11.0,89,0.5
2018/01/27,1009.5,1013.4,1005.9,84,69,1.7,73,10.4,101,0.0
2018/01/28,1007.6,1011.6,1003.6,92,75,0.6,75,6.6,257,9.5
2018/01/29,1013.1,1015.2,1010.1,93,88,1.1,81,8.2,64,12.0
2018/01/30,1013.0,1015.8,1010.2,96,85,1.8,82,8.8,97,11.5
2018/01/31,1011.5,1015.0,1008.0,97,91,0.9,68,7.7,84,15.5
2018/02/01,1014.6,1016.7,1012.4,93,87,0.6,69,6.6,60,3.5
2018/02/02,1015.8,1018.4,1013.1,94,86,0.8,82,7.1,105,2.5
2018/02/03,1018.1,1019.3,1016.1,93,87,0.3,8,5.5,110,27.5
2018/02/04,1018.2,1019.5,1016.6,96,91,0.3,71,5.5,104,32.5
2018/02/05,1018.6,1020.5,1016.8,95,93,0.1,67,3.0,127,21.0
2018/02/06,1016.8,1019.1,1015.1,66,53,0.8,83,6.6,77,0.0
2018/02/07,1013.3,1016.1,1010.5,88,59,1.7,76,8.8,73,16.0
2018/02/08,1011.9,1014.0,1009.7,90,73,2.1,74,8.8,56,10.0
2018/02/09,1008.6,1010.7,1006.2,97,86,0.5,69,6.6,77,5.0
2018/02/10,1010.3,1015.1,1007.4,98,92,0.3,74,5.5,81,4.5
2018/02/11,1016.5,1019.3,1014.1,93,73,0.7,74,7.7,61,5.0
2018/02/12,1018.9,1021.1,1016.6,59,43,1.1,74,9.9,105,0.0
2018/02/13,1015.9,1019.1,1012.4,62,53,1.7,73,10.4,114,0.0
2018/02/14,1011.1,1014.2,1008.0,67,31,0.3,70,4.9,243,0.0
2018/02/15,1008.4,1010.6,1005.3,66,29,0.2,82,5.5,297,0.0
2018/02/16,1007.4,1010.2,1005.3,87,56,0.4,84,8.2,238,0.0
2018/02/17,1010.9,1013.6,1009.1,88,80,2.0,78,11.0,89,0.0
2018/02/18,1009.6,1012.2,1007.2,76,40,0.2,76,5.5,94,0.0
2018/02/19,1008.2,1011.2,1004.8,74,38,0.2,79,6.6,301,0.0
2018/02/20,1007.4,1009.5,1004.6,95,79,0.7,73,16.5,318,0.0
2018/02/21,1008.8,1010.3,1006.7,97,86,1.0,84,9.3,82,0.0
2018/02/22,1011.2,1013.9,1008.8,99,97,0.9,75,8.2,65,19.0
2018/02/23,1012.6,1014.5,1010.8,88,77,1.7,77,10.4,72,0.0
2018/02/24,1011.1,1014.2,1009.5,90,81,0.3,29,6.0,248,0.0
2018/02/25,1011.7,1014.5,1009.1,99,97,0.3,75,5.5,86,6.0
2018/02/26,1012.9,1014.9,1011.4,84,74,1.4,74,9.9,68,0.0
2018/02/27,1009.0,1011.8,1006.9,82,48,0.6,78,7.7,306,0.0
2018/02/28,1005.5,1007.2,1004.4,97,87,0.2,209,9.3,299,17.0
2018/03/01,1005.3,1007.0,1003.5,88,72,1.5,80,9.9,59,0.0
2018/03/02,1004.3,1006.3,1002.4,81,58,0.3,78,8.2,54,0.0
2018/03/03,1003.2,1005.1,1001.3,93,77,0.3,60,4.9,294,0.0
2018/03/04,1004.1,1005.8,1001.7,90,67,0.2,65,7.7,349,0.0
2018/03/05,1006.2,1012.3,1002.9,96,77,0.9,78,12.1,86,1.5
2018/03/06,1012.6,1014.6,1011.4,99,99,1.7,75,9.9,69,0.0
2018/03/07,1009.0,1012.4,1005.2,92,73,1.0,82,7.7,97,1.0
2018/03/08,1012.8,1017.2,1007.4,94,80,0.4,80,7.7,90,22.0
2018/03/09,1015.7,1017.3,1014.1,65,46,0.6,69,8.2,125,0.0
2018/03/10,1014.7,1016.4,1012.4,58,40,1.2,78,9.3,62,0.0
2018/03/11,1013.3,1015.5,1010.9,53,35,1.5,78,9.3,81,0.0
2018/03/12,1010.6,1012.7,1008.1,56,20,0.3,109,6.6,254,0.0
2018/03/13,1008.9,1011.3,1006.6,68,38,0.2,102,6.0,291,0.0
2018/03/14,1007.5,1009.5,1005.7,74,29,0.2,45,7.7,84,0.0
2018/03/15,1006.1,1008.0,1004.1,83,52,0.4,54,7.7,310,1.0
2018/03/16,1008.2,1012.5,1003.3,94,73,0.7,77,9.9,333,0.5
2018/03/17,1011.0,1013.0,1009.1,99,91,1.6,78,8.8,226,0.0
2018/03/18,1007.7,1009.9,1005.6,85,42,0.4,75,7.7,308,0.0
2018/03/19,1004.1,1006.6,1000.6,82,39,0.4,268,9.9,253,0.0
2018/03/20,1004.0,1008.1,1001.2,98,94,0.9,75,7.1,120,5.5
2018/03/21,1009.0,1011.4,1006.6,73,53,0.9,298,8.8,282,0.5
2018/03/22,1009.9,1011.6,1007.8,63,43,0.7,76,7.7,78,0.0
2018/03/23,1011.2,1012.8,1009.6,58,29,0.6,70,18.2,233,0.0
2018/03/24,1011.7,1013.5,1009.6,60,38,1.4,95,10.4,50,0.0
2018/03/25,1011.3,1013.3,1009.6,57,44,1.4,107,10.4,108,0.0
2018/03/26,1009.4,1009.9,1007.7,62,44,0.6,74,9.9,332,0.0
2018/03/27,1008.0,1009.7,1006.8,86,61,0.6,87,8.8,332,2.0
2018/03/28,1006.3,1008.0,1004.6,83,63,0.9,56,9.9,98,0.0
2018/03/29,1005.9,1007.4,1004.4,65,40,1.4,75,9.3,145,0.0
2018/03/30,1007.5,1009.9,1005.5,70,49,1.2,81,11.5,261,0.5
2018/03/31,1006.9,1009.0,1004.2,66,40,1.6,78,14.8,296,0.0
2018/04/01,1005.3,1007.0,1003.4,56,37,1.0,68,12.1,310,0.0
2018/04/02,1005.0,1006.4,1003.5,67,36,0.5,41,7.7,332,0.0
2018/04/03,1005.9,1006.8,1004.7,78,49,0.5,22,7.7,286,0.0
2018/04/04,1005.1,1007.0,1003.5,78,44,0.3,63,5.5,78,0.0
2018/04/05,1003.8,1005.3,1002.3,76,51,0.4,242,7.7,306,0.0
2018/04/06,1009.1,1016.7,1002.5,86,60,0.9,77,18.2,291,0.0
2018/04/07,1016.1,1018.3,1014.6,65,38,0.5,74,11.0,257,3.5
2018/04/08,1012.1,1015.3,1009.5,55,42,1.0,78,9.9,121,0.0
2018/04/09,1009.7,1012.4,1007.0,62,30,0.4,91,6.0,127,0.0
2018/04/10,1007.1,1009.7,1004.6,67,32,0.4,71,7.1,296,0.0
2018/04/11,1004.2,1006.3,1001.8,77,53,0.3,260,6.6,331,0.0
2018/04/12,1004.0,1005.9,1002.4,92,71,0.2,82,6.0,289,9.5
2018/04/13,1004.6,1006.3,1002.6,85,48,0.2,82,6.6,117,0.5
2018/04/14,1002.8,1004.4,1000.9,94,64,0.3,80,8.8,325,2.0
2018/04/15,1007.8,1010.3,1003.1,93,79,1.5,78,13.2,303,4.0
2018/04/16,1008.8,1010.7,1006.8,70,58,2.0,75,10.4,60,5.0
2018/04/17,1010.3,1011.1,1009.2,90,74,1.1,75,4.9,37,13.5
2018/04/18,1008.0,1009.9,1006.6,81,64,1.4,78,8.8,74,0.0
2018/04/19,1006.6,1007.9,1005.2,73,50,0.9,70,8.2,78,0.0
2018/04/20,1006.4,1007.8,1005.0,70,55,1.3,67,10.4,47,0.0
2018/04/21,1005.1,1006.8,1003.5,70,47,0.3,77,4.9,136,0.0
2018/04/22,1003.5,1005.5,1001.5,74,41,0.2,24,4.1,277,0.0
2018/04/23,1000.9,1002.6,998.7,75,44,0.3,117,7.1,296,0.0
2018/04/24,1001.9,1005.8,999.0,95,77,1.0,80,14.8,235,11.5
2018/04/25,1005.8,1007.7,1004.5,77,54,1.2,73,7.7,100,0.0
2018/04/26,1005.5,1006.9,1004.1,74,56,1.1,75,16.5,320,0.0
2018/04/27,1007.2,1009.5,1004.7,83,57,0.8,82,11.5,312,0.0
2018/04/28,1006.9,1008.5,1005.0,81,68,1.1,82,12.1,327,0.0
2018/04/29,1004.8,1006.8,1002.9,85,54,0.4,76,10.4,2,0.0
2018/04/30,1005.0,1006.8,1003.9,84,49,0.2,51,21.5,347,0.0
2018/05/01,1004.4,1006.6,1003.0,84,53,0.3,61,6.6,318,0.0
2018/05/02,1003.7,1005.6,1001.8,82,51,0.7,247,16.0,306,0.0
2018/05/03,1009.1,1011.2,1005.1,90,77,1.9,77,20.4,349,1.0
2018/05/04,1009.1,1010.3,1007.8,69,53,2.1,81,17.1,322,0.0
2018/05/05,1007.7,1009.5,1005.8,69,46,0.2,53,20.9,297,0.0
2018/05/06,1003.7,1006.9,1001.3,78,47,0.3,63,10.4,341,0.0
2018/05/07,999.8,999.6,997.9,87,90,0.7,61,11.0,82,0.0
2018/05/08,1001.5,1006.6,1000.0,90,58,1.3,73,11.0,214,26.0
2018/05/09,1008.4,1011.2,1005.5,82,69,1.3,80,7.7,64,0.0
2018/05/10,1009.2,1011.4,1007.2,72,55,1.7,76,9.9,42,0.0
2018/05/11,1005.8,1008.1,1003.7,71,47,0.7,77,6.6,47,0.0
2018/05/12,1003.4,1005.1,1001.7,76,53,0.5,25,12.6,206,0.0
2018/05/13,1002.6,1004.0,1001.4,79,53,0.6,255,6.0,209,0.0
2018/05/14,1002.7,1003.1,1000.4,78,67,0.5,24,6.6,261,0.0
2018/05/15,1002.1,1003.9,1000.9,83,58,0.4,27,6.6,268,0.0
2018/05/16,1000.9,1002.4,1000.0,86,50,0.3,68,6.6,286,0.0
2018/05/17,999.9,1001.4,998.1,85,49,0.5,70,6.6,67,0.0
2018/05/18,999.3,1000.9,997.8,83,41,0.5,71,6.6,70,0.0
2018/05/19,1000.5,1001.7,999.2,86,55,0.5,79,6.6,267,0.0
2018/05/20,1001.2,1003.9,999.1,81,57,1.1,72,9.3,290,0.0
2018/05/21,1002.3,1003.7,1001.4,84,84,0.8,77,7.1,71,0.0
2018/05/22,1002.2,1004.2,1000.1,80,56,0.6,60,8.2,288,0.0
2018/05/23,1003.1,1004.4,1000.9,89,63,1.5,79,10.4,83,0.0
2018/05/24,1002.4,1004.2,1000.9,82,55,1.0,72,8.2,351,0.0
2018/05/25,999.9,1002.4,997.8,80,54,0.6,214,7.1,260,0.0
2018/05/26,999.2,1000.8,997.9,75,51,0.8,213,8.8,346,0.0
2018/05/27,1000.7,1002.2,998.7,75,35,0.5,35,6.0,197,0.0
2018/05/28,1001.2,1003.0,1000.1,79,50,0.9,81,8.8,302,0.0
2018/05/29,1002.3,1003.9,1000.9,84,54,0.6,80,7.1,259,4.5
2018/05/30,1002.5,1004.0,1000.3,87,53,0.5,167,8.2,156,22.0
2018/05/31,1002.0,1003.9,1000.2,80,54,0.8,72,9.9,286,0.0
2018/05/01,1004.4,1006.6,1003.0,84,53,0.3,61,6.6,318,0.0
2018/05/02,1003.7,1005.6,1001.8,82,51,0.7,247,16.0,306,0.0
2018/05/03,1009.1,1011.2,1005.1,90,77,1.9,77,20.4,349,1.0
2018/05/04,1009.1,1010.3,1007.8,69,53,2.1,81,17.1,322,0.0
2018/05/05,1007.7,1009.5,1005.8,69,46,0.2,53,20.9,297,0.0
2018/05/06,1003.7,1006.9,1001.3,78,47,0.3,63,10.4,341,0.0
2018/05/07,999.8,999.6,997.9,87,90,0.7,61,11.0,82,0.0
2018/05/08,1001.5,1006.6,1000.0,90,58,1.3,73,11.0,214,26.0
2018/05/09,1008.4,1011.2,1005.5,82,69,1.3,80,7.7,64,0.0
2018/05/10,1009.2,1011.4,1007.2,72,55,1.7,76,9.9,42,0.0
2018/05/11,1005.8,1008.1,1003.7,71,47,0.7,77,6.6,47,0.0
2018/05/12,1003.4,1005.1,1001.7,76,53,0.5,25,12.6,206,0.0
2018/05/13,1002.6,1004.0,1001.4,79,53,0.6,255,6.0,209,0.0
2018/05/14,1002.7,1003.1,1000.4,78,67,0.5,24,6.6,261,0.0
2018/05/15,1002.1,1003.9,1000.9,83,58,0.4,27,6.6,268,0.0
2018/05/16,1000.9,1002.4,1000.0,86,50,0.3,68,6.6,286,0.0
2018/05/17,999.9,1001.4,998.1,85,49,0.5,70,6.6,67,0.0
2018/05/18,999.3,1000.9,997.8,83,41,0.5,71,6.6,70,0.0
2018/05/19,1000.5,1001.7,999.2,86,55,0.5,79,6.6,267,0.0
2018/05/20,1001.2,1003.9,999.1,81,57,1.1,72,9.3,290,0.0
2018/05/21,1002.3,1003.7,1001.4,84,84,0.8,77,7.1,71,0.0
2018/05/22,1002.2,1004.2,1000.1,80,56,0.6,60,8.2,288,0.0
2018/05/23,1003.1,1004.4,1000.9,89,63,1.5,79,10.4,83,0.0
2018/05/24,1002.4,1004.2,1000.9,82,55,1.0,72,8.2,351,0.0
2018/05/25,999.9,1002.4,997.8,80,54,0.6,214,7.1,260,0.0
2018/05/26,999.2,1000.8,997.9,75,51,0.8,213,8.8,346,0.0
2018/05/27,1000.7,1002.2,998.7,75,35,0.5,35,6.0,197,0.0
2018/05/28,1001.2,1003.0,1000.1,79,50,0.9,81,8.8,302,0.0
2018/05/29,1002.3,1003.9,1000.9,84,54,0.6,80,7.1,259,4.5
2018/05/30,1002.5,1004.0,1000.3,87,53,0.5,167,8.2,156,22.0
2018/05/31,1002.0,1003.9,1000.2,80,54,0.8,72,9.9,286,0.0
2018/07/01,995.8,997.6,994.1,78,61,1.2,243,11.0,258,0.0
2018/07/02,994.0,995.2,992.0,62,45,1.3,224,11.5,230,0.0
2018/07/03,993.2,994.5,991.5,62,49,1.4,225,14.3,233,0.0
2018/07/04,993.0,994.3,990.9,59,45,1.4,227,13.7,279,0.0
2018/07/05,993.5,995.3,992.3,69,54,0.8,124,11.0,243,0.0
2018/07/06,994.9,996.7,993.4,71,46,0.5,75,8.2,97,0.0
2018/07/07,997.1,999.1,995.8,85,58,0.3,79,6.0,256,0.5
2018/07/08,998.7,1000.6,997.0,76,53,0.4,89,5.5,63,0.0
2018/07/09,999.6,1001.4,997.2,70,46,1.3,75,9.3,100,0.0
2018/07/10,994.7,1000.1,982.9,89,71,1.0,83,17.6,248,55.0
2018/07/11,991.1,998.7,979.9,91,79,1.2,23,18.2,226,54.0
2018/07/12,998.8,1000.2,997.3,78,64,1.4,92,10.4,103,0.0
2018/07/13,999.3,1000.4,998.0,67,56,2.1,82,13.2,109,0.0
2018/07/14,998.9,1000.0,997.2,66,56,2.2,81,13.7,115,0.0
2018/07/15,998.8,999.8,997.9,66,50,2.2,75,11.5,124,0.0
2018/07/16,997.9,999.3,996.2,82,67,2.2,77,10.4,102,0.0
2018/07/17,997.1,998.1,995.6,75,63,2.3,71,14.8,118,0.0
2018/07/18,997.7,999.2,996.4,73,55,2.2,76,10.4,105,0.0
2018/07/19,998.4,999.7,996.9,81,62,1.7,82,9.3,49,0.0
2018/07/20,996.6,998.1,995.2,84,59,1.3,78,9.3,60,0.0
2018/07/21,993.4,995.6,991.9,92,59,0.6,63,12.1,273,10.0
2018/07/22,993.3,995.3,992.0,83,59,0.7,220,11.0,239,0.0
2018/07/23,995.6,998.7,992.8,80,68,0.5,233,6.0,197,0.0
2018/07/24,998.8,1000.3,997.6,86,59,0.2,195,5.5,102,2.5
2018/07/25,999.3,1001.1,997.5,82,60,0.2,66,5.5,114,0.0
2018/07/26,999.0,1000.6,997.0,80,58,0.3,43,5.5,78,0.0
2018/07/27,999.1,1000.7,997.5,85,62,0.6,65,6.6,89,4.5
2018/07/28,998.7,1000.3,996.4,80,52,0.5,81,6.0,105,0.0
2018/07/29,997.3,998.9,995.3,71,46,0.8,226,7.7,284,0.0
2018/07/30,996.9,998.1,994.8,73,50,1.3,223,8.8,268,0.0
2018/07/31,996.5,998.0,994.2,69,45,1.0,219,8.8,219,0.0
2018/08/01,995.6,997.2,993.5,77,45,1.4,227,11.5,265,0.0
2018/08/02,994.4,996.1,992.1,70,43,1.4,225,10.4,231,0.0
2018/08/03,995.7,997.8,994.0,83,45,0.3,52,7.7,89,4.5
2018/08/04,997.6,999.0,996.1,83,51,0.2,88,6.0,17,0.0
2018/08/05,998.4,1000.1,996.7,79,55,0.3,53,7.7,98,0.0
2018/08/06,997.7,999.6,995.4,74,54,0.9,80,10.4,92,0.0
2018/08/07,996.9,998.3,995.1,71,49,1.0,80,9.9,88,0.0
2018/08/08,997.1,998.3,995.8,77,55,0.9,65,9.9,106,0.0
2018/08/09,997.2,998.5,995.9,77,55,0.8,78,8.2,110,0.0
2018/08/10,996.0,997.5,994.1,76,47,0.7,67,8.2,75,0.0
2018/08/11,992.9,995.6,990.4,79,49,0.4,74,6.0,246,0.5
2018/08/12,989.2,991.5,987.3,89,77,0.7,214,9.3,220,25.0
2018/08/13,991.4,993.1,989.3,84,68,0.7,69,8.2,80,0.0
2018/08/14,992.3,993.4,990.3,93,81,0.5,57,6.6,254,8.0
2018/08/15,993.4,994.6,992.0,85,68,0.9,224,12.6,222,0.0
2018/08/16,992.8,994.5,990.9,76,54,1.0,221,8.8,242,0.0
2018/08/17,992.2,994.6,990.3,83,44,0.4,25,7.7,59,9.0
2018/08/18,994.7,995.9,993.4,93,75,0.4,69,7.1,91,41.5
2018/08/19,996.4,998.1,995.1,91,60,0.4,199,7.7,74,0.0
2018/08/20,995.6,997.6,994.2,87,53,0.3,191,6.0,75,8.5
2018/08/21,993.1,994.7,991.3,83,54,0.4,53,5.5,111,0.0
2018/08/22,991.0,992.8,988.7,80,56,0.8,71,8.2,66,0.0
2018/08/23,988.4,990.2,986.7,87,72,1.5,75,10.4,74,0.0
2018/08/24,989.7,991.4,987.9,93,73,0.6,69,6.6,99,1.0
2018/08/25,990.9,992.3,989.6,84,69,0.8,78,9.9,58,0.0
2018/08/26,992.9,995.6,991.0,88,68,0.6,90,8.2,127,7.0
2018/08/27,996.7,999.7,994.7,87,64,0.4,42,7.1,206,6.5
2018/08/28,999.0,1000.7,997.4,90,57,0.4,64,8.2,50,9.0
2018/08/29,999.7,1002.0,998.1,86,44,0.2,78,4.9,96,1.0
2018/08/30,1002.8,1005.3,1000.7,90,56,0.2,48,4.9,265,32.0
2018/08/31,1004.6,1005.5,1003.3,88,46,0.4,27,7.7,147,7.5
2018/09/01,1002.8,1005.1,1000.9,83,25,0.2,135,6.0,207,5.5
2018/09/02,999.8,1002.0,997.8,80,53,0.4,2,6.0,210,0.0
2018/09/03,997.4,999.5,995.3,68,23,1.0,229,9.9,238,0.0
2018/09/04,996.5,998.3,994.5,70,27,0.6,227,7.7,259,0.0
2018/09/05,998.0,999.2,996.7,74,34,0.5,64,5.5,99,0.0
2018/09/06,998.1,999.2,996.3,80,42,0.4,4,6.6,251,3.5
2018/09/07,998.7,1000.7,997.4,86,52,0.5,187,8.2,73,2.0
2018/09/08,1000.7,1002.4,999.2,90,65,0.5,21,7.1,285,149.0
2018/09/09,1003.4,1006.6,1001.2,97,88,0.6,97,8.2,83,26.0
2018/09/10,1003.7,1006.2,1000.8,96,89,1.3,83,8.2,90,15.0
2018/09/11,1000.4,1002.2,997.9,70,26,1.4,68,11.0,49,0.0
2018/09/12,1001.6,1002.8,1000.6,71,39,0.5,24,8.2,112,0.0
2018/09/13,1002.1,1003.6,1000.7,66,34,1.4,74,8.8,51,0.0
2018/09/14,1002.1,1003.5,1000.6,75,57,2.0,78,9.9,83,0.0
2018/09/15,999.0,1001.7,996.8,81,69,2.9,74,17.1,43,25.0
2018/09/16,1000.4,1004.0,996.5,74,65,2.2,71,16.5,48,3.5
2018/09/17,1004.7,1007.7,1002.5,66,44,0.4,76,6.0,118,0.0
2018/09/18,1006.4,1007.9,1004.4,69,47,1.1,69,9.9,111,0.0
2018/09/19,1004.5,1006.6,1002.2,66,47,1.3,86,9.9,119,0.0
2018/09/20,1002.7,1004.2,1000.8,67,36,0.5,71,7.7,267,0.0
2018/09/21,1004.1,1006.6,1002.0,75,37,0.5,78,7.1,270,0.0
2018/09/22,1006.2,1007.3,1005.0,77,48,0.4,60,5.5,79,8.5
2018/09/23,1005.1,1006.9,1003.1,85,39,0.8,61,8.2,99,0.0
2018/09/24,1003.2,1005.3,1001.7,79,51,0.6,70,7.7,6,9.5
2018/09/25,1001.8,1003.4,1000.2,74,41,0.9,80,8.2,102,2.0
2018/09/26,1001.5,1002.8,999.8,91,73,0.3,13,5.5,63,16.5
2018/09/27,1001.3,1002.4,1000.1,80,41,0.4,6,7.1,350,18.0
2018/09/28,1000.3,1001.8,998.6,85,76,0.6,23,9.3,3,5.0
2018/09/29,999.5,1001.7,997.6,79,65,0.8,224,8.2,199,9.5
2018/09/30,1003.8,1006.4,1001.2,65,44,0.6,92,6.6,114,0.0
2018/10/01,1006.9,1008.9,1005.3,58,28,1.4,69,11.0,48,0.0
2018/10/02,1008.6,1010.2,1006.8,59,44,1.2,82,9.9,72,0.0
2018/10/03,1007.6,1009.2,1005.8,66,56,0.6,77,7.7,116,0.0
2018/10/04,1003.8,1007.0,1001.3,84,61,0.6,42,8.2,231,2.5
2018/10/05,1001.9,1004.5,1000.1,66,37,1.0,83,8.2,227,0.5
2018/10/06,1006.1,1008.1,1003.4,73,58,1.7,72,9.9,70,0.0
2018/10/07,1007.6,1009.6,1006.2,84,72,1.3,78,8.2,77,0.5
2018/10/08,1006.5,1008.1,1005.1,93,85,0.7,75,7.1,125,7.5
2018/10/09,1005.6,1006.9,1003.9,93,81,0.7,80,6.0,88,16.5
2018/10/10,1007.3,1009.1,1005.3,90,74,1.1,74,7.1,47,19.0
2018/10/11,1011.0,1013.0,1007.9,93,85,0.8,85,8.8,246,8.0
2018/10/12,1012.5,1014.1,1011.2,93,77,1.2,69,9.3,57,30.5
2018/10/13,1011.0,1013.1,1009.2,92,81,1.8,78,9.9,82,2.0
2018/10/14,1008.1,1010.5,1006.3,92,79,1.4,73,8.2,70,0.0
2018/10/15,1006.7,1008.8,1004.8,88,74,1.0,72,9.3,110,0.5
2018/10/16,1005.1,1006.4,1003.4,87,69,0.8,76,6.0,68,0.0
2018/10/17,1005.8,1007.8,1003.7,96,87,0.5,85,5.5,46,33.0
2018/10/18,1008.8,1011.1,1006.2,76,57,1.5,79,9.3,80,0.0
2018/10/19,1012.1,1014.0,1009.4,83,67,1.4,69,8.2,77,4.5
2018/10/20,1012.3,1014.5,1010.6,72,62,1.7,81,8.8,59,0.0
2018/10/21,1009.8,1011.8,1007.7,73,51,1.2,75,8.2,63,0.0
2018/10/22,1007.6,1009.4,1005.2,74,47,0.5,76,7.7,273,0.0
2018/10/23,1009.2,1010.9,1007.5,78,71,0.5,72,5.5,100,3.5
2018/10/24,1009.6,1011.1,1008.3,80,69,1.3,77,8.2,59,0.0
2018/10/25,1008.7,1010.3,1007.0,77,49,1.1,75,7.7,41,0.0
2018/10/26,1008.3,1010.5,1006.4,78,51,0.8,233,8.2,260,0.5
2018/10/27,1012.2,1014.2,1010.0,56,41,0.8,59,8.2,38,0.0
2018/10/28,1010.0,1012.7,1007.7,51,38,0.6,64,6.6,19,0.0
2018/10/29,1008.1,1009.5,1005.8,53,34,1.1,73,10.4,82,0.0
2018/10/30,1008.3,1009.9,1006.7,68,47,2.4,73,12.6,61,1.5
2018/10/31,1010.6,1013.1,1007.9,91,80,1.9,76,11.0,63,7.0
2018/11/01,1011.9,1013.1,1010.2,92,78,2.4,69,10.4,57,6.5
2018/11/02,1009.6,1011.3,1007.8,99,96,2.0,78,9.9,61,20.5
2018/11/03,1008.4,1009.7,1007.0,91,77,0.5,65,4.9,78,1.5
2018/11/04,1009.1,1010.8,1007.7,88,71,0.8,80,7.7,93,0.0
2018/11/05,1009.5,1010.8,1008.3,95,85,0.9,77,7.7,40,5.5
2018/11/06,1009.8,1011.6,1008.1,83,63,1.4,69,8.8,53,0.0
2018/11/07,1009.2,1011.6,1007.8,77,52,0.6,73,7.1,69,0.0
2018/11/08,1008.7,1010.3,1007.5,80,53,0.5,71,6.0,250,0.0
2018/11/09,1010.7,1012.3,1009.0,92,87,1.6,75,9.3,99,0.0
2018/11/10,1010.6,1013.3,1008.3,86,63,1.6,80,9.9,91,4.0
2018/11/11,1008.7,1011.2,1007.0,75,48,0.5,51,4.9,86,0.0
2018/11/12,1007.0,1009.2,1004.5,82,57,0.7,173,6.6,88,0.0
2018/11/13,1008.1,1009.6,1006.6,85,74,1.5,77,9.9,95,0.0
2018/11/14,1009.7,1011.3,1008.0,77,69,2.1,78,9.9,87,0.0
2018/11/15,1009.0,1010.9,1006.7,76,58,1.2,71,7.1,86,0.0
2018/11/16,1008.6,1010.0,1006.8,79,55,0.9,71,7.7,66,0.0
2018/11/17,1009.4,1012.0,1007.9,94,89,1.6,72,8.2,74,4.5
2018/11/18,1008.0,1009.9,1005.6,84,56,0.9,219,7.1,250,0.0
2018/11/19,1011.2,1013.3,1008.4,90,80,1.2,73,7.1,99,10.0
2018/11/20,1010.5,1012.8,1008.6,74,65,1.8,69,9.9,75,0.0
2018/11/21,1008.6,1010.9,1006.1,76,48,0.5,70,6.6,70,1.0
2018/11/22,1013.9,1016.2,1010.6,88,80,1.2,74,8.8,83,9.5
2018/11/23,1013.3,1015.2,1012.0,91,80,1.7,70,9.3,89,5.0
2018/11/24,1012.1,1013.6,1010.2,81,64,1.9,75,9.3,47,0.0
2018/11/25,1009.9,1012.5,1007.4,63,39,1.1,75,8.2,28,0.0
2018/11/26,1011.1,1012.9,1009.9,87,60,0.4,65,4.9,124,3.5
2018/11/27,1011.9,1013.3,1010.1,84,74,1.3,66,7.1,86,0.0
2018/11/28,1012.4,1014.9,1010.2,81,70,0.7,78,6.0,83,0.5
2018/11/29,1014.5,1016.7,1013.0,69,57,1.8,75,9.9,83,0.0
2018/11/30,1012.7,1015.1,1010.6,63,43,1.5,73,9.9,90,0.0
2018/12/01,1010.6,1013.4,1008.6,66,41,0.6,75,6.0,69,0.0
2018/12/02,1008.5,1009.9,1005.9,65,41,0.8,74,6.6,90,0.0
2018/12/03,1009.0,1011.1,1007.2,71,26,0.3,70,4.9,66,0.0
2018/12/04,1009.4,1011.1,1007.4,73,46,0.5,67,8.2,77,0.0
2018/12/05,1010.0,1012.8,1006.9,91,83,1.6,77,9.3,74,0.0
2018/12/06,1008.3,1011.3,1005.9,82,51,0.8,78,8.2,83,0.0
2018/12/07,1014.2,1016.3,1010.6,93,88,1.5,77,9.3,72,1.0
2018/12/08,1015.8,1017.8,1014.4,96,89,2.1,78,9.9,52,3.0
2018/12/09,1014.8,1017.5,1012.4,98,95,1.9,73,8.8,84,8.5
2018/12/10,1010.9,1012.8,1009.1,98,90,1.1,67,6.6,65,3.0
2018/12/11,1011.6,1016.1,1008.5,93,87,1.2,73,8.8,111,0.5
2018/12/12,1017.8,1019.7,1015.8,90,87,1.6,78,8.8,80,0.0
2018/12/13,1017.5,1018.8,1015.3,94,88,1.7,77,8.8,45,3.5
2018/12/14,1018.4,1020.1,1017.2,96,92,2.3,74,10.4,121,4.5
2018/12/15,1015.9,1018.9,1012.8,89,78,2.1,76,11.0,68,0.0
2018/12/16,1013.0,1015.1,1011.1,83,74,0.8,75,12.1,132,0.0
2018/12/17,1016.1,1018.0,1013.1,62,46,0.5,96,6.6,92,0.0
2018/12/18,1015.4,1017.5,1012.8,57,38,1.3,78,8.2,86,0.0
2018/12/19,1012.0,1014.7,1009.5,58,34,0.9,69,8.8,93,0.0
2018/12/20,1009.3,1011.2,1006.2,65,27,0.3,76,12.1,111,0.0
2018/12/21,1009.2,1011.4,1007.7,79,67,1.0,83,8.2,87,0.0
2018/12/22,1009.2,1011.2,1007.5,79,53,0.6,79,7.1,81,0.0
2018/12/23,1011.4,1014.1,1008.1,94,90,1.3,73,8.8,113,28.5
2018/12/24,1012.3,1015.3,1009.6,96,92,2.1,73,9.9,88,19.0
2018/12/25,1007.2,1010.1,1004.4,94,81,1.4,74,8.2,84,3.0
2018/12/26,1006.3,1008.1,1004.1,94,85,0.5,80,5.5,61,0.5
2018/12/27,1011.3,1015.0,1007.7,90,85,1.0,71,7.1,128,5.5
2018/12/28,1017.7,1020.2,1014.5,88,81,1.4,78,8.2,81,3.0
2018/12/29,1021.2,1023.6,1018.8,84,74,1.6,74,9.3,58,2.0
2018/12/30,1019.1,1021.1,1016.3,90,76,2.2,76,11.0,55,2.5
2018/12/31,1019.9,1021.4,1017.8,96,94,1.4,75,9.9,54,9.5
2019/01/01,1019.9,1021.9,1018.0,96,92,2.4,74,11.5,77,8.0
2019/01/02,1018.6,1021.2,1016.1,96,89,2.2,73,11.0,85,7.5
2019/01/03,1018.2,1020.5,1016.3,96,93,2.0,74,8.8,98,9.0
2019/01/04,1014.3,1016.3,1011.9,86,60,1.2,67,7.7,73,0.0
2019/01/05,1013.3,1014.9,1011.7,91,78,0.6,81,7.1,100,3.0
2019/01/06,1015.1,1017.3,1013.5,95,90,1.3,69,9.9,91,10.5
2019/01/07,1013.1,1015.3,1010.9,88,77,1.4,71,10.4,102,0.0
2019/01/08,1014.6,1016.9,1012.5,91,84,1.4,75,9.9,50,0.5
2019/01/09,1016.1,1018.6,1013.5,92,84,2.2,77,9.9,91,0.0
2019/01/10,1012.1,1014.2,1010.1,81,51,0.5,73,8.2,52,0.0
2019/01/11,1010.6,1012.5,1008.5,85,65,0.3,155,5.5,211,0.0
2019/01/12,1011.8,1013.9,1009.6,91,83,1.2,76,7.7,60,0.0
2019/01/13,1012.8,1014.4,1011.3,91,83,1.9,75,8.8,75,0.0
2019/01/14,1011.7,1014.1,1009.2,79,62,1.7,77,9.3,96,0.0
2019/01/15,1011.3,1014.0,1009.4,84,72,0.7,67,7.7,96,0.0
2019/01/16,1013.7,1016.1,1011.2,95,87,1.5,72,9.3,81,20.0
2019/01/17,1015.9,1018.4,1013.5,88,72,1.2,64,7.1,111,6.5
2019/01/18,1015.1,1018.2,1012.4,59,47,2.0,67,15.4,191,0.0
2019/01/19,1012.2,1014.5,1010.5,69,50,0.3,72,4.9,92,0.0
2019/01/20,1013.1,1016.4,1010.7,84,69,0.7,65,8.2,88,1.0
2019/01/21,1015.0,1016.9,1012.9,92,87,1.2,71,7.1,57,5.0
2019/01/22,1014.6,1015.8,1013.3,75,58,0.5,75,5.5,85,0.0
2019/01/23,1013.3,1014.9,1011.8,63,54,1.6,69,9.3,92,0.0
2019/01/24,1013.1,1015.0,1011.8,66,52,1.8,72,9.3,56,0.0
2019/01/25,1013.6,1016.8,1011.6,74,59,1.3,73,8.8,71,0.0
2019/01/26,1018.7,1020.5,1016.6,61,54,0.9,69,7.1,106,0.0
2019/01/27,1017.3,1020.1,1014.2,66,56,1.4,75,8.2,58,0.0
2019/01/28,1013.8,1015.8,1011.8,70,54,1.3,75,8.2,284,0.0
2019/01/29,1014.2,1016.6,1012.3,70,56,1.6,74,9.3,52,0.0
2019/01/30,1012.8,1015.3,1010.2,65,36,0.3,186,6.0,31,0.0
2019/01/31,1012.1,1017.3,1008.8,73,43,1.0,82,11.5,74,0.0
2019/02/01,1016.6,1019.3,1013.8,86,78,1.6,67,8.2,98,0.0
2019/02/02,1010.7,1013.9,1008.4,71,43,0.8,79,8.2,102,0.0
2019/02/03,1010.1,1012.2,1008.3,73,45,0.3,68,10.4,58,0.0
2019/02/04,1012.6,1015.8,1010.1,92,81,1.5,73,8.8,51,0.0
2019/02/05,1009.2,1011.6,1005.9,87,71,0.9,70,7.1,65,0.0
2019/02/06,1006.9,1010.0,1004.0,82,59,0.6,70,7.7,82,0.0
2019/02/07,1007.8,1010.6,1004.6,76,24,1.1,78,9.9,78,0.0
2019/02/08,1010.5,1013.0,1008.5,89,83,1.5,74,8.2,68,0.0
2019/02/09,1013.0,1015.7,1009.6,93,90,1.4,77,8.8,110,0.5
2019/02/10,1015.6,1017.4,1013.8,96,90,1.8,75,8.2,92,0.0
2019/02/11,1018.3,1019.7,1016.6,92,84,2.4,74,10.4,72,0.0
2019/02/12,1015.8,1018.3,1012.8,91,77,1.6,78,8.8,63,0.5
2019/02/13,1015.5,1017.4,1014.1,92,82,1.3,73,8.2,77,0.0
2019/02/14,1014.3,1016.3,1012.8,93,85,1.3,75,8.2,98,0.0
2019/02/15,1012.4,1014.4,1009.4,87,52,0.7,73,7.7,94,0.0
2019/02/16,1012.5,1014.1,1011.2,92,84,1.7,78,8.2,57,0.0
2019/02/17,1012.9,1015.2,1010.7,94,88,2.2,75,9.9,52,0.0
2019/02/18,1008.4,1012.0,1005.9,92,75,0.9,72,7.7,73,1.5
2019/02/19,1010.6,1013.3,1007.4,85,62,0.9,76,17.1,73,1.0
2019/02/20,1012.1,1013.6,1010.5,87,52,0.6,62,19.3,41,0.0
2019/02/21,1010.6,1013.3,1008.0,91,70,1.4,76,12.1,91,0.0
2019/02/22,1010.5,1013.5,1008.3,93,82,1.2,67,8.2,76,3.0
2019/02/23,1011.9,1013.4,1009.5,89,75,1.8,70,11.0,85,2.5
2019/02/24,1009.7,1011.8,1007.5,97,92,1.6,78,9.3,84,60.0
2019/02/25,1010.3,1012.5,1008.1,91,77,1.0,78,8.2,72,1.0
2019/02/26,1010.6,1013.1,1008.0,83,72,2.0,76,9.9,91,0.0
2019/02/27,1008.1,1010.7,1004.7,82,58,0.1,64,19.8,242,0.0
2019/02/28,1008.9,1011.4,1006.8,90,85,1.3,76,6.6,63,0.0
2019/02/01,1016.6,1019.3,1013.8,86,78,1.6,67,8.2,98,0.0
2019/02/02,1010.7,1013.9,1008.4,71,43,0.8,79,8.2,102,0.0
2019/02/03,1010.1,1012.2,1008.3,73,45,0.3,68,10.4,58,0.0
2019/02/04,1012.6,1015.8,1010.1,92,81,1.5,73,8.8,51,0.0
2019/02/05,1009.2,1011.6,1005.9,87,71,0.9,70,7.1,65,0.0
2019/02/06,1006.9,1010.0,1004.0,82,59,0.6,70,7.7,82,0.0
2019/02/07,1007.8,1010.6,1004.6,76,24,1.1,78,9.9,78,0.0
2019/02/08,1010.5,1013.0,1008.5,89,83,1.5,74,8.2,68,0.0
2019/02/09,1013.0,1015.7,1009.6,93,90,1.4,77,8.8,110,0.5
2019/02/10,1015.6,1017.4,1013.8,96,90,1.8,75,8.2,92,0.0
2019/02/11,1018.3,1019.7,1016.6,92,84,2.4,74,10.4,72,0.0
2019/02/12,1015.8,1018.3,1012.8,91,77,1.6,78,8.8,63,0.5
2019/02/13,1015.5,1017.4,1014.1,92,82,1.3,73,8.2,77,0.0
2019/02/14,1014.3,1016.3,1012.8,93,85,1.3,75,8.2,98,0.0
2019/02/15,1012.4,1014.4,1009.4,87,52,0.7,73,7.7,94,0.0
2019/02/16,1012.5,1014.1,1011.2,92,84,1.7,78,8.2,57,0.0
2019/02/17,1012.9,1015.2,1010.7,94,88,2.2,75,9.9,52,0.0
2019/02/18,1008.4,1012.0,1005.9,92,75,0.9,72,7.7,73,1.5
2019/02/19,1010.6,1013.3,1007.4,85,62,0.9,76,17.1,73,1.0
2019/02/20,1012.1,1013.6,1010.5,87,52,0.6,62,19.3,41,0.0
2019/02/21,1010.6,1013.3,1008.0,91,70,1.4,76,12.1,91,0.0
2019/02/22,1010.5,1013.5,1008.3,93,82,1.2,67,8.2,76,3.0
2019/02/23,1011.9,1013.4,1009.5,89,75,1.8,70,11.0,85,2.5
2019/02/24,1009.7,1011.8,1007.5,97,92,1.6,78,9.3,84,60.0
2019/02/25,1010.3,1012.5,1008.1,91,77,1.0,78,8.2,72,1.0
2019/02/26,1010.6,1013.1,1008.0,83,72,2.0,76,9.9,91,0.0
2019/02/27,1008.1,1010.7,1004.7,82,58,0.1,64,19.8,242,0.0
2019/02/28,1008.9,1011.4,1006.8,90,85,1.3,76,6.6,63,0.0
2019/04/01,1014.8,1016.4,1013.4,88,73,2.3,70,11.0,73,7.5
2019/04/02,1010.6,1013.8,1007.9,85,74,1.1,72,7.7,77,0.0
2019/04/03,1010.2,1011.9,1008.4,89,79,0.6,216,6.0,199,0.5
2019/04/04,1007.5,1010.6,1004.5,83,51,1.0,73,8.2,225,0.0
2019/04/05,1006.1,1007.4,1004.5,85,64,1.3,75,8.8,111,0.0
2019/04/06,1005.0,1006.6,1003.1,72,49,0.6,258,7.1,238,0.0
2019/04/07,1004.3,1006.2,1002.2,75,51,0.6,221,9.9,200,0.0
2019/04/08,1004.6,1006.2,1003.4,72,48,0.3,76,7.7,121,0.0
2019/04/09,1002.5,1004.8,1000.0,75,42,0.2,220,13.7,78,0.0
2019/04/10,1003.1,1005.9,1000.3,82,39,1.4,74,12.1,266,0.0
2019/04/11,1004.1,1008.4,1000.2,89,67,1.3,83,9.3,230,14.0
2019/04/12,1008.9,1010.5,1007.0,81,73,1.8,76,9.9,58,0.0
2019/04/13,1007.5,1009.6,1005.7,85,62,0.4,66,11.0,64,2.0
2019/04/14,1007.5,1010.2,1005.9,86,67,0.7,77,7.7,56,4.0
2019/04/15,1008.8,1010.7,1006.7,77,64,1.8,77,9.9,72,2.5
2019/04/16,1005.0,1006.8,1003.0,95,88,0.5,232,6.0,220,29.0
2019/04/17,1004.7,1006.6,1003.1,75,43,0.9,76,11.5,46,0.0
2019/04/18,1003.8,1005.9,1002.2,70,49,0.3,70,18.7,168,0.0
2019/04/19,1002.0,1003.9,1000.2,83,53,0.3,44,13.2,61,7.0
2019/04/20,1001.3,1003.0,999.7,88,68,0.5,60,6.0,280,5.0
2019/04/21,1001.3,1002.8,999.8,86,67,0.4,60,11.5,45,34.5
2019/04/22,1001.9,1004.5,999.7,85,49,0.4,38,17.6,252,40.5
2019/04/23,1001.8,1003.9,1000.1,76,47,0.5,75,14.3,69,0.0
2019/04/24,1001.3,1003.6,998.6,78,48,0.5,74,20.9,54,0.0
2019/04/25,1000.7,1004.1,998.0,72,39,0.7,87,11.5,270,0.0
2019/04/26,1004.6,1008.1,1002.0,80,63,1.3,74,8.2,60,0.0
2019/04/27,1007.1,1009.4,1005.2,92,87,2.0,80,9.3,103,0.0
2019/04/28,1005.6,1007.4,1004.5,82,66,0.8,64,8.2,203,0.0
2019/04/29,1003.3,1005.6,1001.1,76,47,0.5,62,9.9,189,0.0
2019/04/30,999.7,1002.4,997.3,77,47,0.7,31,9.3,269,0.0
2019/05/01,1002.5,1006.7,997.5,91,75,0.8,69,6.0,40,46.0
2019/05/02,1006.6,1008.5,1004.1,82,70,1.4,72,8.8,49,13.0
2019/05/03,1008.0,1009.6,1006.2,69,45,1.6,72,12.1,85,1.5
2019/05/04,1006.7,1008.3,1005.1,71,63,1.5,74,9.9,91,0.0
2019/05/05,1004.0,1005.8,1001.2,66,50,1.6,75,11.0,78,0.5
2019/05/06,1003.9,1005.5,1001.9,87,67,1.5,74,9.3,96,18.5
2019/05/07,1005.1,1006.8,1003.1,90,76,1.7,68,8.8,86,10.0
2019/05/08,1002.4,1004.2,1000.2,92,86,1.1,78,7.1,49,1.0
2019/05/09,1001.8,1003.3,1000.1,96,90,1.2,63,8.2,66,14.5
2019/05/10,1003.0,1004.5,1001.4,87,71,1.8,78,11.0,5,0.5
2019/05/11,1004.1,1005.5,1002.3,88,76,1.9,78,9.3,75,0.0
2019/05/12,1003.6,1005.1,1002.0,84,69,1.2,70,18.7,136,0.0
2019/05/13,1002.5,1004.0,1000.6,75,45,0.7,72,22.6,57,0.0
2019/05/14,1002.1,1003.7,1000.6,82,65,0.9,75,10.4,72,0.0
2019/05/15,1002.1,1004.0,1000.3,84,61,0.5,71,6.6,67,0.0
2019/05/16,999.0,1001.4,996.9,77,55,0.8,220,9.3,204,0.0
2019/05/17,997.3,999.6,995.4,91,77,0.4,55,7.1,349,56.5
2019/05/18,997.4,999.3,995.8,82,66,0.9,207,18.2,35,0.0
2019/05/19,999.1,1000.8,997.2,74,52,0.7,26,25.3,91,0.0
2019/05/20,1001.3,1005.1,997.5,89,78,0.9,72,14.3,264,59.5
2019/05/21,1003.7,1005.2,1002.4,60,34,1.4,77,16.5,73,0.0
2019/05/22,1002.4,1003.6,1001.1,66,51,0.7,60,4.9,85,0.0
2019/05/23,1004.0,1005.7,1001.9,83,69,0.8,77,15.4,266,5.0
2019/05/24,1004.3,1005.8,1003.1,71,56,1.5,69,22.0,122,0.0
2019/05/25,1003.3,1004.7,1002.3,62,50,1.3,91,9.3,115,0.0
2019/05/26,1002.2,1003.5,1000.8,67,49,0.3,52,19.8,104,0.0
2019/05/27,1001.6,1002.6,1000.3,79,54,0.4,47,9.9,64,56.5
2019/05/28,1002.9,1005.7,1000.4,91,85,0.9,76,7.1,80,30.5
2019/05/29,1004.2,1005.5,1003.0,72,62,0.9,74,8.8,117,0.0
2019/05/30,1002.3,1004.0,1000.2,78,60,0.7,73,16.0,68,0.5
2019/05/31,1001.3,1002.8,1000.0,78,52,0.5,76,23.7,66,0.0
2019/06/01,1000.2,1001.9,998.1,87,64,0.5,72,6.6,34,43.5
2019/06/02,998.0,1000.2,996.2,73,44,0.9,217,13.7,231,0.0
2019/06/03,999.5,1001.1,998.4,75,56,0.5,92,8.8,262,1.5
2019/06/04,1001.3,1003.1,999.3,80,64,0.4,72,6.6,85,3.0
2019/06/05,1003.0,1004.1,1001.5,76,52,0.5,70,11.0,65,0.0
2019/06/06,1002.9,1004.1,1001.8,77,53,0.4,47,7.1,248,0.0
2019/06/07,1002.4,1003.6,1001.1,74,47,0.4,46,8.8,77,0.0
2019/06/08,1000.0,1002.2,997.8,72,49,0.7,218,8.8,225,0.0
2019/06/09,996.4,998.0,994.6,65,43,0.8,211,11.0,228,0.0
2019/06/10,995.7,997.2,993.7,80,63,0.3,5,4.9,206,13.0
2019/06/11,997.4,1000.7,994.8,97,91,0.4,88,7.1,83,113.0
2019/06/12,999.7,1000.8,998.5,91,71,1.0,65,8.2,74,31.5
2019/06/13,995.8,998.7,993.1,95,88,0.4,68,6.0,52,41.0
2019/06/14,995.0,998.4,991.7,89,74,0.6,57,6.6,186,45.0
2019/06/15,999.2,1000.6,997.6,66,41,1.1,74,25.9,243,0.0
2019/06/16,999.9,1002.3,998.0,64,47,1.1,79,16.5,203,0.0
2019/06/17,1002.5,1004.4,1000.9,73,49,0.3,69,16.0,201,0.0
2019/06/18,1001.8,1003.5,1000.6,78,57,0.3,51,8.2,277,0.0
2019/06/19,999.6,1001.4,997.5,70,49,1.0,212,9.9,209,0.0
2019/06/20,998.2,999.7,996.4,68,49,0.9,204,9.3,237,0.0
2019/06/21,996.6,998.0,995.0,63,43,1.1,219,11.5,230,0.0
2019/06/22,995.9,996.9,994.7,71,56,0.6,219,7.7,275,3.0
2019/06/23,997.5,1000.6,994.5,93,83,0.5,224,7.7,205,48.0
2019/06/24,1001.2,1002.9,999.1,94,89,1.0,66,7.1,76,7.0
2019/06/25,1000.5,1002.3,998.0,83,57,0.7,62,29.2,39,17.0
2019/06/26,997.0,999.5,994.7,81,55,0.5,61,28.6,231,4.0
2019/06/27,995.2,996.2,994.2,83,52,0.3,30,24.8,274,25.5
2019/06/28,995.5,996.3,994.0,73,68,0.8,85,12.6,258,0.0
2019/06/29,995.0,996.5,993.7,75,52,0.1,1,5.5,2,0.0
2019/06/30,995.8,997.6,994.3,74,60,0.2,6,6.6,47,0.0
2019/06/01,1000.2,1001.9,998.1,87,64,0.5,72,6.6,34,43.5
2019/06/02,998.0,1000.2,996.2,73,44,0.9,217,13.7,231,0.0
2019/06/03,999.5,1001.1,998.4,75,56,0.5,92,8.8,262,1.5
2019/06/04,1001.3,1003.1,999.3,80,64,0.4,72,6.6,85,3.0
2019/06/05,1003.0,1004.1,1001.5,76,52,0.5,70,11.0,65,0.0
2019/06/06,1002.9,1004.1,1001.8,77,53,0.4,47,7.1,248,0.0
2019/06/07,1002.4,1003.6,1001.1,74,47,0.4,46,8.8,77,0.0
2019/06/08,1000.0,1002.2,997.8,72,49,0.7,218,8.8,225,0.0
2019/06/09,996.4,998.0,994.6,65,43,0.8,211,11.0,228,0.0
2019/06/10,995.7,997.2,993.7,80,63,0.3,5,4.9,206,13.0
2019/06/11,997.4,1000.7,994.8,97,91,0.4,88,7.1,83,113.0
2019/06/12,999.7,1000.8,998.5,91,71,1.0,65,8.2,74,31.5
2019/06/13,995.8,998.7,993.1,95,88,0.4,68,6.0,52,41.0
2019/06/14,995.0,998.4,991.7,89,74,0.6,57,6.6,186,45.0
2019/06/15,999.2,1000.6,997.6,66,41,1.1,74,25.9,243,0.0
2019/06/16,999.9,1002.3,998.0,64,47,1.1,79,16.5,203,0.0
2019/06/17,1002.5,1004.4,1000.9,73,49,0.3,69,16.0,201,0.0
2019/06/18,1001.8,1003.5,1000.6,78,57,0.3,51,8.2,277,0.0
2019/06/19,999.6,1001.4,997.5,70,49,1.0,212,9.9,209,0.0
2019/06/20,998.2,999.7,996.4,68,49,0.9,204,9.3,237,0.0
2019/06/21,996.6,998.0,995.0,63,43,1.1,219,11.5,230,0.0
2019/06/22,995.9,996.9,994.7,71,56,0.6,219,7.7,275,3.0
2019/06/23,997.5,1000.6,994.5,93,83,0.5,224,7.7,205,48.0
2019/06/24,1001.2,1002.9,999.1,94,89,1.0,66,7.1,76,7.0
2019/06/25,1000.5,1002.3,998.0,83,57,0.7,62,29.2,39,17.0
2019/06/26,997.0,999.5,994.7,81,55,0.5,61,28.6,231,4.0
2019/06/27,995.2,996.2,994.2,83,52,0.3,30,24.8,274,25.5
2019/06/28,995.5,996.3,994.0,73,68,0.8,85,12.6,258,0.0
2019/06/29,995.0,996.5,993.7,75,52,0.1,1,5.5,2,0.0
2019/06/30,995.8,997.6,994.3,74,60,0.2,6,6.6,47,0.0
2019/08/01,999.0,1000.2,997.5,63,47,1.1,88,10.4,78,0.0
2019/08/02,997.9,999.6,996.2,68,48,1.3,72,10.4,45,0.0
2019/08/03,995.8,997.4,994.2,73,49,0.8,91,7.1,81,0.0
2019/08/04,994.5,995.8,993.5,74,53,1.4,74,9.9,118,0.5
2019/08/05,995.1,996.4,994.1,80,65,1.3,77,9.3,50,3.0
2019/08/06,995.1,996.4,993.9,74,52,1.1,70,8.2,77,0.0
2019/08/07,992.2,994.8,990.2,83,70,0.9,75,8.8,78,11.0
2019/08/08,986.9,990.2,983.1,84,65,0.6,349,10.4,39,28.0
2019/08/09,979.9,983.2,976.5,82,55,2.2,242,17.1,242,58.5
2019/08/10,984.8,989.6,980.8,64,42,1.6,252,14.8,237,2.0
2019/08/11,991.1,993.1,989.3,67,52,1.1,254,12.1,246,0.0
2019/08/12,993.5,995.0,992.1,73,49,0.5,237,9.9,252,0.0
2019/08/13,993.7,995.6,991.5,64,40,0.7,253,9.3,259,0.0
2019/08/14,993.7,995.2,991.4,66,47,0.9,258,9.9,259,0.0
2019/08/15,992.9,994.1,990.6,67,50,0.7,261,9.3,272,0.0
2019/08/16,994.4,997.0,992.6,68,46,0.8,85,9.3,284,0.0
2019/08/17,996.5,998.3,994.3,62,43,1.2,255,9.9,307,0.0
2019/08/18,997.7,999.0,996.8,79,51,0.6,52,9.9,126,14.5
2019/08/19,998.0,999.2,996.9,84,70,0.4,26,6.6,64,6.0
2019/08/20,997.6,999.1,996.4,79,55,0.5,69,6.6,126,1.0
2019/08/21,997.5,998.7,996.4,82,53,0.4,93,7.1,120,64.0
2019/08/22,998.7,1000.4,997.5,73,54,0.8,85,8.2,125,0.0
2019/08/23,998.9,1000.6,997.5,77,59,1.8,80,10.4,95,0.5
2019/08/24,994.2,997.9,990.8,78,68,3.4,78,18.2,42,24.5
2019/08/25,998.3,1002.5,993.1,72,58,0.7,60,12.6,74,0.0
2019/08/26,1002.1,1004.4,1000.3,72,52,0.3,57,7.1,29,0.0
2019/08/27,1001.1,1003.0,999.3,65,44,1.0,89,12.1,125,0.0
2019/08/28,998.6,1000.1,996.1,64,53,1.6,82,12.1,35,0.0
2019/08/29,999.1,1001.3,997.4,69,47,0.8,47,9.3,258,0.0
2019/08/30,1001.1,1002.3,1000.1,82,61,0.6,56,6.0,111,1.0
2019/08/31,1000.3,1001.5,998.9,72,57,1.8,77,13.2,108,0.0
2019/09/01,1000.4,1001.9,998.7,64,53,1.9,87,11.0,76,0.0
2019/09/02,1000.9,1002.6,998.7,66,54,1.1,92,11.0,63,0.0
2019/09/03,999.4,1000.6,997.6,69,54,1.5,91,11.0,49,0.0
2019/09/04,998.1,999.7,997.0,89,79,0.5,78,5.5,72,13.5
2019/09/05,995.3,997.8,993.7,91,78,0.3,256,4.9,263,50.0
2019/09/06,993.8,995.4,992.0,76,47,0.8,260,8.2,291,8.5
2019/09/07,996.4,998.0,994.6,75,50,0.4,107,6.0,288,0.0
2019/09/08,997.9,999.1,996.2,77,58,0.5,54,8.2,138,0.0
2019/09/09,999.0,1000.4,997.5,67,45,0.4,40,6.0,78,0.0
2019/09/10,1001.6,1003.7,999.7,64,45,1.1,74,9.3,103,0.0
2019/09/11,1003.6,1004.8,1001.4,69,50,1.4,78,9.9,71,0.0
2019/09/12,1002.5,1004.1,1000.1,76,54,1.4,80,9.9,69,0.0
2019/09/13,1000.4,1001.7,998.6,76,59,0.9,82,8.2,86,0.0
2019/09/14,1000.6,1002.2,999.1,74,53,0.6,91,9.9,106,0.0
2019/09/15,1000.5,1001.5,999.1,86,80,0.2,193,4.9,62,18.0
2019/09/16,1000.5,1002.0,999.1,80,68,0.4,5,6.0,70,1.5
2019/09/17,1002.3,1004.4,1000.3,78,63,0.5,75,6.0,120,1.0
2019/09/18,1004.2,1006.7,1001.9,74,63,0.6,49,9.9,331,4.0
2019/09/19,1003.8,1005.2,1002.2,70,58,0.5,2,7.7,340,1.0
2019/09/20,999.4,1002.3,997.3,92,81,0.6,248,7.1,242,33.5
2019/09/21,997.3,1001.1,995.0,92,81,1.1,256,8.8,232,34.5
2019/09/22,1003.9,1008.3,999.7,74,54,0.4,89,6.6,252,0.0
2019/09/23,1009.3,1011.3,1006.9,72,58,0.3,34,5.5,94,0.0
2019/09/24,1010.5,1011.9,1009.1,70,54,0.9,88,7.1,74,0.0
2019/09/25,1010.0,1011.2,1008.4,64,53,1.3,76,8.8,75,0.0
2019/09/26,1009.4,1010.8,1007.7,85,73,1.2,89,8.8,115,2.5
2019/09/27,1008.4,1010.3,1006.6,94,91,1.1,68,7.1,86,48.5
2019/09/28,1006.6,1008.1,1005.3,97,93,0.8,79,7.7,133,187.5
2019/09/29,1004.5,1006.3,1002.8,92,74,1.4,85,10.4,105,36.5
2019/09/30,996.8,1003.3,988.2,91,82,2.0,82,14.3,17,120.0
2019/10/01,998.1,1001.9,988.6,72,41,1.6,246,14.8,207,11.5
2019/10/02,1003.5,1004.8,1001.7,73,40,0.6,82,7.1,295,0.0
2019/10/03,1005.0,1007.2,1003.5,75,47,0.4,85,6.6,82,0.0
2019/10/04,1004.8,1006.6,1003.0,72,42,0.5,81,6.6,81,0.0
2019/10/05,1006.2,1009.0,1004.5,70,47,1.3,81,8.8,105,0.0
2019/10/06,1008.7,1010.2,1006.9,74,57,2.0,77,9.3,119,0.0
2019/10/07,1008.5,1009.7,1006.9,75,45,1.7,79,8.2,137,0.0
2019/10/08,1009.1,1010.7,1007.3,77,61,1.6,89,10.4,104,3.5
2019/10/09,1007.8,1009.6,1005.8,79,64,1.3,77,8.8,99,2.0
2019/10/10,1005.9,1008.1,1003.9,69,49,1.1,84,7.7,64,0.0
2019/10/11,1004.1,1006.2,1002.2,73,55,0.7,71,8.2,37,0.0
2019/10/12,1005.1,1007.3,1003.5,77,58,1.0,83,7.1,95,0.0
2019/10/13,1008.4,1010.6,1006.4,75,61,0.9,82,6.6,91,0.0
2019/10/14,1012.2,1015.1,1009.6,68,49,0.8,75,8.2,20,0.5
2019/10/15,1014.0,1015.6,1012.8,66,51,1.0,76,10.4,126,0.5
2019/10/16,1011.4,1014.1,1009.4,78,63,0.7,76,6.0,86,0.0
2019/10/17,1010.4,1011.8,1008.9,69,53,0.8,68,7.7,355,0.0
2019/10/18,1010.2,1011.6,1008.6,71,50,0.4,73,6.6,130,0.5
2019/10/19,1010.4,1011.8,1009.1,83,69,0.5,86,4.9,95,1.5
2019/10/20,1009.3,1011.4,1007.9,68,52,0.5,78,5.5,110,0.0
2019/10/21,1006.9,1008.8,1005.1,68,55,0.5,81,6.0,137,0.0
2019/10/22,1005.0,1006.9,1003.1,65,44,0.9,88,7.1,98,0.0
2019/10/23,1005.3,1007.4,1003.1,72,60,0.8,83,6.6,98,0.0
2019/10/24,1008.5,1010.6,1006.4,69,50,0.9,76,7.1,57,0.0
2019/10/25,1010.2,1011.8,1008.0,67,43,1.1,78,8.8,70,0.0
2019/10/26,1010.0,1012.2,1007.8,68,55,1.7,81,9.3,77,0.0
2019/10/27,1007.7,1009.6,1005.3,78,62,1.4,87,7.7,14,0.0
2019/10/28,1006.2,1008.1,1004.4,81,62,0.9,78,8.2,254,0.0
2019/10/29,1008.7,1010.8,1006.3,88,77,0.9,88,7.1,114,0.5
2019/10/30,1010.5,1012.4,1008.9,85,75,1.7,75,8.2,82,0.0
2019/10/31,1009.4,1010.9,1007.5,94,87,1.5,85,9.9,77,10.5
2019/11/01,1009.0,1010.9,1007.7,80,69,2.3,84,10.4,72,0.0
2019/11/02,1007.0,1008.6,1005.3,77,71,2.1,86,9.3,100,0.0
2019/11/03,1007.1,1009.2,1005.1,84,76,1.0,75,6.6,83,0.0
2019/11/04,1008.5,1010.6,1007.2,72,65,0.7,82,7.7,106,0.0
2019/11/05,1007.2,1009.4,1005.8,77,65,1.5,75,8.2,48,2.0
2019/11/06,1004.6,1006.4,1002.4,67,58,2.0,80,10.4,69,0.0
2019/11/07,1005.8,1009.0,1002.9,70,59,1.4,79,11.5,95,0.0
2019/11/08,1010.2,1012.3,1007.9,71,45,1.1,77,8.8,99,3.5
2019/11/09,1011.5,1013.9,1009.6,60,48,1.2,83,8.2,122,0.0
2019/11/10,1007.6,1010.2,1004.4,61,46,1.0,79,7.1,65,0.0
2019/11/11,1007.9,1009.7,1006.3,66,41,1.1,88,7.7,100,0.0
2019/11/12,1009.2,1011.1,1006.9,63,42,1.7,80,7.7,90,0.0
2019/11/13,1010.7,1014.1,1007.7,65,41,0.8,75,7.7,69,0.0
2019/11/14,1012.8,1015.1,1010.9,69,58,1.2,78,8.8,87,0.5
2019/11/15,1009.4,1011.7,1006.7,66,48,1.8,83,8.8,73,0.0
2019/11/16,1007.4,1009.0,1005.1,64,44,1.5,80,9.3,49,0.0
2019/11/17,1007.0,1008.6,1004.0,71,44,0.4,76,6.0,95,0.0
2019/11/18,1009.4,1013.6,1005.1,89,82,0.8,84,8.2,108,1.0
2019/11/19,1013.3,1015.0,1010.8,85,69,1.7,87,10.4,46,1.5
2019/11/20,1013.2,1015.3,1011.2,86,75,2.4,80,11.5,78,1.0
2019/11/21,1010.0,1012.7,1007.4,92,81,1.3,82,9.3,74,10.0
2019/11/22,1007.9,1009.2,1005.7,98,95,0.5,50,4.9,100,11.0
2019/11/23,1008.2,1010.1,1005.8,89,69,0.4,85,3.5,101,0.0
2019/11/24,1010.4,1012.9,1007.3,83,64,1.0,80,8.2,60,0.0
2019/11/25,1014.7,1016.9,1011.3,85,73,1.5,75,9.3,106,5.5
2019/11/26,1014.8,1016.9,1011.9,84,74,2.5,81,11.0,34,0.0
2019/11/27,1013.4,1015.5,1010.1,90,80,2.1,86,10.4,40,0.5
2019/11/28,1016.3,1018.2,1013.6,86,78,1.1,85,7.1,150,4.0
2019/11/29,1015.6,1017.5,1013.5,76,55,1.5,80,9.3,116,1.5
2019/11/30,1011.3,1013.9,1008.6,79,65,1.6,76,9.9,79,0.0
2019/12/01,1010.2,1012.0,1006.7,75,39,0.4,79,6.6,233,0.0
2019/12/02,1015.5,1018.5,1011.1,71,52,0.6,79,7.1,13,0.0
2019/12/03,1016.5,1017.7,1014.1,57,47,1.5,77,9.9,86,0.0
2019/12/04,1017.3,1019.0,1014.7,60,52,1.4,84,8.8,145,0.5
2019/12/05,1017.5,1019.4,1014.7,92,80,1.1,73,9.3,81,46.5
2019/12/06,1016.6,1018.6,1014.2,92,85,0.9,80,8.8,114,59.0
2019/12/07,1017.7,1019.3,1015.3,73,44,0.6,79,7.7,127,4.5
2019/12/08,1017.1,1019.1,1015.3,55,32,0.8,98,7.1,103,0.0
2019/12/09,1013.2,1016.2,1010.8,65,54,1.3,77,8.2,115,0.0
2019/12/10,1009.4,1011.7,1007.3,70,46,0.5,79,6.0,94,0.0
2019/12/11,1010.9,1014.2,1008.9,75,47,1.0,41,8.8,10,0.0
2019/12/12,1014.8,1016.4,1012.8,62,49,1.8,76,9.9,72,0.0
2019/12/13,1014.8,1016.8,1013.3,76,62,1.4,82,8.2,66,0.0
2019/12/14,1014.4,1016.7,1013.0,81,70,2.0,82,8.8,81,0.0
2019/12/15,1012.7,1015.2,1010.7,69,49,1.4,78,7.7,35,0.0
2019/12/16,1010.3,1012.7,1007.9,68,39,0.4,66,5.5,84,0.0
2019/12/17,1010.3,1013.0,1008.3,70,41,0.2,235,7.1,304,0.0
2019/12/18,1012.0,1014.1,1009.6,92,77,1.2,80,7.7,59,0.5
2019/12/19,1012.9,1015.2,1010.7,93,85,1.5,77,7.7,125,0.0
2019/12/20,1013.0,1015.1,1010.7,95,88,1.6,81,9.3,72,8.5
2019/12/21,1009.4,1012.4,1007.4,94,85,0.5,81,6.0,260,1.0
2019/12/22,1007.9,1009.4,1006.2,86,75,1.0,85,6.6,114,0.0
2019/12/23,1009.6,1011.3,1008.3,84,74,1.3,72,7.7,98,0.0
2019/12/24,1010.7,1012.7,1008.9,85,71,0.7,66,6.0,70,0.0
2019/12/25,1008.4,1011.2,1005.7,84,67,1.1,81,7.1,48,0.0
2019/12/26,1009.6,1014.1,1006.4,82,66,0.7,78,8.2,87,0.0
2019/12/27,1015.2,1017.4,1013.8,73,65,1.6,82,9.9,98,0.0
2019/12/28,1012.8,1015.3,1010.8,72,65,2.4,79,11.5,49,0.0
2019/12/29,1011.0,1012.7,1009.1,86,64,0.5,252,10.4,22,16.5
2019/12/30,1013.5,1016.9,1011.1,91,83,0.6,63,7.1,84,15.0
2019/12/31,1020.9,1023.6,1016.3,90,81,1.7,80,8.8,82,0.5
2020/01/01,1019.8,1021.9,1018.4,90,84,1.9,79,8.2,64,0.0
2020/01/02,1017.0,1019.1,1014.9,73,53,1.4,93,7.1,108,0.0
2020/01/03,1014.5,1017.3,1012.0,68,46,1.2,86,7.1,104,0.0
2020/01/04,1012.9,1015.2,1010.5,70,47,1.0,85,8.2,115,0.0
2020/01/05,1013.2,1015.3,1011.3,73,56,1.7,77,10.4,73,0.0
2020/01/06,1011.7,1014.5,1009.4,73,48,0.2,87,5.5,129,0.0
2020/01/07,1009.2,1011.2,1007.2,70,44,0.5,92,7.7,287,0.0
2020/01/08,1013.6,1016.6,1010.2,73,63,1.8,77,11.0,66,0.0
2020/01/09,1011.5,1014.5,1008.9,70,55,1.7,75,9.3,79,0.0
2020/01/10,1008.2,1010.5,1005.9,74,50,0.8,84,6.6,56,0.0
2020/01/11,1007.5,1009.0,1006.1,79,62,0.6,271,7.1,252,0.0
2020/01/12,1010.8,1012.8,1008.0,82,74,1.2,85,7.7,96,0.0
2020/01/13,1010.6,1013.4,1008.5,86,74,1.3,83,7.1,72,6.5
2020/01/14,1012.7,1015.1,1009.2,83,71,1.0,76,8.2,93,0.5
2020/01/15,1012.1,1014.4,1010.0,88,79,1.6,77,10.4,89,0.0
2020/01/16,1010.3,1011.7,1007.7,81,66,0.6,260,6.0,333,0.0
2020/01/17,1012.5,1014.2,1010.5,83,75,0.7,68,6.0,98,0.0
2020/01/18,1013.2,1015.1,1011.8,79,70,0.9,72,7.1,112,0.0
2020/01/19,1013.4,1015.1,1011.4,87,81,0.7,76,6.0,57,0.0
2020/01/20,1015.3,1017.2,1012.8,74,61,0.9,86,7.1,36,0.0
2020/01/21,1015.1,1018.2,1012.4,68,52,1.6,78,8.2,91,0.0
2020/01/22,1011.5,1013.9,1009.4,68,40,0.1,80,4.1,274,0.0
2020/01/23,1010.5,1012.3,1008.9,77,48,0.5,86,6.6,87,0.0
2020/01/24,1011.7,1013.4,1010.0,87,67,0.6,84,6.6,83,0.0
2020/01/25,1009.7,1012.3,1008.3,92,76,1.4,82,8.8,68,1.5
2020/01/26,1004.8,1008.4,1001.8,96,91,1.0,79,11.0,297,25.5
2020/01/27,1007.4,1010.0,1004.6,85,73,0.6,76,7.7,256,3.5
2020/01/28,1010.3,1013.3,1007.4,79,69,0.7,75,5.5,95,0.5
2020/01/29,1012.6,1013.9,1011.3,70,56,0.2,351,8.2,354,0.0
2020/01/30,1013.6,1015.5,1011.6,54,31,0.7,274,8.8,289,0.0
2020/01/31,1015.2,1016.8,1013.8,58,38,0.7,83,7.1,53,0.0
2020/02/01,1015.8,1017.5,1014.0,60,44,1.3,81,9.3,91,0.0
2020/02/02,1014.5,1016.6,1012.3,62,43,0.7,79,6.6,89,0.0
2020/02/03,1013.6,1014.6,1012.0,79,55,0.5,83,9.3,93,0.0
2020/02/04,1012.6,1014.1,1010.8,94,84,0.3,59,4.1,320,14.0
2020/02/05,1015.0,1016.6,1013.0,88,75,1.0,82,8.2,85,6.0
2020/02/06,1012.1,1016.3,1008.5,80,65,1.6,81,12.1,45,0.0
2020/02/07,1014.2,1016.7,1011.3,90,81,0.6,259,6.6,286,3.0
2020/02/08,1017.6,1019.4,1016.2,73,65,0.4,73,6.6,104,0.0
2020/02/09,1018.5,1020.7,1016.9,77,66,1.2,84,7.1,83,0.0
2020/02/10,1015.4,1017.8,1013.6,61,47,1.5,80,8.8,88,0.0
2020/02/11,1013.6,1016.1,1011.4,67,48,0.2,76,7.1,64,0.0
2020/02/12,1010.4,1012.5,1007.9,69,31,0.3,81,4.9,314,0.0
2020/02/13,1008.0,1010.2,1004.5,77,47,0.6,258,6.6,62,1.5
2020/02/14,1007.7,1010.8,1004.4,88,61,0.5,80,6.6,82,2.0
2020/02/15,1007.2,1010.6,1004.4,85,72,0.5,77,8.2,75,0.0
2020/02/16,1013.3,1018.6,1005.5,82,64,1.0,84,10.4,65,3.5
2020/02/17,1020.1,1022.5,1016.8,54,38,0.6,4,7.7,115,0.0
2020/02/18,1019.7,1022.3,1017.7,51,38,1.6,83,10.4,63,0.0
2020/02/19,1016.2,1018.3,1014.0,59,40,1.0,82,8.8,136,0.0
2020/02/20,1017.5,1018.9,1015.5,80,59,1.0,85,8.2,134,0.0
2020/02/21,1017.8,1019.3,1015.6,73,46,0.9,81,8.2,89,0.0
2020/02/22,1019.0,1020.7,1017.7,88,69,1.1,84,8.2,100,3.5
2020/02/23,1017.9,1020.5,1015.1,77,65,2.0,79,8.8,87,0.0
2020/02/24,1012.3,1015.1,1010.3,70,49,1.0,77,8.2,82,0.0
2020/02/25,1010.3,1012.4,1008.4,67,40,0.3,86,7.1,306,0.0
2020/02/26,1011.0,1013.6,1008.9,76,47,0.7,90,9.3,66,0.0
2020/02/27,1013.6,1016.0,1012.4,91,82,1.6,69,8.2,102,0.0
2020/02/28,1009.6,1012.4,1008.3,83,57,0.7,77,7.7,267,0.0
2020/02/29,1006.9,1008.9,1004.8,72,41,0.2,234,6.0,303,0.0
2020/03/01,1007.0,1011.6,1004.6,83,72,0.8,67,8.2,329,0.0
2020/03/02,1012.9,1015.3,1011.4,82,73,2.0,82,9.3,92,0.0
2020/03/03,1011.5,1013.5,1009.1,78,62,1.4,85,9.3,71,0.0
2020/03/04,1012.1,1015.6,1008.6,87,79,1.2,86,8.8,101,2.0
2020/03/05,1014.1,1016.4,1012.2,88,79,2.0,80,10.4,46,17.0
2020/03/06,1009.3,1013.1,1006.6,77,62,1.1,85,8.8,60,0.0
2020/03/07,1006.5,1009.2,1004.0,78,52,0.6,83,7.7,68,0.0
2020/03/08,1004.0,1006.7,1001.7,84,66,1.2,77,7.7,106,0.0
2020/03/09,1000.0,1003.0,997.9,82,59,0.6,253,7.1,319,0.5
2020/03/10,1007.1,1013.0,999.8,86,68,1.0,91,11.0,310,63.0
2020/03/11,1012.3,1014.0,1010.5,65,52,1.8,79,8.8,78,0.0
2020/03/12,1008.4,1011.4,1005.9,73,61,0.6,75,9.9,258,0.5
2020/03/13,1008.5,1010.6,1006.3,97,85,0.5,265,7.1,104,64.0
2020/03/14,1011.9,1013.6,1009.9,77,63,0.6,73,6.0,18,3.0
2020/03/15,1012.6,1014.6,1010.1,53,26,1.0,84,7.1,98,0.0
2020/03/16,1013.1,1015.5,1011.1,46,25,1.9,79,11.5,121,0.0
2020/03/17,1011.1,1012.8,1009.1,57,28,0.5,239,7.7,317,0.0
2020/03/18,1008.1,1010.3,1006.1,75,52,0.2,307,5.5,317,0.0
2020/03/19,1007.1,1009.7,1005.1,88,79,0.2,244,7.1,319,9.0
2020/03/20,1008.1,1010.0,1006.1,81,71,1.0,76,8.2,87,0.0
2020/03/21,1007.1,1010.1,1004.0,72,43,0.5,84,7.7,292,0.0
2020/03/22,1005.4,1008.4,1002.2,73,40,0.4,64,7.1,204,0.0
2020/03/23,1008.0,1010.9,1006.1,84,72,1.4,92,7.7,111,0.5
2020/03/24,1008.0,1009.5,1006.7,84,67,1.6,84,9.3,70,0.5
2020/03/25,1006.4,1008.3,1004.2,79,59,0.5,82,6.6,196,0.0
2020/03/26,1006.3,1008.4,1003.4,69,43,0.3,83,7.1,283,0.0
2020/03/27,1006.5,1008.3,1005.0,83,48,0.4,14,7.1,155,45.0
2020/03/28,1008.0,1012.8,1003.5,91,79,1.1,70,8.8,98,43.5
2020/03/29,1008.5,1012.4,1004.0,80,68,1.3,86,9.9,82,0.0
2020/03/30,1006.0,1007.7,1004.2,84,65,0.6,76,6.0,268,0.0
2020/03/31,1005.4,1007.9,1002.9,90,75,0.7,82,7.7,80,1.5
2020/04/01,1009.8,1012.7,1004.8,84,72,1.1,261,7.7,95,2.5
2020/04/02,1011.1,1013.6,1008.5,88,77,1.3,81,8.2,81,14.5
2020/04/03,1010.6,1012.8,1008.3,89,80,1.2,82,8.8,88,0.5
2020/04/04,1012.2,1014.9,1008.9,83,69,0.8,78,6.6,105,0.5
2020/04/05,1013.2,1014.5,1011.9,72,60,1.4,82,8.2,80,1.0
2020/04/06,1009.9,1012.7,1007.7,82,68,1.5,80,8.2,102,6.0
2020/04/07,1008.6,1010.3,1005.6,85,73,0.8,68,6.0,68,1.5
2020/04/08,1008.8,1010.7,1007.7,78,69,0.9,77,7.1,80,0.0
2020/04/09,1010.6,1012.5,1008.1,78,57,1.0,84,6.6,98,0.5
2020/04/10,1010.9,1013.0,1009.0,66,48,1.6,79,9.9,127,0.0
2020/04/11,1006.9,1009.6,1004.8,80,56,0.4,270,6.6,293,14.5
2020/04/12,1009.6,1011.9,1005.9,76,38,0.5,79,7.1,98,11.5
2020/04/13,1011.4,1013.8,1009.6,48,27,0.6,81,9.9,326,0.0
2020/04/14,1009.5,1012.7,1006.9,50,30,0.8,82,7.7,129,0.0
2020/04/15,1007.4,1009.1,1005.6,57,35,0.6,278,10.4,264,0.0
2020/04/16,1007.2,1008.6,1005.7,60,30,0.6,125,7.1,117,0.0
2020/04/17,1007.4,1009.4,1006.1,69,46,0.6,291,8.2,316,0.0
2020/04/18,1007.1,1009.1,1005.5,74,50,0.5,273,6.0,1,0.0
2020/04/19,1003.9,1005.7,1001.9,80,61,0.4,252,7.7,240,0.0
2020/04/20,1005.9,1008.6,1004.0,85,75,1.2,73,11.0,104,0.0
2020/04/21,1006.0,1008.6,1004.1,86,73,0.8,71,7.1,97,0.0
2020/04/22,1009.7,1011.6,1007.5,92,86,1.7,86,9.3,73,1.0
2020/04/23,1011.4,1013.1,1009.2,91,70,2.0,81,11.5,73,19.0
2020/04/24,1011.9,1013.6,1010.6,87,66,1.9,76,10.4,95,10.0
2020/04/25,1009.2,1011.6,1007.5,82,74,0.8,78,5.5,104,0.0
2020/04/26,1009.2,1010.8,1007.7,85,73,0.5,74,6.6,101,0.0
2020/04/27,1009.6,1011.4,1008.0,78,62,1.3,80,8.2,78,1.0
2020/04/28,1010.7,1012.7,1009.1,64,46,1.8,78,10.4,98,0.0
2020/04/29,1008.6,1010.3,1007.3,60,41,1.8,77,11.5,145,0.0
2020/04/30,1007.5,1009.9,1005.5,59,29,0.4,55,7.1,330,0.0
2020/05/01,1004.9,1007.3,1003.1,65,37,0.3,51,6.0,333,0.0
2020/05/02,1001.9,1004.1,1000.3,66,44,0.3,185,7.1,311,0.0
2020/05/03,1000.6,1002.2,999.1,74,59,0.6,256,8.8,307,0.0
2020/05/04,1002.2,1003.6,1000.8,73,45,0.5,315,6.6,316,0.0
2020/05/05,1000.3,1002.6,997.9,76,43,0.6,79,8.2,273,0.0
2020/05/06,1001.0,1004.0,997.6,80,58,1.2,64,12.1,296,0.0
2020/05/07,1002.6,1004.0,1001.4,88,79,0.6,76,5.5,93,11.0
2020/05/08,1001.8,1003.3,1000.0,76,52,0.4,70,6.6,311,0.0
2020/05/09,1000.8,1002.2,998.9,72,45,0.4,87,6.6,267,0.0
2020/05/10,1001.9,1004.2,1000.2,80,51,0.4,43,6.6,63,5.0
2020/05/11,1003.0,1004.7,1001.4,91,81,1.4,81,8.8,61,0.0
2020/05/12,1003.8,1006.2,1001.4,90,79,1.1,79,7.1,99,25.5
2020/05/13,1006.2,1008.0,1005.1,72,49,1.7,80,9.3,75,0.0
2020/05/14,1004.0,1005.8,1001.9,68,44,0.7,90,6.6,82,0.0
2020/05/15,1001.7,1003.1,1000.3,70,44,0.3,65,6.6,242,0.0
2020/05/16,1001.2,1002.9,1000.0,81,48,0.4,40,9.3,112,14.0
2020/05/17,997.8,1000.1,995.2,71,50,0.4,98,7.7,75,0.5
2020/05/18,996.3,998.6,994.3,83,69,0.7,262,11.0,266,9.0
2020/05/19,999.6,1001.9,996.9,91,85,0.5,80,8.8,82,30.0
2020/05/20,1001.6,1002.8,1000.6,89,78,0.7,73,7.1,97,2.0
2020/05/21,999.4,1001.7,997.5,90,71,0.5,81,6.6,128,50.5
2020/05/22,996.4,998.4,994.6,99,94,0.3,71,7.1,43,78.5
2020/05/23,998.9,1001.2,996.3,95,87,0.6,73,5.5,62,11.0
2020/05/24,1001.9,1003.4,1000.3,83,61,0.6,88,7.1,104,0.0
2020/05/25,1002.7,1004.2,1001.7,85,59,0.7,73,6.6,45,0.0
2020/05/26,1000.4,1002.2,998.7,76,56,0.5,246,11.5,242,1.5
2020/05/27,1002.3,1004.6,1000.3,90,78,1.2,78,8.8,100,14.5
2020/05/28,1004.0,1005.7,1002.5,98,92,0.8,80,6.6,68,129.0
2020/05/29,1004.0,1005.1,1002.5,90,61,0.2,56,7.7,69,57.0
2020/05/30,1003.3,1004.6,1001.4,78,50,0.4,262,8.2,267,0.0
2020/05/31,1003.5,1005.3,1001.8,76,50,0.9,87,10.4,242,12.0
2020/06/01,1003.7,1005.1,1001.5,82,55,0.4,295,9.3,248,10.5
2020/06/02,1002.5,1005.0,1000.4,80,61,0.4,311,7.7,311,1.0
2020/06/03,1000.7,1002.6,998.0,68,48,0.9,255,8.8,304,0.0
2020/06/04,1000.0,1001.5,998.6,66,41,0.9,272,12.1,252,0.0
2020/06/05,1000.0,1001.5,997.4,68,40,0.4,253,8.8,259,0.0
2020/06/06,999.0,1000.2,997.3,68,47,0.6,194,11.5,265,0.0
2020/06/07,1000.0,1001.3,999.0,85,60,0.5,254,7.7,244,18.0
2020/06/08,1001.1,1002.4,999.3,84,72,0.2,36,8.8,256,0.0
2020/06/09,1002.1,1003.4,1000.6,79,59,0.4,49,6.0,92,0.5
2020/06/10,1001.8,1003.3,1000.1,68,40,0.3,260,7.1,253,0.0
2020/06/11,1000.5,1002.0,998.7,75,56,0.1,58,4.9,80,0.0
2020/06/12,999.4,1001.3,997.6,71,54,0.4,6,6.0,9,0.0
2020/06/13,1000.5,1003.6,997.9,72,48,0.3,33,4.9,94,0.0
2020/06/14,1004.4,1006.9,1001.8,81,54,0.3,60,5.5,269,21.0
2020/06/15,1004.2,1006.1,1002.3,71,47,0.8,255,8.8,259,0.0
2020/06/16,1001.1,1003.3,999.1,65,44,1.0,257,10.4,239,0.0
2020/06/17,999.7,1001.1,998.1,64,44,0.7,257,8.8,205,0.0
2020/06/18,999.6,1001.7,996.7,62,40,1.0,247,11.5,257,0.0
2020/06/19,1000.4,1001.7,998.4,64,43,0.7,254,9.9,289,0.0
2020/06/20,999.9,1001.5,997.0,66,43,0.6,54,8.8,203,0.0
2020/06/21,997.3,999.5,994.7,63,39,0.8,256,11.0,254,0.0
2020/06/22,997.6,999.3,996.7,62,41,1.1,262,11.5,263,0.0
2020/06/23,998.3,999.3,996.1,63,37,0.6,261,8.2,249,0.0
2020/06/24,998.0,999.2,996.3,67,39,0.5,213,7.7,293,0.0
2020/06/25,998.9,1000.8,996.5,70,40,0.5,62,6.6,268,0.5
2020/06/26,1001.3,1003.1,999.1,79,40,0.4,38,9.9,105,55.5
2020/06/27,1001.0,1002.3,998.6,72,44,0.6,90,8.8,229,0.0
2020/06/28,1000.0,1001.5,998.7,72,35,0.6,239,9.9,119,28.0
2020/06/29,998.0,1000.0,995.8,75,43,0.7,59,7.7,68,6.5
2020/06/30,997.1,998.7,995.1,77,50,0.6,80,10.4,95,0.0
2020/07/01,998.1,1000.8,995.3,82,55,0.4,27,7.7,313,12.0
2020/07/02,1000.4,1003.1,997.9,85,58,0.4,197,8.8,272,51.0
2020/07/03,1002.1,1003.7,999.8,76,43,0.3,50,6.6,304,4.0
2020/07/04,1001.6,1003.3,998.5,72,44,0.4,154,7.7,312,0.0
2020/07/05,999.3,1000.9,997.3,72,47,0.5,65,8.8,115,0.0
2020/07/06,999.4,1001.4,996.8,70,48,0.5,261,7.1,251,0.0
2020/07/07,1001.3,1002.5,999.5,73,50,0.4,20,7.1,264,0.0
2020/07/08,998.5,1001.1,995.7,71,45,0.5,70,8.2,246,0.0
2020/07/09,995.8,997.0,994.2,67,43,0.5,256,8.8,263,0.0
2020/07/10,998.7,1000.9,996.3,64,36,0.7,257,8.8,267,0.0
2020/07/11,1000.7,1002.0,999.1,66,40,0.5,281,8.2,323,0.0
2020/07/12,1000.3,1002.2,997.9,62,37,0.6,67,6.0,268,0.0
2020/07/13,999.5,1000.8,997.6,62,40,0.5,10,6.0,295,0.0
2020/07/14,998.2,1000.0,995.8,64,45,0.4,22,45.8,329,0.0
2020/07/15,997.7,999.2,995.9,73,54,0.6,71,7.7,300,0.0
2020/07/16,998.3,999.8,997.3,66,42,0.7,206,9.9,265,0.0
2020/07/17,999.9,1001.3,998.1,65,42,0.6,64,7.7,275,0.0
2020/07/18,1000.0,1001.2,998.7,68,38,0.4,85,7.7,65,0.0
2020/07/19,1000.4,1002.0,999.1,72,43,0.2,28,6.6,336,6.0
2020/07/20,1002.6,1004.4,1000.9,75,43,0.2,90,8.2,185,4.5
2020/07/21,1003.8,1004.8,1002.8,73,45,0.2,11,7.1,295,0.0
2020/07/22,1002.5,1004.1,1000.9,70,52,0.4,74,6.6,77,0.0
2020/07/23,1001.5,1003.0,1000.1,74,51,0.6,196,7.1,298,10.5
2020/07/24,1000.0,1001.9,997.8,68,43,0.7,243,7.1,203,0.0
2020/07/25,999.8,1000.9,998.0,77,59,0.4,143,9.3,318,7.5
2020/07/26,999.6,1000.8,997.6,81,48,0.3,26,12.6,350,122.5
2020/07/27,1000.0,1001.3,998.3,82,48,0.2,19,9.3,107,47.0
2020/07/28,1001.1,1002.5,999.6,76,52,0.5,84,8.2,40,0.0
2020/07/29,1000.7,1002.4,998.3,66,50,1.4,90,12.6,82,0.0
2020/07/30,1000.6,1002.0,999.1,69,60,1.8,79,11.5,76,0.0
2020/07/31,1000.0,1001.4,998.4,63,51,1.7,96,12.6,87,0.0
2020/08/01,1000.7,1002.8,999.0,62,49,1.5,85,12.1,88,0.0
2020/08/02,1000.0,1002.6,998.3,73,53,0.5,78,8.8,94,2.5
2020/08/03,995.5,998.5,993.1,94,85,0.7,249,11.0,255,135.0
2020/08/04,999.3,1003.7,995.7,83,56,0.3,36,6.0,307,1.5
2020/08/05,1003.4,1005.0,1001.7,73,48,0.3,62,6.0,100,0.5
2020/08/06,1003.2,1004.8,1001.3,65,42,0.5,21,8.8,127,0.0
2020/08/07,1000.9,1002.6,998.6,64,44,0.5,3,4.9,129,0.0
2020/08/08,998.2,1000.1,996.3,68,51,0.6,68,7.1,102,0.0
2020/08/09,996.1,997.3,994.6,68,50,0.6,77,8.2,314,0.0
2020/08/10,998.0,999.5,996.3,74,50,0.3,24,6.0,310,6.0
2020/08/11,1002.0,1005.3,997.8,84,55,0.3,38,8.2,315,37.5
2020/08/12,1006.0,1008.0,1004.4,78,49,0.3,54,8.2,245,19.0
2020/08/13,1004.8,1007.3,1002.9,76,41,0.4,25,6.6,312,19.0
2020/08/14,1002.3,1004.1,1000.1,71,43,0.4,64,7.1,257,0.5
2020/08/15,1001.8,1003.6,999.5,68,44,0.3,73,10.4,98,0.0
2020/08/16,1002.0,1003.5,1000.1,68,45,0.6,86,7.1,107,0.0
2020/08/17,1001.2,1002.6,999.7,67,54,1.7,87,11.0,68,0.0
2020/08/18,1000.8,1002.2,998.9,67,50,1.7,82,12.1,60,0.0
2020/08/19,1000.9,1002.0,998.5,62,41,1.2,79,11.0,104,0.0
2020/08/20,1001.4,1002.9,998.9,64,45,1.1,79,11.0,114,0.0
2020/08/21,1000.8,1003.0,998.1,69,51,1.6,83,13.2,52,0.0
2020/08/22,998.5,1000.7,996.2,85,65,0.5,68,6.6,60,24.0
2020/08/23,997.3,998.5,995.2,71,48,1.8,260,12.6,251,4.0
2020/08/24,995.7,998.0,992.5,64,40,1.3,258,10.4,296,0.0
2020/08/25,993.9,995.6,990.8,61,34,1.5,252,10.4,275,0.0
2020/08/26,993.9,995.4,991.7,67,40,0.6,140,8.8,165,0.0
2020/08/27,995.1,997.5,992.8,83,51,0.4,15,6.6,132,84.5
2020/08/28,996.0,997.9,993.6,75,51,0.3,8,4.9,78,0.0
2020/08/29,997.5,998.7,996.3,79,59,0.7,77,7.1,89,0.0
2020/08/30,998.0,999.3,995.8,75,60,0.8,62,7.7,93,0.0
2020/08/31,997.0,998.9,995.1,82,59,0.3,60,6.6,40,15.5
2020/09/01,994.9,996.3,993.4,72,42,1.1,253,10.4,286,14.0
2020/09/02,997.1,999.3,994.7,61,39,0.7,252,8.8,258,0.0
2020/09/03,1001.3,1003.6,998.3,79,57,0.4,65,7.1,300,20.5
2020/09/04,1002.3,1004.1,1000.3,76,58,0.9,65,8.8,58,0.0
2020/09/05,999.8,1001.8,997.8,64,39,0.3,285,6.6,298,0.0
2020/09/06,998.1,999.3,996.4,55,30,0.9,259,9.9,350,0.0
2020/09/07,1001.1,1003.5,998.7,55,26,0.5,66,7.7,38,0.0
2020/09/08,1004.3,1005.7,1002.5,67,43,0.3,201,6.6,201,0.0
2020/09/09,1002.5,1005.1,1000.3,71,42,0.3,71,8.2,187,9.0
2020/09/10,1000.0,1001.7,997.8,80,58,0.3,33,5.5,125,0.0
2020/09/11,1000.8,1003.0,999.5,73,47,0.1,56,5.5,326,0.0
2020/09/12,1003.9,1005.8,1001.9,83,61,0.6,39,7.1,96,0.5
2020/09/13,1004.5,1006.1,1003.0,88,75,0.5,90,5.5,108,2.5
2020/09/14,1003.1,1004.6,1001.2,80,62,0.6,81,6.6,124,0.0
2020/09/15,1002.4,1003.6,1001.1,77,50,0.4,81,8.8,296,0.0
2020/09/16,1001.8,1002.8,1000.7,77,54,0.4,71,5.5,312,8.0
2020/09/17,1001.2,1002.9,999.7,74,54,0.3,64,4.9,30,0.0
2020/09/18,1004.4,1006.2,1002.6,77,45,0.6,37,7.1,279,0.0
2020/09/19,1005.3,1006.9,1004.0,73,52,0.6,71,8.8,310,0.0
2020/09/20,1004.9,1006.2,1003.7,88,77,0.5,91,7.7,2,16.5
2020/09/21,1004.6,1005.7,1003.1,74,56,0.6,87,7.1,108,0.0
2020/09/22,1003.8,1005.2,1002.3,65,47,0.7,87,7.1,78,0.0
2020/09/23,1003.2,1004.4,1001.8,67,43,0.8,71,7.1,110,0.0
2020/09/24,1003.5,1004.6,1002.4,87,75,0.5,58,4.9,74,4.0
2020/09/25,1003.4,1004.5,1002.0,84,75,0.3,69,3.5,92,1.5
2020/09/26,1004.0,1005.9,1002.2,85,70,0.6,68,7.1,121,4.5
2020/09/27,1004.9,1006.8,1003.5,97,93,0.8,74,6.6,47,37.0
2020/09/28,1004.0,1005.7,1002.4,96,91,0.4,81,6.0,70,21.5
2020/09/29,1001.7,1003.9,999.3,79,56,0.4,62,5.5,94,1.5
2020/09/30,1002.6,1004.5,1000.3,87,77,0.3,77,6.0,79,3.5
2020/10/01,1003.4,1005.3,1001.8,71,47,0.9,69,8.8,72,0.0
2020/10/02,1003.8,1005.2,1001.9,76,61,1.2,93,9.3,97,0.0
2020/10/03,1003.4,1004.8,1001.1,71,43,1.0,80,8.2,52,0.0
2020/10/04,1002.3,1004.6,999.2,70,38,0.7,81,7.1,95,0.0
2020/10/05,1006.1,1008.9,1004.0,92,79,1.0,72,7.7,125,11.0
2020/10/06,1008.8,1010.5,1007.3,76,59,0.9,60,8.8,103,0.0
2020/10/07,1008.6,1010.3,1007.2,69,56,0.5,74,7.7,102,0.0
2020/10/08,1008.4,1009.7,1007.2,72,54,0.5,86,8.2,156,1.0
2020/10/09,1008.1,1009.9,1006.7,82,60,0.3,63,4.9,74,1.5
2020/10/10,1005.9,1007.7,1004.7,85,77,1.1,88,7.1,74,0.5
2020/10/11,1003.4,1005.1,1001.3,93,86,1.3,81,8.8,68,5.5
2020/10/12,1003.4,1005.3,1001.5,94,85,1.3,76,8.8,96,14.5
2020/10/13,1006.5,1008.9,1004.5,95,92,1.5,84,8.8,148,20.0
2020/10/14,1008.9,1010.3,1007.4,85,76,1.8,84,9.9,86,1.0
2020/10/15,1008.3,1010.2,1006.4,82,74,1.8,87,9.3,100,0.0
2020/10/16,1007.6,1009.6,1005.9,88,75,1.3,79,8.2,82,5.5
2020/10/17,1009.5,1011.2,1008.0,85,72,1.0,78,8.2,96,2.5
2020/10/18,1009.8,1012.0,1008.3,92,89,0.9,94,7.1,120,3.5
2020/10/19,1009.7,1011.7,1007.8,88,80,1.3,72,7.7,46,2.0
2020/10/20,1007.9,1010.3,1005.5,89,81,1.7,87,9.3,75,2.0
2020/10/21,1002.8,1005.7,1000.7,94,82,1.3,83,9.9,107,5.0
2020/10/22,1004.2,1008.3,1000.6,89,81,0.7,80,8.2,91,1.5
2020/10/23,1008.5,1010.3,1005.9,77,60,0.8,75,7.7,70,3.5
2020/10/24,1010.3,1012.5,1008.6,61,48,2.0,84,11.5,117,0.0
2020/10/25,1009.0,1011.1,1006.7,66,52,1.8,74,9.9,111,0.0
2020/10/26,1007.0,1009.2,1004.8,67,52,1.6,77,10.4,41,0.0
2020/10/27,1006.9,1009.0,1005.2,68,60,1.7,83,9.9,112,0.0
2020/10/28,1009.5,1011.4,1007.7,73,61,1.4,72,8.2,48,0.0
2020/10/29,1011.3,1013.0,1009.6,82,74,1.4,83,7.7,104,0.0
2020/10/30,1012.9,1014.5,1011.1,66,52,0.8,65,6.6,360,0.0
2020/10/31,1010.8,1013.5,1008.9,62,45,1.2,95,8.8,78,0.0
2020/11/01,1007.5,1009.5,1005.5,71,53,1.4,77,11.5,81,0.0
2020/11/02,1008.0,1010.5,1006.2,74,59,1.0,82,8.8,28,1.5
2020/11/03,1011.3,1013.5,1009.2,72,47,0.7,79,8.2,3,2.0
2020/11/04,1011.9,1013.9,1010.1,65,49,1.1,80,9.9,65,0.5
2020/11/05,1010.3,1012.4,1008.5,78,65,1.5,79,8.2,45,0.0
2020/11/06,1005.7,1009.4,1002.0,84,64,1.7,81,13.2,44,2.5
2020/11/07,1006.8,1010.8,1002.8,74,56,1.3,84,13.2,78,0.0
2020/11/08,1012.7,1014.4,1010.5,89,81,1.1,91,8.2,78,2.0
2020/11/09,1013.3,1014.5,1012.0,74,64,1.7,78,9.3,59,0.0
2020/11/10,1014.3,1016.0,1012.5,75,60,1.7,74,8.8,79,0.0
2020/11/11,1015.4,1017.1,1014.1,65,57,1.7,87,9.3,111,0.5
2020/11/12,1012.9,1015.2,1011.6,85,69,1.9,81,9.9,49,1.0
2020/11/13,1011.7,1013.3,1010.1,93,82,1.0,76,8.2,101,19.5
2020/11/14,1012.8,1014.1,1011.3,81,67,1.7,80,9.9,48,7.0
2020/11/15,1011.7,1013.1,1010.0,73,56,1.4,82,9.3,87,0.0
2020/11/16,1010.0,1012.2,1008.3,75,63,1.4,80,10.4,87,0.0
2020/11/17,1008.1,1009.6,1006.2,72,60,1.4,80,8.8,50,0.0
2020/11/18,1005.5,1007.7,1003.6,67,47,0.3,129,6.0,79,0.0
2020/11/19,1004.7,1006.9,1002.6,69,41,0.3,56,6.6,72,0.0
2020/11/20,1006.6,1008.5,1004.1,82,60,0.6,23,7.1,60,0.0
2020/11/21,1008.4,1010.0,1007.0,93,87,0.9,83,7.1,136,2.5
2020/11/22,1010.7,1014.9,1007.2,81,59,0.6,65,6.6,91,0.0
2020/11/23,1013.8,1015.8,1011.9,90,82,1.9,82,9.9,56,4.5
2020/11/24,1013.0,1015.0,1011.2,81,69,1.8,73,8.8,91,0.0
2020/11/25,1011.4,1013.0,1009.2,76,59,1.5,76,9.3,99,0.0
2020/11/26,1011.7,1013.5,1009.6,69,51,1.4,74,9.3,65,0.0
2020/11/27,1014.3,1016.3,1012.2,82,70,1.0,86,9.9,101,0.0
2020/11/28,1015.1,1017.1,1013.3,85,76,1.2,78,7.7,88,2.5
2020/11/29,1015.5,1017.3,1014.0,90,84,1.5,84,8.2,66,3.0
2020/11/30,1016.5,1018.2,1014.9,89,74,1.6,75,10.4,83,6.0
2020/12/01,1014.8,1016.8,1013.0,91,84,1.2,82,8.2,52,41.0
2020/12/02,1013.7,1015.3,1011.7,82,69,0.9,71,7.1,32,19.0
2020/12/03,1015.0,1016.4,1013.5,87,78,0.6,87,6.0,76,7.5
2020/12/04,1014.2,1015.7,1012.8,93,87,1.2,75,7.7,55,14.5
2020/12/05,1014.5,1016.3,1012.8,93,87,1.6,79,8.8,76,4.5
2020/12/06,1012.9,1014.5,1011.2,94,91,1.5,83,9.3,59,5.5
2020/12/07,1013.1,1014.6,1011.2,95,92,1.0,82,7.7,88,6.0
2020/12/08,1013.3,1014.9,1011.7,94,90,0.9,92,6.6,124,12.5
2020/12/09,1010.5,1013.5,1007.8,96,93,1.2,79,7.7,80,30.5
2020/12/10,1009.2,1011.1,1007.3,95,88,0.9,78,8.2,100,3.5
2020/12/11,1008.4,1010.1,1005.8,95,89,0.8,78,6.6,104,16.0
2020/12/12,1008.6,1010.6,1006.8,84,71,0.9,78,7.7,84,0.0
2020/12/13,1008.2,1009.9,1006.6,77,56,0.8,69,6.6,87,0.0
2020/12/14,1012.8,1015.8,1008.5,89,81,1.1,79,8.2,91,2.0
2020/12/15,1015.9,1018.0,1013.9,94,92,1.2,77,6.6,79,17.0
2020/12/16,1016.6,1018.6,1015.2,94,92,1.5,79,7.7,107,18.0
2020/12/17,1014.7,1017.4,1012.2,91,82,1.8,80,9.9,82,3.0
2020/12/18,1013.0,1014.9,1010.9,90,78,0.5,94,5.5,23,0.0
2020/12/19,1017.2,1019.1,1014.4,89,80,1.0,78,6.6,93,4.0
2020/12/20,1017.5,1019.3,1015.8,91,81,1.7,82,11.0,64,6.5
2020/12/21,1015.9,1018.2,1013.8,91,82,1.9,82,9.9,63,4.5
2020/12/22,1012.6,1015.5,1009.9,92,84,1.6,81,7.7,74,2.0
2020/12/23,1008.8,1011.1,1006.6,92,79,0.5,75,7.7,81,21.5
2020/12/24,1009.1,1011.9,1006.7,86,71,0.4,88,6.6,117,5.5
2020/12/25,1012.6,1014.2,1011.1,80,69,1.3,74,8.8,78,2.0
2020/12/26,1010.8,1013.6,1008.0,80,53,0.4,77,7.7,81,0.0
2020/12/27,1009.3,1010.9,1007.3,80,60,0.3,77,6.0,54,2.5
2020/12/28,1008.7,1011.3,1005.5,78,69,1.5,80,10.4,86,2.0
2020/12/29,1006.4,1009.2,1004.4,77,54,0.4,275,6.0,89,0.0
2020/12/30,1018.1,1021.8,1008.9,68,51,0.8,3,8.2,97,2.5
2020/12/31,1021.0,1023.0,1018.8,58,46,0.4,2,6.0,8,0.0
2021/01/01,1017.2,1020.1,1014.4,61,51,0.9,85,7.7,355,0.0
2021/01/02,1016.1,1017.5,1014.6,75,68,1.4,78,8.8,58,0.0
2021/01/03,1014.8,1016.8,1012.4,74,53,0.9,78,7.7,91,0.0
2021/01/04,1012.9,1015.3,1010.3,94,82,0.3,84,5.5,112,11.0
2021/01/05,1013.2,1015.2,1011.4,90,81,0.7,76,8.2,81,2.0
2021/01/06,1012.8,1015.3,1009.9,90,79,1.2,79,9.3,80,6.0
2021/01/07,1015.6,1018.8,1012.4,90,83,0.9,75,7.7,89,15.0
2021/01/08,1018.8,1020.1,1017.2,77,55,0.2,114,4.9,331,7.5
2021/01/09,1018.6,1020.4,1016.4,56,52,0.5,7,5.5,352,0.0
2021/01/10,1016.5,1018.8,1014.1,58,46,1.4,74,8.2,44,0.0
2021/01/11,1016.5,1018.2,1014.6,90,73,0.5,91,6.0,73,17.5
2021/01/12,1015.4,1018.0,1013.1,69,42,0.4,79,6.6,48,2.0
2021/01/13,1011.8,1013.9,1008.0,59,27,0.5,81,4.9,83,0.0
2021/01/14,1009.8,1012.0,1007.7,60,35,0.7,66,7.7,116,0.0
2021/01/15,1008.3,1010.3,1005.5,65,19,0.3,90,6.0,91,0.0
2021/01/16,1011.3,1015.8,1008.9,71,43,1.2,89,9.9,73,0.5
2021/01/17,1018.2,1020.4,1015.6,77,70,1.1,83,8.8,112,0.5
2021/01/18,1015.8,1018.0,1013.4,62,49,1.5,77,8.8,83,0.0
2021/01/19,1013.7,1015.5,1011.9,63,47,1.8,81,9.9,83,0.0
2021/01/20,1010.9,1013.0,1008.8,69,56,2.0,82,12.1,65,0.0
2021/01/21,1007.6,1009.9,1004.8,63,42,0.6,85,7.1,56,0.0
2021/01/22,1004.3,1005.9,1002.0,84,69,0.9,78,8.8,138,0.0
2021/01/23,1006.1,1010.6,1003.0,86,68,0.5,84,4.9,311,1.0
2021/01/24,1011.3,1012.8,1009.9,74,65,1.8,84,8.8,77,0.0
2021/01/25,1010.7,1012.9,1008.6,70,48,0.5,67,6.0,120,0.0
2021/01/26,1009.5,1011.1,1007.8,77,45,0.4,74,6.6,62,0.0
2021/01/27,1010.5,1012.3,1008.3,83,73,1.3,84,7.7,99,0.5
2021/01/28,1014.1,1017.9,1010.7,76,53,0.4,65,6.0,120,4.0
2021/01/29,1017.3,1019.3,1015.6,54,43,1.7,74,10.4,105,0.0
2021/01/30,1015.3,1017.1,1012.7,59,43,1.5,83,8.8,37,0.0
2021/01/31,1013.7,1015.8,1011.4,58,39,0.6,104,9.3,119,0.0
2021/02/01,1011.3,1013.6,1009.4,59,35,0.3,280,6.0,300,0.0
2021/02/02,1014.5,1016.8,1010.6,75,64,0.9,80,8.2,86,0.0
2021/02/03,1014.9,1017.3,1011.9,57,44,1.6,74,10.4,100,0.0
2021/02/04,1014.3,1016.7,1012.4,63,47,1.7,81,9.3,46,0.0
2021/02/05,1011.2,1013.3,1008.4,62,38,0.9,81,7.1,68,0.0
2021/02/06,1010.0,1012.0,1008.5,71,33,0.7,81,5.5,306,0.0
2021/02/07,1010.1,1011.9,1007.8,71,48,0.8,82,6.6,129,0.0
2021/02/08,1013.4,1017.1,1010.3,82,69,1.7,83,9.9,74,0.0
2021/02/09,1013.7,1016.0,1010.5,81,67,2.3,77,10.4,74,0.0
2021/02/10,1006.4,1010.8,1003.3,78,60,1.9,81,12.6,27,5.5
2021/02/11,1002.9,1005.3,1000.2,90,76,0.5,248,8.2,325,34.0
2021/02/12,1006.6,1009.0,1004.6,87,70,0.7,75,9.3,86,9.0
2021/02/13,1008.7,1010.3,1007.3,88,80,0.3,81,4.1,77,9.5
2021/02/14,1006.5,1008.4,1004.5,83,68,0.4,223,7.1,202,0.0
2021/02/15,1008.4,1010.0,1006.7,67,45,1.2,82,8.8,96,0.0
2021/02/16,1008.3,1010.6,1005.7,62,38,0.9,73,6.6,91,1.5
2021/02/17,1014.6,1018.3,1010.3,69,49,0.7,78,7.1,151,3.0
2021/02/18,1019.6,1021.7,1017.8,48,29,0.8,110,8.2,111,0.0
2021/02/19,1015.7,1019.4,1012.8,51,39,0.8,81,9.3,104,0.0
2021/02/20,1012.0,1014.6,1009.6,59,19,0.1,93,5.5,78,0.0
2021/02/21,1009.9,1012.2,1008.3,60,28,0.3,172,6.6,323,0.0
2021/02/22,1008.5,1010.5,1006.4,59,25,0.4,82,7.1,264,0.0
2021/02/23,1008.4,1010.5,1006.6,72,42,1.2,88,7.7,104,0.0
2021/02/24,1006.0,1008.5,1003.6,69,44,1.7,75,9.9,38,0.0
2021/02/25,1002.6,1004.7,1000.7,69,40,0.6,294,8.2,130,0.0
2021/02/26,1002.8,1005.7,1000.2,78,62,0.7,84,7.1,109,0.0
2021/02/27,1007.6,1010.0,1004.8,91,84,0.4,69,5.5,267,5.0
2021/02/28,1009.0,1010.9,1006.9,81,71,0.6,84,4.9,127,0.0
2021/03/01,1008.1,1010.8,1005.9,74,52,0.4,231,7.7,253,0.0
2021/03/02,1013.9,1016.9,1008.0,86,77,1.0,80,7.7,116,8.0
2021/03/03,1013.1,1016.1,1010.8,84,75,1.2,79,7.7,108,0.5
2021/03/04,1011.3,1013.0,1009.0,87,69,0.3,263,6.0,256,1.0
2021/03/05,1009.6,1012.4,1007.0,83,72,1.0,88,7.1,113,0.5
2021/03/06,1010.2,1012.8,1007.8,91,82,0.4,73,12.1,307,36.0
2021/03/07,1012.5,1014.7,1010.8,91,85,1.1,75,6.6,77,1.0
2021/03/08,1013.4,1015.0,1011.4,91,86,1.2,79,7.7,114,0.0
2021/03/09,1013.1,1015.1,1010.9,87,70,1.1,85,7.7,109,0.0
2021/03/10,1014.5,1016.3,1012.8,87,69,1.9,80,9.9,73,0.0
2021/03/11,1011.8,1014.4,1010.0,73,44,0.5,87,7.1,293,0.0
2021/03/12,1012.5,1014.4,1010.7,82,69,1.1,86,8.2,95,0.0
2021/03/13,1012.3,1014.2,1010.3,66,53,1.5,84,8.2,101,0.0
2021/03/14,1009.7,1011.9,1008.0,66,54,1.5,88,9.3,93,0.0
2021/03/15,1007.0,1008.6,1005.1,62,39,0.4,49,6.6,285,0.0
2021/03/16,1006.3,1008.0,1004.1,65,33,0.2,33,6.0,330,0.0
2021/03/17,1006.5,1007.8,1005.7,83,61,0.6,67,7.1,67,0.0
2021/03/18,1006.1,1008.1,1004.4,87,73,0.1,98,3.3,65,0.0
2021/03/19,1004.8,1006.8,1003.0,75,56,0.4,228,6.0,287,0.0
2021/03/20,1003.9,1006.3,1002.0,77,52,0.7,20,6.6,71,0.0
2021/03/21,1011.5,1016.4,1005.1,82,69,1.1,89,9.3,105,0.0
2021/03/22,1017.4,1019.3,1015.5,82,62,1.3,78,6.6,93,11.5
2021/03/23,1012.9,1016.9,1009.6,64,58,1.4,77,8.2,67,0.0
2021/03/24,1009.5,1011.3,1007.5,87,65,0.4,256,6.6,277,18.0
2021/03/25,1011.1,1013.8,1009.5,82,63,0.7,72,7.1,87,0.0
2021/03/26,1007.6,1009.9,1006.1,76,53,0.8,76,7.1,82,0.0
2021/03/27,1004.0,1006.8,1001.3,69,41,0.4,83,7.1,303,0.0
2021/03/28,1001.3,1002.5,1000.1,78,49,0.6,82,8.2,335,0.0
2021/03/29,1000.5,1003.0,997.9,77,49,0.3,8,4.9,257,0.0
2021/03/30,999.4,1002.0,997.6,80,60,0.6,77,8.8,321,0.5
2021/03/31,1000.2,1001.9,999.1,83,62,0.3,73,4.9,88,0.5
2021/04/01,1000.5,1002.2,998.7,81,54,0.3,56,7.1,307,0.0
2021/04/02,1002.7,1004.4,1000.9,79,48,0.5,77,6.6,326,0.0
2021/04/03,1004.4,1006.2,1002.4,82,53,0.7,86,7.1,105,0.0
2021/04/04,1009.1,1012.8,1005.2,82,65,1.3,83,8.2,80,0.0
2021/04/05,1012.1,1014.5,1010.0,58,39,1.1,86,8.8,66,0.0
2021/04/06,1011.3,1013.5,1009.5,67,52,0.9,77,8.2,127,0.0
2021/04/07,1009.3,1012.4,1006.9,66,51,1.3,79,8.2,113,0.0
2021/04/08,1007.6,1011.2,1004.4,80,63,0.7,64,7.1,87,0.0
2021/04/09,1011.5,1012.8,1008.9,90,85,1.2,78,6.6,37,1.0
2021/04/10,1012.4,1013.6,1011.1,89,80,1.1,73,8.2,104,0.0
2021/04/11,1010.2,1012.4,1008.4,73,54,1.2,81,7.1,77,0.0
2021/04/12,1008.1,1010.1,1006.4,73,44,0.4,64,7.1,286,0.0
2021/04/13,1007.2,1008.9,1006.1,79,43,0.8,80,7.7,44,0.0
2021/04/14,1008.2,1009.6,1006.9,89,81,1.5,75,9.9,149,0.0
2021/04/15,1006.5,1008.0,1004.2,89,77,1.3,77,7.1,89,0.0
2021/04/16,1006.7,1008.5,1004.6,86,72,1.1,80,7.7,95,0.0
2021/04/17,1009.9,1012.3,1007.0,73,47,1.1,82,8.8,123,0.0
2021/04/18,1010.3,1012.3,1008.3,58,45,2.2,83,11.0,75,0.0
2021/04/19,1007.0,1009.2,1005.7,65,50,1.9,79,9.9,86,0.0
2021/04/20,1005.9,1007.2,1004.5,58,41,2.1,76,11.0,30,0.0
2021/04/21,1004.3,1006.2,1002.5,71,41,1.8,81,12.6,86,0.0
2021/04/22,1000.1,1002.5,997.6,79,61,1.2,78,8.8,122,0.0
2021/04/23,1000.7,1003.3,998.4,82,63,0.5,89,7.1,39,2.0
2021/04/24,1003.6,1005.5,1001.7,78,62,0.8,74,8.2,22,0.0
2021/04/25,1005.8,1008.4,1002.9,77,63,1.1,83,9.3,96,0.0
2021/04/26,1006.7,1008.5,1004.7,64,48,1.4,67,13.7,71,0.0
2021/04/27,1007.5,1009.7,1006.3,69,47,0.5,76,6.0,115,3.0
2021/04/28,1007.5,1009.6,1005.8,92,87,0.2,81,3.8,98,19.0
2021/04/29,1005.6,1007.9,1003.9,88,65,0.5,63,7.1,96,36.5
2021/04/30,1004.0,1005.8,1002.3,64,26,0.3,71,6.6,319,0.0
2021/05/01,1004.3,1006.1,1002.4,67,32,0.4,76,7.1,100,0.0
2021/05/02,1007.1,1008.6,1005.3,73,35,0.8,79,7.7,108,0.0
2021/05/03,1006.4,1008.1,1005.0,73,60,1.2,81,8.8,31,0.0
2021/05/04,1004.0,1005.7,1001.9,68,39,0.4,61,7.7,127,0.0
2021/05/05,1007.6,1010.1,1003.6,83,72,1.2,85,9.9,53,7.5
2021/05/06,1007.6,1009.0,1005.8,86,70,0.9,76,7.1,70,0.0
2021/05/07,1004.8,1006.8,1002.6,73,54,0.5,262,8.2,258,0.0
2021/05/08,1002.6,1003.9,1001.3,80,60,0.7,285,10.4,332,0.0
2021/05/09,1002.1,1004.1,1000.4,76,51,0.3,36,4.9,263,0.0
2021/05/10,1001.4,1003.0,999.7,75,55,0.6,305,7.1,310,0.0
2021/05/11,1000.6,1002.4,999.1,73,38,0.4,61,6.0,109,0.0
2021/05/12,1001.1,1003.3,999.5,69,32,0.5,101,7.1,104,0.0
2021/05/13,1001.9,1003.3,1000.1,71,53,0.4,52,6.0,280,0.0
2021/05/14,1002.5,1004.4,1001.3,76,57,0.3,57,6.0,318,0.0
2021/05/15,1001.9,1004.1,1000.1,76,47,0.2,38,6.6,305,0.0
2021/05/16,1001.4,1003.0,999.7,73,41,0.3,86,6.6,309,0.0
2021/05/17,1002.5,1003.9,1000.8,70,47,0.4,72,7.1,82,0.0
2021/05/18,1002.7,1004.1,1001.2,79,60,0.3,67,7.7,93,0.5
2021/05/19,1001.4,1003.0,999.8,83,53,0.4,61,4.9,345,28.0
2021/05/20,1001.2,1002.4,1000.0,74,46,0.3,20,6.6,98,0.0
2021/05/21,1000.9,1002.0,999.3,72,43,0.6,77,8.8,286,1.5
2021/05/22,1000.4,1002.2,998.7,77,50,0.7,290,8.8,257,0.0
2021/05/23,1001.2,1002.5,999.7,75,43,0.3,60,8.8,283,0.0
2021/05/24,1002.9,1005.9,1000.8,83,52,0.9,83,9.3,354,39.5
2021/05/25,1003.7,1006.1,1002.2,84,65,1.0,83,6.6,117,0.0
2021/05/26,1001.4,1003.6,999.3,72,54,0.4,60,6.6,322,0.0
2021/05/27,1000.6,1002.9,999.1,65,33,1.0,256,11.5,245,0.0
2021/05/28,1000.3,1002.4,997.3,68,32,1.0,76,11.5,292,0.0
2021/05/29,999.3,1000.9,996.9,85,75,0.8,256,8.2,65,3.5
2021/05/30,997.3,999.1,995.4,91,71,0.3,9,7.7,288,46.5
2021/05/31,999.0,1000.3,996.5,95,84,0.6,77,7.7,67,46.5
2021/06/01,1000.3,1001.7,998.9,85,53,0.2,20,5.5,125,22.0
2021/06/02,1000.7,1002.4,999.2,82,52,0.4,77,8.2,306,4.0
2021/06/03,998.9,1001.4,996.5,73,42,0.3,81,7.7,293,0.0
2021/06/04,997.1,998.3,995.9,87,58,0.4,49,9.3,330,205.5
2021/06/05,996.6,999.1,995.1,95,90,0.9,81,8.2,115,21.5
2021/06/06,999.2,1002.5,996.7,95,89,1.0,80,6.6,84,6.5
2021/06/07,1002.6,1004.1,1000.8,87,68,0.6,68,6.6,73,2.0
2021/06/08,1003.1,1004.6,1000.8,77,52,0.4,82,6.0,253,0.0
2021/06/09,1001.8,1003.5,999.8,75,53,0.4,65,6.6,99,0.0
2021/06/10,1000.1,1001.7,998.4,69,40,0.3,64,6.6,292,3.0
2021/06/11,1000.8,1003.3,999.2,71,53,0.3,2,6.0,80,0.0
2021/06/12,1003.0,1005.1,1001.7,74,42,0.5,241,7.7,198,4.0
2021/06/13,1002.4,1004.8,1000.0,75,52,0.4,255,7.1,308,0.5
2021/06/14,998.4,1001.2,996.1,65,45,0.9,260,8.2,277,0.0
2021/06/15,996.0,997.3,994.6,63,50,1.2,256,10.4,269,0.0
2021/06/16,997.0,998.7,995.1,57,41,1.8,252,13.7,242,0.0
2021/06/17,998.3,999.8,997.0,55,42,1.5,249,11.5,260,0.0
2021/06/18,996.9,998.7,994.5,55,37,1.6,252,11.0,258,0.0
2021/06/19,994.9,996.8,992.5,54,39,1.3,252,12.6,262,0.0
2021/06/20,993.9,995.2,991.0,58,42,1.0,246,11.0,272,0.0
2021/06/21,994.5,996.7,992.5,61,44,1.2,241,13.2,212,0.0
2021/06/22,997.1,999.8,993.9,86,68,0.8,88,8.8,276,68.0
2021/06/23,1000.0,1002.0,996.9,90,76,0.5,67,7.1,107,10.0
2021/06/24,999.9,1001.1,997.9,85,63,0.2,85,6.0,143,11.0
2021/06/25,999.6,1001.1,997.4,84,68,0.3,267,6.6,272,21.0
2021/06/26,999.4,1000.8,997.2,73,48,0.7,259,12.1,273,0.0
2021/06/27,997.8,999.8,995.2,65,45,0.7,172,8.8,261,0.0
2021/06/28,996.2,997.2,994.5,61,40,1.0,248,12.6,231,0.0
2021/06/29,996.8,997.9,994.7,57,38,1.3,257,11.5,257,0.0
2021/06/30,998.0,999.0,996.1,64,48,1.0,259,10.4,238,0.0
2021/07/01,998.6,1000.6,996.3,60,35,1.0,253,9.9,307,0.0
2021/07/02,999.8,1001.1,998.5,67,40,0.7,78,6.6,265,0.0
2021/07/03,999.9,1001.5,998.0,66,42,0.3,48,8.2,277,0.0
2021/07/04,1001.2,1003.3,999.1,70,52,0.6,34,7.7,251,0.0
2021/07/05,1000.4,1001.9,998.7,61,44,1.2,74,13.2,114,0.0
2021/07/06,998.9,1003.9,995.0,70,44,1.3,93,14.3,114,5.5
2021/07/07,1004.1,1005.8,1002.4,76,51,0.2,1,5.5,340,0.5
2021/07/08,1004.1,1005.9,1002.2,70,52,0.4,245,6.0,300,0.0
2021/07/09,1002.8,1003.9,1001.3,66,37,0.4,17,9.3,309,0.0
2021/07/10,1003.6,1005.5,1002.4,68,52,0.3,11,6.0,111,0.0
2021/07/11,1004.6,1005.9,1003.5,67,44,0.3,58,8.2,296,0.0
2021/07/12,1003.6,1005.2,1001.8,70,52,0.2,5,5.5,349,0.0
2021/07/13,1002.1,1003.9,1000.6,71,48,0.4,65,8.8,266,0.0
2021/07/14,1001.8,1003.5,1000.1,66,44,0.8,77,9.3,113,0.0
2021/07/15,1001.4,1002.8,999.5,60,41,1.5,95,11.0,99,0.0
2021/07/16,1001.1,1002.4,999.3,60,39,1.5,73,8.2,39,0.0
2021/07/17,998.3,1000.2,996.2,65,45,1.4,71,8.8,70,0.0
2021/07/18,997.0,998.4,995.4,65,49,1.2,78,7.7,19,0.0
2021/07/19,997.0,998.4,995.7,68,47,1.6,79,9.3,95,0.0
2021/07/20,997.4,998.7,996.1,75,54,0.9,73,7.1,13,4.0
2021/07/21,995.1,997.3,992.4,81,56,0.3,16,9.3,24,33.5
2021/07/22,989.5,992.5,987.5,87,69,0.3,6,8.2,345,37.0
2021/07/23,986.3,988.1,984.8,82,67,0.8,349,11.0,341,22.5
2021/07/24,985.7,988.1,983.0,83,54,1.9,256,14.3,265,89.0
2021/07/25,987.3,988.7,985.2,58,33,1.7,253,13.2,271,2.5
2021/07/26,988.7,990.1,987.3,65,38,0.7,77,7.7,93,0.0
2021/07/27,988.6,989.8,986.9,67,33,0.5,69,6.0,279,5.0
2021/07/28,990.4,992.8,988.7,70,32,0.2,70,7.7,246,0.0
2021/07/29,993.5,995.7,991.4,75,47,0.3,48,8.2,145,0.5
2021/07/30,994.5,995.8,993.2,76,46,0.4,87,6.0,265,0.5
2021/07/31,993.6,995.1,991.7,83,50,0.2,24,14.3,283,28.0
2021/08/01,990.8,992.5,989.1,84,68,0.2,89,4.9,87,0.5
2021/08/02,990.8,992.3,989.9,82,57,0.3,172,7.7,293,26.0
2021/08/03,991.5,993.5,990.1,88,73,0.5,65,6.6,312,33.5
2021/08/04,992.8,994.0,991.5,83,68,0.3,59,5.5,7,1.0
2021/08/05,991.8,993.2,990.9,80,56,0.4,70,7.7,327,0.5
2021/08/06,990.6,992.9,988.0,90,79,0.5,79,5.5,65,12.0
2021/08/07,991.0,996.2,987.3,97,90,0.7,251,8.8,202,121.0
2021/08/08,997.3,1000.2,995.0,78,57,0.6,261,9.3,327,1.5
2021/08/09,999.6,1000.9,997.9,82,56,0.2,74,6.0,264,8.5
2021/08/10,1000.5,1001.8,999.3,76,55,0.3,61,6.6,294,0.0
2021/08/11,1002.1,1003.6,1000.7,78,50,0.2,257,6.6,295,14.5
2021/08/12,1001.8,1003.6,999.7,78,48,0.4,49,7.7,201,3.5
2021/08/13,999.5,1000.8,998.1,82,50,0.3,59,6.6,97,57.5
2021/08/14,1000.1,1002.9,998.4,82,58,0.2,64,7.1,99,58.5
2021/08/15,1003.7,1005.9,1001.5,78,62,0.3,52,7.1,317,0.0
2021/08/16,1005.2,1006.8,1003.5,74,51,0.2,16,6.0,350,0.0
2021/08/17,1003.1,1005.2,1000.3,70,51,0.4,197,7.7,314,0.0
2021/08/18,1001.7,1002.9,1000.6,78,62,0.4,31,8.2,325,0.0
2021/08/19,1002.0,1003.4,1000.2,81,50,0.2,80,7.7,98,44.5
2021/08/20,1002.6,1004.0,1000.9,75,51,0.2,84,6.6,319,0.0
2021/08/21,1001.6,1003.0,999.6,74,51,0.3,26,4.9,309,0.0
2021/08/22,1000.3,1002.0,998.3,72,53,0.6,85,8.8,296,0.0
2021/08/23,1000.1,1001.2,999.1,72,52,0.5,80,7.1,325,0.0
2021/08/24,1001.1,1002.6,999.7,76,45,0.2,82,7.7,322,1.5
2021/08/25,1002.7,1005.1,1001.2,77,52,0.3,7,7.1,273,1.5
2021/08/26,1004.6,1005.8,1003.0,69,47,0.8,87,9.9,89,0.0
2021/08/27,1004.5,1005.5,1002.9,63,41,0.4,33,6.0,35,0.0
2021/08/28,1003.8,1005.0,1001.4,65,49,1.0,68,13.2,106,0.0
2021/08/29,1003.8,1005.6,1002.2,64,47,1.4,68,9.9,112,0.0
2021/08/30,1004.2,1005.5,1003.1,66,49,1.4,73,8.8,156,0.0
2021/08/31,1003.6,1004.5,1002.4,67,53,1.3,78,11.0,117,0.0
2021/09/01,1002.7,1004.1,1000.8,64,46,0.8,79,7.1,115,0.0
2021/09/02,1001.5,1003.4,998.9,70,52,0.4,11,5.5,346,0.0
2021/09/03,1000.4,1001.7,998.0,72,49,0.6,217,7.1,301,1.0
2021/09/04,1001.8,1003.5,999.8,78,47,0.4,62,7.7,328,16.5
2021/09/05,1002.1,1004.0,1000.2,70,53,1.0,78,7.7,32,0.0
2021/09/06,1003.5,1005.1,1001.3,72,48,0.4,25,6.0,66,2.5
2021/09/07,1002.9,1004.7,1000.0,67,44,0.8,88,8.2,77,0.0
2021/09/08,1001.8,1002.8,999.3,64,40,0.9,70,9.3,128,0.0
2021/09/09,1001.9,1003.1,1000.7,60,35,1.4,75,8.8,71,0.0
2021/09/10,1000.4,1000.1,998.7,66,52,1.5,73,8.2,99,0.0
2021/09/11,994.3,999.6,991.2,74,53,2.2,77,16.0,32,2.0
2021/09/12,988.9,994.0,983.8,88,70,1.7,74,12.6,221,69.5
2021/09/13,997.8,1001.9,993.0,63,49,1.1,241,9.9,279,0.0
2021/09/14,1003.0,1004.6,1001.4,69,52,0.7,237,10.4,248,0.0
2021/09/15,1003.2,1004.6,1001.3,76,57,0.7,65,8.8,275,16.5
2021/09/16,1001.9,1003.3,1000.1,74,58,0.3,75,8.8,280,3.5
2021/09/17,1003.0,1004.6,1001.5,77,54,0.5,66,6.0,67,18.5
2021/09/18,1004.4,1005.7,1003.0,77,55,0.7,76,7.7,90,0.0
2021/09/19,1003.9,1005.3,1002.2,67,40,0.3,77,4.9,87,0.0
2021/09/20,1003.0,1005.0,1000.4,68,40,0.4,268,6.6,292,0.0
2021/09/21,1002.2,1003.9,1000.2,71,48,0.6,110,8.8,141,0.0
2021/09/22,1004.4,1006.7,1002.8,69,43,0.3,79,5.5,101,0.0
2021/09/23,1006.6,1008.5,1005.1,69,51,1.0,91,8.2,83,0.0
2021/09/24,1007.3,1008.5,1006.1,77,58,1.5,84,9.3,90,0.0
2021/09/25,1006.3,1007.8,1005.3,72,54,1.4,78,8.8,114,0.0
2021/09/26,1004.9,1006.2,1003.1,77,61,1.4,79,8.8,129,0.0
2021/09/27,1003.1,1004.6,1001.5,78,56,1.2,82,8.8,89,0.0
2021/09/28,1001.7,1003.3,1000.2,75,47,1.0,84,8.8,98,0.0
2021/09/29,1000.1,1001.7,998.3,73,38,0.6,78,6.6,67,0.0
2021/09/30,1000.6,1002.5,999.0,74,43,0.7,86,6.6,123,0.0
2021/10/01,1002.3,1004.5,1000.7,81,60,0.6,75,8.2,254,10.5
2021/10/02,1004.7,1006.1,1003.1,75,63,1.3,79,8.8,113,0.0
2021/10/03,1006.0,1007.3,1004.5,60,37,1.7,79,9.9,66,0.0
2021/10/04,1006.2,1007.5,1004.7,65,43,1.9,73,12.1,62,0.0
2021/10/05,1005.3,1007.0,1003.1,66,50,2.1,81,11.5,142,0.5
2021/10/06,1002.5,1005.3,1000.1,71,60,2.2,84,11.5,125,0.0
2021/10/07,1001.0,1002.6,999.5,67,52,1.5,81,11.0,84,0.0
2021/10/08,1001.8,1003.9,1000.3,67,57,1.7,83,11.0,131,0.0
2021/10/09,1003.3,1004.8,1001.7,70,55,2.1,77,11.5,30,0.0
2021/10/10,1001.9,1003.7,1000.0,71,47,1.9,77,11.5,121,0.0
2021/10/11,997.8,1001.2,995.1,92,83,1.9,79,13.2,84,116.0
2021/10/12,996.7,1000.2,993.2,83,69,2.6,82,14.3,96,41.0
2021/10/13,1001.5,1004.0,999.1,84,72,1.6,78,14.8,48,12.0
2021/10/14,1003.5,1005.2,1001.3,76,68,1.8,86,11.0,120,0.5
2021/10/15,1003.8,1005.1,1002.2,68,50,2.0,75,12.1,59,0.0
2021/10/16,1007.3,1012.5,1004.1,75,54,1.4,74,8.8,78,12.0
2021/10/17,1013.6,1015.5,1012.2,76,62,1.1,77,9.3,100,1.5
2021/10/18,1011.4,1012.8,1009.6,75,60,0.9,74,7.1,62,0.5
2021/10/19,1011.0,1012.8,1009.2,74,58,0.9,87,7.1,98,0.0
2021/10/20,1008.8,1011.3,1006.6,84,73,0.9,92,6.6,77,0.0
2021/10/21,1008.0,1011.2,1005.3,87,79,0.7,72,6.0,217,5.0
2021/10/22,1012.5,1014.7,1009.6,91,82,1.0,82,8.8,79,20.0
2021/10/23,1013.3,1014.7,1011.8,88,68,1.5,81,8.8,65,10.0
2021/10/24,1011.2,1013.1,1009.2,94,88,0.7,79,5.5,65,25.0
2021/10/25,1010.0,1011.4,1008.8,89,77,0.8,80,7.1,74,4.0
2021/10/26,1009.2,1010.7,1007.8,75,67,1.4,85,7.7,90,0.0
2021/10/27,1010.6,1011.9,1009.0,72,61,1.6,77,9.3,56,0.0
2021/10/28,1011.8,1013.6,1010.3,62,48,1.0,83,9.3,69,0.0
2021/10/29,1011.9,1014.1,1010.6,70,57,0.5,79,7.1,52,0.0
2021/10/30,1012.2,1014.0,1010.5,78,73,0.3,57,4.1,78,1.0
2021/10/31,1012.1,1013.4,1010.0,78,71,1.0,77,8.8,124,0.0
2021/11/01,1012.4,1013.6,1010.8,76,68,1.4,80,8.2,99,0.0
2021/11/02,1011.5,1013.9,1009.7,77,67,1.3,85,8.8,94,0.0
2021/11/03,1009.9,1011.3,1008.5,80,72,1.6,77,8.8,61,0.5
2021/11/04,1008.3,1010.1,1007.0,82,76,1.1,81,6.6,78,0.5
2021/11/05,1004.8,1007.3,1002.8,76,48,0.3,77,6.0,288,0.0
2021/11/06,1003.4,1005.6,1001.7,78,60,0.8,79,8.8,311,0.0
2021/11/07,1005.1,1007.0,1003.4,76,61,0.8,75,6.6,95,0.0
2021/11/08,1010.0,1014.1,1004.5,79,62,1.0,85,9.3,191,20.0
2021/11/09,1012.5,1015.1,1010.2,60,52,0.7,81,8.2,97,0.0
2021/11/10,1011.4,1013.3,1009.6,62,45,0.3,80,5.5,98,0.0
2021/11/11,1010.8,1012.9,1008.5,57,38,0.9,86,8.8,104,0.0
2021/11/12,1012.5,1015.7,1010.8,72,60,1.4,80,9.3,120,6.5
2021/11/13,1011.5,1013.1,1009.2,90,82,1.1,81,8.2,85,16.0
2021/11/14,1011.6,1013.5,1009.9,75,67,0.9,71,7.1,86,0.0
2021/11/15,1010.2,1012.5,1008.6,67,55,1.4,77,8.8,64,0.0
2021/11/16,1009.6,1011.9,1007.2,68,48,1.0,72,6.6,78,0.0
2021/11/17,1008.6,1010.8,1006.4,78,69,1.2,79,8.2,78,0.0
2021/11/18,1006.1,1009.1,1004.0,89,80,0.3,138,5.5,252,8.5
2021/11/19,1004.8,1006.4,1003.4,85,72,0.6,78,7.1,88,1.0
2021/11/20,1006.1,1007.9,1003.7,86,78,1.0,78,11.0,105,11.5
2021/11/21,1005.8,1006.9,1004.2,71,45,0.4,84,6.0,134,0.0
2021/11/22,1010.4,1014.9,1005.1,85,79,0.8,76,7.7,81,0.5
2021/11/23,1014.3,1015.7,1013.0,89,75,1.0,78,7.1,99,4.0
2021/11/24,1013.0,1015.1,1011.3,73,61,1.5,81,7.7,80,0.0
2021/11/25,1010.8,1012.4,1009.2,88,80,1.1,83,7.1,118,2.0
2021/11/26,1012.7,1016.6,1009.9,90,71,1.0,84,7.1,78,12.0
2021/11/27,1015.0,1016.7,1013.6,88,69,1.5,81,11.0,91,13.0
2021/11/28,1012.2,1014.7,1010.1,79,66,1.5,79,8.8,68,0.0
2021/11/29,1008.5,1010.7,1006.6,73,59,1.8,83,10.4,125,0.0
2021/11/30,1009.8,1015.0,1006.6,75,59,0.5,80,7.7,28,0.5
2021/12/01,1015.8,1017.5,1013.8,53,43,0.5,62,7.1,353,0.0
2021/12/02,1013.6,1015.0,1011.2,63,50,0.5,71,7.1,95,0.0
2021/12/03,1015.0,1017.3,1012.8,54,33,0.4,9,6.6,127,0.0
2021/12/04,1015.8,1017.4,1014.0,54,35,1.2,69,9.9,62,0.0
2021/12/05,1013.3,1015.5,1011.3,82,66,0.6,76,6.0,114,1.5
2021/12/06,1012.2,1014.0,1010.7,90,71,0.7,78,8.2,40,29.0
2021/12/07,1015.3,1017.1,1013.1,70,59,1.3,78,9.3,99,5.5
2021/12/08,1015.8,1017.8,1014.0,60,40,1.5,73,9.3,143,0.0
2021/12/09,1014.0,1015.2,1012.9,73,64,0.8,78,6.6,97,0.0
2021/12/10,1013.2,1015.3,1011.4,74,62,1.3,81,9.9,58,0.5
2021/12/11,1013.0,1015.2,1011.1,79,59,0.9,85,6.6,123,0.0
2021/12/12,1014.3,1016.6,1012.0,88,78,0.6,80,6.6,89,7.0
2021/12/13,1015.0,1017.2,1013.0,90,84,1.3,79,8.2,79,2.5
2021/12/14,1011.1,1013.6,1008.6,78,64,1.4,78,9.3,41,0.0
2021/12/15,1008.8,1010.9,1006.2,70,51,0.9,94,12.1,140,0.0
2021/12/16,1008.9,1010.7,1006.7,76,49,0.5,88,5.5,104,0.0
2021/12/17,1014.6,1019.7,1010.2,76,61,0.7,27,7.7,14,0.0
2021/12/18,1017.9,1019.5,1016.3,66,53,0.9,85,8.8,110,0.0
2021/12/19,1016.1,1018.5,1013.8,57,43,1.5,77,8.8,39,0.0
2021/12/20,1011.7,1013.9,1010.0,69,54,0.9,82,7.1,78,0.0
2021/12/21,1007.4,1010.0,1004.1,91,81,0.1,110,2.7,264,13.0
2021/12/22,1010.5,1014.1,1011.9,93,82,0.6,85,5.5,57,6.5
2021/12/23,1011.5,1013.6,1009.3,90,81,0.5,67,6.0,83,0.0
2021/12/24,1012.2,1015.9,1009.3,89,62,0.7,80,8.2,119,1.0
2021/12/25,1019.9,1023.9,1015.7,84,65,0.9,85,7.7,88,6.0
2021/12/26,1024.3,1026.2,1022.8,90,84,1.2,90,7.1,79,8.0
2021/12/27,1023.8,1026.1,1022.0,92,88,1.6,85,7.7,75,6.0
2021/12/28,1019.5,1022.9,1017.1,87,73,1.2,84,8.8,65,0.0
2021/12/29,1018.7,1020.9,1017.3,83,65,0.4,99,7.7,318,0.0
2021/12/30,1021.8,1023.5,1019.8,68,60,1.0,80,7.7,105,0.0
2021/12/31,1021.8,1023.4,1019.8,71,59,1.7,82,9.3,89,0.0
2022/01/01,1020.0,1022.2,1018.0,86,69,0.8,81,6.0,82,0.0
2022/01/02,1018.9,1021.1,1017.4,82,69,0.7,73,7.1,89,0.0
2022/01/03,1017.3,1019.3,1015.6,77,61,1.2,78,6.6,127,0.0
2022/01/04,1016.2,1018.5,1014.2,92,81,1.5,72,9.3,72,2.5
2022/01/05,1013.2,1015.1,1010.8,89,74,0.4,261,6.0,256,0.5
2022/01/06,1017.5,1020.8,1013.8,87,72,1.1,80,7.7,124,7.5
2022/01/07,1018.9,1021.2,1017.1,81,69,1.2,79,7.1,76,6.5
2022/01/08,1016.5,1018.7,1014.7,75,66,1.4,80,7.7,57,0.0
2022/01/09,1013.4,1014.9,1010.9,78,64,1.2,78,7.1,108,0.0
2022/01/10,1012.4,1014.2,1009.7,87,65,1.3,80,7.1,89,0.5
2022/01/11,1016.8,1020.0,1011.9,75,56,0.8,76,7.1,128,3.0
2022/01/12,1016.8,1018.6,1015.1,79,59,0.9,74,8.8,107,0.0
2022/01/13,1017.8,1019.8,1015.8,73,57,0.3,73,5.5,354,0.0
2022/01/14,1017.1,1019.6,1013.6,61,46,1.1,81,7.7,68,0.0
2022/01/15,1016.5,1019.0,1014.6,77,47,0.7,75,6.6,96,0.0
2022/01/16,1016.4,1017.9,1014.5,83,63,0.9,83,7.7,88,0.0
2022/01/17,1015.6,1015.1,1012.0,94,89,1.1,77,6.0,116,7.0
2022/01/18,1012.7,1013.1,1010.8,93,88,1.8,78,8.2,90,4.5
2022/01/19,1011.1,1012.6,1009.4,92,80,1.6,78,9.3,70,0.5
2022/01/20,1011.6,1013.5,1009.8,86,78,2.2,81,11.0,73,0.0
2022/01/21,1011.0,1014.0,1008.8,93,79,1.5,80,8.8,54,36.0
2022/01/22,1006.5,1010.3,1003.2,93,80,1.1,83,8.2,87,54.0
2022/01/23,1003.3,1005.4,1001.5,90,74,0.4,28,7.1,291,0.0
2022/01/24,1007.0,1009.0,1004.6,89,77,0.6,73,6.6,136,2.0
2022/01/25,1008.8,1011.0,1006.9,87,70,1.6,79,8.2,105,0.0
2022/01/26,1008.5,1010.4,1006.5,83,60,0.8,85,6.6,63,0.0
2022/01/27,1008.9,1010.7,1006.9,81,63,0.7,43,6.0,63,0.0
2022/01/28,1008.9,1010.8,1006.6,93,86,1.4,75,8.8,103,1.0
2022/01/29,1006.0,1008.7,1003.8,92,84,1.2,76,8.8,69,7.0
2022/01/30,1009.9,1014.7,1004.7,83,71,0.6,66,4.9,89,1.0
2022/01/31,1012.8,1014.4,1011.5,65,52,1.8,80,11.0,38,0.0
2022/02/01,1011.0,1013.0,1009.6,85,65,0.7,74,7.7,83,13.0
2022/02/02,1011.2,1013.0,1009.4,93,82,0.7,77,7.1,120,4.5
2022/02/03,1009.5,1010.8,1007.0,95,91,0.4,84,6.0,69,23.0
2022/02/04,1012.9,1015.9,1009.7,92,82,0.6,85,6.0,85,4.0
2022/02/05,1016.3,1017.6,1014.9,86,74,1.3,83,8.2,93,0.5
2022/02/06,1015.8,1018.6,1013.2,87,73,2.0,83,9.9,72,0.0
2022/02/07,1009.0,1013.3,1003.0,82,59,1.3,245,12.6,307,4.0
2022/02/08,1012.3,1014.7,1010.7,81,68,0.8,77,7.1,81,0.0
2022/02/09,1010.7,1013.3,1009.0,92,88,1.0,81,8.8,37,12.5
2022/02/10,1010.4,1012.9,1008.7,91,80,0.9,82,8.2,45,0.0
2022/02/11,1008.4,1010.7,1006.6,81,62,0.5,74,6.6,98,0.0
2022/02/12,1008.0,1010.0,1006.6,90,82,0.7,191,6.6,48,1.0
2022/02/13,1006.2,1009.1,1003.5,87,81,1.2,79,7.1,123,13.5
2022/02/14,1010.1,1012.0,1007.9,84,61,0.5,82,6.0,123,30.5
2022/02/15,1009.7,1011.9,1007.4,73,58,1.2,83,8.2,73,2.0
2022/02/16,1008.9,1010.7,1007.4,85,72,1.0,75,8.2,60,0.0
2022/02/17,1007.9,1009.9,1005.4,91,86,1.2,83,10.4,80,3.0
2022/02/18,1008.0,1010.4,1005.4,94,90,0.4,80,6.0,118,10.5
2022/02/19,1009.8,1014.4,1006.1,91,85,0.6,71,8.8,123,15.0
2022/02/20,1016.4,1019.0,1013.8,88,82,1.2,91,7.1,116,30.0
2022/02/21,1015.2,1017.3,1012.9,93,88,2.0,79,8.8,91,30.0
2022/02/22,1014.4,1016.2,1012.4,94,93,1.5,89,8.2,64,30.0
2022/02/23,1016.5,1019.1,1012.9,91,88,0.9,75,7.1,107,32.0
2022/02/24,1018.4,1019.7,1016.9,87,77,1.4,77,9.3,91,1.0
2022/02/25,1015.4,1018.0,1013.0,83,72,0.9,76,8.2,58,0.0
2022/02/26,1012.8,1015.8,1010.4,80,55,0.2,0,4.9,298,0.0
2022/02/27,1012.4,1015.1,1010.5,68,42,1.2,79,9.3,66,0.0
2022/02/28,1010.0,1013.5,1007.5,58,27,0.2,0,7.7,295,0.0
2022/03/01,1008.7,1010.9,1006.6,69,42,0.5,71,8.2,323,0.0
2022/03/02,1010.2,1011.3,1010.2,84,87,1.5,89,8.2,94,0.0
2022/03/03,1008.4,1011.6,1005.7,78,61,1.1,82,8.2,99,0.0
2022/03/04,1005.7,1008.2,1003.7,73,51,0.5,275,8.8,272,0.0
2022/03/05,1006.6,1009.6,1004.1,76,62,1.6,85,9.3,91,0.0
2022/03/06,1008.4,1010.7,1006.4,76,48,1.9,79,8.8,74,1.0
2022/03/07,1008.6,1012.5,1004.8,90,72,0.6,83,6.0,274,30.5
2022/03/08,1010.0,1012.1,1007.6,59,37,0.9,77,9.3,88,0.0
2022/03/09,1008.9,1011.2,1007.3,54,32,1.1,74,9.9,63,0.0
2022/03/10,1007.5,1009.7,1006.0,56,38,0.4,83,8.2,108,0.0
2022/03/11,1006.2,1008.7,1004.8,61,28,0.6,60,7.1,319,0.0
2022/03/12,1004.9,1006.5,1003.3,60,43,1.0,89,7.7,90,0.0
2022/03/13,1004.8,1006.9,1002.5,60,33,0.3,32,7.7,299,0.0
2022/03/14,1004.1,1006.2,1002.9,61,32,0.3,79,4.9,293,0.0
2022/03/15,1003.2,1004.8,1001.4,70,48,0.8,80,8.8,353,0.0
2022/03/16,1002.9,1004.7,1001.1,68,46,1.0,78,8.2,95,0.0
2022/03/17,1000.9,1003.3,998.5,69,41,0.4,126,6.6,301,2.0
2022/03/18,1001.0,1003.2,998.0,79,65,1.3,73,7.7,257,0.5
2022/03/19,1002.9,1004.9,1000.9,75,42,1.0,81,9.9,109,0.0
2022/03/20,1005.3,1007.4,1003.3,75,57,0.9,80,7.7,47,0.0
2022/03/21,1005.4,1008.0,1003.1,84,64,0.2,0,4.9,301,2.0
2022/03/22,1006.8,1009.1,1004.1,89,80,1.1,74,9.3,51,4.0
2022/03/23,1007.9,1010.2,1004.2,91,82,1.1,76,7.1,108,21.5
2022/03/24,1007.5,1009.7,1005.4,84,71,1.3,77,8.2,76,0.5
2022/03/25,1002.9,1005.8,1000.5,76,48,0.3,80,7.1,252,0.5
2022/03/26,1002.8,1007.6,1000.0,88,74,0.7,83,9.3,87,19.0
2022/03/27,1007.8,1010.5,1006.0,89,71,1.7,82,9.3,62,43.5
2022/03/28,1011.3,1014.0,1009.1,93,75,1.3,79,7.1,63,71.0
2022/03/29,1009.6,1013.2,1007.3,83,67,1.6,73,9.9,74,13.0
2022/03/30,1008.5,1010.5,1006.3,79,49,0.6,72,7.1,74,0.0
2022/03/31,1010.3,1015.2,1006.9,88,75,1.5,81,8.8,91,0.0
2022/04/01,1015.8,1017.8,1014.0,76,64,1.3,83,8.8,94,0.0
2022/04/02,1015.5,1016.3,1013.7,88,89,0.6,69,4.9,93,31.5
2022/04/03,1015.7,1017.1,1014.3,75,63,0.8,73,7.7,45,13.0
2022/04/04,1014.9,1016.3,1013.7,66,59,2.1,76,11.5,83,0.0
2022/04/05,1011.2,1014.0,1008.2,64,41,0.9,73,7.7,138,0.0
2022/04/06,1009.2,1011.0,1007.7,67,42,0.7,77,8.2,95,0.0
2022/04/07,1009.0,1010.5,1007.6,75,64,1.0,72,8.2,99,0.0
2022/04/08,1007.8,1009.7,1005.9,68,48,1.7,80,9.9,114,0.0
2022/04/09,1005.2,1007.0,1003.2,61,40,1.4,73,8.2,91,0.0
2022/04/10,1004.0,1005.8,1002.2,61,29,0.4,81,6.6,123,0.0
2022/04/11,1002.5,1004.8,1000.9,66,35,0.5,50,6.0,82,0.0
2022/04/12,1000.6,1002.7,998.8,61,31,0.7,78,6.6,257,0.0
2022/04/13,998.6,1000.3,996.8,67,39,0.5,71,7.7,321,0.0
2022/04/14,1001.3,1006.2,997.2,83,71,0.6,67,8.8,258,46.0
2022/04/15,1006.4,1009.2,1004.6,86,77,0.5,75,5.5,84,0.5
2022/04/16,1007.8,1010.5,1005.9,65,53,1.4,85,8.8,72,0.0
2022/04/17,1008.8,1010.2,1007.4,74,64,1.1,81,7.1,74,0.5
2022/04/18,1008.7,1011.2,1006.8,80,72,1.0,72,6.0,75,0.0
2022/04/19,1010.2,1011.4,1009.0,80,72,0.9,72,6.6,77,4.0
2022/04/20,1007.1,1010.4,1004.8,78,62,0.8,80,7.7,79,1.5
2022/04/21,1005.5,1007.7,1003.6,83,61,0.1,0,3.0,72,0.5
2022/04/22,1004.7,1006.6,1002.9,72,40,0.2,0,3.8,38,0.0
2022/04/23,1002.6,1004.6,1000.4,78,57,0.4,275,5.5,316,0.0
2022/04/24,1001.8,1003.2,1000.3,81,54,0.3,51,6.0,285,8.0
2022/04/25,1001.3,1003.0,999.8,81,55,0.3,59,7.7,310,5.5
2022/04/26,1000.0,1002.1,998.0,76,44,0.3,68,5.5,56,0.0
2022/04/27,1002.5,1005.1,1000.5,83,66,0.6,83,8.2,314,0.0
2022/04/28,1003.6,1004.8,1002.0,84,65,0.4,51,5.5,67,0.0
2022/04/29,1004.4,1008.4,1001.3,83,58,1.3,81,11.0,108,0.0
2022/04/30,1006.4,1008.4,1004.2,89,79,1.6,85,8.8,77,0.0
2022/05/01,1007.3,1009.6,1005.3,90,83,1.0,76,7.7,78,9.0
2022/05/02,1008.3,1009.9,1007.1,91,85,1.5,84,8.8,96,26.0
2022/05/03,1008.5,1009.5,1007.4,84,69,1.5,81,9.3,108,0.5
2022/05/04,1006.2,1008.4,1004.3,88,74,1.5,84,8.2,54,2.5
2022/05/05,1003.5,1004.8,1002.4,87,73,0.9,74,7.7,132,0.0
2022/05/06,1004.2,1005.5,1002.7,85,67,0.7,80,7.7,72,0.0
2022/05/07,1005.6,1007.0,1004.0,78,56,0.8,80,7.1,80,0.0
2022/05/08,1005.5,1007.0,1003.8,86,71,0.7,71,7.1,85,0.5
2022/05/09,1005.0,1006.6,1003.6,86,71,0.9,83,6.6,128,0.0
2022/05/10,1002.4,1004.3,1000.5,84,55,0.5,90,6.0,24,12.0
2022/05/11,1001.7,1003.3,999.9,89,69,0.2,0,7.1,325,9.0
2022/05/12,1000.3,1002.1,998.8,89,57,0.3,77,7.7,277,47.0
2022/05/13,998.4,1001.5,996.6,85,61,0.7,281,11.0,335,4.0
2022/05/14,1003.0,1005.4,1000.5,94,90,1.0,81,7.1,103,26.0
2022/05/15,1005.1,1007.0,1003.0,91,75,1.2,78,8.2,62,14.5
2022/05/16,1005.5,1006.8,1004.3,95,90,1.3,86,8.8,52,52.5
2022/05/17,1006.4,1008.7,1005.7,77,53,1.1,90,7.1,92,9.0
2022/05/18,1006.8,1008.5,1005.4,80,72,1.7,82,8.8,83,0.0
2022/05/19,1003.6,1005.8,1000.9,87,78,1.1,73,8.8,96,0.0
2022/05/20,1000.7,1002.4,999.1,85,74,0.7,73,6.6,90,0.0
2022/05/21,1001.0,1002.6,998.8,82,72,0.7,87,6.0,122,1.5
2022/05/22,1000.8,1001.8,999.7,92,86,1.3,80,7.7,78,0.5
2022/05/23,1001.1,1003.2,998.7,91,79,0.5,257,6.0,251,0.5
2022/05/24,1003.3,1005.1,1001.8,93,81,0.2,0,3.8,98,45.5
2022/05/25,1001.3,1003.6,998.8,100,99,0.5,83,8.8,68,118.0
2022/05/26,998.0,1000.5,996.0,96,74,0.5,78,8.8,91,66.0
2022/05/27,998.4,1000.4,996.5,98,92,1.0,74,7.1,57,42.0
2022/05/28,998.9,1000.4,997.5,88,74,0.3,148,6.0,309,0.5
2022/05/29,998.5,999.7,997.0,73,46,0.5,261,7.7,265,0.0
2022/05/30,998.5,1000.9,996.6,75,52,0.7,259,9.9,268,1.0
2022/05/31,1000.6,1002.1,998.7,93,76,0.2,0,5.5,44,27.0
2022/06/01,999.2,1001.1,996.6,76,54,0.5,247,7.1,247,0.0
2022/06/02,998.3,999.9,996.9,72,46,0.4,31,8.2,90,0.0
2022/06/03,999.0,1000.4,997.6,71,42,0.4,258,8.2,59,0.0
2022/06/04,998.9,1000.5,997.2,74,55,0.3,156,6.0,320,0.0
2022/06/05,995.3,998.5,992.8,61,37,1.0,247,11.5,254,0.0
2022/06/06,994.8,998.2,992.4,77,47,0.9,218,12.1,274,16.0
2022/06/07,998.9,1001.1,996.4,93,83,0.7,71,8.2,85,51.5
2022/06/08,1001.1,1002.2,999.8,95,86,0.8,73,7.1,82,55.0
2022/06/09,1000.6,1001.8,999.2,88,67,0.3,80,6.6,102,7.0
2022/06/10,998.6,1000.5,997.1,85,62,0.2,0,3.8,81,2.0
2022/06/11,1000.2,1002.7,997.9,83,48,0.9,79,10.4,304,2.5
2022/06/12,1000.7,1001.9,999.4,90,79,0.2,0,6.0,28,12.0
2022/06/13,997.6,999.8,996.0,73,43,0.7,257,10.4,273,0.0
2022/06/14,998.9,1002.2,997.0,71,41,1.1,260,11.5,287,1.0
2022/06/15,1001.7,1003.7,999.8,87,77,0.2,0,7.1,313,8.5
2022/06/16,1002.1,1004.6,1000.4,84,58,0.3,50,11.5,269,16.0
2022/06/17,1000.5,1001.5,999.7,77,58,0.4,251,8.2,266,0.0
2022/06/18,999.9,1001.1,998.5,68,41,0.4,251,7.1,263,0.0
2022/06/19,999.7,1000.5,998.2,73,41,0.3,82,8.2,68,0.0
2022/06/20,997.8,999.1,996.1,67,42,0.5,162,7.7,281,0.0
2022/06/21,999.2,1001.5,996.1,72,46,0.5,159,9.9,226,2.0
2022/06/22,1002.2,1004.2,1001.3,72,40,0.5,53,6.0,304,0.0
2022/06/23,1002.6,1004.6,1000.5,73,39,0.4,250,6.0,83,1.0
2022/06/24,1001.0,1002.5,999.3,79,41,0.4,294,8.2,305,34.0
2022/06/25,1000.9,1002.2,998.3,79,44,0.3,164,6.6,328,8.5
2022/06/26,1002.5,1004.2,1000.7,71,48,0.3,82,7.1,297,0.0
2022/06/27,1001.1,1003.0,999.2,73,48,0.4,11,7.7,106,17.0
2022/06/28,998.1,999.8,996.1,67,49,0.4,35,8.2,55,0.0
2022/06/29,996.8,998.6,994.8,68,46,0.6,82,7.7,106,0.0
2022/06/30,996.9,998.3,995.5,62,50,1.6,77,11.0,65,0.0
