date,Xinzhuang_StnPres,Xinzhuang_StnPresMax,Xinzhuang_StnPresMin,Xinzhuang_RH,Xinzhuang_RHMin,Xinzhuang_WS,Xinzhuang_WD,Xinzhuang_WSGust,Xinzhuang_WDGust,Xinzhuang_Precp
2018/01/01,1018.7,1020.8,1016.5,68,60,2.9,60,11.9,60,0.0
2018/01/02,1016.6,1019.0,1013.9,66,51,2.7,59,10.6,78,0.0
2018/01/03,1015.8,1017.9,1013.6,64,50,2.5,57,8.7,65,0.0
2018/01/04,1013.6,1015.4,1011.3,74,57,1.8,59,7.4,257,0.0
2018/01/05,1014.6,1016.3,1012.3,83,75,2.0,60,9.8,64,2.0
2018/01/06,1014.0,1016.1,1011.4,86,83,2.7,60,11.4,52,28.5
2018/01/07,1012.8,1035.3,1009.5,87,72,1.1,56,8.0,59,67.5
2018/01/08,1011.7,1018.3,1008.5,87,80,1.1,56,7.7,67,73.5
2018/01/09,1020.2,1022.4,1017.2,73,55,1.3,44,7.6,67,17.0
2018/01/10,1023.1,1025.0,1021.2,56,31,1.1,8,8.5,68,0.0
2018/01/11,1024.7,1027.6,1022.1,53,42,1.4,43,9.4,59,0.0
2018/01/12,1026.7,1028.1,1024.5,50,41,1.6,30,10.7,71,0.0
2018/01/13,1024.6,1026.8,1022.1,55,41,2.2,57,12.0,62,0.0
2018/01/15,1019.0,1023.1,1015.8,66,49,1.8,58,8.7,56,0.0
,1015.2,--,--,68,--,1.7,59,--,--,0.0
2018/01/16,1011.2,1014.0,1008.8,67,33,0.8,243,5.8,247,0.0
2018/01/17,1012.2,1014.3,1009.9,71,47,1.9,60,10.2,73,0.0
2018/01/18,1014.2,1016.2,1012.4,83,73,2.7,60,9.2,67,0.0
2018/01/19,1015.8,1018.4,1014.4,87,82,1.9,59,7.9,66,12.5
2018/01/20,1014.0,1016.0,1011.5,85,78,2.6,57,8.8,62,3.0
2018/01/21,1011.8,1015.2,1009.2,83,73,2.1,60,8.0,58,0.0
2018/01/22,1012.0,1014.1,1009.5,76,62,2.6,56,10.5,52,1.0
2018/01/23,1013.2,1014.9,1010.4,69,59,2.7,57,10.6,66,0.0
2018/01/24,1014.9,1016.5,1012.6,75,62,3.1,59,12.4,60,0.0
2018/01/25,1014.5,1016.8,1012.0,80,69,3.2,62,10.1,69,0.0
2018/01/26,1017.0,1019.6,1014.2,81,72,2.9,58,10.8,63,0.0
2018/01/27,1014.5,1018.3,1011.4,74,64,2.6,60,10.3,72,0.0
2018/01/28,1012.6,1016.5,1009.1,82,66,1.5,57,12.1,108,11.0
2018/01/29,1018.2,1020.3,1015.6,81,75,2.3,58,8.8,68,9.0
2018/01/30,1018.1,1020.9,1015.6,84,76,2.5,61,9.3,60,10.0
2018/01/31,1016.6,1020.0,1013.2,85,77,2.0,60,7.2,79,16.0
2018/02/01,1019.8,1021.8,1017.5,80,73,1.5,56,9.1,82,2.0
2018/02/02,1020.9,1023.5,1018.2,81,71,1.9,58,8.5,74,2.0
2018/02/03,1023.2,1024.4,1021.1,80,74,1.2,55,7.3,73,22.0
2018/02/04,1023.4,1024.6,1021.7,83,77,1.1,57,6.5,71,26.0
2018/02/05,1023.8,1025.6,1022.0,81,73,0.5,21,4.4,67,14.5
2018/02/07,1022.0,1024.2,1020.2,58,49,1.7,54,7.5,72,0.0
,1018.3,--,--,78,--,2.6,67,--,--,16.0
2018/02/08,1016.9,1019.1,1014.7,79,62,2.8,62,9.4,47,10.0
2018/02/09,1013.6,1015.6,1011.2,87,72,1.2,59,6.1,57,5.5
2018/02/10,1015.3,1020.0,1012.5,87,76,1.0,57,6.2,61,4.0
2018/02/11,1021.7,1024.4,1019.7,78,59,1.4,54,7.6,85,4.5
2018/02/12,1024.1,1026.2,1022.0,53,41,2.1,61,9.5,70,0.0
2018/02/14,1021.0,1024.3,1017.8,57,48,2.5,60,10.7,71,0.0
2018/02/14,1016.1,1019.2,1013.2,61,31,0.8,54,5.9,254,0.0
2018/02/15,1013.3,1015.6,1010.3,59,28,0.9,62,8.0,244,0.0
2018/02/16,1012.4,1015.1,1010.6,76,53,1.2,242,9.7,252,0.0
2018/02/17,1015.9,1018.6,1014.3,74,66,3.0,60,12.4,69,0.0
2018/02/18,1014.5,1017.2,1012.3,66,37,0.9,247,7.8,252,0.0
2018/02/19,1013.1,1016.0,1009.7,64,37,0.7,267,6.6,252,0.0
2018/02/20,1012.4,1014.5,1009.6,80,65,1.6,60,7.2,59,0.0
2018/02/21,1013.8,1015.3,1011.9,81,70,1.9,60,8.7,66,0.0
,1015.7,--,--,83,--,2.4,55,--,--,2.0
2018/02/23,1017.0,1019.5,1015.9,70,62,2.9,58,11.4,67,16.0
,1016.2,--,--,76,--,0.9,15,--,--,0.0
2018/02/25,1016.8,1019.4,1014.2,85,80,1.1,57,6.5,68,6.5
2018/02/26,1017.9,1040.9,1016.4,70,59,2.4,58,10.0,70,0.0
2018/02/28,1013.9,1016.7,1012.0,71,45,1.3,57,8.5,256,0.0
2018/03/01,1010.5,1012.1,1009.6,84,72,0.8,260,9.1,213,18.0
2018/03/01,1010.1,1011.9,1008.0,74,57,2.5,57,11.6,77,0.0
2018/03/02,1009.1,1011.0,1007.1,70,52,1.1,56,7.3,70,0.0
2018/03/03,1008.1,1009.7,1006.1,78,65,0.9,52,6.6,255,0.0
2018/03/04,1008.9,1010.6,1006.6,76,58,0.7,352,9.2,218,0.0
2018/03/05,1011.0,1017.2,1007.8,79,65,1.9,59,12.4,52,1.0
2018/03/06,1017.5,1039.0,1016.4,82,78,2.7,58,8.9,58,0.0
2018/03/08,1013.9,1017.4,1009.9,76,61,2.0,55,8.2,68,1.0
2018/03/08,1017.8,1022.2,1012.6,76,65,1.1,53,6.4,278,20.0
2018/03/09,1020.9,1022.5,1019.6,54,43,1.7,52,10.3,60,0.0
2018/03/10,1019.8,1021.4,1017.7,53,38,2.3,62,9.9,73,0.0
2018/03/11,1018.4,1020.5,1016.2,48,32,2.0,63,9.1,46,0.0
2018/03/13,1015.6,1017.7,1013.4,52,20,1.0,248,7.6,248,0.0
2018/03/13,1013.9,1016.2,1011.7,61,36,1.2,234,8.3,259,0.0
2018/03/14,1012.4,1014.6,1010.8,63,34,1.2,57,7.6,64,0.0
2018/03/15,1011.0,1013.0,1009.5,70,47,1.0,275,7.8,245,1.0
2018/03/16,1013.2,1017.6,1008.7,77,58,1.7,57,10.4,57,0.5
2018/03/17,1016.0,1018.0,1014.4,81,72,2.5,57,9.1,58,0.0
2018/03/19,1012.5,1014.7,1010.7,72,45,1.0,248,9.0,317,0.0
2018/03/19,1008.9,1011.5,1005.7,69,39,0.9,253,9.1,217,0.0
2018/03/20,1009.0,1013.1,1006.3,82,75,1.6,61,6.9,58,7.5
2018/03/21,1014.2,1016.5,1011.9,62,48,1.5,272,8.9,252,0.5
2018/03/22,1015.1,1016.6,1012.9,56,40,2.0,55,10.5,76,0.0
2018/03/23,1016.3,1017.9,1014.8,51,29,1.5,60,8.8,68,0.0
2018/03/24,1016.8,1018.5,1014.5,53,36,2.0,57,8.6,34,0.0
2018/03/25,1016.4,1018.3,1014.8,51,38,1.7,55,8.4,79,0.0
2018/03/26,1014.4,1016.5,1012.7,57,42,1.2,48,8.5,299,0.0
2018/03/27,1012.9,1014.4,1011.6,70,53,1.3,57,7.6,66,0.0
2018/03/28,1010.8,1012.7,1009.2,67,51,2.3,57,10.2,65,0.0
2018/03/29,1010.8,1012.3,1009.1,55,34,2.1,58,8.4,117,0.0
,1012.5,--,--,59,--,2.6,58,--,--,0.0
2018/03/31,1011.8,1013.8,1009.2,57,36,2.9,60,11.3,71,0.0
2018/04/02,1010.2,1011.9,1008.1,50,33,1.7,55,7.8,52,0.0
2018/04/02,1010.0,1011.4,1008.4,59,36,1.2,54,7.9,224,0.0
2018/04/03,1010.8,1011.8,1009.7,65,46,1.2,60,10.2,234,0.0
2018/04/04,1010.1,1011.9,1008.3,65,45,0.9,8,6.7,250,0.0
2018/04/06,1008.7,1010.1,1007.1,64,49,1.1,256,8.3,245,0.0
2018/04/06,1014.2,1021.9,1007.5,70,54,2.1,56,12.8,74,0.0
2018/04/07,1021.4,1023.4,1019.8,57,36,1.1,47,7.4,70,4.0
2018/04/09,1017.2,1020.6,1014.6,50,37,1.8,47,9.8,52,0.0
2018/04/09,1014.8,1017.3,1012.1,54,27,0.8,36,5.6,246,0.0
2018/04/10,1012.1,1014.7,1009.7,57,31,1.0,243,7.8,314,0.0
2018/04/11,1009.1,1011.3,1006.9,64,49,1.0,50,6.0,216,0.0
2018/04/12,1008.9,1011.0,1007.4,75,54,0.7,55,7.0,55,6.0
2018/04/13,1009.4,1011.2,1007.5,71,43,1.0,244,7.9,259,0.5
2018/04/14,1007.7,1009.2,1005.8,78,56,0.7,14,6.9,57,5.0
2018/04/15,1012.8,1015.4,1008.0,76,64,2.7,55,12.6,61,6.5
2018/04/16,1013.8,1015.7,1012.0,59,50,2.9,57,11.3,58,5.0
,1015.2,--,--,74,--,1.9,54,--,--,14.0
2018/04/19,1013.0,1015.0,1011.5,66,55,2.4,55,10.0,55,0.0
2018/04/19,1011.7,1012.9,1010.0,61,44,1.8,54,8.7,57,0.0
2018/04/20,1011.6,1013.0,1010.1,60,47,1.9,53,8.7,63,0.0
2018/04/21,1010.2,1011.9,1008.4,61,44,0.7,50,6.5,251,0.0
2018/04/22,1008.6,1010.8,1006.6,62,38,0.8,56,6.3,34,0.0
2018/04/24,1006.0,1007.8,1003.8,63,41,0.9,281,8.0,244,0.0
2018/04/24,1007.3,1011.2,1004.3,78,63,1.6,56,13.5,324,10.0
2018/04/25,1011.1,1012.8,1009.6,64,47,2.6,56,8.8,59,0.0
2018/04/26,1010.8,1012.3,1009.2,62,49,2.4,56,11.2,62,0.0
2018/04/27,1012.4,1014.7,1010.2,68,50,1.6,55,8.2,62,0.0
2018/04/29,1012.1,1013.8,1010.1,66,56,2.0,57,8.2,60,0.0
2018/04/29,1009.9,1012.0,1007.9,69,46,0.9,257,6.6,293,0.0
2018/04/30,1010.1,1011.8,1008.9,70,48,0.9,15,5.5,263,0.0
2018/05/01,1009.5,1011.6,1008.0,69,50,1.0,237,8.0,255,0.0
2018/05/02,1008.8,1010.6,1006.7,68,48,1.8,259,10.1,244,0.0
2018/05/03,1014.3,1016.4,1010.3,71,64,2.8,55,11.3,61,0.5
2018/05/04,1014.2,1015.4,1012.8,57,46,2.7,60,11.3,52,0.0
2018/05/05,1012.7,1014.6,1010.9,60,43,0.5,8,6.3,222,0.0
2018/05/07,1008.6,1011.9,1006.2,65,44,1.0,37,8.9,257,0.0
,1005.8,--,--,69,--,0.5,104,--,--,0.0
2018/05/08,1008.5,1011.6,1006.4,72,71,2.6,60,8.8,56,26.0
2018/05/09,1013.5,1016.1,1010.5,65,56,2.0,55,9.4,53,0.0
2018/05/10,1014.1,1016.5,1012.1,59,46,2.8,56,11.7,58,0.0
2018/05/11,1010.7,1013.1,1008.6,58,42,1.7,58,6.4,65,0.0
2018/05/12,1008.3,1009.9,1006.5,65,49,1.1,58,6.6,259,0.0
2018/05/13,1007.4,1008.7,1006.0,65,51,1.1,56,7.1,83,0.0
2018/05/14,1007.4,1009.7,1004.9,66,45,1.0,244,8.6,252,0.0
2018/05/15,1006.9,1008.6,1005.9,69,52,0.9,57,7.6,216,0.0
2018/05/16,1005.7,1007.0,1004.7,70,51,1.1,56,7.1,321,0.0
2018/05/17,1004.6,1006.1,1002.8,70,45,1.2,59,7.7,254,0.0
2018/05/18,1004.0,1005.6,1002.2,68,39,1.1,226,7.3,69,0.0
2018/05/19,1005.2,1006.5,1003.9,70,49,1.4,58,7.3,313,0.0
2018/05/20,1006.0,1008.6,1004.0,67,52,1.4,20,8.8,300,0.0
2018/05/21,1007.0,1008.5,1004.4,68,49,1.7,59,8.6,62,0.0
2018/05/22,1006.9,1008.9,1004.7,65,51,1.4,54,8.6,214,0.0
2018/05/23,1007.9,1009.3,1005.6,70,54,2.1,54,12.2,65,0.0
2018/05/24,1007.2,1008.9,1005.8,66,48,1.8,57,8.1,67,0.0
,1005.8,--,--,68,--,1.1,259,--,--,0.0
2018/05/26,1003.9,1005.4,1002.7,61,48,2.0,268,9.7,257,0.0
2018/05/27,1005.4,1006.7,1003.4,62,35,1.1,58,7.8,322,0.0
2018/05/28,1005.9,1007.7,1004.9,66,46,1.2,39,9.3,257,0.0
2018/05/29,1007.0,1008.6,1005.7,68,49,1.0,2,8.5,312,9.5
2018/05/30,1007.2,1008.7,1005.0,70,52,1.0,246,7.1,97,19.5
,1006.7,--,--,67,--,1.5,255,--,--,0.0
2018/06/01,1009.3,1010.7,1007.0,76,67,2.7,55,9.6,69,0.5
2018/06/02,1008.7,1010.2,1007.2,70,58,2.2,57,11.0,69,0.0
2018/06/03,1006.2,1007.6,1004.6,75,63,2.0,57,8.4,47,0.0
2018/06/04,1006.0,1007.4,1004.2,74,50,2.3,56,10.0,63,0.0
2018/06/05,1006.2,1008.0,1004.4,70,39,1.2,50,10.4,61,4.0
2018/06/06,1006.1,1007.5,1004.2,73,47,1.5,55,8.6,78,8.5
2018/06/08,1004.4,1005.8,1002.3,72,51,2.7,57,10.8,67,0.0
2018/06/09,1001.0,1003.9,999.0,71,53,2.3,57,10.6,57,0.0
2018/06/10,997.8,999.9,995.3,71,55,2.5,61,9.2,61,0.0
2018/06/10,997.3,998.7,995.7,76,57,1.6,58,7.6,78,13.0
2018/06/11,998.6,1001.9,995.6,79,68,1.3,61,6.0,313,3.0
2018/06/12,1000.8,1002.5,998.9,54,30,2.1,57,10.4,79,0.0
2018/06/13,998.0,1000.2,995.9,59,46,2.9,57,11.6,76,0.0
2018/06/14,995.5,996.9,994.4,81,64,2.6,55,10.7,71,3.5
2018/06/15,997.6,1001.9,994.6,83,74,1.5,60,8.2,63,3.0
2018/06/16,1002.5,1003.5,1001.1,72,54,1.7,54,10.0,67,0.0
2018/06/17,1001.6,1003.1,999.9,73,54,1.8,56,11.2,31,0.0
2018/06/18,1001.1,1002.3,999.8,74,61,1.2,61,7.6,71,5.5
2018/06/19,1000.6,1002.5,999.3,65,51,1.7,237,14.6,248,0.0
2018/06/20,1001.7,1003.6,999.9,62,47,1.1,242,8.7,235,0.0
2018/06/21,1003.2,1004.8,1001.7,68,51,1.2,272,8.8,251,4.0
2018/06/22,1004.6,1006.2,1003.3,75,52,1.1,72,7.4,330,1.0
2018/06/23,1004.9,1006.6,1003.4,70,53,1.3,267,11.6,273,0.0
2018/06/24,1006.6,1007.9,1005.2,69,52,1.2,1,8.2,289,0.0
2018/06/25,1007.6,1008.8,1006.1,69,49,1.3,79,8.0,332,0.0
2018/06/26,1008.0,1009.3,1007.1,65,40,1.1,33,7.9,266,0.0
2018/06/27,1006.3,1007.9,1004.4,60,41,1.0,21,6.8,291,0.0
2018/06/29,1003.2,1005.7,1000.9,62,41,1.3,270,9.8,270,0.0
2018/06/29,1001.0,1002.0,999.5,69,44,0.8,262,7.5,305,5.5
2018/06/30,1001.7,1003.5,1000.0,67,47,0.9,69,6.4,274,11.5
2018/07/02,1000.5,1002.2,998.7,65,52,2.0,264,9.6,323,0.0
2018/07/03,998.6,999.8,996.6,55,41,2.2,271,12.9,265,0.0
2018/07/03,997.9,999.5,996.3,55,45,2.4,269,17.7,254,0.0
2018/07/04,997.7,999.3,995.1,53,42,2.5,273,15.0,261,0.0
2018/07/05,998.3,1000.0,996.9,59,48,1.5,261,14.6,247,0.0
2018/07/06,999.6,1001.3,997.7,61,38,1.3,78,9.8,81,0.0
2018/07/07,1001.8,1003.9,1000.7,71,48,1.0,284,6.3,266,1.5
2018/07/08,1003.4,1005.3,1002.1,63,44,1.0,67,6.5,102,0.0
2018/07/09,1004.3,1006.1,1002.1,58,39,1.9,77,9.0,99,0.0
2018/07/11,999.5,1004.9,987.9,76,61,1.8,328,17.7,252,83.5
,995.8,--,--,76,--,1.7,79,--,--,59.5
2018/07/12,1003.2,1004.6,1001.5,64,51,1.4,77,9.4,82,0.0
2018/07/13,1003.8,1004.9,1002.4,57,49,2.1,78,12.0,54,0.0
,1003.7,--,--,56,--,2.3,82,--,--,0.0
2018/07/15,1003.2,1004.3,1002.4,59,42,2.9,76,11.2,107,0.0
2018/07/16,1002.4,1004.0,1000.4,67,54,3.2,77,11.2,76,0.0
2018/07/17,1001.6,1002.7,999.9,60,49,3.6,81,13.1,105,0.0
2018/07/18,1002.3,1003.8,1000.9,60,46,3.0,79,11.8,102,0.0
2018/07/19,1003.0,1004.3,1001.3,67,52,2.4,73,10.0,75,0.0
2018/07/20,1001.2,1002.8,999.6,68,46,2.3,74,10.9,87,0.0
2018/07/22,998.0,1000.2,996.5,77,52,1.1,263,8.2,338,16.0
2018/07/22,997.9,1000.0,996.5,70,49,1.2,272,6.6,265,0.5
2018/07/23,1000.2,1003.4,997.5,66,56,1.1,267,5.9,279,0.0
2018/07/24,1003.4,1004.9,1002.3,71,52,0.8,261,7.3,78,15.0
2018/07/25,1003.9,1005.6,1002.1,67,48,1.0,29,7.1,243,0.0
2018/07/26,1003.6,1005.2,1001.7,66,48,0.8,2,6.7,81,0.0
2018/07/27,1003.7,1005.2,1002.2,67,50,1.0,78,7.3,320,0.0
2018/07/28,1003.3,1004.9,1001.0,66,48,1.3,74,7.6,86,0.0
2018/07/29,1002.0,1003.5,999.9,61,42,1.8,286,8.2,298,0.0
2018/07/30,1001.6,1002.9,999.4,63,48,1.9,283,8.6,331,0.0
2018/07/31,1001.2,1002.7,998.9,60,42,2.0,276,10.6,333,0.0
2018/08/01,1000.3,1001.8,998.0,67,42,2.1,274,10.2,300,0.0
2018/08/02,999.1,1000.7,996.6,60,41,2.4,279,11.4,329,0.0
2018/08/03,1000.4,1002.4,998.6,68,40,1.1,62,9.4,87,8.0
2018/08/04,1002.3,1003.7,1000.6,69,47,0.9,3,6.7,80,0.0
2018/08/05,1003.1,1004.8,1001.2,65,48,1.2,16,8.3,90,0.0
,1003.3,--,--,66,--,0.9,262,--,--,0.0
2018/08/07,1000.9,1003.0,999.5,60,44,2.7,67,9.2,99,0.0
2018/08/08,1001.8,1003.0,1000.4,63,46,1.9,77,9.0,78,0.0
2018/08/09,1001.9,1003.1,1000.5,64,45,1.5,76,8.2,96,0.0
2018/08/10,1000.8,1002.3,998.7,63,43,1.4,76,8.3,76,0.0
2018/08/12,997.6,1000.3,995.1,66,49,1.0,78,7.6,256,1.5
2018/08/13,993.8,996.2,991.9,73,63,1.2,270,10.7,257,30.5
2018/08/13,996.0,997.7,994.2,68,54,1.6,55,8.9,89,0.0
2018/08/14,996.9,998.1,995.0,77,67,1.1,266,6.9,239,14.0
2018/08/15,998.1,999.2,996.5,69,57,1.8,261,12.1,354,0.0
2018/08/16,997.4,999.1,995.4,64,50,2.0,289,10.5,258,0.5
2018/08/17,996.8,999.3,994.7,69,41,1.0,265,8.6,76,26.5
2018/08/18,999.3,1000.5,997.9,75,55,0.8,262,9.8,85,16.0
2018/08/19,1001.0,1002.8,999.7,74,51,0.9,252,7.3,90,2.0
2018/08/21,1000.2,1002.2,998.8,73,46,0.7,251,6.3,90,15.5
2018/08/22,997.6,999.3,995.7,70,52,1.0,76,6.2,89,0.0
2018/08/22,995.5,997.3,993.2,65,51,1.7,78,9.7,83,0.0
2018/08/24,992.9,994.8,991.1,70,57,2.3,78,11.2,90,0.0
2018/08/24,994.3,996.0,992.5,77,63,1.3,76,6.4,77,1.0
2018/08/25,995.4,996.7,994.1,69,55,1.3,77,9.9,83,0.5
2018/08/26,997.5,1000.1,995.7,73,55,1.1,75,8.1,91,14.0
2018/08/27,1001.2,1004.3,999.3,71,55,0.8,259,7.7,252,6.0
2018/08/28,1003.6,1005.3,1002.1,75,49,0.9,84,9.1,73,6.5
2018/08/29,1004.3,1006.5,1002.6,73,47,0.9,279,5.3,265,5.0
2018/08/30,1007.4,1009.9,1005.3,76,49,0.8,35,5.8,252,39.5
2018/08/31,1009.2,1010.2,1007.8,73,48,0.8,280,6.7,116,1.0
2018/09/02,1007.4,1009.7,1005.3,72,47,0.8,266,6.4,334,16.5
2018/09/03,1004.3,1006.6,1002.2,68,48,1.0,259,6.7,247,0.0
2018/09/04,1002.0,1004.1,999.7,61,39,1.9,263,11.8,230,0.0
2018/09/04,1001.0,1002.7,998.8,59,39,1.4,243,8.3,309,0.0
2018/09/05,1002.6,1003.8,1001.2,64,43,1.2,56,6.1,85,0.0
2018/09/06,1002.7,1003.9,1000.9,68,49,1.1,73,8.6,258,7.5
2018/09/07,1003.4,1005.2,1002.0,74,53,0.8,252,11.4,314,47.0
2018/09/08,1005.3,1007.1,1003.9,77,60,0.8,78,8.0,88,137.0
2018/09/09,1008.2,1011.2,1005.9,84,73,1.5,76,9.6,80,23.0
2018/09/10,1008.3,1010.9,1005.2,83,74,2.0,75,8.3,85,20.0
2018/09/11,1005.0,1006.6,1002.3,63,50,1.7,80,12.0,102,0.5
2018/09/12,1006.1,1007.3,1005.1,65,55,1.1,79,6.7,335,0.0
2018/09/13,1006.6,1008.2,1005.2,60,41,2.3,80,9.9,85,0.0
2018/09/14,1006.7,1008.1,1004.9,67,49,2.7,78,11.0,84,0.0
2018/09/16,1003.5,1006.2,1001.2,73,63,3.6,78,14.8,96,22.0
2018/09/16,1004.8,1008.4,1001.2,65,55,2.4,81,17.7,87,3.0
2018/09/17,1009.1,1012.1,1006.9,59,38,0.9,40,6.4,263,0.0
2018/09/18,1010.8,1012.2,1008.6,61,39,1.7,82,8.9,111,0.0
2018/09/20,1009.0,1011.1,1007.0,58,40,2.2,77,8.5,122,0.0
2018/09/20,1007.3,1008.8,1005.7,61,45,1.2,71,8.1,256,0.0
,1008.0,--,--,67,--,1.2,306,--,--,0.0
2018/09/22,1010.9,1011.9,1009.7,70,50,1.3,68,6.4,88,3.5
2018/09/24,1009.7,1011.6,1007.8,74,55,1.6,79,8.7,90,0.0
2018/09/25,1007.9,1009.9,1006.2,74,57,1.4,75,9.6,83,13.5
2018/09/25,1006.4,1008.0,1004.6,66,53,1.8,53,10.3,73,3.0
2018/09/26,1006.2,1007.5,1004.5,79,66,0.6,238,16.2,332,12.5
2018/09/27,1005.9,1007.1,1004.8,76,52,0.9,21,7.0,335,6.0
2018/09/29,1005.0,1006.5,1003.2,76,69,1.1,334,8.9,309,4.5
2018/09/29,1004.1,1006.3,1002.4,69,56,1.3,267,9.1,305,7.0
2018/09/30,1008.5,1011.2,1005.9,59,41,1.3,77,9.8,86,0.0
2018/10/01,1011.7,1013.6,1010.2,53,25,1.9,77,9.1,77,0.0
2018/10/02,1013.4,1015.0,1011.6,52,41,2.0,81,10.6,82,0.0
2018/10/03,1012.5,1014.0,1010.5,59,49,1.6,57,11.4,100,0.0
2018/10/05,1008.6,1011.9,1006.1,73,53,1.1,55,9.6,238,2.0
2018/10/05,1006.7,1009.2,1004.9,60,43,1.7,73,7.3,241,0.5
2018/10/06,1010.9,1012.9,1008.3,64,51,2.3,84,10.3,82,0.5
2018/10/07,1012.4,1014.4,1010.9,73,62,2.2,81,10.0,106,0.5
2018/10/08,1011.3,1012.8,1009.9,81,73,1.5,77,7.4,81,4.0
2018/10/09,1010.3,1011.6,1008.6,81,70,1.7,80,6.9,87,12.5
2018/10/10,1012.1,1013.8,1010.1,79,65,1.8,80,7.3,89,19.0
2018/10/11,1015.8,1017.8,1012.7,81,70,1.9,79,6.9,93,4.5
2018/10/12,1017.3,1018.9,1016.1,83,74,1.9,79,8.7,71,27.0
2018/10/13,1015.8,1018.0,1014.1,82,74,2.3,84,8.6,82,1.5
2018/10/15,1012.8,1014.9,1010.8,80,68,2.4,76,9.4,112,0.0
2018/10/15,1011.3,1013.3,1009.3,78,65,2.0,79,8.6,90,0.5
2018/10/16,1009.8,1011.1,1008.0,77,63,1.3,87,6.8,267,0.0
2018/10/17,1010.5,1012.2,1008.4,84,77,1.1,75,6.1,92,26.5
2018/10/18,1013.5,1015.8,1011.0,66,48,2.5,82,9.8,88,0.5
2018/10/19,1016.9,1018.6,1014.3,73,61,2.4,85,8.6,93,4.5
2018/10/20,1017.1,1019.2,1015.2,64,54,2.3,81,9.9,103,0.0
2018/10/21,1014.5,1016.5,1012.2,65,47,2.0,78,8.9,87,0.0
2018/10/22,1012.3,1013.9,1009.8,67,47,0.9,269,7.7,264,0.0
2018/10/23,1014.0,1015.7,1012.3,78,73,1.1,76,6.0,90,4.0
2018/10/24,1014.3,1015.7,1012.9,73,64,2.2,79,8.2,86,0.0
2018/10/25,1013.2,1014.9,1011.4,71,55,2.1,78,9.1,76,0.0
2018/10/26,1012.9,1015.2,1011.0,70,50,1.5,268,8.7,263,0.0
2018/10/27,1017.1,1019.1,1014.7,51,37,1.8,70,9.9,90,0.0
2018/10/28,1014.9,1017.4,1012.5,50,35,1.3,74,9.2,100,0.0
2018/10/29,1013.0,1014.4,1010.7,48,32,2.0,78,11.7,91,0.0
2018/10/30,1013.2,1014.7,1011.2,60,44,3.2,79,14.9,81,1.5
2018/10/31,1015.4,1018.0,1012.8,79,70,2.5,79,12.6,82,7.0
2018/11/01,1016.7,1017.9,1015.1,82,71,2.8,79,9.5,83,7.0
2018/11/02,1014.3,1016.2,1012.4,86,82,2.7,77,10.6,80,16.5
2018/11/03,1013.0,1014.3,1011.7,83,75,1.2,87,6.0,273,2.5
2018/11/04,1013.8,1015.4,1012.1,78,64,1.8,79,8.2,88,0.0
2018/11/05,1014.1,1015.6,1012.8,83,74,1.9,79,8.2,99,7.5
2018/11/06,1014.4,1016.1,1012.6,74,58,2.3,78,8.6,76,0.0
2018/11/07,1013.7,1015.8,1012.1,69,48,1.5,80,7.2,269,0.0
2018/11/08,1013.3,1014.8,1012.1,72,51,1.1,265,6.0,254,0.0
2018/11/09,1015.4,1016.9,1013.7,80,74,2.6,79,9.5,80,0.0
2018/11/10,1015.2,1017.8,1012.9,76,56,2.5,75,10.3,83,3.0
2018/11/11,1013.4,1015.6,1011.6,68,47,1.2,298,6.5,254,0.0
2018/11/12,1011.6,1013.9,1009.1,72,50,1.3,80,16.6,274,0.0
2018/11/13,1012.8,1014.3,1011.2,74,63,2.6,78,10.0,79,0.0
2018/11/14,1014.4,1016.0,1012.6,67,60,2.7,81,11.8,84,0.0
2018/11/15,1013.7,1015.6,1011.2,67,53,2.2,79,8.5,117,0.0
2018/11/16,1013.2,1014.6,1011.3,70,52,1.7,73,8.0,87,0.0
2018/11/17,1014.1,1016.4,1012.7,82,78,2.3,80,8.6,106,6.5
2018/11/18,1012.6,1014.4,1010.2,75,53,1.7,80,7.2,262,0.0
2018/11/19,1015.9,1017.8,1013.1,79,71,2.0,77,7.8,92,10.0
2018/11/20,1015.2,1017.4,1013.2,65,56,2.6,77,10.1,74,0.0
2018/11/21,1013.2,1015.7,1010.6,68,48,1.0,77,6.4,289,0.0
2018/11/22,1018.7,1020.9,1015.4,77,68,1.9,77,7.3,96,8.0
2018/11/23,1018.0,1020.1,1016.9,80,72,2.5,80,9.2,89,4.5
2018/11/24,1016.8,1018.3,1014.9,72,55,2.4,76,9.1,94,0.0
2018/11/26,1014.7,1017.2,1012.2,58,35,1.4,78,7.2,82,0.0
2018/11/26,1015.9,1017.4,1014.7,76,52,1.0,80,5.7,148,3.5
2018/11/27,1016.7,1018.0,1014.9,73,64,1.9,76,7.0,88,0.0
2018/11/28,1017.1,1019.6,1014.8,72,65,1.5,71,7.6,106,1.0
2018/11/29,1019.2,1021.4,1017.7,61,51,2.4,80,9.3,80,0.0
2018/11/30,1017.4,1019.7,1015.1,56,39,2.0,78,9.6,69,0.0
2018/12/01,1015.3,1017.8,1013.2,59,39,1.2,80,6.3,259,0.0
2018/12/02,1013.1,1014.5,1010.6,59,40,1.4,81,6.8,84,0.0
2018/12/03,1013.7,1015.8,1011.7,63,26,0.9,248,5.5,73,0.0
2018/12/04,1014.0,1015.8,1012.0,63,43,1.2,274,7.7,68,0.0
2018/12/05,1014.7,1017.3,1011.9,78,73,2.6,77,13.1,118,0.0
2018/12/06,1013.0,1015.8,1010.4,72,50,1.5,77,9.1,84,0.0
2018/12/07,1019.0,1021.2,1015.5,79,74,2.7,76,9.2,85,0.0
2018/12/08,1020.6,1022.5,1019.1,82,76,2.9,79,10.6,86,1.0
2018/12/09,1019.6,1042.3,1017.2,85,80,2.5,80,9.1,103,2.0
2018/12/10,1015.6,1017.5,1013.8,85,75,1.6,79,6.8,95,1.5
2018/12/11,1016.3,1020.8,1013.2,81,74,1.8,76,9.9,92,0.0
2018/12/12,1022.6,1023.8,1021.7,77,74,2.6,79,8.4,70,0.0
2018/12/13,1022.2,1023.6,1020.2,82,76,2.5,74,8.2,97,2.0
2018/12/14,1023.1,1024.9,1021.8,83,78,2.8,80,10.0,79,2.5
2018/12/15,1020.5,1023.6,1017.4,77,68,2.9,79,9.8,84,0.0
2018/12/16,1017.6,1019.6,1015.7,74,65,1.3,77,9.0,297,0.0
2018/12/17,1020.9,1022.9,1018.1,56,43,1.5,79,9.5,87,0.0
2018/12/18,1020.2,1022.3,1017.3,54,36,1.9,76,10.2,85,0.0
2018/12/19,1016.7,1019.2,1014.1,53,31,1.1,78,5.2,87,0.0
2018/12/21,1014.0,1015.9,1010.7,59,28,0.9,13,6.0,3,0.0
2018/12/21,1013.9,1016.2,1012.0,70,61,1.8,79,10.7,80,0.0
2018/12/22,1014.2,1015.8,1012.1,72,50,1.1,77,6.9,92,0.0
2018/12/23,1016.1,1018.9,1012.9,82,77,2.3,77,11.1,82,21.0
2018/12/24,1017.1,1039.9,1014.2,84,80,2.7,78,9.5,89,14.5
2018/12/25,1011.8,1014.6,1008.9,83,72,2.2,78,10.3,260,1.5
2018/12/26,1010.9,1012.8,1008.9,83,75,1.1,79,6.4,90,1.0
2018/12/27,1016.0,1019.9,1012.3,79,74,2.0,77,9.3,77,4.5
2018/12/28,1022.4,1025.1,1019.1,77,71,2.6,75,10.8,103,2.0
2018/12/29,1026.0,1028.5,1023.5,73,63,2.8,78,9.9,76,1.0
2018/12/30,1023.9,1025.9,1021.0,80,70,2.7,78,10.7,107,3.0
2018/12/31,1024.6,1026.2,1022.5,84,81,2.2,82,9.8,84,3.0
2019/01/01,1024.6,1026.6,1022.7,84,79,2.7,83,10.5,102,4.0
2019/01/02,1023.3,1025.9,1020.7,84,77,2.6,82,10.7,88,6.5
2019/01/03,1022.8,1025.1,1020.9,85,82,2.5,82,9.4,70,7.0
2019/01/05,1018.8,1021.0,1016.4,77,52,2.0,80,7.7,243,0.0
2019/01/05,1017.9,1019.6,1016.3,81,70,1.3,82,7.5,68,6.0
2019/01/06,1019.8,1022.0,1018.3,83,76,1.9,80,9.3,111,5.0
2019/01/08,1017.7,1019.9,1015.5,77,67,2.2,78,9.9,76,0.0
2019/01/08,1019.2,1021.6,1017.1,79,72,2.0,78,9.0,82,0.0
2019/01/09,1020.7,1023.3,1018.1,79,74,3.0,78,10.5,78,0.0
2019/01/10,1016.6,1018.6,1014.5,73,48,1.2,87,7.2,279,0.0
2019/01/11,1015.2,1017.1,1013.1,78,61,1.1,257,8.1,262,0.0
2019/01/12,1016.4,1018.5,1014.3,80,72,1.9,77,9.2,91,0.0
2019/01/13,1017.5,1018.9,1015.9,78,70,2.5,81,9.0,81,0.0
2019/01/14,1016.3,1018.8,1013.8,69,55,2.6,78,11.1,86,0.0
2019/01/15,1015.9,1018.7,1013.9,74,67,1.4,79,9.0,85,0.0
2019/01/16,1018.4,1020.8,1015.9,82,76,2.5,79,9.3,83,16.0
2019/01/17,1020.5,1023.0,1018.2,76,65,2.0,79,7.4,100,4.5
2019/01/18,1019.8,1022.9,1017.0,53,42,2.7,78,12.2,92,0.0
2019/01/19,1016.9,1019.0,1015.2,63,47,0.8,303,5.3,253,0.0
2019/01/20,1017.9,1021.2,1015.5,74,61,1.6,79,9.3,87,0.5
2019/01/21,1019.7,1021.6,1017.6,79,75,2.1,75,7.4,86,3.0
2019/01/22,1019.3,1020.6,1017.9,65,52,1.3,75,6.3,31,0.0
2019/01/23,1018.1,1039.9,1016.4,57,48,2.3,80,9.1,80,0.0
2019/01/24,1017.9,1019.8,1016.2,60,49,2.8,87,9.8,95,0.0
2019/01/25,1018.4,1021.6,1016.1,66,53,2.0,81,9.5,86,0.0
2019/01/26,1023.5,1025.4,1021.3,55,49,1.9,78,9.0,88,0.0
2019/01/27,1022.1,1024.9,1019.0,59,51,2.3,83,9.9,82,0.0
2019/01/28,1018.5,1020.6,1016.5,63,49,2.0,77,8.2,92,0.0
2019/01/29,1018.9,1021.3,1017.0,63,50,2.3,83,9.7,79,0.0
2019/01/30,1017.5,1020.1,1015.2,59,34,0.7,259,5.9,332,0.0
2019/01/31,1016.9,1022.1,1013.5,64,41,1.8,78,11.0,87,0.0
2019/02/01,1021.4,1024.1,1018.6,73,67,2.7,79,8.9,80,0.0
2019/02/03,1015.4,1018.6,1013.1,63,41,1.0,289,5.4,91,0.0
2019/02/03,1014.8,1016.7,1012.9,66,42,0.8,2,8.4,301,0.0
2019/02/04,1017.4,1020.5,1015.0,78,72,2.7,77,9.8,99,0.0
2019/02/05,1014.0,1016.3,1010.7,78,65,1.7,79,7.5,260,0.0
2019/02/07,1011.6,1014.8,1008.7,71,52,1.1,79,8.1,80,0.0
2019/02/07,1012.5,1015.4,1009.2,67,25,1.7,74,10.4,96,0.0
2019/02/08,1015.3,1017.8,1013.2,76,72,2.4,81,8.7,104,0.0
2019/02/09,1017.7,1020.5,1014.4,80,76,2.0,81,9.4,79,0.5
2019/02/10,1020.3,1042.3,1018.5,82,74,2.4,83,9.1,86,0.0
2019/02/11,1023.0,1024.5,1021.4,78,68,3.2,81,11.5,85,0.0
2019/02/12,1020.5,1023.0,1017.2,78,64,2.5,73,9.3,75,0.0
2019/02/13,1020.1,1022.1,1018.7,80,69,2.4,76,8.7,83,0.0
2019/02/14,1019.0,1021.0,1017.4,81,73,2.2,78,7.8,80,0.0
2019/02/15,1016.9,1019.0,1013.9,76,49,1.3,74,6.9,92,0.0
2019/02/16,1017.3,1018.9,1015.7,78,70,2.6,81,9.6,86,0.0
2019/02/17,1017.7,1020.0,1015.5,80,75,2.9,81,9.4,85,0.0
2019/02/18,1013.1,1016.8,1010.7,82,67,1.7,87,6.8,287,1.5
2019/02/19,1015.4,1018.0,1012.1,75,56,1.5,76,12.7,282,1.5
2019/02/20,1016.8,1018.4,1015.0,77,51,1.2,79,7.2,288,0.0
2019/02/22,1015.3,1017.7,1012.7,79,63,2.1,79,7.4,94,0.5
2019/02/22,1015.3,1018.4,1013.1,81,71,1.9,80,8.5,78,3.0
2019/02/23,1016.8,1018.3,1014.4,77,65,2.7,75,10.0,84,3.5
2019/02/24,1014.5,1016.6,1012.4,86,83,2.2,83,8.3,77,56.5
2019/02/25,1015.1,1017.3,1013.1,79,66,1.6,79,7.8,90,1.0
2019/02/26,1015.4,1018.0,1012.7,73,65,2.5,75,10.5,85,0.0
2019/02/27,1012.9,1015.5,1009.5,73,50,0.5,118,4.3,248,0.0
2019/02/28,1013.7,1016.3,1011.8,78,75,2.0,78,8.0,70,0.0
2019/03/01,1014.2,1016.1,1012.2,78,69,2.4,78,11.1,93,0.0
2019/03/03,1010.0,1013.5,1007.7,75,55,1.3,77,7.9,282,0.0
2019/03/03,1008.4,1011.6,1005.8,82,76,1.3,272,8.5,329,14.0
2019/03/04,1013.6,1015.7,1010.8,67,53,2.5,77,11.4,78,0.0
2019/03/05,1011.3,1014.8,1006.8,68,45,2.1,78,12.0,313,0.0
2019/03/06,1012.4,1016.8,1010.0,77,69,1.8,81,8.9,256,10.0
2019/03/07,1017.5,1019.4,1015.2,80,74,2.3,80,10.0,85,29.0
2019/03/08,1015.4,1018.7,1011.9,84,80,2.5,86,8.7,85,19.0
2019/03/09,1009.4,1033.6,1006.6,87,81,0.8,291,4.0,257,37.5
2019/03/10,1010.4,1013.5,1007.8,80,67,1.2,75,9.4,238,17.0
2019/03/11,1012.5,1014.2,1010.6,67,58,1.7,74,7.5,90,0.0
2019/03/12,1013.6,1015.3,1011.1,52,32,1.5,78,6.9,75,0.0
2019/03/13,1016.2,1018.2,1014.4,54,41,2.0,76,10.4,83,0.0
2019/03/14,1016.5,1019.2,1014.6,61,47,1.4,77,8.4,248,0.0
2019/03/15,1019.6,1021.3,1018.0,61,29,1.4,78,8.7,80,6.0
2019/03/16,1017.8,1019.9,1015.9,49,36,2.5,80,8.7,95,0.0
2019/03/17,1016.4,1018.5,1014.6,77,65,1.4,76,7.5,80,2.0
2019/03/19,1013.3,1015.5,1011.3,76,59,1.2,74,9.8,283,0.0
2019/03/19,1013.2,1015.6,1011.7,72,60,2.1,72,9.4,75,0.0
2019/03/21,1009.5,1012.4,1006.9,65,45,1.0,278,9.5,332,0.0
2019/03/21,1007.8,1010.2,1005.3,69,39,1.1,280,8.6,325,0.0
2019/03/22,1012.2,1015.6,1009.3,76,70,2.4,77,10.6,90,0.5
2019/03/23,1018.1,1020.9,1014.6,75,67,2.6,75,9.4,87,5.0
2019/03/24,1015.9,1019.7,1013.4,79,72,2.5,82,9.5,78,7.5
2019/03/25,1013.8,1016.5,1011.1,82,78,1.2,273,8.8,282,20.0
2019/03/26,1016.8,1018.8,1015.3,68,54,2.4,77,11.6,85,0.0
2019/03/27,1013.6,1016.9,1011.1,67,53,0.8,251,6.1,263,0.0
2019/03/29,1007.7,1011.1,1004.3,66,46,1.2,20,7.7,333,0.0
2019/03/29,1007.2,1012.2,1005.0,75,62,1.7,74,7.3,81,14.0
2019/03/30,1012.0,1014.5,1009.1,70,58,1.8,77,10.2,73,3.0
2019/03/31,1017.3,1019.9,1014.0,68,58,3.2,78,12.1,78,0.0
2019/04/01,1019.5,1021.3,1018.2,76,64,2.9,81,10.5,74,6.5
2019/04/03,1015.3,1018.5,1012.8,74,66,1.6,80,7.0,75,0.5
2019/04/03,1014.9,1016.7,1013.2,79,70,1.1,269,6.2,309,1.0
2019/04/05,1012.0,1015.3,1008.9,73,48,1.7,79,9.6,281,0.0
2019/04/06,1010.8,1012.0,1009.0,74,56,2.0,76,7.6,75,0.0
2019/04/07,1009.6,1011.2,1007.7,64,45,1.2,279,7.2,293,0.0
2019/04/07,1008.9,1010.8,1006.7,67,48,1.4,279,12.4,236,0.0
2019/04/08,1009.1,1010.8,1007.8,64,44,1.0,266,6.8,258,0.0
2019/04/09,1007.0,1009.4,1004.3,66,39,1.0,71,6.3,247,0.0
2019/04/10,1007.8,1010.6,1005.5,71,37,2.2,77,11.7,88,0.0
2019/04/11,1008.8,1013.1,1005.3,76,57,2.0,80,10.3,290,15.0
2019/04/12,1013.7,1015.2,1011.9,69,63,2.5,74,9.6,96,0.0
2019/04/13,1012.2,1014.3,1010.4,75,55,1.1,45,7.3,291,2.5
2019/04/14,1012.1,1015.0,1010.5,74,58,1.5,78,8.5,97,4.5
2019/04/15,1013.5,1015.5,1011.5,66,53,2.8,79,10.9,91,5.0
2019/04/17,1009.7,1011.5,1007.7,83,77,1.3,275,9.1,100,28.0
2019/04/17,1009.4,1011.3,1007.6,64,38,1.4,79,9.7,87,0.0
2019/04/18,1008.3,1010.4,1006.7,61,47,1.0,61,6.7,258,0.0
2019/04/20,1006.6,1008.4,1004.8,74,50,0.8,277,5.8,289,7.5
2019/04/20,1005.9,1007.5,1004.2,76,58,1.1,79,7.1,271,8.5
2019/04/21,1005.8,1007.3,1004.4,75,59,0.9,77,13.8,225,33.5
2019/04/22,1006.4,1008.9,1004.7,75,48,0.8,321,8.0,338,28.0
2019/04/23,1006.2,1008.2,1004.5,67,44,1.1,262,7.9,328,0.0
2019/04/24,1005.6,1008.0,1003.0,69,48,1.2,72,6.9,82,0.0
2019/04/25,1005.1,1008.6,1002.2,64,37,1.5,31,11.1,91,0.0
2019/04/26,1009.2,1012.7,1006.6,69,56,2.2,68,9.5,82,0.0
2019/04/27,1011.8,1014.0,1010.0,78,72,2.9,78,11.2,88,0.0
2019/04/28,1010.2,1012.0,1009.0,73,60,1.7,81,10.1,263,0.0
2019/04/29,1007.8,1010.1,1005.5,67,43,1.0,326,7.3,332,0.0
2019/04/30,1004.1,1006.9,1001.8,68,43,1.5,262,9.0,292,0.0
2019/05/01,1007.2,1011.1,1002.1,80,69,1.4,78,7.5,74,46.0
2019/05/02,1011.3,1013.3,1009.0,74,65,2.0,78,8.0,98,11.5
2019/05/03,1012.7,1014.2,1011.0,61,41,2.4,83,10.8,86,1.5
2019/05/04,1011.5,1013.0,1009.8,62,54,2.1,78,8.4,109,0.0
2019/05/06,1008.7,1010.6,1005.7,58,45,2.2,79,9.3,100,0.5
2019/05/06,1008.7,1010.2,1006.7,77,62,2.3,82,8.8,79,14.5
2019/05/07,1009.8,1011.5,1007.8,78,69,2.4,78,9.2,77,6.5
2019/05/09,1007.1,1008.9,1004.9,80,72,1.8,77,6.9,76,1.5
2019/05/09,1006.4,1007.8,1004.8,84,76,1.8,79,7.7,100,13.0
2019/05/10,1007.6,1009.1,1006.1,77,62,2.3,78,8.1,93,1.0
2019/05/11,1008.7,1010.0,1007.1,76,64,2.7,78,9.8,91,0.0
2019/05/12,1008.0,1009.5,1006.2,73,59,2.2,76,10.4,70,0.0
2019/05/14,1006.8,1008.2,1004.9,66,44,1.2,75,6.4,269,0.0
2019/05/14,1006.5,1008.2,1005.1,72,61,1.8,77,8.3,332,0.0
2019/05/15,1006.5,1008.4,1004.7,74,56,1.2,76,8.6,77,0.0
2019/05/16,1003.4,1005.8,1001.3,68,52,1.8,281,10.8,264,0.0
2019/05/17,1001.8,1004.1,999.9,79,67,0.8,269,8.4,294,52.5
2019/05/18,1001.9,1003.9,1000.5,73,60,1.7,253,10.0,317,2.0
2019/05/19,1003.6,1005.4,1001.5,66,48,1.2,71,9.2,223,0.0
2019/05/20,1006.0,1009.8,1002.2,77,67,1.7,77,11.9,319,74.5
2019/05/21,1008.5,1010.0,1007.2,53,33,2.3,73,10.6,96,0.0
2019/05/23,1007.2,1008.5,1005.9,58,48,1.8,78,7.2,87,0.0
2019/05/23,1008.8,1010.5,1006.8,73,60,1.6,77,7.0,81,4.5
2019/05/24,1009.1,1010.6,1007.7,60,49,2.2,80,9.4,90,0.0
2019/05/25,1008.1,1009.4,1007.1,52,43,1.2,79,7.4,68,0.0
2019/05/26,1006.9,1008.1,1005.4,58,46,1.0,77,6.2,322,0.0
2019/05/27,1006.3,1007.4,1005.1,69,51,0.9,74,10.7,273,75.5
2019/05/28,1007.6,1010.5,1005.3,79,73,1.7,75,8.0,86,34.0
2019/05/29,1009.1,1010.4,1007.9,62,53,1.9,75,9.7,86,0.0
2019/05/31,1007.0,1008.8,1004.8,68,52,1.2,77,7.1,87,0.5
2019/05/31,1006.0,1007.4,1004.5,68,49,1.4,80,8.1,321,0.0
2019/06/01,1004.8,1006.6,1002.3,76,57,1.0,67,7.9,96,28.5
2019/06/02,1002.6,1004.9,1000.6,65,42,1.7,66,12.9,303,0.0
2019/06/03,1004.1,1005.7,1002.9,65,52,1.1,72,8.2,310,1.5
2019/06/04,1005.9,1007.8,1004.1,70,54,0.9,261,7.2,247,3.5
2019/06/05,1007.6,1008.7,1006.3,66,46,1.0,48,9.0,257,0.0
2019/06/06,1007.5,1008.6,1006.4,67,50,1.0,274,8.7,287,0.0
2019/06/07,1007.0,1008.2,1005.8,65,43,1.1,74,8.1,113,0.0
2019/06/08,1004.6,1006.7,1002.3,63,46,1.4,274,10.0,291,0.0
2019/06/09,1001.0,1002.6,999.2,58,41,1.6,256,13.0,273,0.0
2019/06/10,1000.3,1001.9,998.4,71,54,0.8,283,6.1,249,11.5
2019/06/11,1002.0,1005.3,999.7,85,78,1.4,84,6.5,99,96.0
2019/06/12,1004.3,1005.4,1003.2,80,61,1.9,78,7.8,86,28.5
2019/06/14,1000.4,1003.3,997.7,84,75,0.9,72,5.8,111,37.5
2019/06/14,999.6,1002.9,996.2,78,66,1.3,76,7.1,247,46.0
2019/06/15,1003.8,1005.1,1002.3,59,37,1.8,77,9.6,89,0.0
2019/06/16,1004.5,1006.8,1002.7,56,39,1.7,75,6.9,89,0.0
2019/06/17,1007.0,1008.8,1005.7,64,47,1.1,74,6.6,263,0.0
2019/06/19,1006.3,1008.0,1005.0,69,52,0.9,66,8.3,284,0.0
2019/06/19,1004.1,1005.9,1001.9,62,48,2.1,277,11.6,323,0.0
2019/06/20,1002.7,1003.2,1000.7,60,46,1.9,256,11.1,296,0.0
2019/06/21,1001.2,1002.5,999.4,57,40,2.2,270,12.5,250,0.0
2019/06/22,1000.5,1001.6,999.3,63,52,1.8,278,8.9,295,3.0
2019/06/23,1002.1,1005.3,999.2,83,73,1.2,270,10.5,288,46.5
2019/06/24,1005.9,1007.5,1003.7,82,77,1.9,78,7.1,71,6.5
2019/06/26,1005.0,1006.8,1002.4,73,46,1.1,68,8.4,90,26.0
2019/06/26,1001.5,1004.0,999.1,72,49,0.8,58,8.3,270,8.0
2019/06/27,999.6,1000.7,998.6,73,45,0.8,79,7.7,243,24.0
2019/06/28,999.9,1001.3,998.2,65,45,1.0,276,9.9,243,1.5
2019/06/29,999.5,1000.9,998.1,67,47,0.9,291,7.1,71,0.0
2019/06/30,1000.2,1002.0,998.8,66,53,1.1,70,7.3,76,0.0
2019/07/01,1000.3,1001.9,998.4,62,45,1.5,76,8.6,104,0.0
2019/07/02,1000.3,1003.9,997.1,74,54,1.5,64,9.0,88,101.5
2019/07/03,1004.7,1006.8,1002.9,72,54,0.9,67,7.8,80,20.0
2019/07/05,1004.6,1006.0,1002.7,63,45,1.0,268,7.7,290,0.0
2019/07/06,1000.3,1003.5,997.5,55,39,2.2,276,13.7,257,0.0
2019/07/06,999.1,1000.5,997.9,58,47,1.6,267,12.0,318,0.0
2019/07/07,1001.2,1003.9,999.3,57,41,1.7,277,10.5,258,0.0
2019/07/08,1002.6,1004.0,1001.3,62,46,1.3,31,8.2,258,0.0
2019/07/10,1000.1,1002.1,998.0,58,39,1.4,259,14.2,257,0.0
2019/07/10,1000.5,1004.0,998.5,59,39,1.3,72,7.8,83,0.0
2019/07/11,1005.6,1007.3,1003.1,67,46,1.2,62,11.8,302,1.0
2019/07/13,1005.1,1007.0,1003.6,71,42,0.7,4,9.6,83,26.0
2019/07/14,1001.3,1003.9,998.3,60,38,1.6,283,12.0,258,0.0
2019/07/14,1001.1,1003.5,999.5,60,46,1.6,284,11.1,285,0.0
2019/07/15,1002.4,1003.5,1001.5,62,45,1.0,22,7.8,80,0.0
2019/07/16,1002.2,1004.1,999.9,58,41,1.9,76,10.9,94,0.0
2019/07/18,998.1,1001.8,995.5,72,56,2.7,77,11.6,95,3.0
2019/07/19,993.4,996.2,991.8,76,61,1.7,266,9.7,255,10.5
2019/07/19,995.9,999.8,993.3,68,50,1.2,279,8.0,284,23.5
2019/07/20,1001.8,1004.7,999.6,69,43,0.9,45,11.4,88,10.0
2019/07/21,1003.7,1005.3,1002.4,71,39,1.1,75,7.2,328,2.0
2019/07/22,1004.2,1005.5,1002.0,74,49,1.0,10,10.4,240,105.5
2019/07/23,1004.1,1005.5,1002.9,72,45,0.6,263,5.0,85,22.5
2019/07/24,1004.5,1005.7,1003.4,69,47,1.0,261,6.6,315,5.5
2019/07/25,1004.9,1006.4,1003.3,68,47,0.9,45,7.2,299,0.0
2019/07/26,1003.4,1003.7,1001.9,66,66,0.8,248,4.0,258,14.5
2019/07/27,1003.5,1005.6,1002.0,68,43,0.9,265,8.1,331,11.0
2019/07/28,1005.0,1006.6,1002.6,64,51,1.3,81,7.9,95,0.0
2019/07/29,1005.0,1006.4,1002.9,61,45,0.8,266,6.4,67,0.0
2019/07/31,1004.0,1005.5,1002.2,56,42,1.1,78,7.8,65,0.0
2019/07/31,1003.4,1004.9,1001.8,53,42,1.7,77,10.8,66,0.0
2019/08/01,1003.6,1004.7,1001.8,53,41,1.7,82,11.3,103,0.0
2019/08/03,1002.5,1004.2,1000.6,59,43,1.9,76,9.7,90,0.0
2019/08/04,1000.4,1002.0,998.6,64,43,2.2,76,10.1,89,0.0
2019/08/05,999.0,1000.4,997.7,64,46,2.2,77,9.8,106,0.0
2019/08/05,999.6,1000.9,998.4,69,55,2.3,78,10.1,84,2.0
2019/08/06,999.6,1001.0,998.2,64,46,2.1,80,10.1,89,0.0
2019/08/08,996.7,999.4,994.5,72,61,2.0,77,10.0,108,11.5
2019/08/09,991.3,994.7,987.7,75,57,1.3,70,9.8,71,26.0
2019/08/10,984.4,987.7,980.8,73,51,3.3,267,17.7,273,53.0
2019/08/10,989.2,994.0,985.1,57,37,2.4,274,14.4,249,1.0
2019/08/11,995.6,997.6,993.8,59,48,2.1,252,14.1,264,0.0
2019/08/12,997.9,999.3,996.6,64,48,1.2,257,12.1,247,0.0
2019/08/13,998.3,1000.1,996.0,59,38,1.7,278,10.9,252,0.0
2019/08/15,998.2,999.7,995.9,60,46,2.1,261,11.5,281,0.0
2019/08/15,997.4,998.6,995.0,59,45,1.7,38,9.7,275,0.0
2019/08/16,999.0,1001.5,997.2,60,44,1.5,278,11.4,288,0.0
2019/08/17,1001.1,1002.9,998.8,56,40,2.3,267,11.3,231,0.0
2019/08/18,1002.3,1003.6,1001.2,70,48,1.1,256,10.3,84,15.0
2019/08/19,1002.6,1003.8,1001.5,75,59,1.0,71,7.8,79,7.5
2019/08/20,1002.2,1003.8,1000.9,69,49,1.4,77,8.7,87,0.5
2019/08/21,1002.1,1003.3,1001.0,72,48,0.9,262,6.8,258,65.5
2019/08/22,1003.2,1004.9,1001.8,63,46,1.4,75,8.3,74,0.0
2019/08/23,1003.4,1005.1,1001.6,67,52,2.3,78,10.6,90,1.5
2019/08/25,998.7,1002.4,995.6,70,60,4.1,82,16.4,94,20.0
2019/08/25,1002.7,1007.0,997.4,63,50,1.0,86,11.6,89,0.0
2019/08/26,1006.5,1008.8,1004.8,64,49,1.3,76,7.8,102,0.0
2019/08/28,1005.6,1007.5,1003.8,57,40,1.3,64,9.0,103,0.0
2019/08/29,1003.1,1004.8,1000.5,56,46,2.4,80,11.4,90,0.0
2019/08/29,1003.6,1005.8,1001.9,61,44,1.3,61,8.4,227,0.0
2019/08/30,1005.7,1006.9,1004.7,74,57,1.1,337,7.7,76,27.5
2019/09/01,1004.8,1006.1,1003.4,62,46,2.4,83,11.9,77,0.0
2019/09/01,1005.0,1006.4,1003.4,54,44,1.8,82,10.0,74,0.0
2019/09/02,1005.5,1007.2,1003.1,56,44,1.9,79,10.5,61,0.0
2019/09/03,1004.0,1005.1,1002.0,59,45,2.6,83,11.5,91,0.0
2019/09/04,1002.7,1004.3,1001.6,78,67,1.3,78,9.2,107,22.0
2019/09/06,999.9,1002.4,998.3,81,71,1.0,269,6.7,83,53.0
2019/09/06,998.3,999.9,996.4,68,43,1.5,267,9.1,219,7.0
2019/09/07,1000.8,1002.6,999.1,66,47,1.2,78,6.7,322,0.0
2019/09/08,1002.4,1003.7,1000.6,67,48,1.0,92,7.3,90,0.0
2019/09/09,1003.5,1005.0,1001.9,60,44,1.3,81,6.7,82,0.0
2019/09/10,1006.2,1008.3,1004.1,56,38,1.5,82,8.5,70,0.0
2019/09/11,1008.2,1009.3,1006.4,60,42,2.3,77,9.8,81,0.0
2019/09/12,1007.0,1008.6,1004.7,66,46,2.3,78,11.6,108,0.0
2019/09/13,1005.0,1006.3,1003.0,67,50,2.1,79,10.4,76,0.0
2019/09/14,1005.2,1006.7,1003.5,66,48,1.5,75,10.2,88,0.0
2019/09/15,1005.2,1006.3,1003.8,76,68,1.1,78,6.3,83,15.5
2019/09/16,1005.0,1006.6,1003.7,70,60,1.3,75,8.4,85,1.0
2019/09/17,1006.9,1009.0,1005.0,68,54,1.7,80,8.3,77,0.0
2019/09/18,1008.9,1011.3,1006.7,65,55,1.3,68,10.3,98,2.5
2019/09/19,1008.4,1009.9,1006.8,61,50,1.0,41,9.4,332,0.5
2019/09/21,1004.0,1006.9,1001.9,81,67,1.0,258,13.4,293,27.5
2019/09/21,1002.0,1005.6,999.8,83,74,1.6,260,10.3,252,34.0
2019/09/22,1008.6,1012.9,1004.5,67,48,1.0,265,7.9,287,0.0
2019/09/23,1014.0,1015.9,1011.7,64,51,1.2,73,25.1,250,0.0
2019/09/24,1015.2,1016.6,1013.7,61,47,1.7,80,8.6,90,0.0
2019/09/25,1014.7,1015.8,1012.9,57,47,2.2,79,10.9,79,0.0
2019/09/26,1014.1,1015.4,1012.2,75,66,2.0,76,8.9,100,3.0
2019/09/28,1013.0,1014.9,1011.3,83,79,1.7,79,6.5,93,40.0
2019/09/28,1011.2,1012.7,1009.8,86,81,1.5,84,8.1,90,122.5
2019/09/30,1008.9,1010.9,1007.2,81,66,2.1,79,9.3,87,40.0
2019/10/01,1001.3,1007.7,992.8,81,73,2.9,78,15.9,272,90.5
2019/10/01,1002.5,1006.3,993.6,65,39,2.6,267,17.8,290,10.5
2019/10/02,1007.9,1009.2,1006.2,65,41,1.3,73,8.3,331,0.0
2019/10/03,1009.4,1011.5,1007.8,66,44,1.3,78,7.1,85,0.0
2019/10/04,1009.4,1010.9,1007.5,63,42,1.3,79,7.0,85,0.0
2019/10/05,1010.7,1013.5,1008.8,61,40,1.9,73,9.0,91,0.0
2019/10/06,1013.3,1014.7,1011.2,64,49,2.5,80,11.6,110,0.0
2019/10/07,1013.1,1014.2,1011.2,65,39,2.1,76,10.0,86,0.0
2019/10/08,1013.6,1015.2,1011.9,67,52,2.8,77,13.0,83,1.0
2019/10/10,1012.4,1014.2,1010.3,68,56,2.1,79,10.1,74,1.5
2019/10/10,1010.4,1012.6,1008.2,60,45,1.8,75,8.0,78,0.0
2019/10/11,1008.7,1010.7,1006.7,63,47,1.6,79,7.3,79,0.0
2019/10/12,1009.7,1011.8,1008.1,67,52,1.7,78,9.3,85,0.0
2019/10/13,1013.1,1015.2,1011.2,65,52,1.8,78,8.0,82,0.0
2019/10/14,1016.9,1019.8,1014.4,60,44,1.6,68,9.3,79,0.5
2019/10/15,1018.8,1020.5,1017.3,58,45,2.1,74,11.0,76,0.0
2019/10/17,1016.2,1018.9,1014.2,68,55,1.5,80,8.1,91,0.5
2019/10/17,1015.2,1016.5,1013.5,61,47,2.0,73,9.4,92,0.0
2019/10/18,1015.0,1016.2,1013.4,63,46,1.1,73,7.9,88,0.0
2019/10/19,1015.2,1016.5,1013.9,71,62,1.6,76,7.2,100,0.5
2019/10/20,1014.1,1016.1,1012.5,59,45,1.5,79,8.5,91,0.0
2019/10/21,1011.6,1013.5,1009.8,60,51,1.5,76,8.1,78,0.0
2019/10/22,1009.7,1011.6,1007.7,58,41,1.8,77,8.4,86,0.0
2019/10/23,1010.0,1012.1,1008.0,62,52,1.9,83,26.4,358,0.0
2019/10/24,1013.3,1015.3,1011.3,60,44,2.1,74,8.8,82,0.0
2019/10/25,1015.0,1016.5,1012.7,58,37,2.3,78,9.7,88,0.0
2019/10/26,1014.8,1016.9,1013.0,60,49,2.4,79,9.9,101,0.0
2019/10/27,1012.5,1014.2,1010.0,68,53,2.2,80,9.3,85,0.0
2019/10/28,1010.9,1012.8,1009.2,71,55,1.8,277,10.3,253,0.0
2019/10/29,1013.4,1015.4,1011.2,76,66,1.9,75,8.0,88,0.0
2019/10/30,1015.3,1017.0,1013.6,73,65,2.6,79,8.2,86,0.0
2019/10/31,1014.1,1015.4,1012.1,83,76,2.4,77,15.1,91,10.5
2019/11/01,1013.6,1015.6,1012.1,70,60,2.8,77,10.3,92,0.0
2019/11/02,1011.7,1013.3,1009.7,67,62,2.5,78,11.0,83,0.0
2019/11/03,1011.8,1013.7,1009.7,71,64,2.1,80,9.8,83,0.0
2019/11/04,1013.2,1015.1,1011.8,62,57,1.7,53,10.4,82,0.0
2019/11/05,1011.9,1013.9,1010.4,66,55,2.3,77,9.8,82,0.5
2019/11/06,1009.2,1011.1,1006.9,58,50,2.5,80,11.2,98,0.0
2019/11/07,1010.5,1013.6,1007.6,61,52,2.4,76,11.6,89,0.0
2019/11/08,1015.0,1016.7,1012.8,62,41,2.1,75,9.8,88,0.5
2019/11/09,1016.3,1018.6,1014.3,53,43,2.1,78,10.5,85,0.0
2019/11/10,1012.4,1014.9,1008.9,56,43,2.0,80,8.6,86,0.0
2019/11/11,1012.8,1014.3,1011.1,59,38,1.7,78,9.3,84,0.0
2019/11/12,1014.0,1015.8,1012.3,55,39,2.4,79,8.6,112,0.0
2019/11/13,1015.5,1019.0,1013.3,58,39,1.5,58,9.3,83,0.0
2019/11/14,1017.7,1020.0,1015.8,60,52,2.2,76,9.3,75,0.5
2019/11/15,1014.3,1016.3,1012.0,57,44,2.6,78,9.5,84,0.0
2019/11/16,1012.2,1013.7,1010.4,57,41,2.3,81,9.1,85,0.0
2019/11/17,1011.8,1013.4,1009.3,62,41,1.0,27,6.8,86,0.0
2019/11/18,1014.3,1018.5,1010.6,76,69,2.0,76,9.1,88,0.0
2019/11/19,1018.2,1019.9,1016.3,72,58,2.7,78,10.7,84,1.5
2019/11/20,1018.1,1020.2,1016.4,75,65,3.0,82,12.0,90,0.5
2019/11/22,1014.7,1017.5,1013.0,80,75,2.1,79,9.9,103,7.5
2019/11/22,1012.6,1013.8,1011.2,85,78,0.9,82,5.4,80,7.0
2019/11/23,1012.9,1014.8,1011.4,79,65,1.0,81,5.4,250,0.0
2019/11/24,1015.2,1017.6,1012.7,73,57,1.5,78,8.3,81,0.0
2019/11/25,1019.4,1021.7,1016.8,74,63,2.7,77,10.2,80,4.5
2019/11/26,1019.5,1021.7,1017.2,73,65,3.2,81,11.1,89,0.0
2019/11/27,1018.1,1020.0,1015.5,78,67,2.8,78,10.3,79,0.0
2019/11/28,1021.1,1022.9,1019.0,75,68,2.3,80,9.3,87,1.5
2019/11/29,1020.3,1022.3,1018.4,67,48,2.0,80,9.5,77,1.5
2019/12/01,1016.0,1018.5,1014.0,70,58,2.0,81,8.1,85,0.5
2019/12/01,1014.8,1016.6,1012.0,67,42,1.2,275,7.8,258,0.0
2019/12/02,1020.3,1040.2,1016.4,62,47,1.8,79,8.2,103,0.0
2019/12/03,1021.4,1022.6,1019.6,51,42,2.5,78,11.4,77,0.0
2019/12/04,1022.2,1024.0,1020.3,54,47,2.3,78,11.1,100,0.5
2019/12/05,1022.4,1024.2,1020.1,80,73,2.1,77,8.2,84,38.0
2019/12/06,1021.4,1042.6,1019.5,80,75,2.1,77,9.6,79,42.0
2019/12/07,1022.5,1024.1,1020.8,65,43,1.2,59,10.0,19,2.0
2019/12/08,1021.9,1042.3,1020.0,51,32,1.3,83,9.3,83,0.5
2019/12/10,1018.0,1021.0,1015.7,58,49,1.7,82,8.7,73,0.0
2019/12/10,1014.2,1016.3,1012.1,63,46,1.2,270,7.3,236,0.0
2019/12/11,1015.7,1019.0,1013.7,65,44,1.6,81,9.0,79,0.0
2019/12/12,1019.7,1021.3,1017.5,55,44,3.0,78,10.7,85,0.0
2019/12/13,1019.6,1021.5,1018.1,67,54,2.5,81,8.8,88,0.0
2019/12/14,1019.2,1021.5,1017.8,70,61,2.6,80,9.9,90,0.0
2019/12/15,1017.4,1019.9,1015.4,62,43,2.1,80,8.3,86,0.0
2019/12/16,1015.0,1017.4,1012.6,61,40,0.8,78,5.5,88,0.0
2019/12/17,1015.0,1017.7,1012.9,62,41,0.7,76,6.0,330,0.0
2019/12/18,1016.7,1018.8,1014.5,78,67,2.3,81,8.1,80,0.0
2019/12/19,1017.6,1020.0,1015.5,78,69,2.6,80,9.7,90,0.0
2019/12/20,1017.8,1019.9,1015.3,81,74,2.5,81,12.3,349,7.0
2019/12/21,1014.1,1016.9,1012.2,82,74,1.1,285,7.0,277,0.5
2019/12/22,1012.6,1014.1,1010.9,76,66,1.6,78,8.6,296,0.0
2019/12/23,1014.3,1016.0,1013.0,73,64,2.2,79,7.7,85,0.0
2019/12/24,1015.4,1017.2,1013.9,75,66,1.2,76,6.6,317,0.0
2019/12/25,1013.1,1015.9,1010.2,73,59,1.8,80,8.0,95,0.0
2019/12/26,1014.4,1018.8,1011.7,71,59,1.7,79,10.5,86,0.0
2019/12/27,1020.0,1022.1,1018.4,63,56,2.8,76,9.4,79,0.0
2019/12/28,1017.6,1020.1,1015.6,64,56,2.8,83,10.2,84,0.0
2019/12/29,1015.7,1017.3,1014.0,77,59,0.9,74,9.0,97,15.0
2019/12/30,1018.2,1021.5,1016.0,81,74,1.2,75,7.6,111,14.5
2019/12/31,1025.7,1028.5,1021.0,77,71,3.0,77,10.0,89,0.0
2020/01/01,1024.6,1026.7,1023.2,77,72,2.6,80,8.9,93,0.0
2020/01/02,1021.7,1023.8,1019.5,64,47,2.2,82,7.8,80,0.0
2020/01/03,1019.2,1021.8,1016.7,60,41,2.0,82,7.3,91,0.0
2020/01/04,1017.6,1019.8,1015.0,62,42,1.6,75,7.1,101,0.0
2020/01/05,1018.0,1019.9,1015.9,64,49,2.3,76,9.6,60,0.0
2020/01/06,1016.4,1019.0,1014.3,66,44,0.9,271,6.2,335,0.0
2020/01/07,1013.9,1015.8,1011.7,63,42,1.1,69,7.9,219,0.0
2020/01/08,1018.4,1021.3,1015.3,62,53,2.9,77,13.2,91,0.0
2020/01/09,1016.3,1019.3,1013.5,61,50,2.6,80,10.0,74,0.0
2020/01/10,1012.9,1015.2,1010.7,64,43,1.3,81,7.0,82,0.0
2020/01/11,1012.3,1013.5,1010.7,70,59,1.4,261,8.5,266,0.0
2020/01/12,1015.6,1017.5,1012.9,70,62,2.3,79,8.0,90,0.0
2020/01/13,1015.4,1018.1,1013.3,74,65,2.2,78,8.1,89,5.5
2020/01/14,1017.5,1019.9,1014.0,72,61,1.9,78,11.3,92,2.0
2020/01/16,1016.9,1019.2,1014.5,75,68,2.5,81,10.3,84,0.0
2020/01/16,1015.2,1016.6,1012.5,72,60,1.3,278,7.4,266,0.0
2020/01/17,1017.5,1019.2,1015.4,71,65,1.9,78,7.1,81,0.0
2020/01/18,1018.2,1020.1,1016.7,67,60,2.0,74,8.0,85,0.0
2020/01/19,1018.4,1020.1,1016.5,76,70,1.2,79,5.5,91,1.5
2020/01/20,1020.4,1022.3,1018.4,65,53,1.7,77,9.2,83,0.0
2020/01/21,1020.2,1023.2,1017.5,59,47,2.3,79,9.5,110,0.0
2020/01/22,1016.5,1018.6,1014.3,61,39,0.7,269,6.2,283,0.0
2020/01/23,1015.5,1017.3,1013.8,67,46,0.9,72,5.7,100,0.0
2020/01/24,1016.8,1018.5,1014.8,75,57,1.3,78,7.4,89,0.0
2020/01/26,1014.7,1017.3,1013.3,78,66,1.7,75,6.7,91,1.5
2020/01/27,1009.8,1013.4,1006.7,83,77,1.6,83,12.4,287,23.5
2020/01/27,1012.4,1015.0,1009.6,73,64,1.2,80,8.4,249,2.0
2020/01/28,1015.4,1018.3,1012.5,68,60,1.6,78,6.2,77,0.0
2020/01/29,1017.8,1019.1,1016.4,59,51,0.8,29,7.9,103,0.0
2020/01/30,1018.8,1020.7,1016.8,50,33,1.2,46,9.2,263,0.5
2020/01/31,1020.5,1022.0,1018.9,52,37,1.4,62,10.4,89,0.0
2020/02/01,1021.0,1022.7,1019.0,55,42,2.1,80,9.5,87,0.0
2020/02/02,1019.7,1021.6,1017.4,57,41,1.5,78,7.4,86,0.0
2020/02/03,1018.7,1019.7,1016.9,68,50,1.2,273,8.0,79,0.0
2020/02/04,1017.7,1040.3,1016.0,81,71,0.9,76,7.8,54,12.0
2020/02/05,1020.1,1021.7,1018.2,75,63,1.8,76,9.8,88,6.5
2020/02/07,1017.1,1021.4,1013.5,69,56,2.6,80,10.2,80,0.0
2020/02/07,1019.2,1040.0,1016.4,77,70,1.3,259,9.4,261,3.0
2020/02/08,1022.7,1024.4,1021.2,63,56,1.2,35,7.4,79,0.0
2020/02/09,1023.5,1025.7,1022.0,67,61,2.0,77,7.7,72,0.0
2020/02/10,1020.4,1021.0,1018.7,55,43,2.2,80,8.2,80,0.0
2020/02/11,1018.6,1021.1,1016.5,59,44,0.8,255,4.5,55,0.0
2020/02/13,1015.3,1017.6,1012.7,60,32,0.8,70,7.2,255,0.0
2020/02/14,1012.9,1015.1,1009.3,68,45,1.2,275,7.7,291,0.5
2020/02/14,1012.6,1015.7,1009.1,76,54,1.2,73,8.1,250,1.0
2020/02/15,1012.0,1015.5,1009.1,73,60,1.2,74,9.8,73,0.0
2020/02/16,1018.3,1023.8,1010.5,71,56,2.2,80,12.8,89,5.5
2020/02/17,1025.3,1027.7,1022.1,50,35,1.4,9,10.0,77,0.0
2020/02/18,1024.9,1027.4,1022.7,48,36,2.5,83,12.0,83,0.0
2020/02/20,1021.2,1023.3,1018.9,54,38,1.9,79,8.2,82,0.0
2020/02/20,1022.5,1024.0,1020.5,70,51,1.9,78,9.6,93,0.0
2020/02/21,1022.7,1024.2,1020.4,66,43,1.7,79,8.1,249,0.0
2020/02/22,1024.1,1025.8,1022.7,76,61,2.0,78,9.9,100,0.5
2020/02/23,1022.8,1025.4,1020.0,67,56,3.0,82,10.3,83,0.0
2020/02/24,1017.1,1020.1,1015.1,62,44,1.7,78,8.3,77,0.0
2020/02/25,1015.2,1017.1,1013.1,60,39,0.9,266,8.0,256,0.0
2020/02/26,1015.8,1018.3,1014.1,66,43,1.7,77,8.6,76,0.0
2020/02/27,1018.5,1020.9,1017.2,76,69,2.8,81,9.1,92,0.0
2020/02/29,1014.5,1017.3,1013.2,73,53,1.3,57,8.6,244,0.0
2020/02/29,1011.6,1013.7,1009.7,64,40,0.8,284,7.0,277,0.0
2020/03/01,1011.9,1016.5,1009.7,73,64,1.8,78,9.1,252,0.0
2020/03/02,1017.8,1020.3,1016.1,70,62,2.9,79,9.6,82,0.0
2020/03/04,1016.3,1018.4,1013.8,68,53,2.2,76,8.9,108,0.0
2020/03/04,1016.9,1020.5,1013.5,74,67,2.5,78,9.8,88,2.0
2020/03/05,1019.1,1021.4,1016.9,77,68,2.6,86,9.4,80,15.0
2020/03/07,1014.0,1017.9,1011.3,66,53,1.9,79,9.3,95,0.0
2020/03/07,1011.3,1013.9,1008.6,69,48,1.2,79,6.9,303,0.0
2020/03/09,1008.7,1011.3,1006.2,72,54,2.0,78,8.3,84,0.0
2020/03/10,1004.7,1007.7,1002.5,72,53,1.4,291,7.9,267,0.5
2020/03/10,1011.7,1017.9,1004.6,73,59,1.7,55,16.4,89,60.0
2020/03/11,1017.1,1018.9,1014.9,56,46,2.8,81,12.5,81,0.0
2020/03/12,1013.2,1016.3,1010.7,66,56,1.0,75,6.5,78,1.0
2020/03/13,1013.3,1015.3,1011.2,83,75,1.1,271,6.3,258,53.5
2020/03/14,1016.7,1018.5,1014.7,67,54,1.5,74,7.9,35,3.0
2020/03/15,1017.5,1019.4,1014.8,49,27,1.5,77,9.4,75,0.0
2020/03/16,1018.0,1020.1,1015.9,42,24,2.3,80,10.5,84,0.0
2020/03/17,1016.0,1017.6,1013.9,53,28,1.0,281,8.4,266,0.0
2020/03/19,1012.9,1015.2,1011.0,67,47,0.7,4,5.2,327,0.0
2020/03/19,1011.9,1014.5,1010.1,77,69,1.0,253,5.6,257,6.5
2020/03/20,1012.8,1014.6,1010.7,71,61,2.0,75,9.5,93,0.0
2020/03/21,1011.7,1014.7,1008.5,64,42,1.1,326,7.8,257,0.0
2020/03/22,1010.1,1013.1,1006.8,65,38,1.1,258,7.5,294,0.5
2020/03/23,1012.8,1015.7,1010.9,72,62,2.3,79,10.1,78,0.5
2020/03/24,1012.8,1014.1,1011.1,72,58,2.5,76,11.3,83,0.5
2020/03/25,1011.0,1012.9,1008.8,69,47,0.8,85,7.2,92,0.0
2020/03/26,1010.9,1013.1,1007.8,62,39,1.0,267,6.3,256,0.0
2020/03/27,1011.2,1013.0,1009.6,72,44,1.2,272,8.4,87,33.5
2020/03/28,1012.9,1017.5,1008.5,78,68,2.0,76,8.8,78,41.5
2020/03/29,1013.3,1017.3,1008.9,69,59,2.2,77,8.9,77,0.0
2020/03/30,1010.8,1012.5,1009.0,73,59,1.4,80,7.1,92,0.0
2020/03/31,1010.1,1012.7,1007.6,77,64,1.7,78,8.8,83,2.0
2020/04/01,1014.6,1017.4,1009.6,73,62,2.4,85,9.5,83,2.5
2020/04/02,1015.9,1039.3,1013.4,77,66,2.1,84,8.5,90,14.5
2020/04/03,1015.3,1017.5,1012.7,77,67,2.2,82,9.9,84,1.0
2020/04/04,1017.0,1019.6,1013.7,71,58,2.0,76,7.4,96,0.5
2020/04/05,1017.9,1019.2,1016.7,63,51,2.1,83,8.5,91,1.0
2020/04/06,1014.6,1017.5,1012.4,71,60,2.3,83,8.4,81,6.5
2020/04/07,1013.4,1015.0,1010.3,73,61,1.3,71,5.8,89,1.0
2020/04/08,1013.5,1015.4,1012.4,68,61,1.7,80,7.2,82,0.5
2020/04/09,1015.3,1017.3,1012.8,68,48,1.8,84,6.8,79,1.5
2020/04/10,1015.6,1017.7,1013.6,57,43,2.5,81,9.6,80,0.0
2020/04/12,1011.6,1014.3,1009.6,71,49,1.2,251,7.0,265,14.5
2020/04/12,1014.4,1016.7,1010.8,66,36,0.9,15,8.1,95,11.0
2020/04/13,1016.3,1018.6,1014.5,45,28,1.2,57,9.1,90,0.0
2020/04/15,1014.3,1017.6,1011.7,46,28,1.3,71,8.6,93,0.0
2020/04/15,1012.1,1013.8,1010.3,53,37,1.2,261,10.1,255,0.0
2020/04/16,1012.0,1013.2,1010.2,52,28,1.0,68,8.5,254,0.0
2020/04/17,1012.1,1013.9,1010.7,60,43,1.1,51,8.0,337,0.0
2020/04/18,1011.8,1013.9,1010.0,65,48,1.3,73,6.4,82,0.0
2020/04/20,1008.6,1010.4,1006.5,70,54,1.0,264,7.8,259,0.0
2020/04/20,1010.7,1013.3,1008.7,73,64,2.2,77,10.9,94,0.0
2020/04/21,1010.7,1013.3,1008.9,74,65,1.7,78,8.2,81,0.0
2020/04/22,1014.5,1016.3,1012.1,78,70,3.0,80,11.3,82,1.5
2020/04/23,1016.2,1017.9,1013.9,77,59,2.8,83,11.9,82,16.0
2020/04/24,1016.7,1018.3,1015.2,75,60,2.8,81,10.1,76,7.5
2020/04/26,1013.9,1016.2,1012.4,71,67,1.4,82,5.9,90,0.0
2020/04/26,1013.9,1015.4,1012.4,74,66,1.1,82,6.0,85,0.0
2020/04/27,1014.3,1016.0,1012.8,67,54,2.0,79,8.2,83,1.0
2020/04/28,1015.3,1017.3,1013.7,56,44,2.7,77,10.9,87,0.0
2020/04/29,1013.3,1014.9,1011.8,52,36,1.5,81,7.5,156,0.0
2020/04/30,1012.1,1014.6,1010.1,52,27,1.2,16,8.3,256,0.0
2020/05/01,1009.5,1011.8,1007.6,56,35,1.1,270,6.2,255,0.0
2020/05/02,1006.5,1008.6,1004.8,57,42,1.0,262,6.6,328,0.0
2020/05/03,1005.1,1006.6,1003.5,65,53,1.3,259,8.4,237,0.0
2020/05/04,1006.7,1008.0,1005.5,64,44,1.3,59,6.8,325,0.0
2020/05/05,1004.7,1007.2,1002.2,66,43,1.3,76,9.7,258,0.0
2020/05/06,1005.6,1008.6,1002.1,69,52,1.8,72,11.3,331,0.0
2020/05/07,1007.2,1008.7,1006.0,75,63,1.3,69,5.5,81,9.5
2020/05/08,1006.3,1007.8,1004.4,66,48,0.9,53,7.1,263,0.0
2020/05/09,1005.2,1006.6,1003.2,62,44,1.1,58,7.6,275,0.0
2020/05/10,1006.4,1008.7,1004.5,70,48,1.1,67,8.0,86,3.0
2020/05/11,1007.6,1009.3,1005.8,77,67,2.6,75,9.9,85,0.5
2020/05/12,1008.5,1010.9,1006.1,77,65,1.9,78,7.7,92,16.0
2020/05/13,1010.8,1012.6,1009.4,61,41,2.8,81,11.2,82,0.0
2020/05/15,1008.4,1010.4,1006.2,59,39,1.2,75,6.7,259,0.0
2020/05/16,1006.1,1007.7,1004.8,61,43,1.1,69,7.7,334,0.0
2020/05/16,1005.7,1007.3,1004.5,69,45,0.9,7,9.5,93,6.5
2020/05/18,1002.2,1004.5,999.6,60,43,1.0,79,8.1,81,0.0
2020/05/18,1000.8,1003.3,998.8,72,59,1.4,270,11.8,284,13.0
2020/05/19,1004.2,1006.4,1001.6,79,72,1.5,75,9.0,102,27.5
2020/05/20,1006.1,1007.3,1005.2,77,67,1.8,74,7.0,85,2.5
2020/05/22,1003.9,1006.2,1002.0,79,60,1.4,78,7.2,92,48.0
2020/05/23,1000.9,1002.9,999.1,86,80,1.0,81,6.8,98,74.5
2020/05/23,1003.3,1005.6,1000.9,83,75,1.3,88,6.7,349,12.0
2020/05/24,1006.3,1007.8,1004.9,72,51,1.9,76,8.7,86,0.0
2020/05/25,1007.1,1008.6,1006.0,74,50,1.6,78,8.0,83,0.0
2020/05/26,1004.8,1006.6,1002.9,66,49,1.2,266,11.0,272,4.0
2020/05/27,1006.8,1009.0,1004.5,78,69,2.3,78,8.9,84,11.0
2020/05/28,1008.5,1010.3,1007.1,85,79,1.9,78,6.0,87,118.0
2020/05/29,1008.4,1009.5,1006.9,79,54,0.8,21,8.9,119,45.0
2020/05/30,1007.6,1009.0,1005.8,68,46,0.9,71,10.3,243,0.0
2020/05/31,1007.9,1009.6,1006.1,68,47,1.6,280,12.5,282,0.5
2020/06/01,1008.0,1009.4,1005.9,71,49,1.0,272,10.2,244,9.0
2020/06/03,1006.8,1009.3,1004.7,69,53,1.1,327,9.1,330,1.5
2020/06/03,1005.1,1006.9,1002.3,61,45,1.9,262,10.7,296,0.0
2020/06/04,1004.4,1005.9,1003.0,59,40,1.9,267,12.6,270,0.0
2020/06/05,1004.3,1005.9,1001.7,61,39,1.4,262,9.7,251,0.0
2020/06/06,1003.3,1004.6,1001.2,60,45,1.6,297,13.2,256,0.0
2020/06/07,1004.5,1005.8,1003.4,74,53,1.4,278,10.0,244,18.5
2020/06/08,1005.6,1007.0,1003.9,74,64,1.1,21,9.0,298,0.0
2020/06/09,1006.6,1007.9,1005.1,68,49,0.9,77,6.2,333,0.5
2020/06/10,1006.2,1007.6,1004.3,59,37,0.9,81,8.8,320,0.0
2020/06/11,1004.9,1006.5,1003.1,65,52,0.9,62,5.0,283,0.0
2020/06/12,1003.7,1005.6,1001.9,62,48,1.0,269,6.2,81,0.0
2020/06/13,1004.9,1008.0,1002.3,62,45,0.9,75,7.5,258,0.0
,1008.1,--,--,66,--,0.9,22,--,--,0.5
2020/06/15,1008.5,1010.6,1006.6,60,44,1.9,271,9.3,302,56.0
2020/06/16,1005.5,1007.7,1003.4,58,40,2.0,278,11.6,308,0.0
2020/06/17,1004.2,1005.3,1002.4,57,42,1.7,273,9.9,303,0.0
2020/06/18,1004.1,1006.2,1001.9,55,38,1.8,262,10.9,250,0.0
2020/06/19,1004.9,1006.1,1003.5,55,42,1.6,264,9.7,259,0.0
2020/06/20,1004.4,1006.1,1002.3,58,40,1.4,75,9.5,275,0.0
2020/06/21,1001.8,1004.0,999.2,56,38,1.7,63,12.1,251,0.0
2020/06/22,1002.2,1003.9,1001.1,55,40,2.0,268,12.8,294,0.0
2020/06/23,1002.9,1003.9,1001.4,55,37,1.4,74,10.3,281,0.0
2020/06/24,1002.5,1003.9,1000.7,59,39,1.1,292,8.8,257,0.0
2020/06/25,1003.5,1005.4,1001.8,62,40,1.2,77,8.4,253,1.5
2020/06/26,1006.0,1007.9,1004.5,68,38,1.0,73,11.2,88,10.5
2020/06/27,1005.6,1006.9,1003.9,61,41,1.3,77,8.8,281,0.0
2020/06/28,1004.6,1006.1,1003.4,62,35,1.0,78,11.0,77,8.0
2020/06/29,1002.6,1004.5,1001.0,64,42,1.3,255,9.6,80,0.0
2020/06/30,1001.7,1003.2,1000.4,66,47,1.3,259,10.1,84,0.0
2020/07/01,1002.7,1005.4,1000.9,71,48,0.8,334,7.4,334,12.5
2020/07/02,1005.0,1007.8,1003.2,74,50,0.9,54,8.9,252,64.0
2020/07/03,1006.6,1008.2,1005.4,65,40,0.9,77,8.4,277,0.5
2020/07/05,1006.1,1007.8,1003.9,62,43,1.2,281,8.3,335,0.0
2020/07/06,1003.9,1005.5,1002.5,63,43,1.2,87,8.2,318,0.0
2020/07/06,1003.9,1005.9,1002.2,61,45,1.4,254,9.1,260,0.0
2020/07/07,1005.8,1007.0,1004.7,63,46,1.1,256,7.4,279,0.0
,1003.1,--,--,61,--,1.3,266,--,--,0.0
2020/07/10,1000.2,1001.5,998.8,58,41,1.4,267,10.0,256,0.0
2020/07/10,1003.2,1005.4,1000.9,56,35,1.4,271,11.3,242,0.0
2020/07/11,1005.2,1006.6,1003.7,58,41,1.2,256,8.3,332,0.0
2020/07/12,1004.9,1006.7,1002.5,55,36,1.2,26,7.5,324,0.0
2020/07/13,1004.0,1005.5,1002.3,53,37,1.1,255,6.9,78,0.0
2020/07/14,1002.8,1004.5,1000.4,56,41,1.1,76,7.4,87,0.0
2020/07/15,1002.3,1003.8,1000.5,64,50,1.2,74,8.0,127,0.0
2020/07/16,1002.9,1004.5,1001.6,58,41,1.3,268,11.7,323,0.0
2020/07/17,1004.5,1006.0,1002.9,56,41,1.5,257,9.0,300,0.0
2020/07/18,1004.6,1005.8,1003.2,59,35,1.4,268,8.0,81,0.0
2020/07/19,1005.0,1006.7,1003.7,64,38,0.6,247,8.3,81,27.5
2020/07/20,1007.3,1009.1,1005.8,67,40,0.8,256,6.5,254,15.0
2020/07/21,1008.5,1009.4,1007.4,64,42,0.9,260,7.2,251,0.0
2020/07/23,1007.2,1008.8,1005.6,60,47,1.1,52,8.0,84,0.0
2020/07/23,1006.2,1007.6,1004.7,64,48,1.2,254,7.3,328,4.0
2020/07/24,1004.6,1006.6,1002.3,58,40,1.4,264,9.6,258,0.0
2020/07/25,1004.4,1005.6,1002.7,66,51,0.8,265,8.5,263,2.5
2020/07/26,1004.2,1005.4,1003.5,70,74,0.9,271,4.5,90,61.5
2020/07/27,1004.5,1005.9,1003.0,71,43,0.9,254,7.2,10,11.5
2020/07/28,1005.6,1007.0,1003.9,64,46,1.3,80,8.7,90,0.0
2020/07/29,1005.2,1007.0,1002.8,57,42,2.0,75,12.7,77,0.0
2020/07/30,1005.1,1006.5,1003.8,59,51,2.8,81,10.3,81,0.0
2020/07/31,1004.5,1006.0,1002.6,54,43,1.7,80,11.7,89,0.0
2020/08/01,1005.3,1007.2,1003.3,52,41,1.8,71,11.2,68,0.0
2020/08/03,1004.6,1007.2,1002.8,63,44,1.5,80,10.0,83,3.5
2020/08/04,1000.1,1003.1,997.7,81,73,1.4,267,12.0,294,146.5
2020/08/04,1003.9,1008.4,1000.3,72,51,0.9,252,5.7,268,17.0
2020/08/05,1007.9,1009.5,1006.2,64,45,1.0,76,7.4,86,0.0
2020/08/07,1007.7,1009.3,1005.8,56,38,1.0,60,6.2,86,0.0
2020/08/08,1005.4,1007.1,1003.1,57,40,1.0,66,7.4,279,0.0
2020/08/09,1002.8,1004.6,1000.8,59,49,1.3,76,7.3,99,0.0
2020/08/09,1000.7,1001.9,999.1,60,46,1.3,260,7.9,345,0.0
2020/08/10,1002.7,1004.0,1001.0,67,48,1.0,86,6.8,79,6.0
2020/08/11,1006.6,1010.0,1002.4,73,51,0.8,269,9.0,338,12.0
2020/08/12,1010.6,1012.5,1009.0,68,47,0.9,283,8.3,295,15.5
2020/08/14,1009.3,1011.8,1007.4,68,40,1.0,53,8.6,326,14.5
2020/08/14,1006.8,1008.7,1004.5,62,43,1.2,77,7.1,286,1.5
2020/08/15,1006.3,1008.2,1004.0,61,40,1.0,260,7.6,138,0.0
2020/08/16,1006.5,1008.1,1004.5,59,41,1.4,248,7.2,249,0.0
2020/08/17,1005.7,1007.2,1004.2,57,45,2.7,78,11.8,80,0.0
2020/08/18,1005.3,1006.9,1003.1,57,43,2.6,80,12.8,97,0.0
2020/08/19,1005.4,1006.7,1003.7,52,35,2.1,79,9.5,109,0.0
2020/08/20,1006.0,1007.5,1004.0,54,38,2.2,83,9.5,80,0.0
2020/08/21,1005.4,1007.6,1003.2,58,43,2.6,79,12.2,89,0.0
2020/08/22,1003.1,1005.4,1001.7,74,55,1.5,77,9.8,81,21.0
2020/08/23,1002.0,1003.1,1000.4,64,45,2.8,268,13.7,248,5.5
2020/08/25,1000.3,1002.7,997.8,58,38,2.0,260,10.2,237,0.0
2020/08/25,998.5,1000.2,996.1,55,35,2.2,266,11.9,345,0.0
2020/08/26,998.5,1000.1,996.9,58,38,1.4,281,10.9,254,0.0
2020/08/27,999.7,1002.1,998.3,73,45,1.1,73,7.8,99,90.5
2020/08/28,1000.6,1002.3,999.1,66,47,1.0,88,6.9,79,0.0
2020/08/29,1002.1,1003.1,1001.0,69,52,1.7,74,8.9,85,0.0
2020/08/30,1002.6,1003.8,1001.1,64,51,2.0,75,10.2,92,0.0
2020/08/31,1001.6,1003.5,999.6,70,51,1.2,77,6.2,281,12.5
2020/09/01,999.4,1000.8,998.0,65,40,1.8,273,11.5,300,11.5
2020/09/02,1001.6,1003.9,999.9,56,38,1.7,262,10.3,314,0.0
2020/09/03,1005.9,1008.2,1003.2,69,50,1.1,86,7.5,272,15.5
2020/09/04,1006.8,1008.6,1004.8,66,51,1.8,68,10.0,81,0.0
2020/09/05,1004.3,1006.5,1002.3,58,39,1.0,13,10.0,261,0.0
2020/09/06,1002.8,1004.0,1001.0,49,30,1.4,270,11.4,260,0.0
2020/09/07,1005.8,1008.3,1003.6,48,26,1.2,81,7.8,87,0.0
2020/09/08,1009.0,1010.3,1007.3,56,39,0.9,46,6.8,114,0.0
2020/09/09,1007.1,1009.9,1005.0,61,39,1.1,254,7.6,265,2.0
2020/09/10,1004.7,1006.3,1002.4,68,48,0.9,255,5.8,79,0.5
2020/09/11,1005.5,1007.6,1004.0,63,44,0.8,12,6.4,256,0.5
2020/09/12,1008.5,1010.5,1006.6,70,52,1.4,78,7.4,78,0.0
2020/09/13,1009.2,1010.8,1007.6,76,65,1.4,78,7.4,84,3.5
2020/09/14,1007.7,1009.2,1005.6,69,55,1.8,77,8.1,82,0.0
2020/09/16,1006.9,1008.1,1005.5,67,48,1.3,79,7.7,287,0.0
2020/09/16,1006.3,1007.2,1005.2,65,50,1.1,288,7.5,263,26.5
2020/09/17,1005.7,1007.4,1004.1,62,40,1.0,71,6.0,261,0.0
2020/09/18,1008.9,1010.7,1007.2,66,42,1.6,74,7.9,242,3.0
2020/09/19,1009.8,1011.5,1008.4,65,50,1.3,270,7.9,288,0.0
2020/09/20,1009.5,1010.8,1008.3,76,68,1.4,78,7.6,86,7.5
2020/09/21,1009.2,1010.4,1007.5,64,50,1.6,59,9.9,90,0.0
2020/09/22,1008.4,1009.8,1006.7,56,43,2.1,76,9.1,89,0.0
2020/09/23,1007.8,1008.9,1006.2,58,39,2.2,80,8.8,83,0.0
2020/09/24,1008.2,1009.2,1007.1,75,65,1.3,82,6.9,74,4.5
2020/09/25,1008.1,1009.2,1006.8,72,63,0.7,80,4.4,79,1.0
2020/09/26,1008.7,1010.6,1007.0,73,58,1.6,79,6.8,87,4.0
2020/09/27,1009.7,1011.4,1008.3,84,80,1.8,78,6.7,90,37.0
2020/09/28,1008.6,1010.4,1007.1,83,79,1.5,75,7.8,89,20.0
2020/09/30,1006.3,1008.5,1003.8,70,48,1.3,82,6.7,85,2.0
2020/09/30,1007.2,1009.1,1005.0,77,65,0.7,25,25.1,238,4.0
2020/10/01,1007.9,1009.8,1006.1,65,44,2.0,76,9.7,88,0.0
2020/10/02,1008.3,1009.7,1006.0,67,53,2.8,81,11.2,70,0.0
2020/10/04,1007.9,1009.3,1005.4,62,40,2.4,81,8.7,89,0.0
2020/10/04,1006.8,1009.1,1003.6,60,36,1.7,78,7.5,74,0.0
2020/10/05,1010.8,1013.5,1008.6,78,70,2.3,79,9.8,333,3.5
2020/10/06,1013.5,1015.1,1011.9,65,53,2.2,79,9.5,76,0.0
2020/10/07,1013.3,1014.9,1011.7,59,49,1.7,78,9.3,90,0.0
2020/10/08,1013.1,1014.4,1011.8,62,50,1.4,81,8.7,80,0.5
2020/10/09,1012.8,1014.6,1011.4,72,53,1.0,75,6.9,84,1.5
2020/10/11,1010.6,1012.3,1009.3,74,65,2.1,81,8.5,81,0.0
2020/10/12,1007.9,1009.7,1005.6,81,74,2.4,82,12.8,354,5.0
2020/10/12,1007.9,1009.9,1005.8,80,70,2.8,77,11.2,81,8.5
2020/10/13,1011.0,1013.4,1008.9,82,76,2.9,79,9.9,92,12.0
2020/10/14,1013.5,1014.8,1011.9,73,66,2.6,79,9.6,82,0.5
2020/10/15,1012.8,1014.8,1010.8,71,65,2.7,78,11.7,79,0.0
2020/10/16,1012.1,1014.1,1010.3,76,66,2.6,76,11.3,91,2.0
2020/10/17,1014.1,1015.6,1012.6,73,63,2.2,80,11.2,78,1.0
2020/10/18,1014.4,1016.4,1012.8,78,71,2.3,82,9.4,86,0.5
2020/10/19,1014.3,1015.9,1012.1,76,69,2.7,85,12.2,94,0.0
2020/10/21,1012.4,1014.7,1010.0,78,70,2.9,79,12.4,83,2.0
2020/10/22,1007.2,1010.2,1004.9,82,72,2.8,81,10.8,81,3.5
2020/10/22,1008.7,1012.6,1004.9,77,69,2.0,82,8.6,85,1.0
2020/10/23,1013.1,1014.8,1010.7,66,50,1.7,80,7.6,69,2.0
2020/10/24,1014.9,1017.0,1013.0,55,44,3.0,82,12.6,79,0.0
2020/10/25,1013.5,1015.5,1011.1,59,47,2.8,83,10.1,109,0.0
2020/10/26,1011.5,1013.7,1008.9,58,46,2.6,80,11.9,77,0.0
2020/10/27,1011.5,1013.5,1009.4,60,51,2.6,81,10.5,89,0.0
2020/10/28,1014.0,1016.0,1012.3,65,56,2.7,81,10.6,80,0.0
2020/10/29,1015.9,1017.6,1014.1,71,64,2.4,81,8.8,81,0.0
2020/10/30,1017.5,1019.1,1016.0,57,47,2.1,79,9.2,78,0.0
2020/11/01,1015.4,1018.0,1013.4,56,40,2.4,79,11.0,103,0.0
2020/11/01,1012.1,1014.0,1009.7,63,46,2.5,83,12.1,103,0.0
2020/11/02,1012.6,1015.0,1010.9,64,52,2.4,77,10.1,90,0.5
2020/11/03,1016.0,1018.0,1014.2,63,43,2.2,77,10.4,63,1.0
2020/11/04,1016.6,1018.4,1014.6,56,43,2.3,77,11.3,82,0.0
2020/11/05,1015.0,1017.0,1013.1,68,57,2.4,80,8.4,83,0.5
2020/11/07,1010.1,1013.9,1007.0,73,59,3.1,81,13.8,90,2.5
2020/11/07,1011.3,1015.4,1007.4,64,49,2.5,77,13.9,88,0.0
2020/11/08,1017.4,1019.0,1015.0,76,69,2.6,84,9.5,79,0.5
2020/11/09,1018.0,1019.2,1016.7,64,56,2.7,79,8.8,86,0.0
2020/11/10,1019.0,1020.5,1017.2,67,52,2.7,82,10.1,117,0.5
2020/11/11,1020.1,1021.8,1018.6,58,50,2.9,80,11.6,81,0.0
2020/11/13,1017.6,1019.6,1016.0,74,60,3.2,84,10.0,90,1.0
2020/11/13,1016.3,1017.9,1014.7,81,73,2.1,85,9.6,98,15.5
2020/11/14,1017.4,1018.7,1015.6,72,61,2.6,81,8.9,94,5.5
2020/11/15,1016.2,1017.7,1014.4,66,50,2.4,80,10.1,93,0.0
2020/11/16,1014.6,1016.6,1012.6,67,56,2.6,82,10.2,83,0.0
2020/11/18,1012.6,1014.1,1010.7,63,54,2.4,78,10.2,89,0.0
2020/11/18,1009.9,1011.9,1008.0,60,44,0.7,31,6.4,80,0.0
2020/11/19,1009.1,1011.3,1007.0,61,41,1.1,75,6.3,84,0.0
2020/11/20,1011.1,1013.0,1008.6,71,53,1.7,78,9.3,85,0.0
2020/11/21,1013.0,1014.5,1011.7,81,75,2.4,78,7.7,85,1.5
2020/11/22,1015.3,1019.4,1011.8,73,56,1.6,75,8.7,84,0.0
2020/11/23,1018.4,1020.3,1016.3,78,69,3.2,82,11.2,93,1.0
2020/11/24,1017.6,1019.4,1015.7,70,60,3.1,83,13.4,88,0.0
2020/11/26,1015.9,1017.5,1013.7,67,51,2.7,79,10.8,91,0.0
2020/11/26,1016.2,1018.0,1014.0,61,46,2.2,78,8.4,94,0.0
2020/11/27,1019.0,1021.1,1016.9,70,64,2.5,80,11.3,77,0.0
2020/11/28,1019.8,1021.7,1017.9,73,66,2.4,79,10.2,88,3.5
2020/11/29,1020.2,1022.0,1018.7,78,70,2.6,82,9.0,91,2.0
2020/11/30,1021.2,1022.9,1019.5,77,65,2.9,79,9.7,84,5.0
2020/12/01,1019.5,1021.5,1017.8,80,73,2.3,80,9.1,77,28.5
2020/12/02,1018.3,1020.0,1016.4,72,61,2.2,77,10.1,83,8.5
2020/12/03,1019.6,1021.1,1018.2,75,67,1.9,78,7.4,81,3.5
2020/12/04,1018.9,1039.9,1017.4,80,73,2.5,79,9.5,101,7.5
2020/12/05,1019.1,1020.9,1017.5,81,72,2.6,81,8.3,89,2.5
2020/12/06,1017.5,1019.1,1015.8,82,77,2.7,82,9.4,87,2.5
2020/12/07,1017.7,1019.1,1015.9,82,75,2.3,82,8.3,89,1.5
2020/12/08,1017.8,1019.5,1016.2,81,74,2.4,79,8.4,91,6.0
2020/12/09,1015.0,1018.0,1012.3,84,80,2.2,83,7.7,77,26.5
2020/12/10,1013.7,1015.4,1011.8,82,73,1.7,82,7.7,95,3.0
2020/12/11,1012.9,1014.6,1010.4,82,74,2.1,78,14.2,25,12.0
2020/12/12,1013.2,1015.1,1011.4,73,62,2.0,79,8.2,83,0.0
2020/12/13,1012.7,1014.4,1011.2,70,51,1.6,76,7.3,89,0.0
2020/12/14,1017.3,1020.4,1013.1,76,70,2.4,77,10.5,83,1.0
2020/12/15,1020.6,1022.7,1018.4,81,77,2.2,81,9.0,89,15.0
2020/12/16,1021.3,1023.3,1019.9,81,79,2.5,79,8.6,79,15.0
2020/12/17,1019.2,1022.0,1016.7,79,71,2.9,81,9.6,91,2.5
2020/12/18,1017.6,1019.4,1015.4,79,70,1.2,79,7.0,77,1.0
2020/12/19,1021.8,1023.7,1019.1,77,70,2.2,81,9.5,94,2.0
2020/12/20,1022.1,1023.9,1020.5,80,70,2.5,78,8.7,93,4.5
2020/12/21,1020.5,1022.7,1018.2,80,73,2.9,83,9.7,78,3.5
2020/12/22,1017.2,1020.1,1014.3,80,73,2.7,82,10.0,94,1.0
2020/12/23,1013.3,1015.6,1011.1,82,73,1.3,84,6.8,80,21.5
2020/12/24,1013.7,1016.4,1011.3,75,64,1.3,79,6.3,70,5.5
2020/12/25,1017.1,1018.8,1015.7,72,62,2.3,82,8.9,105,1.5
2020/12/26,1015.3,1018.0,1012.6,72,51,1.2,86,7.2,89,0.0
2020/12/27,1013.9,1015.4,1011.9,73,53,1.0,80,6.0,72,1.0
2020/12/28,1013.2,1015.9,1010.1,70,61,2.6,80,10.5,89,3.0
2020/12/29,1010.9,1013.6,1008.9,71,51,1.3,35,8.1,290,0.0
2020/12/30,1022.9,1026.7,1013.6,60,47,1.9,65,10.2,92,1.5
2020/12/31,1025.9,1027.8,1023.7,54,43,1.3,65,7.7,92,0.0
2021/01/02,1022.0,1024.8,1019.0,56,48,1.8,79,7.7,84,0.0
2021/01/02,1020.8,1022.3,1019.2,67,60,2.5,81,8.8,100,0.0
2021/01/03,1019.5,1021.5,1016.9,68,50,1.9,80,9.5,90,0.0
2021/01/04,1017.6,1020.0,1015.0,81,70,1.2,249,7.4,77,9.0
2021/01/05,1017.8,1019.8,1015.9,76,69,2.0,80,7.9,87,0.5
2021/01/06,1017.5,1019.9,1014.4,78,71,2.3,80,8.4,96,3.5
2021/01/07,1020.2,1023.5,1016.9,77,71,2.3,77,10.4,81,7.5
2021/01/08,1023.6,1024.8,1022.0,67,50,1.0,72,6.2,334,4.0
2021/01/09,1023.4,1025.1,1021.2,52,48,1.2,64,6.5,80,0.0
2021/01/10,1021.2,1023.5,1018.8,54,43,2.5,84,9.5,85,0.0
2021/01/11,1021.6,1022.9,1019.4,77,68,1.2,83,5.7,85,12.5
2021/01/13,1020.2,1022.7,1017.9,63,41,1.0,75,6.3,82,1.5
2021/01/14,1016.6,1018.6,1012.6,55,29,1.3,77,6.5,91,0.0
2021/01/15,1014.5,1016.7,1012.2,56,36,1.4,79,7.1,98,0.0
2021/01/15,1012.9,1015.0,1009.9,58,21,1.2,74,7.3,94,0.0
2021/01/16,1016.0,1020.6,1013.6,65,41,2.2,79,11.8,79,0.0
2021/01/17,1023.0,1025.1,1020.4,68,62,2.4,77,9.1,87,0.0
2021/01/19,1020.5,1022.7,1018.0,56,45,2.5,76,9.6,83,0.0
2021/01/19,1018.4,1020.1,1016.7,57,45,3.0,79,11.2,88,0.0
2021/01/20,1015.6,1017.6,1013.3,62,52,2.7,83,10.5,101,0.0
2021/01/21,1012.1,1014.4,1009.3,58,38,1.2,82,6.1,84,0.0
2021/01/23,1008.8,1010.5,1006.4,73,62,2.3,79,9.3,80,0.5
2021/01/23,1010.7,1015.3,1007.8,74,60,1.4,80,7.3,79,0.5
2021/01/24,1016.0,1017.6,1014.5,65,58,2.6,77,9.2,87,0.0
2021/01/25,1015.4,1017.4,1013.3,64,46,1.5,78,6.7,101,0.0
2021/01/26,1014.2,1015.7,1012.4,69,44,1.5,74,7.6,90,0.0
2021/01/27,1015.2,1017.0,1012.8,71,64,2.3,78,9.2,90,0.0
2021/01/28,1018.9,1022.7,1015.4,67,47,1.4,280,7.5,109,2.0
2021/01/29,1022.0,1024.0,1020.1,49,41,3.2,82,11.8,89,0.0
2021/01/30,1020.1,1021.8,1017.4,53,40,2.4,81,9.8,86,0.0
2021/01/31,1018.5,1020.6,1016.1,53,36,1.0,76,6.9,66,0.0
2021/02/01,1016.1,1018.4,1014.0,55,37,0.9,264,6.2,238,0.0
2021/02/02,1019.3,1021.6,1015.5,65,56,2.0,79,9.9,88,0.0
2021/02/03,1019.7,1042.4,1016.7,51,40,2.8,83,10.1,87,0.0
2021/02/04,1019.1,1021.3,1017.0,57,43,2.5,79,10.4,69,0.0
2021/02/06,1015.9,1018.1,1013.1,57,36,1.5,81,8.2,292,0.0
2021/02/06,1014.7,1016.7,1013.2,63,37,1.5,78,8.2,267,0.0
2021/02/07,1014.8,1016.5,1012.3,64,45,1.9,78,8.5,87,0.0
2021/02/08,1018.2,1021.9,1015.0,70,62,2.6,81,9.2,84,0.0
2021/02/09,1018.4,1020.8,1015.2,71,59,3.4,83,12.3,80,0.0
2021/02/10,1011.1,1015.5,1007.8,68,53,2.6,78,13.4,105,6.0
2021/02/11,1007.6,1010.0,1005.1,79,71,1.1,77,12.5,64,30.0
2021/02/12,1011.3,1013.7,1009.2,75,61,1.6,74,12.1,354,5.5
2021/02/13,1013.3,1015.0,1012.1,76,64,0.9,83,6.9,109,5.0
2021/02/15,1011.2,1012.9,1009.1,74,60,1.3,259,9.6,281,0.0
2021/02/15,1013.1,1014.6,1011.1,60,41,2.3,78,10.1,96,0.0
2021/02/16,1013.0,1015.3,1010.3,57,36,1.7,79,7.9,117,1.5
2021/02/17,1019.4,1023.1,1015.0,61,44,1.6,76,8.3,77,2.5
2021/02/18,1024.4,1026.6,1022.8,45,28,1.7,75,9.8,80,0.0
2021/02/20,1020.6,1024.4,1017.6,48,37,1.8,77,8.7,78,0.0
2021/02/20,1016.9,1019.2,1014.4,56,22,1.1,260,5.7,91,0.0
2021/02/21,1014.8,1017.0,1013.0,55,28,1.0,256,6.9,334,0.0
2021/02/22,1013.3,1015.1,1011.1,53,28,1.1,78,7.6,290,0.0
2021/02/23,1013.1,1015.2,1011.1,64,39,2.4,78,9.4,106,0.0
2021/02/25,1010.7,1013.3,1008.3,60,38,2.4,77,8.9,74,0.0
2021/02/26,1007.3,1009.4,1005.4,63,40,1.6,77,9.5,283,0.0
2021/02/26,1007.5,1010.5,1005.1,69,54,1.8,75,7.6,88,0.0
2021/02/27,1012.4,1034.4,1009.7,79,73,1.3,78,6.0,247,6.0
2021/02/28,1013.8,1015.8,1012.1,71,63,1.3,74,5.6,81,0.0
2021/03/01,1012.8,1015.4,1010.6,66,48,1.1,245,7.4,257,0.0
2021/03/02,1018.7,1021.8,1012.8,74,67,2.3,78,10.6,93,9.0
2021/03/03,1017.9,1020.9,1015.6,74,67,2.5,82,8.0,90,0.0
2021/03/04,1016.1,1017.8,1014.0,76,57,1.1,73,6.4,246,1.5
2021/03/05,1014.3,1038.0,1011.7,72,62,2.1,77,8.8,73,0.5
2021/03/06,1014.9,1017.6,1012.4,80,72,0.9,276,12.9,253,30.0
2021/03/07,1017.2,1019.4,1015.4,79,72,2.0,88,7.2,92,1.5
2021/03/08,1018.1,1019.7,1016.0,77,69,2.3,80,10.8,76,0.0
2021/03/09,1017.8,1019.8,1015.5,75,60,2.1,82,8.8,90,0.0
2021/03/10,1019.2,1021.0,1017.3,74,59,3.3,80,10.3,84,0.0
2021/03/11,1016.5,1016.9,1014.6,66,56,1.7,80,5.4,333,0.0
2021/03/12,1017.1,1019.0,1015.5,71,61,2.1,79,9.9,81,0.0
2021/03/13,1017.0,1019.0,1015.2,58,49,2.8,78,9.8,77,0.0
2021/03/14,1014.4,1016.6,1012.6,59,49,2.4,80,10.2,83,0.0
2021/03/15,1011.6,1013.3,1009.6,57,37,1.2,78,8.2,280,0.0
2021/03/16,1010.9,1012.7,1008.6,58,34,0.9,20,6.6,270,0.0
2021/03/17,1011.3,1012.3,1010.4,73,58,1.7,83,8.5,284,0.0
2021/03/18,1010.8,1012.8,1009.1,77,65,1.0,77,4.5,87,0.0
2021/03/19,1009.4,1011.2,1007.7,68,53,1.0,268,7.7,261,0.0
2021/03/20,1008.6,1010.8,1006.5,68,50,1.4,323,7.7,87,0.0
2021/03/21,1016.3,1021.3,1009.8,69,56,2.7,80,10.5,84,0.0
2021/03/22,1022.3,1024.2,1020.3,71,53,2.2,77,14.4,341,11.0
2021/03/24,1017.7,1021.8,1014.6,58,53,2.4,81,8.5,111,0.0
2021/03/24,1014.1,1035.9,1012.4,71,48,0.8,35,12.7,354,20.5
2021/03/25,1015.9,1018.6,1014.4,71,54,1.5,52,8.1,110,0.0
2021/03/27,1012.3,1014.5,1010.6,66,48,1.7,80,6.6,271,0.0
2021/03/27,1008.6,1011.3,1005.9,61,41,1.1,262,8.5,301,0.0
2021/03/29,1005.9,1007.2,1004.5,69,48,1.3,295,7.6,332,0.0
2021/03/29,1005.0,1007.6,1002.2,68,48,1.1,284,6.5,261,0.0
2021/03/30,1003.9,1006.7,1002.3,70,55,1.2,267,8.8,330,0.0
2021/04/01,1004.8,1006.5,1003.7,72,55,0.8,68,6.8,285,0.0
2021/04/01,1005.0,1006.7,1003.4,71,49,0.9,298,7.7,322,0.0
2021/04/02,1007.2,1008.9,1005.6,69,47,1.0,262,7.1,334,0.0
2021/04/03,1009.0,1010.8,1006.8,72,50,1.5,77,6.9,85,0.0
2021/04/04,1013.9,1017.6,1009.9,70,57,2.9,78,10.7,71,0.0
2021/04/05,1016.9,1019.3,1014.7,52,37,2.6,78,10.6,87,0.0
2021/04/06,1016.1,1018.4,1014.2,59,49,2.4,82,9.3,86,0.0
2021/04/08,1014.0,1017.2,1011.5,59,46,2.8,76,11.3,84,0.0
2021/04/08,1012.4,1016.0,1009.1,68,53,1.8,77,8.8,92,0.0
2021/04/09,1016.2,1017.6,1013.6,75,71,2.6,80,8.5,81,0.5
2021/04/10,1017.1,1018.4,1015.7,77,67,2.0,84,8.1,70,0.0
2021/04/11,1014.9,1017.1,1012.9,63,45,1.4,79,7.7,78,0.0
2021/04/12,1012.7,1014.7,1011.0,65,44,1.2,281,7.8,331,0.0
2021/04/13,1011.9,1013.3,1010.8,68,42,1.6,79,9.9,87,0.0
2021/04/14,1012.9,1014.2,1011.5,75,65,2.9,83,9.6,93,0.0
2021/04/15,1011.1,1012.8,1008.9,76,65,2.6,82,7.5,81,0.0
2021/04/16,1011.4,1013.1,1009.1,74,59,2.0,80,8.1,90,0.0
2021/04/17,1014.6,1016.9,1011.9,63,38,2.1,83,11.6,103,0.0
2021/04/18,1015.1,1017.1,1012.5,52,42,3.7,79,15.3,87,0.0
2021/04/20,1011.7,1014.0,1010.3,57,45,3.2,80,10.2,86,0.0
2021/04/20,1010.5,1011.9,1008.8,51,37,3.3,83,11.9,105,0.0
2021/04/21,1009.0,1010.9,1007.1,61,36,3.1,79,11.8,85,0.0
2021/04/23,1004.6,1007.3,1002.0,66,51,2.4,84,8.9,81,0.0
2021/04/23,1005.3,1007.9,1003.0,70,54,1.8,81,8.3,260,0.0
2021/04/24,1008.2,1010.1,1006.3,66,50,2.4,79,9.9,91,0.0
2021/04/25,1010.5,1012.8,1007.6,66,54,2.1,84,11.0,83,0.0
2021/04/26,1011.4,1013.2,1009.3,55,41,2.7,78,11.6,79,0.0
2021/04/27,1012.3,1014.4,1011.0,61,41,0.9,78,7.4,285,6.5
2021/04/28,1012.3,1014.2,1010.6,79,72,1.0,68,7.6,268,17.5
2021/04/29,1010.4,1012.7,1008.8,74,52,1.4,72,6.8,75,35.0
2021/04/30,1008.6,1010.4,1006.8,56,29,1.0,248,6.9,333,0.0
2021/05/01,1008.9,1010.8,1007.2,58,33,1.2,252,6.2,333,0.0
2021/05/02,1011.7,1013.1,1010.1,63,35,1.6,78,8.8,79,0.0
2021/05/03,1011.0,1012.7,1009.5,62,50,2.1,76,9.9,79,0.0
2021/05/04,1008.5,1010.2,1006.3,60,40,1.1,79,7.6,337,0.0
2021/05/05,1012.3,1014.9,1008.3,71,62,2.3,77,10.6,84,11.0
2021/05/06,1012.3,1013.8,1010.3,73,57,1.9,80,7.9,89,0.0
2021/05/08,1009.3,1011.3,1007.1,64,49,1.2,261,9.4,286,0.0
2021/05/08,1007.1,1008.4,1005.8,70,57,1.6,284,9.1,266,0.0
2021/05/09,1006.6,1008.6,1004.8,66,48,1.1,253,6.7,72,0.0
2021/05/10,1005.8,1007.5,1004.2,65,52,1.4,79,9.8,332,0.0
2021/05/11,1005.0,1006.8,1003.3,63,37,1.3,75,8.1,310,0.0
2021/05/12,1005.5,1007.7,1003.6,60,33,1.4,76,8.6,279,0.0
2021/05/13,1006.4,1007.8,1004.6,62,49,1.2,87,7.3,289,0.0
2021/05/14,1007.0,1008.7,1005.7,65,50,1.0,335,7.0,343,0.0
2021/05/15,1006.4,1008.7,1004.4,65,44,1.0,76,6.9,84,0.0
2021/05/16,1005.9,1007.3,1004.0,62,39,1.0,62,7.2,253,0.0
2021/05/17,1006.9,1008.3,1005.3,62,44,1.4,71,8.7,271,0.0
2021/05/18,1007.3,1008.6,1005.7,68,55,1.1,7,8.1,86,0.0
2021/05/19,1005.9,1007.6,1004.4,70,45,0.7,16,7.8,326,18.0
2021/05/20,1005.6,1006.7,1004.2,62,40,1.0,63,7.7,87,0.0
2021/05/21,1005.4,1006.6,1003.7,62,41,1.3,243,9.8,326,4.0
2021/05/22,1004.9,1006.6,1003.1,67,46,1.4,74,9.8,250,0.0
2021/05/23,1005.7,1007.0,1004.1,64,41,0.9,314,7.8,253,0.0
2021/05/24,1007.4,1010.5,1005.3,71,47,1.6,265,10.1,329,33.0
2021/05/25,1008.3,1010.6,1006.3,72,55,2.4,83,10.2,74,0.0
2021/05/26,1005.9,1008.0,1003.7,62,48,1.1,270,7.6,263,0.0
2021/05/27,1005.0,1007.4,1003.4,57,32,2.1,269,13.8,260,0.0
2021/05/28,1004.8,1007.0,1001.6,60,34,1.9,269,12.8,249,0.0
2021/05/29,1003.9,1005.5,1001.5,74,64,1.7,82,9.1,84,4.5
2021/05/30,1001.8,1003.7,1000.1,79,62,0.9,49,9.4,251,47.5
2021/05/31,1003.5,1004.8,1001.2,82,72,1.6,81,6.7,98,47.5
2021/06/01,1004.7,1006.2,1003.5,74,47,0.8,263,10.2,335,30.5
2021/06/02,1005.2,1006.8,1003.6,71,47,0.7,275,7.0,335,11.0
2021/06/04,1003.3,1005.9,1000.8,64,40,1.0,253,10.6,269,0.0
2021/06/04,1001.5,1002.6,999.6,75,51,1.0,59,10.9,338,204.0
2021/06/05,1001.1,1003.7,999.5,82,75,1.7,77,8.3,90,20.0
2021/06/06,1003.6,1007.0,1001.3,82,74,2.1,76,7.2,59,8.5
2021/06/07,1007.0,1008.5,1005.3,75,61,1.7,78,8.5,87,1.0
2021/06/08,1007.3,1008.9,1004.9,66,46,0.9,26,7.0,269,0.0
2021/06/10,1006.0,1007.7,1003.9,64,48,1.3,77,8.5,76,0.0
2021/06/10,1004.3,1005.9,1002.5,61,39,0.9,265,8.7,10,4.5
2021/06/11,1005.0,1007.4,1003.5,62,45,0.8,71,19.0,331,0.0
2021/06/12,1007.2,1009.4,1005.8,63,39,1.0,304,7.8,249,0.5
2021/06/13,1006.7,1009.1,1004.1,64,49,1.1,6,8.4,297,0.0
2021/06/15,1002.7,1005.4,1000.2,57,43,1.9,266,9.7,322,0.0
2021/06/15,1000.3,1001.6,998.9,56,48,2.2,279,13.2,320,0.0
2021/06/16,1001.4,1003.1,999.5,51,39,2.7,267,16.5,220,0.0
2021/06/17,1002.8,1004.2,1001.3,51,41,2.5,275,11.5,256,0.0
2021/06/18,1001.4,1003.2,998.9,51,37,2.5,269,12.5,316,0.0
2021/06/20,999.3,1001.3,996.9,50,37,2.4,277,14.7,277,0.0
2021/06/20,998.4,999.7,996.2,53,40,1.8,265,11.5,254,0.0
2021/06/21,999.0,1001.3,997.7,56,42,2.6,264,14.4,265,0.0
2021/06/22,1001.7,1004.5,999.3,75,59,1.4,269,10.7,309,62.0
2021/06/23,1004.5,1006.6,1002.3,79,65,1.5,78,10.6,331,11.5
2021/06/24,1004.4,1005.6,1003.0,75,56,1.0,83,7.8,89,9.0
2021/06/25,1004.1,1005.6,1002.7,75,60,0.7,285,7.0,293,20.0
2021/06/26,1003.8,1005.3,1002.4,64,46,1.4,264,10.6,252,0.0
2021/06/28,1002.2,1004.2,1000.3,58,41,1.2,281,10.3,251,0.0
2021/06/28,1000.7,1001.9,998.9,55,39,1.8,265,18.0,284,0.0
2021/06/29,1001.3,1002.5,999.7,52,40,2.2,276,15.5,275,0.0
2021/06/30,1002.5,1003.6,1001.2,58,46,2.1,292,12.6,314,0.0
2021/07/01,1003.1,1005.1,1001.5,56,35,2.2,283,11.0,259,0.0
2021/07/02,1004.3,1005.5,1002.9,58,40,1.5,45,8.2,263,0.0
2021/07/03,1004.4,1006.1,1002.6,59,40,1.0,279,7.9,262,0.0
2021/07/04,1005.8,1007.8,1004.4,62,49,1.3,69,9.3,292,0.0
2021/07/06,1004.9,1006.5,1003.2,54,40,1.7,77,11.4,86,0.0
2021/07/06,1003.4,1008.4,999.5,61,40,1.8,83,13.3,131,3.5
2021/07/07,1008.7,1010.4,1007.1,67,47,0.6,353,6.4,337,0.5
2021/07/08,1008.6,1010.5,1006.7,62,45,1.1,298,6.9,344,0.0
2021/07/10,1007.3,1008.3,1005.7,57,37,1.4,66,10.8,243,0.0
2021/07/10,1008.2,1010.0,1007.1,61,50,1.0,44,7.4,39,0.0
2021/07/11,1009.2,1010.3,1008.1,59,41,1.2,77,8.1,336,0.0
2021/07/12,1008.3,1009.7,1006.4,64,49,0.9,274,6.0,94,0.0
2021/07/13,1006.7,1008.4,1005.3,63,44,0.9,61,10.6,254,1.5
2021/07/14,1006.4,1008.0,1004.5,58,39,1.6,76,8.7,77,0.0
2021/07/15,1006.0,1007.4,1003.9,51,37,2.1,81,13.1,83,0.0
2021/07/17,1005.7,1007.0,1003.9,52,34,1.9,81,9.0,77,0.0
2021/07/17,1002.9,1004.9,1000.7,57,40,2.1,77,10.5,79,0.0
2021/07/18,1001.6,1003.0,999.8,57,44,2.3,83,9.9,82,0.0
2021/07/19,1001.6,1003.0,1000.0,59,40,2.4,78,10.9,76,0.0
2021/07/20,1002.0,1003.3,1000.5,66,48,2.2,76,10.0,73,2.0
2021/07/22,999.8,1001.9,997.0,71,49,1.2,77,11.4,40,25.0
2021/07/23,994.0,997.1,992.2,75,60,0.9,5,7.5,81,30.0
2021/07/24,990.8,992.6,989.4,72,58,1.5,232,12.6,324,21.5
2021/07/24,990.2,992.6,987.6,72,49,2.8,264,17.8,253,103.0
2021/07/25,991.7,993.1,989.5,54,34,2.9,276,14.7,259,2.5
2021/07/26,992.9,994.3,991.3,57,37,1.5,261,10.4,75,0.0
2021/07/27,992.9,994.2,991.0,58,35,1.0,58,7.4,99,7.0
2021/07/28,994.7,997.1,992.9,63,39,1.0,26,9.5,302,1.0
2021/07/29,997.9,1000.1,995.9,67,44,0.9,2,7.2,323,9.5
2021/07/30,998.9,1000.1,997.6,67,43,0.9,283,7.6,263,0.5
2021/07/31,998.0,999.5,996.1,73,47,0.9,252,10.7,283,28.5
2021/08/02,995.2,997.0,993.5,73,57,0.8,50,5.8,91,1.0
2021/08/02,995.3,996.7,994.3,72,49,0.8,294,6.9,338,42.0
2021/08/03,995.9,997.8,994.5,76,62,0.9,86,6.4,273,16.5
2021/08/04,997.2,998.3,995.6,73,58,1.3,75,8.8,88,0.5
2021/08/05,996.2,997.6,995.3,71,51,1.2,71,8.6,245,1.0
2021/08/06,995.0,997.2,992.4,79,72,1.3,81,6.2,84,12.0
2021/08/07,995.4,1000.5,991.8,85,78,1.3,76,8.9,241,114.5
2021/08/08,1001.6,1004.4,999.3,70,52,1.2,328,10.0,261,3.5
2021/08/09,1003.9,1005.2,1002.2,73,52,0.9,77,7.2,286,2.0
2021/08/10,1004.9,1006.1,1003.8,68,49,1.1,77,7.8,84,1.0
2021/08/11,1006.5,1007.9,1004.9,69,47,1.1,260,7.8,319,3.5
2021/08/12,1006.2,1008.0,1003.8,68,46,1.1,281,9.8,274,2.0
2021/08/14,1003.9,1005.2,1002.3,72,43,0.9,270,7.1,334,82.0
2021/08/14,1004.5,1007.2,1002.8,71,47,0.8,23,7.2,74,21.5
2021/08/15,1008.1,1010.3,1005.9,69,55,0.7,62,7.6,328,0.0
2021/08/16,1009.5,1010.9,1007.7,65,48,0.9,28,10.2,164,0.0
2021/08/18,1007.4,1009.5,1004.6,62,47,1.1,261,7.5,286,0.0
2021/08/19,1006.1,1007.2,1004.9,68,58,1.3,307,8.2,335,0.0
2021/08/19,1006.4,1007.8,1004.7,70,48,0.8,34,7.3,239,49.0
2021/08/20,1007.0,1008.3,1005.3,64,46,1.0,74,8.2,120,0.0
2021/08/21,1006.0,1007.4,1003.8,65,48,1.0,259,6.6,317,0.0
2021/08/22,1004.6,1006.4,1002.5,65,49,1.4,258,10.5,336,0.0
2021/08/23,1004.4,1005.5,1003.4,62,47,1.1,70,11.0,336,0.0
2021/08/24,1005.5,1007.1,1003.9,67,44,0.8,264,10.1,268,16.5
2021/08/25,1007.2,1009.5,1005.7,68,44,0.7,2,7.5,286,1.5
2021/08/26,1009.1,1010.3,1007.3,59,40,1.3,76,10.1,91,0.0
2021/08/28,1008.9,1009.8,1007.1,55,38,0.9,2,6.5,256,0.0
2021/08/28,1008.3,1009.4,1005.8,55,41,1.9,76,10.3,64,0.0
2021/08/29,1008.3,1010.1,1006.4,55,41,2.3,78,9.9,110,0.0
2021/08/30,1008.7,1009.8,1007.6,55,41,2.3,83,10.8,118,0.0
2021/08/31,1008.1,1009.0,1007.0,57,44,2.1,78,10.6,76,0.0
2021/09/02,1007.2,1008.5,1005.3,55,39,1.3,77,6.2,90,0.0
2021/09/03,1006.1,1007.9,1004.1,61,47,0.9,77,5.8,77,0.5
2021/09/03,1004.9,1006.1,1003.2,62,47,1.2,77,6.4,82,1.5
2021/09/04,1006.4,1008.1,1005.3,69,44,0.9,78,10.3,235,5.0
2021/09/05,1006.6,1008.6,1004.7,60,44,1.8,81,8.9,73,0.0
2021/09/06,1008.1,1009.6,1006.7,62,43,1.0,75,10.3,335,4.5
2021/09/07,1007.5,1009.1,1005.2,59,42,1.5,71,8.0,83,0.0
2021/09/08,1006.4,1007.6,1004.5,56,35,1.6,80,7.9,85,0.0
2021/09/09,1006.5,1007.9,1005.2,53,31,2.2,77,9.2,101,0.0
2021/09/11,1005.0,1007.0,1003.2,56,40,2.5,79,10.1,76,0.0
2021/09/12,998.8,1004.2,995.3,65,45,3.5,81,14.3,91,3.0
2021/09/12,993.5,998.6,988.8,76,62,3.0,78,15.9,237,64.0
2021/09/13,1002.3,1006.5,997.4,58,45,1.8,278,11.3,308,0.0
2021/09/14,1007.6,1009.2,1005.8,62,47,1.6,276,9.8,306,0.0
2021/09/15,1007.8,1009.2,1005.6,66,51,1.5,83,9.2,91,14.5
2021/09/16,1006.4,1007.8,1004.5,64,52,0.9,67,10.0,249,24.5
2021/09/17,1007.5,1009.2,1006.2,68,48,1.4,77,8.0,80,18.0
2021/09/18,1009.0,1010.2,1007.4,67,49,1.7,74,8.7,90,0.0
2021/09/20,1008.4,1009.7,1006.5,59,38,0.9,79,6.1,301,0.0
2021/09/20,1007.5,1009.5,1004.9,60,38,1.0,264,7.0,282,0.0
2021/09/21,1006.8,1008.4,1004.7,61,44,0.8,273,7.0,263,0.5
2021/09/22,1008.9,1011.2,1007.4,60,41,1.1,80,7.2,87,0.0
2021/09/23,1011.1,1013.1,1009.3,58,42,1.5,78,9.8,89,0.0
2021/09/24,1011.8,1013.1,1010.5,66,53,2.7,77,11.3,87,0.0
2021/09/25,1010.8,1012.5,1009.5,63,48,2.6,75,11.6,77,0.0
2021/09/27,1009.4,1010.7,1007.5,67,55,2.7,79,10.0,83,0.0
2021/09/28,1007.6,1009.2,1005.9,67,51,2.3,78,10.0,103,0.0
2021/09/29,1006.3,1007.7,1004.5,66,44,2.1,80,9.5,82,0.0
2021/09/29,1004.6,1006.3,1002.7,63,39,1.2,84,6.9,87,0.0
2021/09/30,1005.2,1007.0,1003.3,64,42,1.5,72,8.8,87,0.0
2021/10/01,1006.8,1009.1,1005.0,70,54,1.5,78,9.3,250,15.0
2021/10/02,1009.2,1010.5,1007.7,65,55,2.4,80,10.1,90,0.0
2021/10/03,1010.5,1011.8,1008.8,54,34,2.3,83,9.7,93,0.0
2021/10/04,1010.7,1012.2,1009.3,55,37,3.0,81,11.7,75,0.0
2021/10/06,1009.9,1011.7,1007.6,57,43,3.0,82,13.5,92,0.0
2021/10/07,1007.0,1009.9,1004.2,61,52,3.5,81,13.3,83,0.5
2021/10/07,1005.5,1007.2,1003.8,57,44,2.5,78,10.1,92,0.0
2021/10/08,1006.4,1008.5,1004.9,58,49,2.8,80,11.7,94,0.0
2021/10/09,1007.8,1009.3,1005.9,60,46,3.0,81,11.3,100,0.0
2021/10/11,1006.5,1008.4,1004.2,63,40,2.8,83,13.3,85,0.5
2021/10/11,1002.3,1005.9,999.3,80,72,3.5,79,18.1,84,93.5
2021/10/12,1001.1,1004.7,997.6,73,59,3.4,81,13.3,79,40.5
2021/10/13,1005.9,1008.4,1003.4,73,64,2.5,81,10.3,88,11.0
2021/10/14,1007.9,1009.7,1005.8,67,60,2.8,82,10.0,79,0.5
2021/10/15,1008.2,1009.5,1006.4,59,43,3.2,81,12.0,82,0.0
2021/10/16,1011.9,1017.3,1008.6,65,46,2.1,77,11.5,80,12.0
2021/10/17,1018.4,1020.2,1016.8,65,53,1.9,80,10.1,80,0.5
2021/10/18,1016.1,1017.5,1014.3,65,51,1.6,79,8.5,77,0.0
2021/10/19,1015.6,1017.3,1013.8,64,52,1.8,70,8.4,83,0.0
2021/10/21,1013.4,1015.9,1011.2,72,64,1.9,80,7.9,86,0.0
2021/10/21,1012.6,1015.8,1010.0,76,68,1.8,261,10.9,351,5.0
2021/10/22,1017.2,1019.4,1014.4,80,73,1.9,81,15.3,311,16.0
2021/10/23,1018.0,1019.4,1016.4,78,63,2.4,82,13.1,330,7.5
2021/10/25,1015.8,1017.7,1014.0,83,78,1.3,80,12.8,353,22.5
2021/10/25,1014.6,1015.8,1013.3,80,73,1.6,79,6.6,80,2.5
2021/10/26,1013.9,1015.3,1012.1,67,58,2.3,77,8.9,88,0.0
2021/10/27,1015.2,1016.4,1013.7,63,53,2.4,77,9.9,85,0.0
2021/10/28,1016.5,1018.1,1015.0,55,45,1.9,75,9.0,89,0.0
2021/10/29,1016.6,1018.4,1015.1,62,48,1.5,81,8.8,82,0.0
2021/10/30,1017.0,1018.5,1015.3,68,62,1.1,74,5.3,85,1.0
2021/10/31,1016.7,1018.0,1014.5,68,60,1.8,81,9.4,81,0.0
2021/11/01,1017.1,1018.2,1015.6,67,56,2.1,82,10.4,94,0.0
2021/11/02,1016.2,1018.3,1014.2,67,59,2.3,83,8.5,84,0.0
2021/11/03,1014.5,1016.2,1012.9,70,61,2.6,79,10.7,84,0.5
2021/11/04,1012.8,1014.7,1011.7,71,67,2.2,77,7.6,87,0.5
2021/11/06,1009.2,1011.8,1007.1,68,47,1.0,276,6.6,253,0.0
2021/11/06,1007.9,1010.1,1006.0,68,56,1.7,79,7.9,337,0.0
2021/11/07,1009.6,1011.6,1007.5,66,54,1.9,77,9.4,83,0.0
2021/11/08,1014.7,1018.9,1009.0,68,54,2.3,79,10.9,88,18.0
2021/11/09,1017.4,1019.8,1015.1,52,46,1.9,76,9.0,80,0.0
2021/11/10,1016.2,1018.0,1014.4,54,42,1.2,79,6.5,77,0.0
2021/11/11,1015.6,1017.6,1012.9,52,36,2.1,78,8.7,85,0.0
2021/11/12,1017.3,1020.5,1015.5,62,53,2.5,85,8.5,85,5.0
2021/11/13,1016.2,1038.0,1014.0,77,69,2.0,80,9.3,94,16.0
2021/11/14,1016.3,1018.2,1014.7,66,56,1.8,82,7.4,94,0.0
2021/11/15,1014.9,1017.2,1013.1,58,46,2.5,82,10.4,95,0.0
2021/11/16,1014.3,1016.5,1011.8,59,42,1.9,79,8.2,73,0.0
2021/11/17,1013.3,1015.4,1011.1,67,59,2.1,82,9.2,80,0.0
2021/11/18,1010.7,1013.6,1008.6,77,69,0.8,97,7.4,278,6.5
2021/11/19,1009.4,1011.0,1007.5,72,60,1.5,78,10.0,86,1.0
2021/11/20,1010.7,1012.4,1007.9,75,67,2.2,86,11.1,84,6.0
2021/11/21,1010.3,1011.5,1008.6,63,43,1.2,72,6.2,279,0.0
2021/11/22,1015.1,1019.5,1009.7,71,64,1.9,78,8.0,84,1.0
2021/11/23,1019.1,1020.4,1017.8,75,67,2.0,75,6.7,83,3.0
2021/11/24,1017.8,1019.8,1016.0,63,53,2.5,81,8.1,93,0.0
2021/11/25,1015.5,1017.1,1014.0,74,67,2.1,78,8.5,75,0.5
2021/11/26,1017.4,1021.2,1014.5,77,62,2.2,76,7.6,80,6.0
2021/11/27,1019.7,1021.4,1018.3,78,68,2.2,81,10.9,94,13.0
2021/11/28,1016.9,1019.1,1014.9,70,58,2.0,79,7.7,79,0.5
2021/11/29,1013.1,1015.3,1011.1,64,52,2.1,81,10.4,67,0.0
2021/11/30,1014.4,1019.9,1011.1,65,52,1.5,77,8.3,90,0.0
2021/12/01,1020.7,1041.8,1018.4,50,42,1.5,70,12.3,97,0.0
2021/12/02,1018.4,1040.9,1015.9,58,49,1.7,78,9.3,90,0.0
2021/12/03,1019.8,1022.1,1017.3,51,33,1.5,68,14.0,227,0.0
2021/12/04,1020.6,1022.2,1018.8,51,35,2.1,82,13.4,232,0.0
2021/12/05,1018.1,1020.2,1016.2,72,60,1.3,81,7.6,92,2.5
2021/12/06,1017.0,1018.7,1015.5,78,62,1.5,79,9.3,80,27.0
2021/12/07,1020.0,1021.9,1017.9,61,51,2.3,75,10.6,98,2.0
2021/12/08,1020.6,1022.5,1018.7,54,39,2.3,79,9.5,87,0.0
2021/12/09,1018.7,1019.9,1017.6,65,57,2.1,83,8.9,86,0.0
2021/12/10,1017.9,1019.7,1016.0,65,54,2.3,80,10.7,93,0.5
2021/12/11,1017.7,1019.7,1015.6,68,52,2.2,78,8.2,85,0.0
2021/12/12,1019.1,1021.3,1016.8,76,70,1.4,78,7.1,107,3.5
2021/12/13,1019.7,1021.9,1017.7,77,71,2.4,80,9.7,90,3.0
2021/12/15,1015.8,1018.3,1013.1,68,55,2.4,75,9.1,90,0.5
2021/12/15,1013.5,1015.5,1010.7,62,44,1.3,79,7.7,94,0.0
2021/12/16,1013.6,1015.2,1011.2,68,47,1.1,76,8.6,331,0.0
2021/12/17,1019.4,1024.7,1015.2,65,52,1.8,62,9.3,82,0.0
2021/12/18,1022.8,1024.3,1021.1,57,46,2.0,80,11.2,89,0.0
2021/12/19,1020.7,1023.4,1018.5,51,40,2.9,77,11.0,81,0.0
2021/12/21,1016.4,1018.6,1014.7,60,50,1.5,80,6.9,86,0.0
2021/12/22,1012.1,1014.7,1009.0,79,67,0.6,262,4.6,92,15.5
2021/12/22,1014.0,1015.8,1011.7,79,70,1.6,81,17.4,329,7.0
2021/12/23,1013.3,1015.3,1011.1,78,69,1.3,83,5.5,65,0.0
2021/12/24,1014.0,1017.8,1011.2,77,54,1.4,263,8.3,81,1.5
2021/12/25,1021.8,1025.7,1017.4,72,58,2.3,78,9.7,78,3.0
2021/12/26,1026.1,1028.1,1024.5,76,70,2.8,81,10.9,86,3.5
2021/12/27,1025.7,1028.0,1023.9,79,75,2.4,78,7.8,87,4.0
2021/12/28,1021.3,1024.7,1019.0,76,64,2.0,79,10.4,78,0.5
2021/12/29,1020.6,1022.7,1019.1,72,60,1.0,267,6.8,244,0.0
2021/12/30,1023.7,1025.5,1021.5,58,52,2.2,75,8.4,78,0.0
2021/12/31,1023.7,1025.3,1021.7,62,51,2.8,83,10.0,86,0.0
2022/01/01,1021.8,1024.0,1019.9,74,58,1.5,79,5.9,94,0.0
2022/01/02,1020.8,1022.8,1019.1,71,59,1.6,73,8.2,79,0.0
2022/01/03,1019.1,1021.2,1017.3,67,54,2.2,76,8.1,85,0.0
2022/01/04,1017.9,1020.2,1015.9,78,71,2.7,82,9.0,82,2.0
2022/01/05,1015.0,1016.8,1013.5,77,68,1.0,309,7.6,286,1.0
2022/01/06,1019.2,1022.6,1016.3,74,62,2.4,77,8.6,84,8.0
2022/01/07,1020.7,1022.9,1018.9,69,59,2.0,79,8.4,78,5.5
2022/01/08,1018.3,1020.5,1016.6,65,57,2.4,80,9.5,82,0.0
2022/01/09,1015.2,1016.8,1012.8,67,59,2.3,79,8.7,89,0.0
2022/01/10,1014.1,1016.0,1011.4,74,55,2.2,81,9.3,87,0.5
2022/01/11,1018.6,1021.8,1013.9,63,49,1.6,78,15.3,356,1.0
2022/01/12,1018.7,1020.4,1016.8,68,50,1.9,78,9.2,253,0.0
2022/01/13,1019.7,1021.6,1017.7,63,51,0.9,47,14.1,214,0.0
2022/01/14,1018.9,1021.5,1015.5,54,45,2.2,78,10.9,89,0.0
2022/01/15,1018.3,1020.8,1016.3,66,47,1.3,77,8.6,77,0.0
2022/01/16,1018.2,1019.6,1016.2,71,54,2.0,77,8.8,76,0.0
2022/01/17,1018.8,1020.5,1017.0,79,75,2.2,80,7.5,91,6.5
2022/01/18,1018.2,1041.2,1016.3,79,74,2.9,84,9.2,90,2.5
2022/01/19,1016.6,1038.6,1014.9,78,69,2.6,82,9.2,114,0.0
2022/01/20,1017.3,1038.6,1015.5,73,65,3.3,80,13.1,87,0.5
2022/01/21,1016.6,1038.7,1014.3,80,74,2.5,82,8.3,96,32.5
2022/01/22,1012.1,1016.0,1008.6,82,72,1.6,80,12.5,355,49.5
2022/01/23,1009.0,1011.1,1007.3,79,66,1.2,257,7.3,288,0.0
2022/01/24,1012.7,1014.6,1010.2,78,66,1.5,80,6.3,100,2.0
2022/01/25,1014.5,1016.8,1012.3,74,60,2.7,79,9.3,83,0.0
2022/01/26,1014.1,1015.8,1012.1,71,51,1.9,80,7.5,84,0.0
2022/01/27,1014.6,1016.3,1012.3,70,54,1.8,77,8.8,75,0.0
2022/01/28,1014.6,1016.4,1012.2,77,69,2.9,80,11.4,96,0.0
2022/01/29,1011.6,1034.5,1009.3,77,67,2.5,81,8.8,85,5.5
2022/01/30,1015.6,1020.4,1010.5,69,60,1.3,85,12.1,236,1.5
2022/01/31,1018.5,1020.1,1017.1,57,46,2.7,79,10.4,75,0.0
2022/02/01,1016.7,1040.0,1015.4,74,57,1.3,79,12.8,237,10.0
2022/02/02,1016.8,1018.7,1015.0,78,68,1.8,82,7.0,83,2.5
2022/02/03,1015.1,1036.3,1012.8,81,76,0.8,54,6.8,76,21.5
2022/02/04,1018.6,1021.6,1015.3,78,69,1.5,80,7.4,145,2.0
2022/02/05,1022.0,1023.3,1020.7,74,68,2.3,80,8.5,205,0.0
2022/02/06,1021.4,1024.3,1018.8,74,62,3.1,84,12.1,117,0.0
2022/02/07,1014.6,1018.9,1008.5,71,51,2.0,79,11.9,262,4.5
2022/02/08,1018.0,1020.3,1016.4,70,58,1.8,81,8.7,98,0.0
2022/02/09,1016.3,1018.9,1014.6,79,71,1.7,77,7.8,93,12.5
2022/02/10,1016.0,1018.4,1014.2,77,67,1.7,79,8.9,91,0.5
2022/02/11,1013.9,1016.0,1012.2,70,52,1.5,78,6.6,67,0.0
2022/02/12,1013.5,1015.6,1012.2,77,69,1.3,81,6.4,87,1.0
2022/02/13,1011.8,1014.6,1009.0,75,68,2.0,79,8.7,86,13.5
2022/02/14,1015.7,1017.6,1013.4,73,59,1.1,81,6.2,89,29.5
2022/02/15,1015.3,1017.4,1012.8,65,52,2.2,76,10.3,84,1.0
2022/02/16,1014.5,1016.2,1012.8,72,60,2.2,80,9.0,91,0.0
2022/02/17,1013.5,1034.2,1010.9,78,71,2.4,78,8.9,68,2.5
2022/02/18,1013.5,1016.0,1011.0,81,75,1.3,82,7.1,83,7.5
2022/02/19,1015.4,1036.1,1011.8,78,72,1.8,80,9.1,81,13.0
2022/02/20,1022.1,1024.6,1019.4,76,71,2.3,77,12.2,236,24.5
2022/02/21,1020.8,1022.9,1018.4,81,75,2.6,80,8.6,86,28.0
2022/02/22,1019.9,1021.8,1017.9,81,78,2.3,80,9.2,91,20.5
2022/02/23,1022.0,1024.7,1018.4,78,74,2.2,76,12.0,235,29.5
2022/02/24,1023.9,1025.7,1022.3,76,67,2.2,80,8.5,219,0.5
2022/02/26,1020.7,1023.4,1018.3,72,61,2.0,72,10.1,215,0.0
2022/02/26,1018.2,1020.9,1015.7,70,48,0.9,57,6.0,253,0.0
2022/02/27,1017.7,1020.4,1015.7,61,40,2.3,81,10.4,85,0.0
2022/02/28,1015.3,1018.5,1012.7,53,31,0.9,253,7.2,261,0.0
2022/03/01,1014.0,1016.2,1011.9,61,41,1.3,1,7.4,278,0.0
2022/03/02,1015.6,1017.5,1013.8,70,59,2.7,77,9.2,88,0.0
2022/03/03,1013.7,1017.0,1010.7,66,51,2.3,83,10.7,85,0.0
2022/03/04,1011.0,1013.3,1009.1,64,47,1.2,264,7.7,75,0.0
2022/03/05,1011.9,1014.9,1009.6,65,54,2.5,78,9.8,86,0.0
2022/03/06,1013.8,1016.0,1011.6,66,48,3.2,81,11.0,79,1.0
2022/03/07,1014.1,1018.0,1010.2,77,63,1.9,268,14.5,228,22.0
2022/03/08,1015.5,1017.6,1013.1,53,35,2.9,78,16.8,329,0.0
2022/03/09,1014.2,1016.3,1012.5,50,32,2.2,79,13.8,230,0.0
2022/03/10,1012.9,1015.0,1011.4,52,40,1.2,78,8.3,255,0.0
2022/03/11,1011.6,1014.0,1010.1,54,31,1.6,64,12.5,236,0.0
2022/03/12,1010.2,1011.8,1008.6,54,38,1.3,63,7.6,64,0.0
2022/03/13,1010.1,1012.1,1007.7,54,35,1.0,267,6.8,317,0.0
2022/03/14,1009.3,1011.4,1008.1,54,35,1.0,63,5.9,65,0.0
2022/03/15,1008.4,1010.1,1006.6,60,44,1.6,60,9.3,69,0.0
2022/03/16,1008.2,1010.0,1006.3,59,42,1.7,67,7.7,70,0.0
2022/03/17,1006.1,1008.6,1003.8,62,39,1.0,318,7.1,257,3.5
2022/03/18,1006.4,1008.5,1003.3,68,55,2.5,66,9.2,70,0.0
2022/03/19,1008.3,1010.4,1005.9,64,41,1.8,65,10.5,65,0.0
2022/03/20,1010.7,1012.6,1008.6,64,48,1.8,65,8.7,46,0.0
2022/03/21,1010.9,1013.4,1008.4,73,57,1.0,268,6.9,255,2.5
2022/03/22,1012.3,1014.6,1009.7,74,66,1.9,69,15.0,312,5.0
2022/03/23,1013.4,1015.8,1009.7,X,67,2.2,65,39.1,88,21.0
2022/03/24,1013.0,1015.2,1011.0,X,62,2.1,63,10.4,349,0.0
2022/03/25,1008.8,1009.0,1006.6,X,45,1.0,253,9.7,251,0.5
2022/03/26,1009.6,1014.7,1005.5,X,64,1.4,76,9.9,81,13.5
2022/03/27,1015.1,1017.9,1011.3,X,61,2.6,72,9.4,102,37.0
2022/03/28,1018.7,1021.5,1016.2,X,67,2.2,71,9.1,82,72.5
2022/03/29,1017.0,1020.6,1014.2,X,60,2.4,71,8.4,66,12.0
2022/03/30,1015.9,1019.2,1013.6,X,45,1.4,70,10.7,256,0.0
2022/03/31,1017.7,1022.5,1014.7,X,66,2.9,71,10.7,57,0.0
2022/04/01,1022.1,1024.3,1019.8,64,60,2.7,69,10.9,81,0.0
2022/04/02,1020.9,1022.3,1019.1,82,59,1.8,69,6.8,78,26.0
2022/04/03,1021.0,1022.4,1019.7,70,58,1.7,66,8.0,73,12.0
2022/04/04,1020.1,1021.5,1018.9,61,54,3.0,73,11.4,85,0.0
2022/04/05,1016.2,1019.1,1012.9,61,43,1.6,71,7.5,79,0.0
2022/04/06,1014.2,1015.9,1012.6,64,42,1.6,68,10.5,8,0.0
2022/04/07,1014.2,1015.6,1012.7,69,56,1.9,68,9.4,76,0.0
2022/04/08,1012.9,1014.7,955.2,63,47,2.8,73,11.7,65,0.0
2022/04/09,1010.1,1011.9,1007.8,57,40,1.9,72,7.6,51,0.0
2022/04/10,1008.8,1010.4,1006.8,59,34,1.3,66,7.6,81,0.0
2022/04/11,1007.3,1009.5,1005.4,61,37,1.1,4,7.0,273,0.0
2022/04/12,1005.4,1007.4,951.7,59,39,1.2,254,9.5,256,&
2022/04/13,1003.3,1004.9,948.8,62,40,1.2,261,8.5,262,&
2022/04/14,1006.3,1011.1,1002.4,75,63,1.4,59,9.1,276,&
2022/04/15,1011.6,1014.5,1009.8,79,70,1.7,67,7.8,71,43.5
2022/04/16,1013.1,1015.8,1011.2,60,50,2.3,64,11.2,76,0.0
2022/04/17,1014.1,1015.5,1012.7,68,57,2.1,73,6.9,71,0.5
2022/04/18,1014.0,1016.3,1012.2,73,66,2.0,70,7.8,67,0.0
2022/04/19,1015.6,1016.8,1014.3,73,63,1.8,69,6.8,64,5.0
2022/04/20,1012.3,1015.8,1010.0,72,60,1.7,69,8.8,81,2.5
2022/04/21,1010.5,1012.6,954.1,76,55,0.6,67,3.7,69,0.5
2022/04/22,1009.5,1011.6,1007.3,67,43,1.0,254,5.5,236,0.0
2022/04/23,1007.4,1009.3,952.3,72,53,1.0,258,7.7,281,0.0
2022/04/24,1006.6,1007.9,950.7,74,52,1.0,57,7.7,80,9.0
2022/04/25,1006.0,1007.7,951.2,74,52,0.9,53,7.8,258,6.5
2022/04/26,1004.6,1006.6,949.4,70,46,1.1,28,8.1,74,0.0
2022/04/27,1007.4,1009.9,1005.4,75,62,1.5,65,9.0,325,0.0
2022/04/28,1008.3,1009.7,953.0,75,59,1.2,67,7.9,259,0.0
2022/04/29,1009.2,1013.5,951.2,76,58,2.2,69,11.1,75,0.0
2022/04/30,1011.5,1013.3,1009.1,80,71,2.5,67,11.1,77,0.0
2022/05/01,1012.5,1014.9,1010.5,80,74,2.2,70,8.3,77,6.5
2022/05/02,1013.7,1015.2,1012.4,83,76,2.3,67,8.7,73,23.5
2022/05/03,1013.7,1014.7,1012.7,78,65,2.5,71,11.3,72,0.0
2022/05/04,1011.1,1013.4,954.1,80,70,2.5,69,9.1,96,1.5
2022/05/05,1008.3,1009.7,1007.1,77,64,1.9,71,8.7,80,0.0
2022/05/06,1009.0,1010.3,1007.7,77,61,1.4,69,8.2,76,0.5
2022/05/07,1010.5,1011.8,1009.0,70,50,2.1,72,9.4,93,0.0
2022/05/08,1010.3,1011.8,954.2,77,62,1.9,73,9.3,78,0.0
2022/05/09,1009.8,1011.5,953.2,78,62,1.9,63,8.2,82,0.0
2022/05/10,1007.2,1009.2,951.4,75,46,1.2,69,6.3,322,11.0
2022/05/11,1006.5,1008.1,950.7,81,59,0.8,263,6.0,319,11.0
2022/05/12,1005.1,1006.9,949.3,81,48,1.1,58,9.4,259,41.5
2022/05/13,1003.1,1006.3,949.5,79,56,1.2,4,10.5,320,4.0
2022/05/14,1007.9,1010.1,1005.4,86,79,2.2,73,7.6,87,26.0
2022/05/15,1010.2,1012.2,1008.2,83,67,2.4,66,8.6,70,13.5
2022/05/16,1010.7,1011.9,1009.5,87,81,2.3,69,8.6,79,43.0
2022/05/17,1011.4,1013.5,1009.5,70,48,2.3,71,8.7,70,8.0
2022/05/18,1011.6,1013.2,955.3,74,65,2.7,70,9.8,65,0.0
2022/05/19,1008.3,1010.6,953.8,80,72,2.2,71,10.0,68,0.0
2022/05/20,1005.4,1007.2,950.7,78,67,1.6,68,6.6,60,0.0
2022/05/21,1005.8,1007.5,950.8,77,65,1.9,68,7.3,72,1.0
2022/05/22,1005.6,1006.6,1004.6,84,77,2.2,70,8.1,88,1.0
2022/05/23,1005.9,1008.1,950.5,85,74,1.3,260,7.1,287,1.0
2022/05/24,1008.2,1010.0,1006.8,87,77,0.9,63,4.7,70,49.5
2022/05/25,1006.1,1008.4,950.4,92,89,0.9,67,5.6,71,117.5
2022/05/26,1002.7,1005.3,1000.7,88,67,1.5,72,8.5,74,66.5
2022/05/27,1003.2,1005.3,1001.5,89,81,1.8,76,7.5,68,40.0
2022/05/28,1003.5,1005.0,1002.3,81,69,0.8,259,7.9,253,0.5
2022/05/29,1002.9,1004.1,948.3,70,47,1.4,256,9.4,222,0.0
2022/05/30,1003.0,1005.4,1001.0,72,54,1.5,268,11.5,253,0.0
2022/05/31,1005.2,1006.8,950.1,85,69,0.8,251,6.5,257,16.5
2022/06/01,1003.6,1005.8,950.3,71,52,1.4,257,9.9,286,0.0
2022/06/02,1002.7,1004.3,1001.1,65,45,1.3,254,10.8,262,0.0
2022/06/03,1003.5,1005.0,1002.1,67,44,1.2,249,8.9,277,0.0
2022/06/04,1003.4,1005.0,1001.7,68,50,1.1,58,8.8,286,0.0
2022/06/05,999.8,1003.0,996.9,60,38,1.9,243,12.6,275,0.0
2022/06/06,999.4,1003.0,997.0,72,47,1.7,253,12.0,294,15.0
2022/06/07,1003.8,1006.0,947.1,85,75,1.3,63,8.7,70,52.0
2022/06/08,1006.0,1007.0,1004.8,87,79,1.8,69,7.7,78,54.5
2022/06/09,1005.3,1006.4,951.2,81,59,1.0,70,6.6,67,7.5
2022/06/10,1003.2,1005.3,948.1,78,53,0.6,74,4.6,72,2.0
2022/06/11,1004.8,1007.5,1002.7,77,47,1.7,77,9.5,254,1.5
2022/06/12,1005.5,1006.6,1004.3,84,75,0.6,67,5.5,212,11.0
2022/06/13,1002.2,1004.5,1000.0,69,44,1.5,264,14.8,244,0.0
2022/06/14,1003.5,1006.9,1001.3,68,41,2.1,252,13.8,229,0.5
2022/06/15,1006.4,1008.4,1004.6,81,74,0.8,249,6.7,225,9.0
2022/06/16,1006.7,1009.6,1005.0,78,53,0.8,63,9.8,263,8.0
2022/06/17,1005.1,1006.2,1003.9,71,56,1.0,64,10.1,292,0.0
2022/06/18,1004.4,1005.6,1002.8,64,43,1.2,261,11.9,215,0.0
2022/06/19,1004.2,1005.1,1002.6,68,42,0.9,14,9.8,64,0.0
2022/06/20,1002.3,1003.7,1000.3,63,42,1.3,254,9.6,260,0.0
2022/06/21,1003.7,1006.1,1000.8,65,48,1.0,256,9.1,273,0.0
2022/06/22,1006.8,1008.8,1004.8,66,43,1.3,73,7.1,211,0.0
2022/06/23,1007.2,1008.9,1005.1,68,40,0.9,255,7.8,78,0.5
2022/06/24,1005.7,1007.1,1004.0,73,43,0.9,263,11.6,257,19.0
2022/06/25,1005.5,1006.9,1003.3,73,44,0.9,258,8.2,258,15.5
2022/06/26,1007.1,1008.6,1005.7,65,44,0.8,4,7.6,281,0.0
2022/06/27,1005.7,1007.6,1004.0,66,48,1.1,252,7.6,259,14.5
2022/06/28,1002.6,1004.5,1000.8,61,46,1.2,50,6.8,79,0.0
2022/06/29,1001.4,1003.3,999.3,63,52,0.9,15,8.5,270,0.0
2022/06/30,1001.5,1003.0,999.9,56,45,2.5,72,11.4,66,0.0
