date,Zhudong_StnPres,Zhudong_StnPresMax,Zhudong_StnPresMin,Zhudong_RH,Zhudong_RHMin,Zhudong_WS,Zhudong_WD,Zhudong_WSGust,Zhudong_WDGust,Zhudong_Precp
2018/01/01,1012.7,1015.0,1010.0,67.0,55,2.2,46.0,10.6,41,0.0
2018/01/02,1011.2,1013.4,1008.6,68.0,47,1.2,79.0,5.4,349,0.0
2018/01/03,1011.2,1013.8,1009.0,79.0,63,0.9,289.0,5.6,295,0.0
2018/01/04,1010.2,1012.3,1008.1,89.0,77,1.2,330.0,6.9,331,0.5
2018/01/05,1010.1,1012.5,1008.5,89.0,79,2.2,27.0,12.1,25,1.5
2018/01/06,1008.5,1009.8,1006.5,87.0,75,1.8,48.0,8.8,32,32.0
2018/01/07,1008.0,1011.0,1005.0,89.0,80,2.3,87.0,9.5,104,56.0
2018/01/08,1007.8,1014.6,1004.7,93.0,86,2.0,23.0,8.9,33,108.5
2018/01/09,1015.7,1018.3,1012.7,81.0,64,2.0,34.0,10.2,27,22.0
2018/01/10,1018.5,1020.8,1016.6,54.0,39,2.8,30.0,11.5,25,0.5
2018/01/11,1019.5,1022.5,1016.7,53.0,42,3.3,30.0,12.6,49,0.0
2018/01/12,1021.2,1022.8,1018.1,51.0,43,3.4,34.0,14.6,6,0.0
2018/01/13,1018.5,1021.5,1014.5,55.0,42,2.7,55.0,13.8,87,0.0
2018/01/14,1014.6,1017.8,1011.4,65.0,41,1.8,20.0,8.9,2,0.0
2018/01/15,1010.8,1013.6,1008.2,77.0,54,1.4,14.0,7.1,327,0.0
2018/01/16,1007.5,1010.2,1005.2,80.0,51,0.8,27.0,4.7,179,0.0
2018/01/17,1007.5,1010.0,1005.8,75.0,45,1.7,34.0,10.3,352,0.0
2018/01/18,1009.4,1011.3,1007.7,84.0,67,2.2,29.0,8.3,350,0.0
2018/01/19,1011.2,1014.1,1009.3,90.0,85,2.3,39.0,9.0,14,11.0
2018/01/20,1009.5,1011.5,1007.5,87.0,80,2.3,19.0,9.0,31,0.0
2018/01/21,1007.4,1010.0,1005.0,84.0,65,1.6,25.0,8.2,29,0.0
2018/01/22,1007.4,1009.3,1004.2,82.0,67,2.4,25.0,12.0,9,0.5
2018/01/23,1008.4,1010.0,1006.1,72.0,59,2.4,30.0,10.6,62,0.0
2018/01/24,1008.6,1010.8,1005.5,68.0,57,2.8,41.0,11.3,341,0.0
2018/01/25,1009.1,1011.1,1006.8,73.0,60,2.5,22.0,9.4,36,0.0
2018/01/26,1011.2,1014.7,1009.4,81.0,73,3.8,34.0,14.6,24,0.0
2018/01/27,1009.2,1011.8,1007.3,72.0,50,1.9,40.0,11.3,15,0.0
2018/01/28,1008.9,1012.2,1005.8,91.0,84,2.2,32.0,11.9,30,4.0
2018/01/29,1012.5,1014.7,1009.8,87.0,78,3.9,37.0,15.2,25,5.0
2018/01/30,1012.5,1015.8,1010.5,83.0,69,2.6,61.0,13.5,45,2.5
2018/01/31,1012.3,1016.2,1009.4,88.0,75,2.4,21.0,11.8,35,18.0
2018/02/01,1015.0,1017.6,1011.8,87.0,80,3.4,34.0,12.4,16,3.5
2018/02/02,1016.4,1019.3,1012.9,85.0,75,2.8,26.0,11.9,27,0.5
2018/02/03,1018.2,1019.9,1015.9,84.0,75,3.7,34.0,12.8,24,7.5
2018/02/04,1018.5,1019.8,1015.9,85.0,79,3.1,36.0,11.7,27,3.5
2018/02/05,1019.3,1021.5,1017.4,82.0,67,2.6,36.0,10.9,32,7.5
2018/02/06,1016.2,1019.4,1012.9,60.0,53,3.6,43.0,14.6,51,0.0
2018/02/07,1012.8,1015.3,1010.0,77.0,59,2.2,40.0,9.9,71,5.5
2018/02/08,1011.3,1014.4,1008.5,77.0,61,2.2,43.0,11.0,22,4.5
2018/02/09,1009.6,1010.9,1007.7,91.0,79,1.3,28.0,6.1,305,2.0
2018/02/10,1011.3,1015.7,1008.4,93.0,84,2.4,44.0,12.6,35,2.0
2018/02/11,1016.5,1019.2,1013.9,78.0,67,3.3,34.0,13.0,40,1.5
2018/02/12,1018.8,1021.2,1016.4,58.0,47,3.0,40.0,12.4,32,0.0
2018/02/13,1015.6,1018.8,1012.8,56.0,38,1.5,44.0,6.6,259,0.0
2018/02/14,1012.4,1015.3,1009.2,69.0,36,1.1,244.0,4.6,306,0.0
2018/02/15,1009.6,1011.6,1007.4,64.0,43,1.0,32.0,6.7,303,0.0
2018/02/16,1008.6,1010.8,1006.7,85.0,63,1.3,34.0,7.5,45,0.0
2018/02/17,1010.2,1012.4,1007.7,73.0,60,2.7,44.0,15.4,32,0.0
2018/02/18,1010.9,1013.6,1009.1,79.0,61,0.9,19.0,5.9,302,0.0
2018/02/19,1009.4,1012.1,1006.3,72.0,42,0.9,22.0,8.4,305,0.0
2018/02/20,1008.7,1010.7,1006.2,89.0,77,2.2,32.0,8.4,6,0.0
2018/02/21,1009.5,1011.9,1007.0,90.0,83,2.8,35.0,12.5,50,0.0
2018/02/22,1011.8,1014.3,1009.5,89.0,82,2.8,33.0,11.8,17,25.5
2018/02/23,1012.6,1014.4,1010.4,75.0,61,2.2,30.0,10.1,69,0.0
2018/02/24,1012.6,1016.1,1011.1,88.0,81,1.0,16.0,6.3,29,0.0
2018/02/25,1012.7,1015.2,1010.3,91.0,88,2.0,33.0,10.8,34,3.5
2018/02/27,1012.4,1014.7,1009.9,74.0,60,2.6,33.0,12.4,41,0.0
2018/02/27,1010.3,1012.1,1008.5,82.0,61,1.0,281.0,7.2,278,0.0
2018/03/01,1006.6,1008.6,1005.5,91.0,83,1.6,56.0,10.9,262,4.0
2018/03/01,1005.5,1008.0,1003.1,79.0,60,1.3,92.0,5.0,2,0.0
2018/03/02,1005.6,1008.1,1004.0,86.0,70,1.2,295.0,5.7,237,0.0
2018/03/03,1004.4,1006.3,1002.3,87.0,70,1.3,21.0,6.3,260,0.0
2018/03/04,1005.0,1006.8,1001.3,84.0,71,1.1,13.0,6.2,141,0.0
2018/03/05,1006.8,1011.9,1004.0,88.0,70,2.4,37.0,12.2,29,0.0
2018/03/06,1012.1,1014.6,1009.9,81.0,76,3.3,25.0,12.7,31,0.0
2018/03/07,1010.0,1012.5,1006.9,80.0,64,1.8,18.0,8.9,329,0.5
2018/03/08,1013.5,1017.5,1009.0,85.0,71,2.7,36.0,10.2,68,17.5
2018/03/09,1015.2,1017.2,1013.1,60.0,45,3.5,35.0,14.8,34,0.0
2018/03/10,1014.7,1016.4,1012.6,55.0,38,2.4,60.0,9.7,27,0.0
2018/03/11,1014.0,1015.9,1012.7,52.0,22,1.0,31.0,6.5,309,0.0
2018/03/12,1012.0,1013.9,1010.1,68.0,46,1.0,17.0,6.3,302,0.0
2018/03/13,1010.4,1012.3,1008.8,76.0,61,0.8,5.0,5.1,327,0.0
2018/03/14,1008.7,1011.0,1006.9,75.0,50,0.9,328.0,6.8,128,0.0
2018/03/15,1007.4,1009.1,1006.2,79.0,55,1.0,1.0,9.2,8,5.0
2018/03/16,1008.8,1012.4,1004.2,81.0,63,2.0,1.0,10.1,28,0.0
2018/03/17,1011.2,1013.4,1007.6,80.0,71,2.6,30.0,10.4,22,0.0
2018/03/18,1009.1,1011.0,1007.5,83.0,65,1.1,84.0,6.4,346,0.0
2018/03/19,1005.3,1007.8,1001.6,78.0,56,1.2,183.0,7.2,266,0.0
2018/03/20,1005.6,1009.6,1002.3,90.0,82,1.7,39.0,11.5,300,31.5
,1010.3,--,--,68.0,--,2.4,28.0,--,--,0.0
2018/03/22,1010.3,1011.9,1008.4,57.0,41,2.8,91.0,10.1,35,0.0
2018/03/23,1011.8,1013.0,1010.3,49.0,25,2.2,6.0,8.2,349,0.0
2018/03/24,1012.4,1014.6,1010.3,47.0,18,1.3,86.0,5.6,268,0.0
2018/03/25,1012.1,1014.1,1010.5,62.0,45,1.1,294.0,6.0,289,0.0
2018/03/26,1010.8,1012.5,1009.5,72.0,60,1.3,73.0,7.2,303,0.0
2018/03/27,1009.2,1010.9,1007.8,78.0,67,1.6,26.0,9.5,25,0.0
2018/03/28,1007.2,1008.9,1005.4,80.0,61,1.8,16.0,8.6,359,0.0
2018/03/29,1006.4,1006.9,1004.6,75.0,25,1.1,80.0,4.1,255,0.0
2018/03/30,1006.5,1008.4,1004.8,59.0,39,2.6,57.0,13.3,31,0.0
2018/03/31,1005.5,1007.8,1002.6,51.0,36,2.3,43.0,9.4,13,0.0
2018/04/01,1005.6,1007.7,1004.3,63.0,54,1.4,97.0,5.8,307,0.0
2018/04/02,1005.9,1007.1,1004.8,76.0,66,1.4,87.0,7.1,265,0.0
2018/04/03,1006.8,1008.0,1005.5,75.0,59,1.4,281.0,8.2,258,0.0
2018/04/04,1006.0,1007.9,1004.5,72.0,50,1.2,45.0,6.0,323,0.0
2018/04/05,1004.8,1006.3,1003.4,73.0,60,1.4,299.0,6.3,302,0.0
2018/04/06,1009.1,1015.9,1003.4,75.0,56,3.0,42.0,15.0,30,0.0
2018/04/07,1015.7,1018.0,1013.6,59.0,34,3.3,56.0,13.2,78,2.0
2018/04/08,1012.1,1014.7,1010.3,51.0,30,2.0,32.0,7.9,275,0.0
2018/04/09,1010.7,1012.6,1008.7,68.0,47,1.3,320.0,6.0,305,0.0
2018/04/10,1007.9,1010.2,1005.7,60.0,25,1.3,31.0,6.0,264,0.0
2018/04/11,1005.1,1007.3,1003.0,75.0,63,1.1,103.0,6.2,259,0.0
2018/04/12,1004.5,1006.3,1002.8,81.0,67,1.4,236.0,8.3,226,5.0
2018/04/13,1005.4,1007.2,1003.5,79.0,64,1.2,287.0,6.6,280,0.0
2018/04/14,1003.3,1004.9,1001.1,84.0,72,3.1,238.0,13.4,257,0.5
2018/04/15,1007.3,1009.7,1003.8,79.0,68,3.2,53.0,11.7,49,41.5
2018/04/16,1008.3,1010.4,1006.5,66.0,56,2.6,60.0,11.2,25,8.0
2018/04/17,1010.3,1012.6,1008.7,77.0,58,2.4,46.0,8.5,38,14.5
2018/04/18,1008.0,1009.7,1006.3,67.0,56,1.9,27.0,6.9,320,0.0
2018/04/19,1007.0,1008.6,1006.0,68.0,52,1.5,81.0,5.9,301,0.0
2018/04/20,1006.9,1008.3,1005.1,71.0,55,1.3,312.0,5.4,310,0.0
2018/04/21,1006.1,1007.4,1004.8,75.0,62,1.0,94.0,4.8,270,0.0
2018/04/22,1004.5,1006.3,1002.7,74.0,45,1.1,89.0,5.7,296,0.0
2018/04/23,1001.9,1003.7,999.8,71.0,51,1.6,234.0,7.9,243,0.0
2018/04/24,1002.6,1005.6,1000.0,83.0,75,3.0,34.0,10.1,237,11.5
2018/04/25,1005.8,1007.4,1004.5,67.0,56,2.8,46.0,10.4,42,0.0
2018/04/26,1006.0,1007.5,1004.1,63.0,44,1.4,59.0,6.4,356,0.0
2018/04/27,1007.8,1009.2,1005.9,74.0,56,1.4,8.0,6.1,351,0.0
2018/04/28,1007.2,1008.8,1005.1,71.0,60,1.2,80.0,4.7,24,0.0
2018/04/29,1005.8,1007.7,1004.1,77.0,64,1.2,277.0,6.6,258,0.0
2018/04/30,1006.1,1007.9,1004.9,75.0,60,1.4,208.0,5.8,287,0.0
2018/05/01,1005.5,1007.4,1004.1,80.0,68,1.6,77.0,7.6,262,0.0
2018/05/02,1004.7,1006.3,1003.1,78.0,59,2.9,259.0,13.9,268,0.0
2018/05/03,1008.5,1010.3,1005.8,73.0,62,3.2,45.0,14.2,62,2.5
2018/05/04,1008.5,1009.6,1007.3,63.0,50,2.0,49.0,6.2,100,0.0
2018/05/05,1008.6,1010.4,1007.0,67.0,42,1.2,276.0,5.9,260,0.0
2018/05/06,1004.3,1007.7,1001.9,73.0,66,2.7,257.0,11.2,261,0.0
2018/05/07,1000.3,1002.9,998.4,69.0,49,4.4,230.0,14.5,234,0.0
2018/05/08,1002.2,1006.3,998.5,79.0,62,3.5,278.0,15.2,305,52.5
2018/05/09,1007.9,1010.5,1005.0,71.0,63,3.0,51.0,10.0,29,6.0
2018/05/10,1008.7,1010.5,1006.3,61.0,47,2.9,33.0,11.1,32,0.0
2018/05/11,1006.6,1008.6,1004.6,72.0,60,1.0,82.0,4.3,297,0.0
2018/05/12,1004.4,1005.9,1002.7,77.0,63,1.5,138.0,6.9,255,0.0
2018/05/13,1003.5,1004.8,1002.1,77.0,62,2.3,242.0,9.4,258,0.0
2018/05/14,1003.5,1005.5,1001.5,75.0,57,1.7,191.0,6.8,244,0.0
2018/05/15,1002.9,1004.7,1001.8,78.0,65,1.9,172.0,9.5,267,0.0
2018/05/16,1001.7,1003.4,1000.5,80.0,69,2.2,262.0,12.1,235,0.0
2018/05/17,1000.7,1002.1,999.1,81.0,71,2.7,199.0,11.9,261,0.0
2018/05/18,1000.2,1001.6,998.6,76.0,61,2.5,253.0,11.6,237,0.0
2018/05/19,1001.2,1002.4,999.9,74.0,57,1.8,16.0,8.1,261,0.0
2018/05/20,1002.1,1004.7,999.6,75.0,64,2.0,16.0,7.9,263,0.0
2018/05/21,1003.0,1004.6,1000.1,73.0,56,1.3,312.0,6.1,317,0.0
2018/05/22,1003.0,1005.3,1001.2,73.0,57,1.7,275.0,7.9,258,0.0
2018/05/23,1003.3,1004.6,1001.7,74.0,58,2.1,15.0,9.0,27,0.0
2018/05/24,1002.9,1004.9,1001.5,68.0,50,1.4,2.0,5.5,360,0.0
2018/05/25,1000.7,1003.1,998.9,76.0,67,2.4,275.0,11.6,223,0.0
2018/05/26,1000.0,1001.4,998.8,70.0,60,4.1,238.0,16.1,273,0.0
2018/05/27,1001.1,1002.7,998.9,71.0,49,2.7,248.0,12.9,230,0.0
2018/05/28,1001.9,1003.4,1000.8,73.0,64,2.0,169.0,8.7,265,0.0
2018/05/29,1003.1,1004.8,1001.1,76.0,64,1.7,174.0,8.0,256,3.0
2018/05/30,1003.2,1004.6,1001.2,76.0,60,2.0,261.0,8.2,257,0.0
2018/05/31,1002.8,1004.8,1001.0,76.0,59,2.9,15.0,12.3,241,0.0
2018/06/01,1004.2,1005.8,1002.9,78.0,68,3.0,37.0,10.5,31,1.0
2018/06/02,1003.8,1005.4,1002.3,70.0,60,2.8,23.0,10.0,354,0.0
2018/06/03,1001.9,1003.5,1000.2,76.0,64,1.9,5.0,8.2,9,0.0
2018/06/04,1001.8,1002.9,1000.1,74.0,59,1.3,5.0,7.1,22,0.0
2018/06/05,1002.1,1003.7,1000.3,69.0,47,1.4,21.0,6.1,307,1.0
2018/06/06,1001.7,1002.5,1000.2,75.0,59,2.0,1.0,7.7,7,0.0
2018/06/07,999.5,1001.2,996.7,71.0,54,1.7,46.0,8.6,345,0.0
2018/06/08,995.9,998.9,994.1,68.0,56,2.2,79.0,7.7,261,0.0
2018/06/09,993.4,995.2,991.4,74.0,59,2.6,1.0,8.6,4,0.0
2018/06/10,993.0,994.1,991.2,76.0,61,1.8,6.0,7.1,311,0.0
2018/06/11,994.5,997.1,991.5,80.0,68,2.0,55.0,7.9,24,3.5
2018/06/12,995.6,997.6,993.9,50.0,30,2.0,83.0,7.8,50,0.0
2018/06/13,992.3,995.0,989.7,58.0,44,2.2,71.0,6.6,46,0.0
2018/06/14,990.1,991.4,988.7,73.0,66,3.7,49.0,14.4,21,0.0
2018/06/15,993.3,997.7,989.7,86.0,74,2.5,40.0,12.3,74,8.5
2018/06/16,997.5,998.7,996.3,73.0,58,3.0,22.0,12.6,14,0.0
2018/06/17,997.4,998.4,995.8,84.0,67,1.6,33.0,6.5,28,37.0
2018/06/18,996.9,998.4,996.0,81.0,62,1.3,86.0,5.5,315,0.5
2018/06/19,997.0,998.9,995.2,75.0,63,4.8,233.0,16.7,241,1.0
2018/06/20,997.7,1000.0,995.8,65.0,54,4.9,234.0,15.5,237,0.0
2018/06/21,999.1,1000.7,997.4,75.0,62,3.9,170.0,14.9,239,0.5
2018/06/22,1000.4,1001.8,998.4,76.0,65,2.4,65.0,12.1,243,0.0
2018/06/23,1000.8,1002.3,999.6,78.0,66,2.6,188.0,14.0,252,0.0
2018/06/24,1002.6,1004.1,1001.3,75.0,63,2.0,273.0,9.0,252,0.0
2018/06/25,1003.7,1004.9,1002.6,78.0,60,1.9,256.0,8.9,264,0.0
2018/06/26,1004.0,1005.4,1003.2,71.0,55,1.4,25.0,6.8,293,0.0
2018/06/27,1002.4,1003.7,1000.5,64.0,48,1.8,135.0,7.8,255,0.0
2018/06/28,999.4,1001.6,997.5,70.0,59,2.9,170.0,10.5,265,0.0
2018/06/29,996.9,997.9,994.7,70.0,53,2.8,239.0,11.1,254,0.0
2018/06/30,997.7,999.5,995.7,72.0,51,1.9,82.0,6.8,65,1.0
2018/07/01,996.7,997.8,995.0,73.0,61,3.1,239.0,10.9,243,0.0
2018/07/02,995.2,996.1,993.6,63.0,55,4.9,234.0,13.4,245,0.0
2018/07/03,994.7,996.5,993.6,64.0,58,6.4,240.0,16.1,237,0.0
2018/07/04,994.5,996.7,993.0,63.0,51,6.3,229.0,16.8,237,0.0
2018/07/05,994.6,996.2,993.2,66.0,57,5.9,233.0,15.9,245,0.0
2018/07/06,995.4,997.4,994.1,67.0,49,4.4,232.0,15.3,248,0.0
2018/07/07,997.6,999.8,996.3,76.0,59,2.1,40.0,10.4,244,7.5
2018/07/08,999.3,1001.0,998.1,70.0,52,1.4,4.0,6.7,303,0.0
2018/07/09,999.4,1001.6,996.8,69.0,55,2.0,74.0,7.2,305,0.0
2018/07/10,996.2,999.2,989.7,77.0,62,3.3,1.0,11.8,328,19.5
2018/07/11,992.4,999.1,986.1,82.0,68,3.3,102.0,15.5,291,34.0
2018/07/12,999.1,1000.4,997.7,80.0,66,1.7,9.0,7.0,324,0.0
2018/07/13,999.4,1000.2,998.3,77.0,61,1.2,40.0,6.4,294,0.0
2018/07/14,998.6,999.5,997.0,72.0,57,1.6,132.0,7.2,271,0.0
2018/07/15,998.3,999.9,997.3,70.0,52,1.5,245.0,5.5,323,0.0
2018/07/16,996.1,998.5,994.1,65.0,50,1.7,75.0,7.0,293,0.0
2018/07/17,995.0,996.0,993.8,64.0,52,1.6,285.0,6.5,259,0.0
2018/07/18,996.6,997.9,994.6,62.0,49,2.2,87.0,8.2,72,0.0
2018/07/19,997.8,999.4,995.5,62.0,48,2.0,27.0,8.0,3,0.0
2018/07/20,996.4,998.4,994.8,68.0,53,2.4,26.0,11.2,356,0.0
2018/07/21,994.0,995.8,992.5,77.0,65,1.6,43.0,9.5,6,3.5
2018/07/22,994.1,996.2,992.7,80.0,58,1.3,175.0,6.8,1,4.0
2018/07/23,996.1,999.2,995.4,77.0,28,2.6,235.0,7.0,276,0.0
2018/07/24,999.3,1000.7,998.2,77.0,63,1.6,92.0,8.2,266,0.0
2018/07/25,999.9,1001.3,998.2,72.0,55,1.4,326.0,6.2,310,0.0
2018/07/26,999.7,1001.2,997.7,74.0,56,1.5,285.0,6.5,299,0.0
2018/07/27,999.8,1001.4,998.1,75.0,59,1.7,177.0,7.8,84,0.0
2018/07/28,999.4,1000.9,997.2,74.0,60,1.6,70.0,7.0,299,0.0
2018/07/29,998.2,999.9,996.2,70.0,47,2.2,277.0,6.9,264,0.0
2018/07/30,997.9,999.1,996.1,73.0,57,2.8,273.0,9.9,253,0.0
2018/07/31,997.5,998.8,995.4,73.0,55,3.0,173.0,10.8,251,0.0
2018/08/01,996.5,998.0,994.2,75.0,52,3.1,245.0,12.2,271,0.0
2018/08/02,995.4,996.8,993.5,71.0,49,4.3,238.0,12.5,254,0.0
2018/08/03,996.1,998.1,994.5,67.0,55,2.9,180.0,12.0,251,0.0
2018/08/04,998.2,999.7,996.8,70.0,55,1.8,185.0,8.3,126,0.0
2018/08/05,999.1,1000.4,997.6,70.0,54,1.7,41.0,9.2,325,0.0
2018/08/06,998.1,1000.2,995.2,78.0,61,1.7,333.0,7.7,347,4.5
2018/08/07,996.9,998.7,994.3,67.0,48,2.1,2.0,10.1,28,0.0
2018/08/08,997.5,998.4,996.4,66.0,56,2.0,78.0,8.2,351,0.0
2018/08/09,997.9,999.2,996.3,69.0,50,1.4,3.0,6.7,311,0.0
2018/08/10,996.8,998.3,994.6,70.0,55,1.7,176.0,6.5,306,0.0
2018/08/11,993.7,996.4,991.6,74.0,57,1.8,320.0,7.9,325,0.0
2018/08/12,990.1,992.3,987.6,75.0,58,1.4,14.0,6.3,317,2.0
2018/08/13,991.7,993.5,989.8,75.0,57,1.8,24.0,9.1,200,0.0
2018/08/14,993.0,993.9,991.8,82.0,60,1.3,39.0,6.3,350,35.5
2018/08/15,994.2,995.2,992.9,77.0,65,2.7,259.0,11.7,261,0.0
2018/08/16,993.6,995.3,991.8,73.0,61,3.6,241.0,10.8,254,0.0
2018/08/17,992.6,995.2,990.7,70.0,51,4.0,262.0,12.8,269,0.0
2018/08/18,995.4,996.7,994.3,78.0,59,1.5,287.0,6.9,274,0.5
2018/08/19,997.0,998.5,995.7,82.0,60,1.5,107.0,7.0,305,19.0
2018/08/20,996.1,997.9,994.6,75.0,54,1.4,10.0,5.6,270,0.0
2018/08/21,993.6,995.4,991.9,78.0,62,1.3,180.0,6.8,295,0.0
2018/08/22,991.5,993.4,989.3,86.0,73,1.4,182.0,6.1,82,14.5
2018/08/23,988.2,990.4,985.4,78.0,57,1.9,43.0,9.0,35,38.0
2018/08/24,990.4,992.2,989.0,89.0,71,1.3,97.0,5.5,326,16.0
2018/08/25,991.4,992.6,990.3,88.0,70,1.4,34.0,8.1,195,23.5
2018/08/26,993.5,995.9,991.7,90.0,73,1.2,20.0,4.8,182,9.0
2018/08/27,997.1,999.6,994.7,87.0,64,1.4,70.0,5.8,304,59.5
2018/08/28,999.4,1001.1,998.2,85.0,60,1.4,111.0,8.0,240,18.5
2018/08/29,1000.3,1002.3,998.8,86.0,66,1.0,91.0,6.3,97,8.0
2018/08/30,1003.0,1005.8,1001.2,83.0,66,1.4,80.0,7.7,84,0.0
2018/08/31,1005.0,1005.8,1003.8,76.0,54,1.2,84.0,6.8,252,0.0
2018/09/01,1003.3,1005.5,1001.2,76.0,60,1.5,214.0,6.3,263,0.0
2018/09/02,1000.3,1002.7,998.4,74.0,54,1.9,191.0,7.6,245,0.0
2018/09/03,998.1,999.9,996.4,74.0,57,3.2,251.0,12.7,248,0.0
2018/09/04,997.1,998.8,995.4,73.0,52,3.6,232.0,12.6,232,0.0
2018/09/05,998.5,999.7,997.1,78.0,65,1.3,281.0,6.2,273,0.0
2018/09/06,998.8,1000.0,997.0,80.0,60,1.4,277.0,6.0,266,2.5
2018/09/07,999.4,1001.3,997.6,82.0,61,1.6,88.0,7.1,106,21.0
2018/09/08,1001.3,1002.9,999.7,89.0,80,1.7,12.0,8.7,49,33.0
2018/09/09,1003.5,1006.0,1001.4,89.0,79,3.2,27.0,12.3,40,13.0
2018/09/10,1002.2,1005.5,999.1,78.0,67,4.0,56.0,15.9,27,0.0
2018/09/11,1000.5,1002.5,997.9,79.0,63,1.5,185.0,6.7,72,0.0
2018/09/12,1002.1,1003.4,1000.6,85.0,71,1.5,325.0,5.8,349,10.5
2018/09/13,1001.6,1003.1,1000.5,76.0,58,1.5,21.0,6.3,95,0.0
2018/09/14,999.8,1001.8,996.7,61.0,41,3.3,41.0,15.6,50,0.0
2018/09/15,994.6,998.5,991.3,64.0,51,4.9,56.0,17.3,39,0.0
2018/09/16,999.3,1004.0,992.7,68.0,50,1.4,92.0,6.1,15,0.0
2018/09/17,1005.2,1008.5,1003.4,74.0,47,1.5,3.0,7.3,343,0.0
2018/09/18,1006.4,1008.5,1003.7,82.0,64,1.3,50.0,5.5,354,0.0
2018/09/19,1004.7,1006.4,1003.2,77.0,64,1.3,53.0,6.0,297,0.0
2018/09/20,1003.3,1004.5,1002.0,78.0,65,1.7,268.0,7.5,267,0.0
2018/09/21,1004.7,1007.5,1002.9,75.0,59,1.8,279.0,7.3,264,0.0
2018/09/22,1006.7,1007.9,1005.5,72.0,54,1.5,77.0,6.4,311,0.0
2018/09/23,1005.5,1007.2,1003.4,75.0,61,1.6,47.0,8.9,351,0.0
2018/09/24,1003.0,1005.5,1001.3,76.0,63,3.2,31.0,14.3,27,0.0
2018/09/25,1001.2,1003.3,999.2,69.0,48,3.6,49.0,13.7,358,0.0
2018/09/26,1001.7,1003.1,1000.1,84.0,76,2.6,59.0,9.9,71,8.5
2018/09/27,1001.5,1002.6,1000.0,79.0,58,3.1,37.0,13.3,37,8.5
2018/09/28,1001.0,1002.1,999.3,81.0,58,2.9,36.0,12.6,9,7.0
2018/09/29,1000.3,1001.7,998.7,71.0,49,2.6,60.0,11.5,67,5.5
2018/09/30,1003.2,1005.3,1001.2,57.0,42,3.1,27.0,12.2,17,0.0
2018/10/01,1005.5,1007.5,1004.1,45.0,24,3.5,38.0,13.2,23,0.0
2018/10/02,1007.5,1009.3,1005.7,54.0,40,3.8,43.0,12.3,7,0.0
2018/10/03,1007.1,1008.7,1004.8,61.0,50,3.5,42.0,13.8,30,0.0
2018/10/04,1005.1,1007.4,1002.9,83.0,63,2.5,49.0,9.4,102,10.0
2018/10/05,1002.5,1004.3,1001.1,65.0,50,1.8,7.0,6.5,332,0.0
2018/10/06,1005.6,1007.1,1003.6,68.0,52,1.9,33.0,8.9,25,0.0
2018/10/07,1007.2,1009.1,1005.6,72.0,63,2.8,29.0,9.8,21,0.0
2018/10/08,1006.5,1008.1,1005.0,79.0,72,2.4,25.0,9.3,16,0.0
2018/10/09,1005.7,1007.1,1003.7,80.0,72,2.2,18.0,7.9,5,0.0
2018/10/10,1006.8,1009.3,1004.2,74.0,59,3.1,41.0,13.0,18,0.0
2018/10/11,1010.5,1011.9,1008.4,82.0,71,3.9,47.0,12.6,13,0.0
2018/10/12,1011.3,1012.7,1010.0,81.0,75,3.4,47.0,11.9,26,10.5
2018/10/13,1009.5,1011.7,1007.5,72.0,64,2.7,46.0,9.9,46,0.0
2018/10/14,1007.5,1008.7,1005.7,74.0,52,2.2,81.0,7.9,97,0.0
2018/10/15,1006.7,1008.7,1004.8,80.0,70,2.2,25.0,9.2,357,0.0
2018/10/16,1005.6,1006.9,1004.0,84.0,72,1.6,6.0,8.6,351,0.0
2018/10/17,1006.1,1007.7,1004.8,87.0,84,2.7,25.0,9.6,22,9.0
2018/10/18,1007.4,1008.7,1005.9,67.0,50,3.5,60.0,13.3,4,0.0
2018/10/19,1010.6,1012.3,1007.7,71.0,58,3.0,51.0,12.0,29,0.5
2018/10/20,1011.6,1013.6,1009.5,66.0,59,2.7,27.0,10.4,24,0.0
2018/10/21,1009.8,1011.6,1008.2,69.0,52,2.1,1.0,8.1,28,0.0
2018/10/22,1008.3,1009.9,1006.3,78.0,61,1.1,8.0,6.2,326,0.0
2018/10/23,1009.6,1011.2,1008.2,82.0,71,1.9,54.0,7.8,19,1.0
2018/10/24,1009.4,1010.8,1007.8,73.0,62,2.4,17.0,8.8,14,0.0
2018/10/25,1008.8,1010.5,1007.5,74.0,55,1.3,35.0,5.8,310,0.0
2018/10/26,1008.7,1010.3,1007.1,77.0,60,1.6,11.0,7.1,24,0.0
2018/10/27,1011.4,1013.5,1009.4,56.0,40,3.9,49.0,13.5,25,0.0
2018/10/28,1009.2,1011.9,1006.9,49.0,38,3.5,33.0,13.4,42,0.0
2018/10/29,1006.2,1007.9,1003.6,39.0,25,4.1,33.0,16.5,17,0.0
2018/10/30,1005.2,1007.1,1003.3,60.0,47,4.9,45.0,17.5,38,0.0
2018/10/31,1007.4,1011.0,1004.9,73.0,65,5.3,43.0,20.0,36,0.5
2018/11/01,1008.1,1010.4,1006.5,75.0,68,5.4,39.0,18.1,41,1.5
2018/11/02,1007.1,1008.6,1004.7,82.0,71,3.7,41.0,16.3,20,0.5
2018/11/03,1008.9,1010.2,1007.2,90.0,82,1.5,17.0,6.2,2,0.0
2018/11/04,1009.0,1010.9,1007.4,83.0,70,2.4,26.0,9.0,12,0.0
2018/11/05,1009.0,1010.7,1007.7,80.0,64,2.0,25.0,8.2,36,0.0
2018/11/06,1009.5,1011.3,1008.0,77.0,64,1.2,77.0,4.9,305,0.0
2018/11/07,1009.7,1011.9,1008.3,83.0,63,1.0,22.0,5.5,269,0.0
2018/11/08,1009.2,1010.7,1008.0,80.0,65,1.4,177.0,4.9,315,0.0
2018/11/09,1010.0,1011.2,1008.5,78.0,66,2.8,47.0,9.5,101,0.0
2018/11/10,1010.1,1012.1,1008.0,78.0,60,1.6,29.0,8.3,53,0.0
2018/11/11,1009.3,1011.5,1007.6,84.0,72,1.1,2.0,6.1,323,0.0
2018/11/12,1007.4,1010.0,1005.1,80.0,62,1.7,23.0,8.6,38,0.0
2018/11/13,1007.4,1008.9,1005.3,74.0,65,3.0,30.0,11.9,14,0.0
2018/11/14,1008.7,1010.4,1006.5,69.0,59,2.8,35.0,9.9,59,0.0
2018/11/15,1009.1,1011.5,1007.1,74.0,54,1.5,55.0,7.0,350,0.0
2018/11/16,1008.8,1010.2,1007.1,79.0,64,1.7,36.0,7.5,30,0.0
2018/11/17,1009.5,1011.6,1007.9,86.0,82,2.3,34.0,9.0,34,4.0
2018/11/18,1008.8,1010.6,1006.5,85.0,66,1.0,16.0,5.9,296,1.5
2018/11/19,1011.1,1013.3,1009.5,86.0,79,2.4,37.0,11.0,25,15.0
2018/11/20,1009.5,1011.3,1007.2,70.0,60,1.8,52.0,7.9,19,0.0
2018/11/21,1009.2,1011.7,1006.9,81.0,55,1.2,27.0,5.8,42,0.0
2018/11/22,1013.1,1016.0,1011.2,80.0,70,3.7,53.0,13.4,36,0.0
2018/11/23,1012.1,1014.7,1011.0,74.0,68,3.0,50.0,13.6,61,0.0
2018/11/24,1011.0,1012.7,1008.6,71.0,52,1.8,97.0,6.6,334,0.0
2018/11/25,1009.9,1011.6,1007.6,72.0,54,1.3,113.0,4.7,239,0.5
2018/11/26,1011.4,1012.8,1010.2,80.0,56,1.8,49.0,8.1,122,2.0
2018/11/27,1011.6,1013.0,1010.2,75.0,66,2.6,28.0,9.8,29,0.0
2018/11/28,1012.4,1014.5,1010.1,81.0,66,2.1,24.0,10.4,112,7.5
2018/11/29,1013.6,1015.8,1012.3,65.0,52,2.3,39.0,8.1,59,0.0
2018/11/30,1012.3,1014.3,1010.4,68.0,50,1.4,89.0,4.8,305,0.0
2018/12/01,1010.9,1013.0,1009.0,78.0,56,1.3,8.0,5.0,271,0.0
2018/12/02,1009.1,1010.6,1006.8,73.0,45,1.3,52.0,6.0,265,0.0
2018/12/03,1009.6,1011.5,1008.0,76.0,48,0.9,87.0,4.5,327,0.0
2018/12/04,1009.6,1011.3,1007.8,68.0,46,1.4,89.0,6.0,13,0.0
2018/12/05,1009.1,1011.6,1006.7,77.0,69,2.5,29.0,12.1,69,0.0
2018/12/06,1008.6,1010.8,1006.3,81.0,57,1.7,30.0,9.7,21,0.0
2018/12/07,1012.8,1014.9,1010.6,80.0,66,4.1,35.0,15.0,44,0.5
2018/12/08,1013.7,1015.9,1011.4,76.0,63,4.4,35.0,15.9,53,0.0
2018/12/09,1012.9,1015.1,1010.2,80.0,69,3.8,43.0,13.4,22,0.0
2018/12/10,1010.7,1013.2,1008.3,90.0,85,2.6,38.0,10.4,33,0.5
2018/12/11,1011.7,1015.0,1009.6,89.0,81,2.9,42.0,14.0,51,0.0
2018/12/12,1016.7,1018.6,1014.8,79.0,70,4.0,43.0,14.4,54,0.0
2018/12/13,1016.5,1018.0,1015.0,78.0,68,3.2,37.0,10.0,98,0.0
2018/12/14,1016.4,1017.6,1015.1,75.0,66,3.1,49.0,12.5,53,0.0
2018/12/15,1014.3,1016.3,1011.9,71.0,54,2.2,54.0,10.6,3,0.0
2018/12/16,1013.6,1015.6,1011.8,81.0,68,1.6,2.0,8.4,42,0.0
2018/12/17,1015.6,1018.0,1013.6,60.0,50,3.1,31.0,11.7,26,0.0
2018/12/18,1014.1,1016.5,1011.7,47.0,29,2.7,25.0,10.5,50,0.0
2018/12/19,1012.3,1014.6,1010.2,66.0,37,1.2,35.0,5.0,284,0.0
2018/12/20,1009.8,1011.9,1006.9,67.0,37,1.2,280.0,5.6,275,0.0
2018/12/21,1009.4,1011.4,1007.8,81.0,64,1.7,25.0,8.3,12,0.0
2018/12/22,1009.8,1011.8,1008.1,83.0,66,1.5,14.0,5.9,21,0.0
2018/12/23,1010.2,1012.4,1007.6,89.0,82,3.5,44.0,16.1,18,18.5
2018/12/24,1010.0,1013.4,1007.3,81.0,72,3.8,40.0,14.7,39,8.0
2018/12/25,1007.0,1008.6,1005.3,87.0,72,2.0,56.0,7.6,347,0.0
2018/12/26,1006.9,1008.3,1005.2,91.0,86,2.2,39.0,8.0,42,0.5
2018/12/27,1010.6,1013.5,1007.9,85.0,78,4.3,43.0,15.8,14,0.0
2018/12/28,1015.1,1017.5,1012.6,74.0,63,5.3,40.0,18.7,68,0.0
2018/12/29,1018.4,1020.9,1015.6,71.0,61,5.2,44.0,16.7,33,0.0
2018/12/30,1016.6,1018.5,1013.6,73.0,65,4.3,54.0,16.1,47,0.0
2018/12/31,1018.1,1019.9,1015.9,83.0,73,4.3,42.0,14.5,18,0.0
2019/01/01,1016.9,1018.9,1014.6,76.0,66,4.3,46.0,15.3,34,0.0
2019/01/02,1016.5,1018.6,1014.2,79.0,69,2.9,50.0,12.3,35,0.0
2019/01/03,1016.4,1018.5,1014.6,83.0,73,2.6,50.0,10.3,28,2.5
2019/01/04,1015.0,1016.2,1013.3,91.0,75,1.0,9.0,6.2,328,0.5
2019/01/05,1013.6,1015.5,1011.7,91.0,79,1.6,30.0,6.1,23,8.5
2019/01/06,1014.6,1017.4,1012.7,87.0,78,2.8,36.0,11.1,19,5.0
2019/01/07,1012.9,1014.4,1011.0,82.0,62,0.9,3.0,5.3,292,0.0
2019/01/08,1014.0,1015.9,1012.2,86.0,77,3.1,29.0,12.2,27,0.0
2019/01/09,1014.4,1016.5,1012.1,73.0,61,2.5,17.0,10.6,65,0.0
2019/01/10,1012.8,1014.9,1011.2,90.0,79,1.1,6.0,5.8,4,0.0
2019/01/11,1011.3,1012.9,1009.3,93.0,79,0.8,317.0,5.6,300,0.0
2019/01/12,1011.7,1013.2,1010.2,88.0,77,2.1,31.0,9.1,11,0.0
2019/01/13,1012.4,1014.1,1011.3,82.0,77,2.9,29.0,10.3,32,0.0
2019/01/14,1010.6,1012.3,1008.4,69.0,54,2.3,42.0,8.1,32,0.0
2019/01/15,1011.5,1013.5,1009.7,85.0,76,2.5,25.0,11.6,38,0.0
2019/01/16,1012.6,1014.6,1010.4,89.0,82,3.6,25.0,12.8,30,9.0
2019/01/17,1015.0,1016.7,1013.1,83.0,71,4.0,33.0,13.0,34,5.0
2019/01/18,1013.5,1015.8,1011.2,60.0,44,2.1,35.0,12.7,355,0.0
2019/01/19,1012.7,1015.0,1010.9,80.0,56,1.5,177.0,5.2,327,0.0
2019/01/20,1012.9,1015.4,1011.2,84.0,74,2.8,35.0,12.9,58,0.0
2019/01/21,1014.4,1016.0,1012.9,81.0,71,3.7,30.0,13.3,43,0.0
2019/01/22,1014.5,1016.4,1013.4,69.0,60,2.8,37.0,9.7,6,0.0
2019/01/23,1012.6,1013.9,1011.0,61.0,49,2.3,44.0,8.2,13,0.0
2019/01/24,1012.6,1014.5,1010.8,65.0,50,2.3,24.0,8.7,16,0.0
2019/01/25,1014.0,1016.5,1012.2,77.0,59,1.9,100.0,8.7,16,0.0
2019/01/26,1017.4,1019.2,1015.7,62.0,54,4.3,50.0,16.2,29,0.0
2019/01/27,1016.6,1019.4,1014.1,62.0,56,2.6,43.0,11.9,53,0.0
2019/01/28,1014.1,1016.2,1012.4,72.0,52,1.5,92.0,6.5,326,0.0
2019/01/29,1013.8,1015.6,1011.4,72.0,50,1.2,51.0,7.9,349,0.0
2019/01/30,1013.5,1016.3,1010.9,81.0,67,1.0,34.0,5.4,270,0.0
2019/01/31,1012.2,1016.0,1009.4,69.0,47,2.1,17.0,12.4,25,0.0
2019/02/01,1015.9,1018.9,1014.0,74.0,72,3.1,42.0,12.8,36,0.0
2019/02/02,1011.6,1014.2,1009.7,82.0,66,0.9,289.0,4.8,277,0.0
2019/02/03,1010.6,1012.0,1009.4,80.0,52,1.2,114.0,6.5,299,1.0
2019/02/04,1012.4,1014.9,1010.8,86.0,79,3.2,31.0,11.3,23,0.0
2019/02/05,1010.0,1012.1,1007.4,88.0,77,1.7,28.0,7.4,27,0.0
2019/02/06,1007.5,1010.7,1005.0,82.0,56,1.3,331.0,5.7,317,0.0
2019/02/07,1008.2,1010.5,1005.2,74.0,24,2.1,7.0,11.3,285,0.0
2019/02/08,1010.9,1013.2,1008.9,83.0,78,2.6,33.0,9.0,39,0.0
2019/02/09,1012.9,1015.0,1010.3,86.0,83,2.5,39.0,10.1,32,0.0
2019/02/10,1015.8,1017.8,1013.9,86.0,78,2.6,37.0,8.6,55,0.0
2019/02/11,1018.0,1019.3,1017.0,86.0,78,3.0,35.0,10.8,45,0.0
2019/02/12,1016.4,1018.3,1014.2,88.0,81,1.2,21.0,7.7,9,0.0
2019/02/13,1015.4,1017.5,1013.6,87.0,78,2.2,32.0,8.3,34,0.0
2019/02/14,1014.6,1016.5,1013.4,89.0,85,1.9,36.0,7.3,44,0.0
2019/02/15,1012.8,1014.9,1010.3,82.0,63,0.9,63.0,5.0,31,0.0
2019/02/16,1012.5,1014.0,1011.4,87.0,81,2.4,23.0,9.1,24,0.0
2019/02/17,1012.2,1014.5,1010.0,81.0,72,2.9,31.0,10.2,28,0.0
2019/02/18,1009.1,1011.8,1006.6,91.0,82,1.1,352.0,5.3,348,0.0
2019/02/19,1011.1,1013.4,1008.4,82.0,65,1.2,8.0,12.3,301,1.5
2019/02/20,1012.8,1014.0,1011.5,88.0,69,0.9,296.0,5.0,310,0.0
2019/02/21,1011.1,1013.6,1009.0,87.0,69,1.6,44.0,8.6,345,0.5
2019/02/22,1010.9,1012.5,1009.3,90.0,78,2.3,1.0,9.5,57,0.5
2019/02/23,1011.2,1012.9,1009.1,78.0,66,3.1,31.0,10.4,47,5.0
2019/02/24,1009.6,1011.6,1008.1,93.0,87,1.8,32.0,7.6,80,56.0
2019/02/25,1010.4,1012.3,1008.0,83.0,70,1.8,34.0,8.2,45,0.0
2019/02/26,1010.5,1013.0,1008.0,77.0,66,2.1,28.0,8.3,7,0.0
2019/02/27,1008.8,1011.5,1005.5,82.0,58,0.9,98.0,5.8,273,0.5
2019/02/28,1009.1,1011.0,1007.8,86.0,78,2.1,49.0,9.4,41,0.0
,1009.8,--,--,83.0,--,1.9,34.0,--,--,0.0
2019/03/02,1006.1,1008.9,1004.2,87.0,72,0.9,25.0,5.8,303,0.0
2019/03/03,1004.4,1007.5,1001.9,92.0,87,1.3,126.0,12.5,314,21.0
2019/03/04,1008.3,1010.0,1006.7,74.0,53,2.4,42.0,9.2,2,0.0
2019/03/05,1006.5,1008.9,1003.1,79.0,48,2.2,7.0,9.8,300,9.0
2019/03/06,1008.0,1011.8,1006.1,90.0,81,1.9,14.0,8.4,74,21.0
2019/03/07,1011.4,1013.0,1009.5,86.0,79,3.3,33.0,12.0,67,26.0
2019/03/08,1010.2,1013.0,1007.9,89.0,83,1.9,31.0,8.2,38,15.5
2019/03/09,1005.3,1008.9,1002.2,96.0,94,1.0,2.0,5.0,109,93.5
2019/03/10,1006.2,1008.3,1004.2,89.0,74,2.0,26.0,8.2,150,29.5
2019/03/11,1007.3,1008.9,1005.8,70.0,63,2.0,37.0,8.2,51,0.0
2019/03/12,1008.7,1010.5,1008.0,58.0,40,1.9,80.0,6.3,14,0.0
2019/03/13,1010.8,1012.2,1009.4,65.0,32,1.3,122.0,5.9,104,0.0
2019/03/14,1012.3,1014.7,1010.5,79.0,71,1.7,3.0,9.4,13,0.0
2019/03/15,1014.4,1016.7,1012.1,60.0,14,2.7,51.0,10.8,36,6.0
2019/03/16,1011.5,1013.1,1009.9,51.0,16,2.1,96.0,10.7,29,0.0
2019/03/17,1011.9,1014.2,1009.8,78.0,62,1.1,24.0,6.4,4,0.0
2019/03/18,1009.4,1011.4,1007.4,87.0,77,1.0,157.0,5.0,305,0.0
2019/03/19,1008.1,1010.9,1006.1,78.0,60,1.6,18.0,6.9,360,0.0
2019/03/20,1005.5,1008.1,1002.6,85.0,68,2.2,191.0,10.6,259,0.0
2019/03/21,1003.4,1006.1,1000.6,78.0,58,3.3,253.0,13.2,234,0.0
2019/03/22,1007.4,1010.6,1005.3,82.0,70,2.3,34.0,9.1,45,0.0
2019/03/23,1012.3,1015.0,1009.3,79.0,71,3.4,51.0,13.2,34,4.0
2019/03/25,1010.5,1012.6,1009.0,88.0,73,1.4,55.0,9.6,39,7.0
2019/03/25,1009.8,1012.0,1007.3,94.0,91,1.0,23.0,8.1,330,27.5
2019/03/26,1011.7,1013.8,1009.9,76.0,58,1.8,35.0,8.1,11,0.0
2019/03/27,1009.7,1012.9,1007.0,78.0,59,1.5,185.0,5.6,271,0.0
2019/03/28,1003.5,1007.2,999.6,77.0,58,3.3,188.0,15.1,260,0.0
2019/03/29,1003.2,1008.6,1001.0,83.0,71,1.8,308.0,17.4,13,7.0
2019/03/30,1007.1,1008.7,1003.7,77.0,66,2.1,47.0,13.2,147,1.0
2019/03/31,1010.7,1014.2,1008.3,67.0,55,3.2,53.0,12.9,66,0.0
2019/04/01,1013.2,1015.4,1010.9,77.0,70,2.9,60.0,12.3,43,3.5
2019/04/02,1010.6,1012.5,1008.8,78.0,66,1.3,21.0,7.1,339,0.0
2019/04/03,1010.9,1013.1,1009.4,88.0,79,0.8,26.0,5.7,34,0.5
2019/04/04,1008.4,1010.1,1005.8,86.0,65,1.1,100.0,8.8,9,0.0
2019/04/06,1006.4,1008.3,1004.4,81.0,61,1.2,6.0,6.3,320,0.0
2019/04/06,1005.5,1006.9,1003.7,78.0,59,1.2,47.0,6.1,277,0.0
2019/04/07,1004.7,1006.6,1002.8,79.0,64,2.4,267.0,11.7,277,0.0
2019/04/08,1005.2,1006.6,1003.9,76.0,56,1.2,292.0,6.5,263,0.0
2019/04/09,1002.9,1005.3,1000.0,81.0,64,3.4,262.0,15.1,277,0.0
2019/04/10,1003.3,1005.6,1001.3,80.0,65,3.5,54.0,15.9,255,0.0
2019/04/11,1004.6,1009.4,1001.8,83.0,67,2.1,39.0,12.4,6,21.5
2019/04/12,1008.3,1009.9,1006.4,74.0,65,2.6,45.0,9.8,60,0.5
2019/04/13,1008.0,1009.3,1006.4,87.0,67,1.3,12.0,7.8,9,5.5
2019/04/14,1007.7,1009.7,1005.9,82.0,61,2.0,19.0,9.3,9,2.5
2019/04/15,1007.7,1009.6,1006.1,72.0,62,2.6,59.0,14.4,44,1.5
2019/04/16,1005.8,1007.5,1003.9,92.0,78,0.7,14.0,3.8,327,42.0
2019/04/17,1004.8,1007.0,1002.9,71.0,50,1.9,94.0,8.1,14,0.0
2019/04/18,1004.3,1006.4,1003.0,74.0,59,0.8,296.0,5.9,322,0.0
2019/04/19,1002.5,1004.3,1000.5,86.0,74,1.4,9.0,9.5,162,9.5
2019/04/20,1001.8,1003.3,999.8,89.0,75,1.1,2.0,4.7,266,23.0
2019/04/21,1001.5,1003.0,999.8,85.0,62,1.6,228.0,16.2,220,115.0
2019/04/22,1002.1,1004.8,1000.0,83.0,66,2.0,281.0,11.2,180,0.0
2019/04/23,1002.1,1003.8,999.1,75.0,60,2.6,254.0,11.2,259,0.0
2019/04/24,1001.6,1004.0,998.8,79.0,67,2.9,260.0,13.7,265,0.0
2019/04/25,1001.0,1004.3,998.6,72.0,57,3.4,265.0,16.4,269,0.0
2019/04/26,1004.5,1008.1,1002.2,77.0,57,1.9,27.0,7.9,91,0.0
2019/04/27,1006.1,1008.3,1003.7,75.0,66,2.5,49.0,9.8,68,0.0
2019/04/28,1006.2,1008.8,1004.6,81.0,61,1.2,35.0,6.2,16,0.0
2019/04/29,1003.8,1006.0,1001.7,75.0,59,1.4,263.0,7.5,269,0.0
2019/04/30,999.9,1002.7,997.3,75.0,59,3.1,264.0,14.7,259,0.5
2019/05/01,1002.7,1005.1,997.9,88.0,71,2.1,44.0,10.6,67,92.0
2019/05/02,1005.1,1007.4,1001.5,74.0,49,2.5,55.0,11.7,26,5.5
2019/05/03,1006.6,1008.9,1004.6,61.0,48,2.9,46.0,12.8,50,2.5
2019/05/04,1005.9,1007.2,1004.2,77.0,63,2.1,102.0,5.9,80,5.5
2019/05/05,1003.4,1005.7,1000.1,69.0,50,1.6,107.0,5.3,77,0.5
2019/05/06,1002.8,1004.3,1001.1,84.0,70,2.5,48.0,14.7,16,8.0
2019/05/07,1003.7,1005.8,1000.6,79.0,69,3.1,53.0,12.7,39,4.5
2019/05/08,1002.7,1004.3,1001.0,87.0,73,1.4,37.0,6.8,23,0.5
2019/05/09,1001.9,1003.0,1000.4,92.0,86,1.3,52.0,7.3,33,14.0
2019/05/10,1002.7,1004.2,1001.1,83.0,73,1.5,58.0,7.1,23,1.5
2019/05/11,1003.9,1005.7,1002.2,80.0,66,1.5,61.0,7.8,30,0.0
2019/05/12,1003.4,1004.8,1001.5,79.0,66,1.2,95.0,6.4,333,0.0
2019/05/13,1002.9,1004.8,1001.3,82.0,67,1.1,267.0,7.4,274,0.0
2019/05/14,1002.5,1003.9,1001.2,82.0,70,1.6,26.0,7.9,273,0.0
2019/05/15,1002.4,1004.1,1000.8,78.0,60,1.2,32.0,6.1,281,0.0
2019/05/16,999.3,1002.0,997.1,75.0,59,3.5,256.0,12.9,247,0.0
2019/05/17,997.4,1000.3,995.1,80.0,59,3.6,245.0,13.3,237,212.0
2019/05/18,998.1,999.9,995.9,84.0,72,3.7,248.0,12.9,267,1.0
2019/05/19,999.4,1001.2,997.8,73.0,63,4.8,249.0,13.9,263,0.0
2019/05/20,1001.3,1004.6,998.1,82.0,72,2.5,61.0,14.5,308,23.5
2019/05/21,1003.1,1004.5,1001.9,57.0,42,2.2,54.0,10.4,52,0.0
2019/05/22,1002.8,1003.9,1001.5,68.0,58,0.9,26.0,3.5,23,0.0
2019/05/23,1004.3,1006.2,1002.7,84.0,75,0.9,93.0,4.3,16,10.5
2019/05/24,1004.4,1005.9,1002.9,77.0,61,1.1,307.0,5.7,283,0.0
2019/05/25,1003.6,1004.9,1002.4,77.0,54,1.0,104.0,5.8,316,0.0
2019/05/26,1002.7,1004.1,1001.4,76.0,62,1.1,316.0,5.5,331,0.0
2019/05/27,1002.1,1003.4,1000.6,83.0,75,1.0,34.0,8.4,274,4.0
2019/05/28,1003.3,1005.9,1001.3,90.0,82,1.5,49.0,9.1,47,94.5
2019/05/29,1004.3,1005.6,1002.7,73.0,65,2.3,34.0,10.3,37,0.0
2019/05/30,1003.0,1004.7,1000.8,74.0,59,1.1,97.0,5.8,320,0.0
2019/05/31,1002.0,1003.0,1000.5,76.0,61,1.2,4.0,7.7,278,0.0
2019/06/02,1000.6,1002.2,998.7,83.0,69,2.1,88.0,12.0,283,0.5
2019/06/02,998.8,1001.1,997.2,70.0,58,4.5,243.0,14.9,253,0.0
2019/06/03,999.8,1001.3,998.6,71.0,59,3.9,260.0,14.6,271,0.5
2019/06/04,1001.7,1003.9,999.6,77.0,59,1.7,249.0,8.5,248,65.0
2019/06/05,1003.5,1005.0,1002.1,75.0,56,1.2,74.0,6.0,337,0.0
2019/06/06,1003.4,1005.0,1002.2,77.0,61,2.5,118.0,12.8,267,0.0
2019/06/07,1002.9,1004.2,1001.9,76.0,55,2.9,259.0,12.4,260,0.0
2019/06/08,1000.5,1002.8,998.5,74.0,62,2.7,257.0,14.1,269,0.0
2019/06/09,997.4,999.5,995.8,64.0,55,5.1,249.0,16.5,252,0.0
2019/06/10,996.2,997.4,994.9,71.0,57,4.1,247.0,13.0,232,15.0
2019/06/11,997.8,1000.8,994.7,91.0,69,1.8,18.0,8.8,237,80.0
2019/06/12,999.9,1001.0,999.0,90.0,76,1.3,35.0,5.3,38,26.0
2019/06/13,996.3,999.4,993.6,93.0,85,1.3,297.0,12.2,238,70.5
2019/06/14,995.6,998.2,992.1,87.0,72,1.8,57.0,10.6,276,147.5
2019/06/15,998.8,1000.2,997.3,64.0,46,2.2,62.0,9.0,15,0.0
2019/06/16,1000.1,1002.4,998.2,68.0,52,1.2,310.0,5.4,354,0.0
2019/06/17,1002.9,1005.0,1001.5,78.0,63,1.0,20.0,5.9,164,5.0
2019/06/19,1002.1,1003.7,1000.8,80.0,66,2.4,268.0,12.6,259,0.0
2019/06/19,1000.3,1001.6,998.1,72.0,62,4.2,248.0,15.1,260,0.0
2019/06/20,998.7,1000.2,997.3,70.0,57,4.3,244.0,14.8,242,0.0
2019/06/21,997.4,998.7,995.8,66.0,54,5.0,267.0,17.1,253,0.0
2019/06/22,996.4,997.7,995.1,69.0,59,4.3,248.0,15.9,253,0.0
2019/06/23,998.1,1000.9,994.6,87.0,66,2.5,247.0,14.1,284,55.5
2019/06/24,1001.5,1002.9,999.3,92.0,86,0.9,97.0,4.1,207,23.5
2019/06/25,1000.7,1002.6,999.1,82.0,60,1.0,98.0,7.6,251,1.0
2019/06/27,997.2,999.5,994.7,79.0,59,1.9,90.0,10.4,251,0.0
2019/06/27,995.3,996.3,993.5,76.0,57,1.9,264.0,12.9,266,0.0
2019/06/28,995.8,996.9,994.3,75.0,60,1.6,276.0,10.3,281,0.0
2019/06/29,995.5,997.0,994.1,76.0,62,2.1,270.0,10.2,250,0.0
2019/06/30,996.2,997.7,994.8,76.0,62,2.3,67.0,9.4,245,0.0
2019/07/01,995.9,997.9,993.5,79.0,64,1.2,89.0,5.0,339,0.0
2019/07/02,995.8,999.5,992.3,81.0,63,2.0,101.0,12.0,260,37.5
2019/07/03,1000.3,1002.6,998.5,72.0,53,2.7,245.0,14.8,224,0.5
2019/07/04,1000.3,1001.6,998.4,62.0,55,4.2,250.0,15.6,283,0.0
2019/07/05,996.8,999.3,994.4,60.0,49,5.9,248.0,19.3,245,0.0
2019/07/06,995.4,996.8,994.2,68.0,52,5.5,250.0,15.6,224,2.0
2019/07/07,997.2,999.6,995.4,67.0,51,5.2,257.0,16.8,260,0.0
2019/07/08,998.5,999.7,997.3,69.0,56,4.5,253.0,16.9,275,0.0
2019/07/09,996.2,998.0,993.9,63.0,54,5.3,249.0,15.1,221,0.0
2019/07/10,996.5,999.9,994.2,66.0,53,5.9,241.0,17.2,229,0.0
2019/07/11,1001.4,1003.5,998.6,70.0,57,2.5,176.0,12.7,257,0.0
2019/07/13,1000.8,1002.9,999.1,71.0,60,3.5,264.0,13.6,244,0.0
2019/07/13,997.3,999.8,995.3,64.0,50,5.9,249.0,18.3,263,0.0
2019/07/14,997.2,999.4,995.8,71.0,62,4.3,260.0,15.8,258,0.0
2019/07/15,998.3,999.8,997.1,73.0,50,1.3,184.0,7.1,249,0.0
2019/07/16,997.2,999.8,994.2,68.0,47,1.8,101.0,8.5,329,0.0
2019/07/18,991.0,995.4,987.0,64.0,49,3.4,60.0,17.9,69,0.0
2019/07/18,989.6,991.0,988.6,78.0,62,2.0,25.0,9.3,37,0.0
2019/07/19,992.2,996.0,989.4,74.0,59,3.1,246.0,13.5,223,0.0
2019/07/20,997.6,1000.8,995.1,65.0,53,4.0,228.0,15.8,262,0.0
2019/07/21,999.4,1001.1,997.8,68.0,53,2.3,196.0,12.0,280,0.0
2019/07/22,1000.0,1001.4,998.2,78.0,50,1.5,87.0,11.9,274,7.5
2019/07/23,999.9,1001.3,998.3,78.0,63,1.4,291.0,7.3,268,1.0
2019/07/24,1000.4,1001.7,999.0,76.0,60,1.9,193.0,10.2,272,0.0
2019/07/25,1001.0,1002.3,999.5,77.0,63,2.1,190.0,10.5,257,0.0
2019/07/26,999.2,999.5,997.4,75.0,64,1.9,194.0,10.3,271,0.0
2019/07/27,999.5,1001.8,997.8,77.0,59,1.9,94.0,7.6,271,12.0
2019/07/28,1001.0,1002.7,998.6,79.0,60,1.2,100.0,7.3,198,6.0
2019/07/29,1001.0,1002.4,999.0,79.0,63,1.2,2.0,6.7,334,0.0
2019/07/30,999.9,1001.7,997.8,76.0,60,1.0,299.0,5.6,18,0.0
2019/07/31,999.0,1000.4,997.3,75.0,63,1.5,64.0,6.7,10,0.0
2019/08/01,999.4,1000.6,998.1,77.0,55,1.3,97.0,12.4,181,8.0
2019/08/02,997.9,1000.2,995.3,74.0,58,1.1,43.0,8.5,285,1.5
2019/08/03,995.8,997.2,994.1,71.0,55,2.1,42.0,10.6,51,0.0
2019/08/04,994.4,995.6,993.0,72.0,58,1.4,91.0,6.9,330,0.0
2019/08/05,994.3,995.9,991.9,70.0,55,2.0,91.0,10.0,65,0.0
2019/08/06,994.1,996.2,991.4,63.0,47,2.7,33.0,13.2,48,0.0
2019/08/07,991.6,993.9,987.5,71.0,58,2.9,65.0,13.8,38,11.0
2019/08/08,987.4,990.4,984.3,87.0,75,2.5,59.0,11.6,138,73.0
2019/08/09,983.1,984.4,980.8,85.0,68,3.7,224.0,14.2,222,46.5
2019/08/10,986.5,991.1,981.9,73.0,60,7.5,249.0,21.0,247,1.5
2019/08/11,992.3,993.8,990.7,77.0,72,5.0,238.0,15.5,252,0.5
2019/08/12,994.0,995.5,992.5,80.0,68,2.9,239.0,12.6,244,11.0
2019/08/13,994.4,996.0,992.5,72.0,43,2.4,212.0,14.7,218,0.0
2019/08/14,994.3,995.8,992.1,74.0,59,3.8,251.0,13.2,274,0.0
2019/08/15,993.5,995.0,990.9,72.0,60,4.3,248.0,13.3,228,0.5
2019/08/16,995.3,997.9,993.6,76.0,61,4.1,237.0,12.7,242,15.0
2019/08/17,997.5,999.2,995.8,70.0,60,4.4,233.0,13.5,256,0.0
2019/08/18,998.1,999.6,996.5,75.0,61,3.1,229.0,12.3,240,1.0
2019/08/19,998.4,999.6,997.5,89.0,68,1.4,227.0,5.8,132,50.0
2019/08/20,997.9,999.3,996.4,82.0,61,1.5,18.0,8.3,8,0.0
2019/08/21,998.1,999.4,996.9,85.0,69,1.0,93.0,7.9,262,4.5
2019/08/22,999.1,1000.2,998.1,78.0,61,0.9,171.0,6.3,307,0.0
2019/08/23,997.1,1000.0,993.7,70.0,51,2.1,55.0,13.2,65,0.0
2019/08/24,989.4,995.7,981.6,65.0,47,4.3,66.0,19.6,98,0.0
2019/08/25,998.7,1002.5,992.9,82.0,61,1.1,54.0,6.9,61,17.0
2019/08/26,1002.5,1004.7,1000.6,81.0,61,1.1,53.0,5.9,285,1.5
2019/08/27,1001.6,1003.2,1000.2,82.0,68,0.9,330.0,6.0,325,0.0
2019/08/28,998.9,1000.4,996.3,78.0,63,1.1,322.0,6.1,314,0.0
2019/08/29,999.8,1002.0,998.2,74.0,60,1.7,255.0,10.0,244,0.0
2019/08/30,1001.5,1002.7,1000.1,80.0,66,1.3,94.0,11.0,125,0.0
2019/08/31,999.8,1001.8,998.2,72.0,50,1.4,286.0,5.8,266,0.0
2019/09/01,1000.7,1001.8,999.4,78.0,61,1.2,92.0,6.6,310,1.0
2019/09/02,1001.3,1002.9,999.2,75.0,55,1.2,197.0,6.7,333,0.0
2019/09/04,998.5,1000.7,995.5,69.0,53,1.3,71.0,6.2,287,0.0
2019/09/04,998.1,999.6,996.4,78.0,61,1.6,66.0,8.2,10,2.5
2019/09/05,996.0,997.9,994.4,86.0,65,1.3,65.0,6.8,7,33.5
2019/09/06,994.6,995.9,992.6,76.0,54,0.7,196.0,5.0,48,0.0
2019/09/07,996.8,998.6,995.1,76.0,58,1.1,277.0,6.4,260,0.0
2019/09/08,998.2,999.4,996.6,75.0,58,1.2,10.0,6.0,319,0.0
2019/09/09,999.3,1000.6,997.9,71.0,55,1.1,30.0,5.7,306,0.0
2019/09/10,1001.8,1003.7,1000.3,77.0,53,1.1,14.0,5.8,326,0.0
2019/09/11,1003.3,1005.3,1001.5,73.0,60,1.4,91.0,7.1,307,0.0
2019/09/12,1001.1,1003.1,998.0,63.0,48,2.4,66.0,12.3,52,0.0
2019/09/13,1000.1,1001.4,998.2,68.0,56,2.3,31.0,10.0,14,0.0
2019/09/14,1000.5,1002.1,998.3,70.0,54,2.4,38.0,10.0,22,0.0
2019/09/15,1000.7,1002.0,999.7,81.0,64,1.8,58.0,7.7,78,13.5
2019/09/16,1000.2,1001.6,998.3,76.0,65,2.9,60.0,12.5,20,0.0
2019/09/17,1001.6,1003.9,998.9,73.0,62,3.3,40.0,14.3,33,0.0
2019/09/18,1003.8,1006.1,1001.4,75.0,58,2.9,65.0,13.3,56,4.5
,1003.8,--,--,70.0,--,2.8,65.0,--,--,0.5
2019/09/21,1000.2,1002.7,998.5,83.0,72,2.7,109.0,10.8,37,10.0
2019/09/21,999.1,1002.5,997.0,85.0,68,1.3,111.0,7.4,150,6.0
2019/09/22,1005.2,1008.6,1000.3,68.0,55,1.7,95.0,7.4,152,0.0
2019/09/23,1009.3,1011.0,1007.1,66.0,56,2.1,48.0,9.9,8,0.0
2019/09/24,1009.8,1011.7,1008.1,66.0,57,2.5,56.0,10.9,45,0.0
2019/09/25,1009.0,1010.9,1007.5,62.0,52,2.8,41.0,10.9,28,0.0
2019/09/26,1008.7,1010.1,1007.2,76.0,71,1.9,47.0,9.3,64,0.0
2019/09/27,1007.6,1009.5,1006.0,81.0,72,2.3,41.0,11.4,50,0.0
2019/09/28,1006.2,1007.7,1004.3,82.0,71,2.4,39.0,11.0,40,0.0
2019/09/29,1002.8,1005.8,999.8,82.0,64,2.8,40.0,13.7,38,0.5
2019/09/30,996.5,1000.8,992.8,82.0,66,3.9,47.0,16.2,19,20.5
2019/10/02,999.8,1002.3,994.7,75.0,50,3.0,238.0,12.3,264,8.0
2019/10/02,1003.8,1005.1,1002.2,76.0,47,1.5,283.0,8.6,264,0.0
2019/10/03,1005.2,1007.1,1003.7,75.0,55,1.1,92.0,5.3,321,0.0
2019/10/04,1005.0,1006.7,1003.5,81.0,62,1.3,186.0,6.1,316,0.0
2019/10/05,1005.6,1007.5,1003.8,73.0,55,1.6,73.0,6.5,285,0.0
2019/10/06,1007.0,1008.4,1004.6,64.0,49,2.4,58.0,10.9,99,0.0
2019/10/07,1008.0,1009.3,1006.8,69.0,57,1.7,100.0,6.9,13,0.0
2019/10/08,1007.6,1009.2,1005.9,67.0,54,2.2,81.0,12.4,71,0.0
2019/10/09,1006.7,1008.4,1004.1,68.0,56,2.5,63.0,12.3,69,0.0
2019/10/10,1005.6,1008.3,1003.5,65.0,52,2.1,35.0,7.8,51,0.0
2019/10/11,1004.0,1006.3,1002.0,68.0,56,1.9,27.0,7.9,8,0.0
2019/10/12,1004.7,1006.3,1002.9,69.0,55,2.2,94.0,9.4,38,0.0
2019/10/13,1007.5,1009.8,1005.6,68.0,53,2.9,65.0,12.5,29,0.0
2019/10/14,1010.8,1014.0,1007.8,63.0,46,3.9,50.0,16.5,44,0.0
2019/10/15,1012.5,1014.7,1010.4,63.0,48,3.8,72.0,15.5,55,0.0
2019/10/16,1010.7,1013.0,1008.1,71.0,60,3.2,41.0,13.3,11,0.0
2019/10/17,1009.9,1011.7,1007.4,66.0,49,2.9,62.0,11.8,71,0.0
2019/10/18,1009.8,1011.1,1007.5,65.0,56,2.8,39.0,11.4,33,0.0
2019/10/19,1010.2,1011.9,1007.9,74.0,68,2.9,49.0,12.0,16,0.0
2019/10/20,1009.1,1011.4,1007.4,66.0,49,2.8,52.0,13.7,42,0.0
2019/10/21,1006.9,1008.9,1005.0,65.0,55,2.3,56.0,9.2,46,0.0
2019/10/22,1004.8,1006.7,1002.9,62.0,48,1.9,37.0,9.4,14,0.0
2019/10/23,1005.6,1007.5,1003.7,69.0,56,1.9,39.0,9.3,12,0.0
2019/10/24,1008.3,1010.0,1006.4,67.0,51,2.4,38.0,10.3,29,0.0
2019/10/25,1009.7,1011.3,1007.6,62.0,46,2.4,69.0,11.2,23,0.0
2019/10/26,1009.5,1011.7,1007.6,64.0,52,2.4,63.0,10.1,83,0.0
2019/10/27,1007.6,1009.5,1005.3,74.0,59,2.2,33.0,10.6,13,0.0
2019/10/28,1007.1,1008.6,1005.6,84.0,76,1.7,62.0,7.3,282,0.0
2019/10/29,1008.8,1010.2,1007.0,85.0,78,2.5,52.0,11.2,33,1.0
2019/10/30,1008.8,1011.1,1006.6,75.0,64,3.0,52.0,13.5,61,0.0
2019/10/31,1008.2,1009.7,1006.6,82.0,76,2.4,35.0,11.1,63,0.0
2019/11/01,1007.4,1009.8,1005.3,71.0,61,2.6,66.0,11.7,32,0.0
2019/11/02,1006.0,1007.6,1003.8,69.0,58,2.0,46.0,8.5,36,0.0
2019/11/03,1006.5,1008.5,1004.6,79.0,72,2.9,45.0,13.3,31,0.0
2019/11/04,1007.4,1009.9,1004.9,72.0,63,3.3,59.0,13.6,53,0.0
2019/11/05,1005.3,1007.6,1002.2,70.0,61,4.2,66.0,17.8,50,0.0
2019/11/06,1003.5,1005.2,1000.6,62.0,51,2.6,63.0,11.4,92,0.0
2019/11/07,1004.9,1008.3,1001.3,66.0,48,2.6,54.0,13.3,60,0.0
2019/11/08,1009.3,1011.2,1006.8,66.0,46,3.7,69.0,14.0,32,0.0
2019/11/09,1010.2,1013.3,1006.5,58.0,47,3.2,59.0,13.9,80,0.0
2019/11/10,1007.7,1010.2,1004.8,62.0,47,1.6,5.0,9.1,16,0.0
2019/11/11,1007.6,1009.3,1005.9,61.0,41,2.0,42.0,9.6,72,0.0
2019/11/12,1008.8,1010.9,1007.3,64.0,41,1.6,58.0,6.3,16,0.0
2019/11/13,1010.6,1013.1,1008.6,70.0,52,1.6,40.0,12.6,37,0.0
2019/11/14,1010.9,1013.8,1007.6,65.0,55,4.0,63.0,16.7,72,0.0
2019/11/15,1008.5,1010.4,1006.5,61.0,49,2.2,60.0,9.7,81,0.0
2019/11/16,1007.5,1009.2,1006.1,66.0,47,1.1,1.0,4.9,311,0.0
2019/11/17,1007.6,1009.2,1005.4,72.0,50,1.1,1.0,5.2,328,0.0
2019/11/18,1008.6,1012.1,1006.3,82.0,72,2.9,58.0,16.8,31,0.0
2019/11/19,1010.5,1012.9,1007.9,74.0,64,4.7,61.0,18.2,71,0.0
2019/11/20,1010.1,1012.9,1006.9,70.0,59,4.6,64.0,19.1,40,0.0
2019/11/21,1009.0,1010.6,1006.4,80.0,63,2.9,51.0,14.1,51,0.5
2019/11/22,1008.2,1009.6,1006.3,90.0,79,2.1,46.0,10.9,74,2.5
2019/11/23,1008.8,1010.8,1006.9,89.0,79,1.1,38.0,6.7,6,1.0
2019/11/24,1010.2,1012.1,1008.2,80.0,64,1.9,34.0,9.2,19,0.0
2019/11/25,1012.9,1014.9,1010.2,77.0,62,3.6,40.0,15.3,40,0.0
2019/11/26,1012.8,1014.7,1010.2,70.0,62,3.0,64.0,13.7,106,0.0
2019/11/27,1012.3,1014.6,1008.9,76.0,63,2.7,38.0,11.4,16,0.0
2019/11/28,1015.3,1017.2,1013.0,78.0,72,3.5,63.0,14.4,46,0.0
2019/11/29,1014.1,1016.8,1012.0,65.0,50,3.1,63.0,13.1,47,0.0
2019/11/30,1011.3,1013.4,1008.7,74.0,48,1.2,95.0,6.3,101,0.0
2019/12/01,1010.7,1012.1,1008.5,79.0,53,1.5,62.0,7.1,53,0.0
2019/12/02,1014.9,1017.9,1011.4,70.0,57,3.4,61.0,12.8,73,0.0
2019/12/03,1014.2,1016.1,1010.4,58.0,50,4.3,55.0,17.2,68,0.0
2019/12/04,1015.0,1017.5,1011.8,61.0,50,4.2,50.0,17.1,30,0.0
2019/12/05,1016.2,1018.9,1013.3,89.0,81,3.4,49.0,13.4,23,42.0
2019/12/06,1015.7,1018.3,1012.7,89.0,84,3.5,56.0,14.5,52,34.5
2019/12/07,1017.1,1019.0,1014.9,78.0,58,3.1,62.0,13.3,49,2.0
2019/12/08,1016.2,1018.7,1013.3,53.0,37,2.9,62.0,13.3,44,0.0
2019/12/09,1012.7,1015.3,1010.5,63.0,46,1.2,53.0,7.0,65,0.0
2019/12/10,1010.3,1012.4,1008.2,72.0,47,1.0,97.0,6.0,297,0.0
2019/12/11,1010.4,1012.3,1007.3,72.0,54,2.7,44.0,12.8,23,0.0
2019/12/12,1013.0,1015.1,1010.6,59.0,42,2.9,49.0,12.4,59,0.0
2019/12/13,1014.9,1016.8,1013.4,76.0,61,1.6,33.0,7.9,11,0.0
2019/12/14,1013.9,1016.7,1012.1,75.0,57,1.5,101.0,6.8,60,0.0
2019/12/15,1012.5,1015.0,1011.1,73.0,47,0.8,23.0,4.9,114,0.0
2019/12/16,1011.0,1013.4,1008.3,81.0,53,0.8,37.0,4.4,274,0.0
2019/12/17,1010.9,1013.4,1008.9,74.0,51,0.7,99.0,4.6,266,0.0
2019/12/18,1011.9,1013.8,1010.0,85.0,76,2.2,36.0,8.9,36,0.0
2019/12/19,1012.8,1014.9,1011.4,86.0,80,2.3,37.0,11.3,88,0.0
2019/12/20,1012.2,1014.6,1009.4,81.0,67,2.3,45.0,11.3,57,3.5
2019/12/22,1010.1,1012.3,1008.8,94.0,90,1.3,18.0,9.0,49,1.5
,1008.4,--,--,90.0,--,1.2,18.0,--,--,2.5
2019/12/23,1009.8,1011.6,1008.2,83.0,76,1.5,42.0,6.9,8,0.0
2019/12/24,1011.2,1013.2,1010.1,86.0,80,1.4,14.0,7.5,32,0.0
2019/12/25,1008.8,1011.3,1006.2,82.0,61,1.3,38.0,6.5,15,0.0
2019/12/26,1009.5,1013.0,1006.9,80.0,57,1.8,58.0,10.8,29,0.0
2019/12/27,1013.6,1016.2,1011.1,68.0,59,3.1,59.0,14.6,88,0.0
2019/12/28,1011.7,1013.8,1009.5,67.0,53,1.4,62.0,6.9,61,0.0
2019/12/29,1011.6,1013.3,1009.5,93.0,79,0.8,17.0,5.7,205,35.5
2019/12/30,1013.5,1016.5,1010.9,89.0,67,2.1,46.0,9.3,60,24.0
2019/12/31,1018.8,1022.6,1015.6,81.0,69,3.8,53.0,17.7,71,0.0
2020/01/01,1018.9,1021.5,1017.6,79.0,72,1.9,59.0,10.9,62,0.0
2020/01/02,1016.9,1019.3,1015.2,77.0,51,1.1,92.0,6.5,22,0.0
2020/01/03,1014.8,1017.4,1012.4,80.0,60,1.0,304.0,5.8,306,0.0
2020/01/04,1013.1,1015.5,1011.1,81.0,63,0.7,15.0,4.3,306,0.0
2020/01/05,1013.3,1015.1,1011.8,80.0,62,1.3,98.0,6.8,279,0.0
2020/01/06,1012.5,1015.2,1010.0,88.0,75,0.9,19.0,3.8,257,0.0
2020/01/07,1010.0,1012.8,1007.8,81.0,54,1.4,243.0,6.8,259,0.0
2020/01/08,1012.3,1014.9,1009.7,69.0,56,2.5,55.0,12.0,83,0.0
2020/01/09,1011.1,1013.9,1009.1,69.0,52,1.6,8.0,7.5,13,0.0
2020/01/10,1008.9,1010.8,1007.3,78.0,51,0.9,310.0,6.5,302,0.0
2020/01/11,1008.4,1009.6,1007.1,84.0,72,1.2,358.0,6.3,20,0.0
2020/01/12,1010.5,1013.2,1008.5,82.0,73,2.5,52.0,11.1,50,0.0
2020/01/13,1010.6,1013.2,1008.3,76.0,69,2.1,44.0,9.0,62,0.0
2020/01/14,1012.8,1014.9,1010.1,81.0,68,2.0,59.0,11.5,39,9.0
2020/01/15,1011.6,1013.4,1009.4,77.0,54,1.7,65.0,9.0,56,0.0
2020/01/16,1011.1,1012.6,1008.7,83.0,66,1.4,8.0,6.0,29,0.0
2020/01/17,1013.1,1014.8,1011.2,87.0,80,2.2,51.0,9.9,42,0.0
2020/01/18,1013.4,1015.1,1011.5,75.0,66,2.2,71.0,8.8,69,0.0
2020/01/19,1014.1,1016.0,1012.4,82.0,77,1.7,52.0,7.2,44,0.0
2020/01/20,1015.6,1017.3,1013.3,72.0,59,2.0,27.0,10.3,17,0.0
2020/01/21,1015.1,1017.7,1013.0,70.0,46,1.3,1.0,6.4,105,0.0
2020/01/22,1012.5,1014.9,1010.3,82.0,60,0.7,2.0,5.1,316,0.0
2020/01/23,1011.2,1012.8,1009.5,72.0,53,1.2,103.0,5.6,309,0.0
2020/01/24,1012.7,1014.0,1011.3,93.0,86,1.5,47.0,7.3,50,0.0
2020/01/25,1010.7,1013.7,1008.8,93.0,91,2.1,40.0,8.4,59,1.5
2020/01/27,1005.9,1009.4,1002.9,93.0,89,1.7,14.0,9.8,340,35.0
2020/01/27,1008.4,1010.8,1006.2,82.0,71,1.7,72.0,6.9,51,0.5
2020/01/28,1010.9,1014.3,1008.0,75.0,67,2.2,58.0,9.6,38,0.5
2020/01/29,1013.1,1014.6,1011.7,69.0,60,2.2,71.0,9.8,67,0.0
2020/01/30,1014.3,1016.2,1012.4,53.0,38,2.4,99.0,7.8,44,0.0
2020/01/31,1015.1,1017.1,1013.2,53.0,41,2.5,47.0,10.2,51,0.0
2020/02/01,1015.7,1017.5,1013.6,61.0,43,1.9,92.0,9.5,12,0.0
2020/02/02,1015.4,1017.6,1013.5,68.0,48,1.0,97.0,5.5,301,0.0
2020/02/03,1014.4,1015.7,1013.0,78.0,61,1.9,61.0,10.2,12,0.0
2020/02/04,1013.5,1015.4,1011.8,88.0,83,1.7,43.0,8.0,49,2.0
2020/02/05,1014.4,1016.4,1012.2,79.0,67,2.6,46.0,13.4,31,1.5
2020/02/06,1011.7,1014.6,1008.5,72.0,50,1.8,309.0,10.0,88,0.0
2020/02/07,1015.3,1016.9,1013.2,90.0,79,1.9,54.0,8.7,49,3.5
2020/02/08,1017.4,1019.1,1015.8,73.0,67,2.5,54.0,12.5,42,0.0
2020/02/09,1018.0,1021.0,1016.5,71.0,67,2.3,43.0,10.5,57,0.0
2020/02/10,1014.9,1017.0,1013.1,64.0,48,1.5,66.0,6.7,58,0.0
2020/02/11,1014.5,1017.0,1012.6,84.0,63,0.8,184.0,4.1,173,0.0
2020/02/12,1011.1,1013.3,1008.7,70.0,43,0.9,94.0,4.7,302,0.5
2020/02/13,1008.7,1010.7,1005.9,78.0,54,1.2,90.0,6.5,318,1.5
2020/02/14,1008.4,1011.3,1006.0,86.0,61,1.1,84.0,7.2,303,0.0
2020/02/15,1007.6,1011.1,1004.8,81.0,56,1.3,92.0,6.0,282,3.5
2020/02/16,1013.3,1018.6,1005.5,87.0,64,2.9,53.0,14.1,59,41.5
2020/02/17,1019.5,1022.0,1016.3,57.0,47,3.1,48.0,13.8,6,0.0
2020/02/18,1018.6,1021.0,1016.1,54.0,43,2.7,51.0,13.4,70,0.0
2020/02/19,1016.9,1018.2,1015.2,73.0,51,1.3,3.0,8.1,23,0.0
2020/02/20,1017.5,1019.1,1015.9,80.0,64,1.9,101.0,11.6,35,0.0
2020/02/21,1019.1,1020.6,1017.6,87.0,79,0.9,14.0,7.0,8,0.0
2020/02/22,1018.5,1020.2,1015.6,81.0,70,2.1,44.0,12.9,64,0.0
2020/02/23,1016.3,1019.2,1013.7,69.0,55,2.0,72.0,10.5,50,0.0
2020/02/24,1013.1,1015.1,1011.1,82.0,61,1.2,101.0,6.3,268,0.0
2020/02/25,1011.0,1013.4,1009.0,71.0,44,1.0,133.0,5.1,288,0.0
2020/02/26,1011.4,1013.4,1009.7,77.0,53,1.4,39.0,7.2,23,0.0
2020/02/27,1012.9,1015.4,1010.9,80.0,72,2.3,38.0,11.5,40,0.0
2020/02/28,1010.5,1012.0,1008.8,84.0,73,0.9,313.0,6.8,8,0.0
2020/02/29,1007.5,1009.4,1005.3,74.0,56,1.0,113.0,5.1,276,0.0
2020/03/01,1007.8,1011.3,1005.4,86.0,76,1.2,52.0,10.4,36,0.0
2020/03/02,1011.9,1014.5,1009.2,73.0,63,2.7,53.0,13.1,75,0.0
2020/03/03,1011.8,1014.4,1009.3,76.0,58,1.4,36.0,7.4,20,0.0
2020/03/04,1012.0,1015.4,1009.2,85.0,79,2.1,57.0,11.8,47,1.0
2020/03/05,1012.8,1015.1,1010.1,80.0,67,2.6,64.0,13.4,96,7.5
2020/03/06,1009.8,1011.9,1007.3,79.0,68,0.7,328.0,3.5,338,0.0
2020/03/07,1007.1,1009.5,1004.6,80.0,59,0.9,127.0,6.4,275,0.0
2020/03/09,1004.5,1007.0,1002.4,82.0,66,1.1,27.0,6.7,321,0.0
2020/03/10,1000.8,1004.4,998.6,87.0,75,1.8,195.0,11.8,257,1.0
2020/03/10,1007.2,1012.6,1000.9,82.0,58,2.5,20.0,12.8,237,57.5
2020/03/11,1011.3,1013.3,1009.6,62.0,50,2.3,20.0,8.9,31,0.0
2020/03/12,1009.0,1009.8,1006.9,84.0,78,0.8,29.0,4.6,301,1.0
2020/03/13,1009.2,1011.2,1007.3,93.0,85,0.9,152.0,7.0,32,13.0
2020/03/14,1011.4,1013.4,1009.1,73.0,55,2.5,66.0,11.9,71,3.0
2020/03/15,1012.1,1014.2,1009.4,52.0,31,2.2,28.0,11.4,15,0.0
2020/03/16,1012.3,1014.3,1010.3,48.0,22,1.6,76.0,6.0,261,0.0
2020/03/17,1011.8,1013.0,1010.3,69.0,57,1.3,300.0,6.0,335,0.0
2020/03/18,1008.8,1010.9,1006.3,80.0,64,0.8,300.0,4.8,323,1.0
2020/03/19,1007.7,1009.7,1005.4,90.0,80,1.1,154.0,5.5,256,5.0
2020/03/20,1008.2,1009.6,1006.4,80.0,60,1.2,5.0,5.9,3,0.0
2020/03/21,1007.8,1010.4,1004.3,78.0,50,1.1,238.0,10.1,297,0.0
2020/03/22,1005.9,1009.0,1002.5,75.0,61,2.3,263.0,11.1,261,0.0
2020/03/23,1007.9,1010.7,1006.2,81.0,72,2.0,30.0,12.0,95,0.0
2020/03/24,1008.1,1009.3,1006.7,77.0,60,1.5,31.0,8.5,345,0.0
2020/03/25,1007.1,1008.7,1005.5,83.0,68,0.7,308.0,5.3,303,0.0
2020/03/26,1006.9,1008.6,1004.2,74.0,48,0.7,83.0,5.7,304,0.0
2020/03/27,1006.6,1008.2,1005.1,81.0,65,1.6,78.0,10.4,261,0.0
2020/03/28,1008.6,1012.3,1004.4,88.0,77,2.0,46.0,11.4,29,20.0
2020/03/29,1008.5,1012.0,1004.3,74.0,60,1.7,58.0,9.9,68,0.0
2020/03/30,1006.8,1007.9,1005.2,86.0,80,1.2,4.0,6.1,33,1.5
2020/03/31,1006.0,1008.3,1003.3,85.0,72,1.1,49.0,8.5,321,4.5
2020/04/01,1009.9,1012.2,1006.4,82.0,68,2.1,49.0,11.3,36,12.5
2020/04/02,1011.1,1013.7,1008.6,85.0,73,1.4,12.0,11.1,124,21.0
2020/04/03,1010.9,1013.0,1008.6,86.0,73,1.6,39.0,9.0,330,0.0
2020/04/04,1012.1,1014.6,1009.0,79.0,67,2.1,48.0,9.2,76,0.0
2020/04/05,1012.4,1013.7,1010.9,72.0,58,2.2,55.0,10.5,19,3.0
2020/04/06,1009.7,1012.7,1007.4,78.0,64,1.4,53.0,7.8,96,8.5
2020/04/07,1008.9,1010.2,1005.9,81.0,66,1.7,58.0,9.1,59,1.5
2020/04/08,1008.8,1010.4,1007.2,72.0,66,1.6,41.0,7.7,49,0.0
2020/04/09,1010.2,1011.8,1008.3,69.0,50,2.0,71.0,9.1,40,0.0
2020/04/10,1010.1,1012.2,1007.7,64.0,46,1.6,39.0,7.8,319,0.0
2020/04/11,1007.7,1009.7,1005.7,88.0,73,1.1,5.0,6.4,251,19.5
2020/04/12,1010.2,1012.5,1006.7,72.0,49,2.0,58.0,8.5,62,1.5
2020/04/13,1011.7,1013.1,1009.5,47.0,29,2.2,78.0,10.3,95,0.0
2020/04/15,1009.5,1011.7,1007.5,49.0,33,1.6,265.0,6.0,251,0.0
2020/04/15,1008.0,1009.9,1006.4,67.0,42,1.9,83.0,10.0,277,0.0
2020/04/16,1007.8,1009.0,1006.7,63.0,41,1.2,70.0,6.4,267,0.0
2020/04/17,1008.1,1010.3,1006.8,73.0,57,1.4,91.0,8.1,239,0.0
2020/04/18,1007.5,1009.8,1005.6,73.0,59,1.0,101.0,5.2,256,0.0
2020/04/20,1004.4,1006.2,1002.2,84.0,77,1.8,49.0,13.3,268,0.0
2020/04/20,1005.8,1008.2,1003.9,73.0,58,1.2,1.0,7.8,349,0.0
2020/04/21,1006.6,1009.1,1005.2,86.0,72,1.6,37.0,7.5,41,0.0
2020/04/22,1008.8,1010.7,1006.1,80.0,67,2.1,39.0,10.6,48,7.0
2020/04/23,1010.1,1011.8,1008.2,82.0,67,2.1,61.0,11.0,24,7.0
2020/04/24,1010.5,1012.1,1008.6,79.0,71,2.0,59.0,9.7,30,1.0
2020/04/25,1009.3,1010.8,1007.7,80.0,65,0.6,1.0,3.7,80,0.0
2020/04/26,1009.4,1011.3,1007.7,79.0,58,1.1,89.0,6.2,90,0.5
2020/04/27,1008.5,1009.8,1007.2,69.0,59,1.3,81.0,5.1,108,0.0
2020/04/28,1008.8,1010.8,1005.5,59.0,45,2.1,55.0,10.8,38,0.0
2020/04/29,1008.8,1010.7,1007.6,66.0,56,1.3,116.0,6.0,304,0.0
2020/04/30,1008.1,1010.1,1006.0,71.0,45,0.9,14.0,5.6,349,0.0
2020/05/01,1005.5,1007.7,1003.6,71.0,42,0.6,45.0,5.8,241,0.0
2020/05/02,1002.5,1004.5,1000.7,70.0,45,1.1,255.0,7.3,272,0.0
2020/05/03,1001.0,1002.7,999.2,79.0,63,2.6,253.0,14.0,261,0.0
2020/05/04,1002.8,1004.2,1001.4,78.0,63,1.9,266.0,6.9,262,0.0
2020/05/06,1000.5,1003.3,997.7,73.0,53,3.0,241.0,14.4,240,0.0
2020/05/06,1001.2,1003.4,998.4,72.0,51,3.1,6.0,14.2,260,0.0
2020/05/07,1002.8,1004.2,1001.2,83.0,71,1.2,296.0,8.7,355,19.0
2020/05/08,1001.9,1003.4,1000.1,77.0,64,2.4,253.0,12.2,258,0.0
2020/05/09,1001.2,1002.4,998.9,73.0,58,2.8,247.0,13.1,267,0.0
2020/05/10,1002.3,1004.3,1000.4,77.0,54,1.3,185.0,8.5,293,0.0
2020/05/11,1003.1,1004.7,1001.5,83.0,70,1.3,32.0,6.7,12,0.0
2020/05/12,1003.8,1005.2,1001.9,85.0,77,1.4,48.0,7.4,76,4.5
2020/05/13,1005.1,1007.1,1003.6,62.0,41,1.5,71.0,8.1,35,0.0
2020/05/14,1004.3,1006.0,1002.5,74.0,56,1.3,264.0,7.5,273,0.0
2020/05/16,1002.1,1003.3,1000.7,72.0,58,1.3,7.0,7.3,271,0.0
2020/05/16,1001.5,1003.3,999.9,77.0,62,1.5,86.0,10.4,207,12.0
2020/05/18,998.1,1000.6,995.6,71.0,51,1.1,12.0,7.0,300,0.0
2020/05/18,996.7,999.3,994.1,82.0,62,2.8,234.0,15.8,234,37.5
2020/05/19,999.7,1001.8,996.7,87.0,62,1.7,45.0,12.7,258,15.5
2020/05/20,1001.6,1003.2,1000.6,83.0,66,1.0,80.0,4.4,107,2.5
2020/05/22,999.3,1001.3,997.5,87.0,70,0.8,78.0,6.7,197,29.5
2020/05/22,996.7,998.4,995.1,95.0,92,1.0,1.0,8.7,4,118.5
2020/05/23,999.1,1001.1,996.6,89.0,80,1.2,23.0,6.6,60,11.5
2020/05/24,1001.7,1003.1,1000.4,77.0,56,1.5,51.0,7.7,354,0.0
2020/05/25,1002.8,1004.0,1002.0,77.0,59,1.0,6.0,5.8,296,0.0
2020/05/26,1000.8,1003.0,999.4,79.0,67,2.7,252.0,13.0,228,3.5
2020/05/27,1002.2,1004.0,1000.3,86.0,77,1.2,59.0,6.6,50,32.5
2020/05/28,1004.1,1005.8,1002.5,94.0,82,0.8,4.0,6.1,7,90.0
2020/05/29,1004.2,1005.2,1003.0,84.0,70,0.9,155.0,4.9,263,0.5
2020/05/30,1003.4,1004.6,1001.7,75.0,60,3.3,250.0,14.4,273,0.5
2020/05/31,1003.7,1005.2,1001.9,79.0,58,2.9,265.0,13.8,261,0.0
2020/06/01,1003.9,1005.3,1001.2,78.0,63,2.7,256.0,14.7,261,0.0
2020/06/02,1002.7,1005.4,1000.8,80.0,69,2.6,238.0,10.3,267,3.5
2020/06/03,1001.1,1002.9,998.5,69.0,56,3.8,178.0,14.3,245,0.0
2020/06/04,1000.6,1002.1,999.0,66.0,53,4.1,244.0,14.4,256,0.0
2020/06/05,1000.3,1002.0,998.3,70.0,53,3.7,242.0,14.9,271,0.0
2020/06/07,999.3,1000.7,997.8,68.0,61,3.6,245.0,15.8,237,0.0
2020/06/07,1000.3,1001.5,999.0,79.0,55,2.2,242.0,11.6,268,22.5
2020/06/08,1001.3,1002.8,999.3,84.0,72,1.4,97.0,11.8,250,10.0
2020/06/09,1002.1,1003.0,1000.7,74.0,57,1.7,86.0,12.7,242,1.0
2020/06/10,1002.0,1003.4,1000.5,73.0,55,1.9,239.0,11.4,262,0.0
2020/06/11,1000.8,1002.3,999.1,78.0,65,1.6,258.0,8.4,259,0.0
2020/06/12,999.7,1001.3,997.8,75.0,62,1.2,192.0,6.2,293,0.0
2020/06/13,1000.9,1004.1,998.3,76.0,59,1.1,312.0,6.5,302,0.0
2020/06/14,1004.6,1006.9,1002.1,75.0,60,1.8,254.0,9.4,260,3.0
2020/06/15,1004.7,1006.4,1002.9,75.0,62,3.1,194.0,13.6,245,1.5
2020/06/17,1001.8,1003.6,1000.1,70.0,57,3.0,240.0,12.4,233,0.0
2020/06/17,1000.4,1001.7,999.0,67.0,55,3.9,241.0,15.1,253,0.0
2020/06/18,1000.4,1002.6,998.7,65.0,56,4.2,238.0,13.3,241,0.0
2020/06/19,1001.0,1002.3,1000.0,66.0,55,3.8,247.0,14.6,274,0.0
2020/06/20,1000.5,1002.1,998.7,70.0,57,3.1,255.0,13.3,243,0.0
2020/06/21,998.1,999.8,995.4,66.0,52,3.7,232.0,17.7,248,0.0
2020/06/22,998.3,999.5,997.0,64.0,55,4.2,240.0,15.5,252,0.0
2020/06/23,998.9,999.8,997.9,65.0,51,3.6,243.0,14.6,245,0.0
2020/06/24,998.6,999.9,996.7,70.0,54,3.7,254.0,14.8,253,0.0
2020/06/25,999.4,1001.4,997.8,65.0,54,3.9,227.0,15.8,252,0.0
2020/06/26,1001.5,1002.9,1000.4,65.0,53,2.7,230.0,11.9,254,0.0
2020/06/27,1001.6,1002.8,1000.1,70.0,57,3.0,256.0,14.4,243,0.0
2020/06/28,1000.5,1001.8,999.3,70.0,49,2.6,261.0,12.1,263,0.0
2020/06/29,998.4,1000.3,996.8,69.0,57,4.1,250.0,16.4,259,0.0
2020/06/30,997.5,999.0,996.0,72.0,66,4.2,255.0,15.5,242,0.0
2020/07/01,998.5,1000.6,996.6,72.0,61,2.8,237.0,12.9,255,0.5
2020/07/02,1000.5,1002.9,998.6,75.0,56,1.8,89.0,13.8,272,0.5
2020/07/03,1002.3,1003.9,1001.3,73.0,52,2.6,270.0,11.5,252,0.0
2020/07/04,1002.1,1003.7,1000.3,73.0,56,2.0,169.0,9.9,264,0.0
2020/07/05,999.9,1001.4,998.4,68.0,52,2.8,247.0,11.8,259,0.0
2020/07/06,999.9,1001.8,998.0,68.0,54,3.8,237.0,15.3,267,0.0
2020/07/07,1001.7,1002.9,1000.6,65.0,58,4.2,238.0,13.8,239,0.0
2020/07/09,999.0,1001.7,997.2,69.0,56,4.1,240.0,16.4,260,0.0
2020/07/09,996.2,997.4,995.2,63.0,50,5.3,248.0,16.8,254,0.0
2020/07/10,999.1,1001.3,996.5,63.0,42,3.7,239.0,16.1,265,0.0
2020/07/11,1001.3,1002.4,999.9,69.0,55,2.4,179.0,12.0,267,0.0
2020/07/12,1001.0,1002.4,998.7,67.0,50,2.0,162.0,8.8,264,0.0
2020/07/13,1000.1,1001.2,998.6,66.0,43,1.9,193.0,8.0,271,0.0
2020/07/14,998.8,1000.4,996.8,70.0,40,1.3,188.0,6.1,268,0.0
2020/07/15,998.2,999.9,996.0,73.0,59,2.8,226.0,12.9,242,0.0
2020/07/16,999.0,1000.4,998.1,59.0,46,4.1,235.0,14.2,225,0.0
2020/07/17,1000.5,1002.0,999.0,64.0,52,4.1,236.0,14.4,255,0.0
2020/07/18,1000.6,1001.8,999.2,67.0,54,3.6,219.0,13.9,265,0.0
2020/07/19,1000.9,1002.7,999.4,70.0,51,2.6,211.0,12.3,268,0.0
2020/07/20,1003.1,1004.8,1001.3,70.0,54,2.2,184.0,9.9,271,0.0
2020/07/21,1004.3,1005.4,1003.1,65.0,51,1.6,83.0,7.7,261,0.0
2020/07/22,1003.1,1004.6,1001.5,69.0,55,1.2,207.0,7.3,308,0.0
2020/07/23,1002.1,1003.6,1000.8,72.0,61,2.0,83.0,8.2,271,0.0
2020/07/24,1000.8,1002.6,998.7,67.0,56,2.5,202.0,10.7,239,0.0
2020/07/25,1000.4,1001.4,998.6,75.0,64,2.0,221.0,11.8,262,0.0
2020/07/26,999.9,1001.2,998.1,69.0,57,2.2,83.0,11.9,276,0.0
2020/07/27,1000.2,1001.6,998.8,71.0,55,2.0,85.0,10.1,268,0.0
2020/07/28,1001.6,1002.6,1000.2,79.0,64,1.0,84.0,7.6,89,1.5
2020/07/29,1000.7,1002.2,998.0,79.0,62,1.2,178.0,6.1,248,3.5
2020/07/30,999.8,1001.8,998.2,72.0,59,1.2,10.0,5.5,259,0.0
2020/07/31,999.9,1001.6,998.2,70.0,44,1.1,51.0,6.9,322,0.0
2020/08/01,1001.0,1003.2,999.2,74.0,57,1.5,66.0,7.3,299,0.0
2020/08/03,1000.1,1003.1,997.8,72.0,58,1.5,3.0,8.4,328,3.0
2020/08/03,996.8,999.0,995.4,84.0,66,2.5,244.0,10.4,224,34.0
2020/08/04,999.6,1003.6,995.8,71.0,54,2.6,230.0,11.2,240,1.0
2020/08/05,1003.8,1005.8,1001.9,79.0,53,1.3,121.0,6.6,83,2.0
2020/08/06,1003.4,1005.4,1001.2,70.0,47,1.5,75.0,8.7,353,0.0
2020/08/07,1001.5,1003.3,999.4,74.0,61,1.2,82.0,5.8,244,0.0
2020/08/08,998.7,1000.6,996.8,76.0,58,1.3,18.0,6.7,273,0.0
2020/08/09,996.8,998.0,995.5,71.0,54,1.6,240.0,7.7,268,0.0
2020/08/10,998.6,999.8,997.1,78.0,57,1.4,186.0,7.2,112,11.5
2020/08/11,1002.6,1006.2,998.5,85.0,67,1.1,92.0,5.4,243,40.0
2020/08/12,1006.5,1008.2,1005.0,83.0,58,1.2,83.0,7.2,312,1.5
2020/08/13,1005.3,1007.8,1003.8,71.0,54,1.2,96.0,5.6,306,0.0
2020/08/14,1002.9,1004.2,1000.9,74.0,56,1.2,85.0,6.8,161,8.0
2020/08/15,1002.4,1004.3,1000.6,82.0,58,1.2,98.0,6.5,158,13.0
2020/08/16,1002.5,1004.0,1000.9,81.0,64,1.2,90.0,8.0,307,2.5
2020/08/17,1000.9,1002.5,999.8,76.0,62,1.1,107.0,5.5,182,0.0
2020/08/18,1000.5,1002.3,998.7,74.0,53,1.6,44.0,7.6,236,0.0
2020/08/19,1000.9,1002.3,999.4,70.0,53,1.6,100.0,7.1,294,0.0
2020/08/20,1001.5,1003.0,999.5,71.0,54,1.3,3.0,6.4,262,0.0
2020/08/21,999.9,1003.1,997.0,65.0,46,1.6,80.0,6.8,239,0.0
2020/08/22,998.8,999.9,997.0,75.0,55,1.3,40.0,9.5,26,1.0
2020/08/23,999.1,1000.5,997.8,78.0,54,2.3,257.0,8.5,253,9.5
2020/08/25,996.7,999.0,994.6,73.0,60,3.3,247.0,10.0,261,0.0
2020/08/26,994.9,996.5,992.9,70.0,44,4.2,236.0,12.9,251,0.0
2020/08/26,994.4,995.8,992.6,62.0,51,4.3,240.0,16.5,253,0.0
,995.2,--,--,66.0,--,2.5,216.0,--,--,0.0
2020/08/28,996.4,998.3,995.1,70.0,50,2.3,259.0,13.1,256,0.0
2020/08/29,997.7,998.9,996.7,78.0,55,1.1,14.0,6.9,352,0.5
2020/08/30,997.5,999.5,995.4,70.0,58,1.7,89.0,9.7,25,0.0
2020/08/31,997.2,999.2,995.4,75.0,54,1.9,23.0,9.6,332,6.5
2020/09/01,996.3,997.6,994.8,77.0,55,1.7,69.0,7.1,225,6.5
2020/09/02,997.8,999.7,996.3,69.0,50,2.9,236.0,11.1,248,0.0
2020/09/03,1001.7,1003.8,999.1,80.0,64,1.4,82.0,8.8,320,3.5
2020/09/04,1002.1,1004.1,999.8,72.0,56,1.8,7.0,9.6,346,0.0
2020/09/05,1000.0,1001.9,998.1,65.0,41,1.8,47.0,8.6,23,0.0
2020/09/06,998.6,999.8,997.4,53.0,29,2.1,82.0,7.0,321,0.0
2020/09/07,1001.4,1004.4,999.0,50.0,34,1.0,323.0,6.2,323,0.0
2020/09/08,1005.0,1006.4,1003.8,58.0,33,1.0,93.0,6.2,298,0.0
2020/09/10,1003.0,1005.5,1001.1,68.0,48,1.3,15.0,6.0,272,0.0
2020/09/10,1000.4,1002.1,998.2,73.0,57,0.8,59.0,4.3,297,0.0
2020/09/11,1001.4,1003.5,1000.0,75.0,55,1.8,257.0,9.2,243,0.0
2020/09/12,1004.2,1005.6,1002.4,77.0,59,1.4,35.0,6.7,38,0.5
,1004.7,--,--,79.0,--,1.9,10.0,--,--,0.0
2020/09/15,1003.6,1004.9,1001.4,79.0,61,1.5,43.0,8.7,356,0.0
2020/09/15,1002.9,1004.1,1001.3,79.0,64,1.2,168.0,6.6,322,0.0
2020/09/16,1002.2,1003.3,1000.6,75.0,57,1.2,83.0,6.0,316,0.0
2020/09/17,1001.7,1003.4,1000.3,72.0,47,0.8,149.0,4.9,352,0.0
2020/09/18,1004.8,1006.3,1003.2,73.0,51,1.5,16.0,9.0,25,0.0
2020/09/19,1005.9,1007.6,1004.8,79.0,67,1.8,230.0,7.2,325,0.0
2020/09/20,1004.9,1006.3,1003.1,82.0,67,1.9,50.0,11.2,17,12.0
2020/09/21,1004.2,1005.5,1001.9,70.0,57,2.2,50.0,10.1,46,0.0
2020/09/22,1003.3,1004.9,1001.2,62.0,48,2.1,51.0,9.3,39,0.0
2020/09/23,1003.3,1004.3,1001.9,65.0,48,1.8,54.0,8.3,28,0.0
2020/09/24,1003.8,1005.2,1002.5,80.0,72,1.7,32.0,7.7,54,0.0
2020/09/25,1003.3,1004.5,1001.3,74.0,62,2.3,48.0,9.2,78,0.0
2020/09/26,1003.2,1005.2,1001.2,71.0,60,2.3,56.0,11.1,55,0.0
2020/09/27,1005.0,1006.6,1003.4,90.0,81,1.5,53.0,9.0,42,25.0
2020/09/28,1004.0,1006.0,1002.5,89.0,79,1.4,39.0,5.2,68,3.0
2020/09/29,1001.6,1003.8,999.5,73.0,58,1.6,53.0,6.3,52,0.0
2020/09/30,1002.6,1004.3,1000.1,79.0,69,2.8,56.0,9.6,93,2.5
2020/10/01,1002.5,1004.5,1000.6,66.0,50,2.1,56.0,12.3,69,0.0
2020/10/02,1003.4,1004.9,1001.2,71.0,52,1.7,87.0,8.5,13,0.0
2020/10/03,1003.3,1004.7,1001.0,70.0,48,1.1,298.0,5.5,321,0.0
2020/10/05,1002.2,1003.9,1000.1,69.0,50,1.4,85.0,7.3,106,0.0
2020/10/05,1004.9,1007.7,1002.0,79.0,70,3.1,57.0,14.7,62,0.0
2020/10/06,1007.0,1009.0,1004.6,68.0,56,3.5,51.0,15.8,47,0.0
2020/10/07,1007.5,1009.7,1005.0,65.0,54,3.2,44.0,13.8,49,0.0
2020/10/08,1007.8,1009.5,1005.5,68.0,56,3.1,60.0,12.1,77,0.0
2020/10/09,1007.5,1009.9,1005.3,71.0,57,3.0,61.0,13.2,64,0.0
2020/10/10,1005.1,1007.3,1003.1,77.0,68,2.5,54.0,11.8,29,0.0
2020/10/11,1002.1,1004.2,999.6,77.0,63,2.2,51.0,11.3,58,0.0
2020/10/12,1002.7,1004.2,1000.0,86.0,74,1.6,37.0,9.0,72,0.0
2020/10/13,1005.2,1007.4,1003.5,81.0,73,2.2,33.0,10.7,72,0.0
2020/10/14,1006.6,1008.4,1004.0,71.0,64,2.6,63.0,13.9,45,0.0
2020/10/15,1005.9,1007.7,1002.7,70.0,61,3.1,68.0,15.2,94,0.0
2020/10/16,1006.3,1008.4,1004.2,74.0,58,2.5,36.0,13.4,63,0.0
2020/10/17,1008.3,1010.5,1006.1,77.0,66,3.0,40.0,12.8,63,0.0
2020/10/18,1008.3,1010.4,1005.9,79.0,70,2.8,37.0,13.5,33,0.0
2020/10/19,1007.7,1009.8,1005.2,74.0,62,3.5,57.0,15.7,56,0.0
2020/10/20,1005.1,1008.2,1001.1,74.0,64,3.4,48.0,16.0,42,0.0
2020/10/21,1000.6,1003.8,997.4,80.0,64,2.5,47.0,15.4,61,0.0
2020/10/22,1004.6,1007.3,1000.2,89.0,80,2.5,40.0,12.4,36,2.0
2020/10/23,1006.7,1008.9,1004.8,76.0,61,3.5,57.0,13.6,77,2.5
2020/10/24,1007.1,1009.9,1004.4,60.0,53,3.7,61.0,16.6,20,0.0
2020/10/25,1007.1,1009.0,1005.0,64.0,53,1.9,56.0,7.9,34,0.0
2020/10/26,1005.2,1007.8,1002.4,63.0,45,1.9,61.0,9.7,61,0.0
2020/10/27,1005.1,1007.3,1002.3,61.0,46,2.1,52.0,9.2,71,0.0
2020/10/28,1007.9,1009.7,1006.2,66.0,57,2.5,57.0,11.2,75,0.0
2020/10/29,1010.2,1012.0,1007.9,73.0,66,2.5,34.0,13.4,34,0.0
2020/10/30,1011.2,1014.1,1008.7,62.0,51,3.2,44.0,15.1,40,0.0
2020/10/31,1009.0,1011.6,1006.0,57.0,42,2.8,42.0,13.5,60,0.0
2020/11/01,1006.5,1008.6,1004.1,66.0,48,1.8,94.0,6.8,104,0.0
2020/11/02,1006.5,1009.5,1003.5,69.0,48,2.5,56.0,13.7,42,0.0
2020/11/03,1010.1,1012.1,1007.4,71.0,52,3.4,62.0,13.6,33,0.0
2020/11/04,1009.8,1011.7,1006.8,62.0,48,3.9,60.0,16.3,55,0.0
2020/11/05,1008.7,1011.3,1005.8,66.0,54,2.7,52.0,13.5,76,0.0
2020/11/06,1002.7,1007.7,1000.1,73.0,52,1.3,232.0,6.9,17,0.0
2020/11/07,1007.3,1011.2,1002.6,87.0,75,1.7,31.0,12.7,50,0.5
2020/11/08,1011.2,1013.3,1009.4,81.0,69,3.3,39.0,15.7,32,0.0
2020/11/09,1010.7,1012.4,1008.0,66.0,58,4.2,56.0,17.0,47,0.0
2020/11/10,1011.9,1014.0,1008.7,71.0,63,3.6,53.0,18.4,71,4.0
2020/11/11,1012.2,1014.4,1009.6,62.0,53,4.3,54.0,18.8,70,0.0
2020/11/12,1009.5,1012.1,1005.7,71.0,61,3.5,52.0,15.3,79,0.0
2020/11/13,1009.9,1011.7,1007.6,82.0,69,2.9,52.0,12.6,71,4.5
2020/11/14,1009.9,1012.4,1006.9,70.0,63,3.3,60.0,15.2,68,0.5
2020/11/15,1010.2,1012.0,1008.4,63.0,48,1.2,59.0,9.0,44,0.0
2020/11/16,1008.8,1011.2,1005.9,70.0,50,1.6,81.0,8.7,90,0.0
2020/11/17,1007.5,1009.2,1006.3,71.0,62,1.4,101.0,5.7,291,0.0
2020/11/18,1005.9,1007.9,1004.3,78.0,62,1.0,48.0,5.9,316,0.0
2020/11/19,1005.0,1007.2,1002.9,70.0,51,0.9,19.0,6.4,320,0.0
2020/11/20,1006.5,1007.8,1004.7,77.0,56,1.3,40.0,7.9,32,0.0
2020/11/21,1007.3,1009.3,1005.9,76.0,64,2.2,73.0,7.9,110,0.0
2020/11/22,1010.7,1013.4,1007.8,86.0,74,1.6,37.0,11.6,33,0.0
2020/11/23,1011.7,1014.0,1008.4,76.0,61,3.0,53.0,14.2,54,0.0
2020/11/24,1011.5,1013.5,1008.3,71.0,60,2.5,53.0,12.1,59,0.0
2020/11/25,1010.0,1011.8,1007.1,67.0,46,1.6,52.0,7.1,22,0.0
2020/11/26,1010.4,1012.9,1007.9,64.0,41,1.4,17.0,9.4,47,0.0
2020/11/27,1012.9,1015.5,1010.7,76.0,61,2.6,43.0,13.3,47,0.0
2020/11/28,1013.5,1016.2,1010.7,78.0,73,2.9,42.0,15.5,23,0.0
2020/11/29,1013.4,1015.4,1010.8,74.0,61,2.9,59.0,15.7,51,0.0
2020/11/30,1013.6,1016.2,1010.4,72.0,59,4.1,56.0,16.9,51,0.0
2020/12/01,1012.9,1016.1,1009.9,80.0,70,3.3,43.0,14.6,29,0.0
2020/12/02,1011.8,1014.1,1009.0,75.0,69,3.3,55.0,15.2,30,0.0
2020/12/03,1013.6,1015.5,1010.4,79.0,68,3.8,55.0,15.2,63,0.0
,1012.0,--,--,82.0,--,3.4,38.0,--,--,1.0
2020/12/05,1011.9,1014.6,1009.3,76.0,65,3.4,50.0,14.7,41,0.0
2020/12/06,1010.4,1012.5,1007.3,76.0,65,2.9,57.0,14.1,25,0.0
2020/12/07,1011.5,1014.1,1008.6,87.0,77,2.6,38.0,13.3,18,0.0
2020/12/08,1011.8,1013.6,1010.0,86.0,80,2.6,42.0,12.7,49,2.5
2020/12/09,1009.2,1011.9,1006.1,86.0,75,2.1,56.0,11.5,50,13.0
2020/12/10,1008.7,1010.7,1005.9,90.0,82,1.8,31.0,10.0,40,1.5
2020/12/11,1008.2,1010.0,1006.1,89.0,83,1.6,36.0,8.7,38,3.5
2020/12/12,1008.3,1010.7,1006.1,79.0,71,1.8,48.0,9.5,46,0.0
2020/12/13,1008.3,1010.2,1006.8,80.0,62,1.4,53.0,8.2,345,0.0
2020/12/14,1011.9,1015.0,1008.1,84.0,76,2.3,39.0,12.9,87,0.0
2020/12/15,1014.4,1017.1,1012.0,85.0,78,2.6,42.0,12.5,86,0.0
2020/12/16,1014.6,1017.2,1012.5,80.0,73,2.7,37.0,12.3,41,0.0
2020/12/17,1012.8,1015.7,1010.0,75.0,60,2.1,50.0,11.5,50,0.5
2020/12/18,1013.2,1014.8,1011.2,90.0,84,1.3,30.0,9.5,40,1.5
2020/12/19,1015.9,1018.3,1013.7,85.0,76,2.8,39.0,15.5,32,0.5
2020/12/20,1015.1,1017.6,1012.6,77.0,66,3.3,35.0,14.6,34,0.0
2020/12/21,1013.3,1015.4,1010.8,76.0,67,2.9,57.0,14.9,27,1.0
2020/12/22,1010.5,1013.6,1007.0,75.0,60,2.1,47.0,11.8,68,0.0
2020/12/23,1008.9,1011.4,1007.5,94.0,78,1.0,4.0,5.8,9,16.0
2020/12/24,1009.1,1011.4,1007.1,85.0,72,2.1,51.0,10.0,39,6.5
2020/12/25,1011.1,1012.8,1008.5,73.0,60,2.4,51.0,14.1,88,0.0
2020/12/26,1011.0,1013.6,1008.5,79.0,62,1.0,91.0,5.7,296,0.0
2020/12/27,1009.1,1010.5,1007.0,80.0,64,1.6,88.0,7.0,161,1.0
2020/12/28,1006.6,1009.6,1004.0,70.0,59,2.1,53.0,11.5,99,0.5
2020/12/29,1006.8,1009.3,1005.2,86.0,75,1.1,41.0,5.8,1,0.0
2020/12/30,1017.1,1020.4,1009.0,73.0,57,3.7,48.0,15.4,47,0.5
2020/12/31,1019.8,1022.3,1017.0,59.0,50,3.2,49.0,12.8,99,0.0
2021/01/01,1016.8,1019.1,1013.7,63.0,53,2.2,40.0,10.0,66,0.0
2021/01/02,1014.9,1017.6,1011.9,69.0,58,2.5,47.0,12.3,59,0.0
2021/01/03,1014.7,1016.1,1012.1,75.0,52,1.7,43.0,10.1,48,0.0
2021/01/04,1013.4,1015.8,1010.8,92.0,84,1.7,16.0,9.8,29,0.5
2021/01/05,1012.9,1015.0,1010.3,86.0,79,2.2,51.0,12.3,27,0.0
2021/01/06,1011.6,1013.7,1008.6,82.0,67,2.4,38.0,11.8,79,2.0
2021/01/07,1014.4,1018.0,1011.3,84.0,73,3.0,38.0,13.7,32,4.0
2021/01/08,1018.1,1019.5,1016.5,75.0,60,2.9,59.0,13.4,28,1.0
2021/01/09,1017.4,1019.3,1014.8,58.0,50,3.0,60.0,11.5,47,0.0
2021/01/10,1014.8,1017.6,1011.8,58.0,49,2.9,65.0,13.2,58,0.0
2021/01/11,1016.5,1018.6,1013.9,86.0,72,2.0,38.0,8.7,43,8.5
2021/01/12,1015.3,1018.3,1012.8,67.0,48,2.1,55.0,9.4,54,1.5
2021/01/13,1011.8,1013.6,1008.5,62.0,36,1.4,83.0,5.4,3,0.0
2021/01/14,1009.9,1011.8,1008.2,60.0,30,1.1,90.0,4.8,316,0.0
2021/01/15,1008.7,1010.6,1005.8,70.0,47,1.1,84.0,5.6,355,0.0
2021/01/16,1009.7,1014.8,1006.4,67.0,48,2.8,64.0,16.2,28,0.0
2021/01/17,1016.8,1019.2,1014.0,70.0,62,3.3,64.0,13.8,23,0.0
,1014.7,--,--,63.0,--,2.5,47.0,--,--,0.0
2021/01/19,1011.8,1013.2,1010.0,59.0,40,1.5,86.0,5.9,91,0.0
2021/01/20,1010.0,1011.9,1007.8,73.0,55,1.0,98.0,4.7,274,0.0
2021/01/21,1007.7,1009.8,1005.6,77.0,60,0.9,97.0,6.1,4,0.0
2021/01/22,1003.8,1005.7,1001.8,82.0,58,1.2,36.0,7.3,338,0.5
2021/01/23,1006.6,1010.5,1003.5,89.0,75,1.7,36.0,7.2,56,0.0
2021/01/24,1010.5,1012.0,1008.4,72.0,61,2.3,47.0,11.5,40,0.0
2021/01/25,1011.0,1013.5,1008.8,78.0,68,1.7,37.0,7.2,51,0.0
2021/01/26,1009.7,1011.0,1007.9,83.0,61,1.7,38.0,9.9,33,0.0
2021/01/27,1010.4,1012.2,1008.0,81.0,70,1.8,40.0,10.8,29,0.0
,1014.3,--,--,77.0,--,2.2,58.0,--,--,0.0
2021/01/29,1014.8,1017.1,1012.2,54.0,44,3.4,63.0,15.2,38,0.0
2021/01/30,1014.6,1016.5,1012.4,62.0,43,1.4,297.0,6.5,289,0.0
2021/01/31,1014.5,1016.7,1012.5,70.0,51,0.9,274.0,5.2,268,0.0
2021/02/01,1012.1,1014.2,1010.4,70.0,37,1.1,89.0,5.3,258,0.0
2021/02/02,1013.6,1015.7,1011.3,71.0,61,2.3,51.0,14.0,32,0.0
2021/02/03,1013.8,1015.5,1011.6,58.0,42,1.7,82.0,10.8,71,0.0
2021/02/04,1013.4,1015.5,1011.1,64.0,44,1.4,35.0,8.7,17,0.0
2021/02/05,1011.7,1013.5,1010.2,75.0,54,1.2,9.0,5.7,280,0.0
2021/02/06,1010.6,1012.5,1009.2,77.0,53,1.0,5.0,9.0,305,0.0
2021/02/07,1010.5,1012.5,1008.6,82.0,63,1.1,77.0,5.2,260,0.0
2021/02/08,1011.8,1014.7,1009.4,74.0,61,2.7,59.0,15.1,10,0.0
2021/02/09,1011.1,1014.2,1008.2,68.0,58,3.1,54.0,13.2,53,0.0
2021/02/10,1006.1,1009.6,1003.0,80.0,56,1.1,258.0,7.7,245,9.5
2021/02/11,1004.1,1006.9,1001.9,95.0,81,1.3,2.0,8.8,42,38.5
2021/02/12,1006.7,1008.8,1004.5,88.0,76,2.1,352.0,10.5,10,3.0
2021/02/13,1008.6,1010.5,1006.6,84.0,73,1.8,32.0,10.0,28,0.0
2021/02/14,1007.2,1009.2,1005.8,87.0,70,1.0,32.0,6.9,34,0.0
2021/02/15,1007.7,1009.2,1005.5,69.0,52,2.0,33.0,10.7,353,0.0
2021/02/16,1008.6,1011.2,1006.7,73.0,53,1.6,4.0,5.7,270,0.0
2021/02/17,1014.1,1016.9,1011.1,68.0,52,3.1,56.0,12.1,53,0.0
2021/02/18,1018.1,1020.8,1015.0,48.0,36,3.7,65.0,14.3,61,0.0
2021/02/19,1015.4,1018.1,1013.1,53.0,37,2.0,58.0,9.5,20,0.0
2021/02/20,1012.8,1014.8,1011.2,72.0,49,1.1,94.0,6.0,304,0.0
2021/02/21,1010.7,1012.9,1009.1,62.0,39,1.2,92.0,6.6,270,0.0
2021/02/22,1009.1,1010.5,1007.3,60.0,36,1.2,93.0,6.1,267,0.0
2021/02/24,1007.7,1009.8,1005.0,76.0,48,1.9,30.0,13.3,33,0.0
2021/02/24,1006.1,1008.6,1003.5,82.0,70,1.4,14.0,7.1,325,0.0
2021/02/25,1003.6,1005.1,1001.7,89.0,69,1.3,210.0,7.7,270,0.0
2021/02/26,1003.5,1006.5,1001.5,87.0,61,1.5,6.0,7.8,34,0.0
2021/02/27,1008.4,1010.4,1005.8,90.0,84,1.8,47.0,7.7,34,0.0
2021/02/28,1009.4,1011.5,1007.2,84.0,74,1.5,23.0,7.7,29,0.0
2021/03/01,1008.8,1011.8,1006.6,77.0,57,1.0,272.0,7.4,256,0.0
2021/03/02,1013.0,1015.7,1008.4,83.0,75,2.6,40.0,13.7,31,7.5
2021/03/03,1012.8,1014.3,1011.1,76.0,68,1.3,50.0,10.2,65,0.0
2021/03/04,1012.0,1013.6,1010.0,90.0,62,1.1,321.0,6.1,300,0.5
2021/03/06,1009.5,1012.1,1007.5,82.0,61,1.2,283.0,6.8,95,0.5
2021/03/06,1010.8,1014.4,1008.3,94.0,86,1.5,2.0,9.7,318,32.0
2021/03/07,1012.7,1014.8,1010.4,94.0,89,1.9,27.0,11.1,33,1.5
2021/03/08,1013.3,1014.7,1011.0,86.0,79,1.9,32.0,9.8,40,0.0
2021/03/09,1013.2,1015.0,1011.2,84.0,73,2.0,33.0,9.7,20,0.0
2021/03/10,1013.0,1015.1,1010.1,74.0,60,2.2,31.0,11.4,102,0.0
2021/03/11,1012.5,1014.3,1010.7,82.0,70,1.0,317.0,5.9,325,0.0
2021/03/12,1012.0,1013.6,1009.2,79.0,65,2.1,34.0,10.7,122,0.0
2021/03/13,1011.7,1013.6,1009.6,66.0,54,2.3,50.0,11.7,359,0.0
2021/03/14,1009.2,1011.7,1006.9,67.0,56,2.0,35.0,9.0,344,0.0
2021/03/15,1007.5,1009.0,1006.5,76.0,58,1.1,289.0,6.9,269,0.0
2021/03/16,1006.7,1008.3,1004.9,64.0,43,1.0,97.0,4.7,9,0.0
2021/03/17,1007.2,1008.4,1005.6,87.0,74,1.6,38.0,7.0,6,0.0
2021/03/18,1006.9,1008.8,1004.8,89.0,72,1.3,30.0,6.1,320,0.0
2021/03/19,1005.6,1007.6,1003.5,85.0,70,0.7,71.0,4.7,304,0.0
2021/03/20,1004.6,1006.3,1003.0,85.0,68,1.1,15.0,5.9,321,0.0
2021/03/21,1010.9,1015.4,1005.2,81.0,68,2.7,36.0,13.2,47,0.0
2021/03/22,1016.0,1018.5,1013.6,80.0,65,2.9,60.0,13.1,31,8.5
2021/03/23,1012.2,1015.2,1009.6,77.0,64,1.3,54.0,9.9,26,2.0
2021/03/24,1010.2,1012.8,1008.6,89.0,65,1.1,3.0,5.4,310,44.5
2021/03/25,1010.6,1013.7,1009.0,75.0,62,2.1,32.0,10.6,42,0.0
2021/03/26,1008.2,1010.8,1006.4,82.0,62,0.8,23.0,5.1,310,0.0
2021/03/27,1004.6,1007.5,1001.7,78.0,53,1.4,38.0,7.9,242,0.0
2021/03/28,1001.7,1003.0,1000.5,78.0,55,1.7,278.0,10.2,273,0.0
2021/03/29,1001.1,1003.5,998.4,87.0,69,0.9,26.0,5.5,303,0.0
2021/03/30,999.5,1002.2,998.0,81.0,64,2.1,262.0,11.4,262,0.0
2021/03/31,1000.6,1002.0,999.6,85.0,69,0.9,57.0,8.2,321,0.0
2021/04/01,1000.9,1002.7,998.9,84.0,73,1.6,147.0,8.0,238,0.0
2021/04/02,1003.1,1004.7,1001.4,82.0,69,1.2,275.0,6.9,253,0.0
2021/04/03,1004.9,1006.8,1003.2,83.0,63,1.5,35.0,6.8,29,0.0
2021/04/04,1008.1,1011.3,1005.4,78.0,57,2.9,30.0,11.8,60,0.0
2021/04/05,1011.4,1013.9,1008.9,58.0,46,2.6,59.0,11.3,33,0.0
2021/04/06,1010.7,1013.1,1008.3,65.0,54,2.4,36.0,10.2,34,0.0
2021/04/07,1008.8,1012.0,1006.3,63.0,43,2.0,358.0,9.1,354,0.0
2021/04/08,1007.9,1011.0,1004.8,83.0,71,1.6,38.0,11.2,20,0.5
2021/04/09,1010.9,1012.7,1008.0,80.0,75,2.2,51.0,10.6,81,0.0
2021/04/10,1012.3,1013.8,1010.7,83.0,77,2.1,34.0,9.3,27,0.0
2021/04/11,1011.0,1012.9,1009.7,82.0,63,1.3,28.0,5.8,270,0.0
2021/04/12,1008.8,1011.0,1006.9,79.0,62,1.6,239.0,6.9,260,0.0
2021/04/13,1007.5,1008.6,1006.3,79.0,55,1.5,51.0,6.7,48,0.5
2021/04/14,1008.0,1009.8,1006.8,83.0,77,2.0,34.0,9.9,38,0.0
2021/04/15,1006.7,1008.2,1004.6,86.0,78,1.5,5.0,8.6,344,0.0
2021/04/16,1007.0,1008.5,1004.8,82.0,67,1.8,35.0,8.1,324,0.0
2021/04/17,1008.7,1010.9,1006.3,64.0,34,2.7,62.0,12.8,75,0.5
2021/04/18,1007.4,1009.4,1004.5,56.0,37,3.3,63.0,12.3,35,0.5
2021/04/19,1005.3,1007.2,1003.2,58.0,44,1.8,51.0,8.9,60,0.0
2021/04/20,1004.4,1005.8,1002.5,56.0,41,2.1,90.0,7.3,52,0.0
2021/04/21,1003.1,1005.3,1000.5,60.0,42,1.9,58.0,7.4,353,0.0
2021/04/22,1000.3,1002.1,998.0,77.0,55,1.4,273.0,6.6,311,0.0
2021/04/23,1001.1,1002.8,999.2,84.0,66,1.9,62.0,10.3,33,1.0
2021/04/24,1003.4,1005.8,1001.2,79.0,67,2.0,39.0,9.9,351,0.0
2021/04/25,1005.2,1007.0,1002.1,70.0,64,1.4,53.0,6.6,100,0.0
2021/04/26,1005.7,1007.9,1003.5,59.0,43,1.9,55.0,7.5,63,0.0
2021/04/27,1008.2,1010.6,1006.5,81.0,67,1.5,259.0,7.5,265,0.0
2021/04/29,1008.2,1010.1,1006.6,92.0,81,0.8,29.0,3.7,81,29.5
2021/04/29,1005.9,1008.3,1004.2,87.0,75,1.4,81.0,7.9,326,27.0
2021/04/30,1004.6,1006.3,1003.1,76.0,57,1.6,93.0,6.9,263,0.5
2021/05/01,1004.9,1006.3,1003.1,71.0,55,1.7,272.0,8.5,254,0.0
2021/05/02,1007.2,1009.1,1005.8,78.0,58,1.3,31.0,8.3,357,0.0
2021/05/03,1006.5,1008.3,1005.2,80.0,59,1.2,96.0,6.5,269,0.0
2021/05/04,1004.4,1006.2,1002.4,78.0,57,1.4,15.0,8.5,264,0.0
2021/05/05,1007.3,1009.6,1004.1,82.0,69,1.9,45.0,10.8,48,7.0
2021/05/06,1008.1,1009.7,1006.5,78.0,65,1.0,312.0,6.7,358,0.0
2021/05/07,1005.4,1007.4,1003.1,78.0,62,1.9,260.0,10.9,278,0.0
2021/05/08,1003.1,1004.4,1001.6,85.0,75,1.9,273.0,10.3,250,0.0
2021/05/09,1002.5,1004.4,1000.4,79.0,69,1.4,282.0,6.6,248,0.0
2021/05/10,1002.0,1003.8,999.9,78.0,67,1.9,267.0,10.7,245,0.0
2021/05/11,1000.9,1002.7,999.3,78.0,68,2.7,196.0,13.8,240,0.0
2021/05/12,1001.3,1003.6,999.2,68.0,51,2.5,256.0,14.3,251,0.0
2021/05/13,1002.3,1004.0,1000.8,73.0,57,1.9,254.0,9.8,262,0.0
2021/05/14,1003.0,1004.8,1001.8,77.0,64,1.9,81.0,9.8,248,0.0
2021/05/15,1002.3,1004.3,1000.3,78.0,64,1.9,261.0,10.4,280,0.0
2021/05/16,1001.6,1003.0,1000.1,74.0,56,2.8,180.0,16.5,264,0.0
,1002.8,--,--,66.0,--,2.5,256.0,--,--,0.0
2021/05/18,1003.1,1004.6,1001.3,82.0,70,2.0,256.0,11.1,248,0.0
2021/05/19,1001.8,1003.6,999.9,80.0,70,1.6,284.0,8.5,260,0.0
2021/05/20,1001.3,1002.7,999.9,70.0,58,2.6,84.0,14.9,249,0.0
2021/05/21,1001.1,1002.3,999.1,72.0,53,2.8,252.0,15.4,264,0.0
2021/05/22,1000.8,1002.7,999.2,77.0,57,2.6,264.0,12.7,270,0.0
2021/05/23,1001.6,1002.8,1000.4,76.0,57,1.5,188.0,8.6,253,0.0
2021/05/24,1003.0,1005.5,1001.4,75.0,60,2.5,50.0,12.1,249,0.0
2021/05/25,1003.7,1005.8,1001.9,75.0,57,1.7,52.0,8.0,7,0.0
2021/05/26,1001.9,1004.0,999.6,73.0,59,2.8,252.0,13.2,263,0.0
2021/05/27,1001.0,1003.0,999.8,66.0,48,4.4,247.0,15.3,265,0.0
2021/05/28,1000.8,1003.3,998.5,72.0,49,4.1,256.0,16.8,239,0.0
2021/05/29,999.5,1001.1,997.2,88.0,68,2.4,272.0,11.7,228,6.5
2021/05/30,997.7,999.9,996.0,88.0,59,1.7,219.0,11.4,241,47.5
2021/05/31,999.0,1000.6,997.3,94.0,86,1.2,87.0,6.0,338,87.0
2021/06/01,1000.5,1001.7,999.5,86.0,68,1.0,53.0,8.5,250,5.5
2021/06/02,1000.8,1002.3,999.0,80.0,59,2.0,94.0,9.2,264,0.0
2021/06/03,999.2,1001.4,997.1,76.0,61,2.2,255.0,10.7,257,0.0
2021/06/05,997.0,998.2,995.6,80.0,63,2.2,81.0,10.8,254,0.0
2021/06/05,996.8,998.5,995.6,91.0,79,1.2,300.0,7.8,268,32.5
2021/06/06,999.2,1002.2,996.5,94.0,87,1.1,85.0,4.8,98,74.5
2021/06/07,1002.5,1004.6,1000.9,82.0,57,1.4,90.0,5.9,126,1.0
2021/06/08,1003.2,1004.6,1001.6,77.0,55,1.2,85.0,6.9,159,0.0
2021/06/09,1001.7,1003.5,999.4,78.0,60,1.5,86.0,8.8,319,0.0
2021/06/10,1000.1,1001.5,998.0,71.0,50,1.3,2.0,6.7,10,0.0
2021/06/11,1000.9,1003.4,999.3,69.0,50,1.3,1.0,8.2,6,0.0
2021/06/12,1003.4,1005.4,1001.8,77.0,60,1.5,151.0,7.2,266,1.5
2021/06/13,1002.6,1004.9,1000.3,76.0,62,2.1,240.0,8.5,266,0.0
2021/06/14,998.9,1001.6,996.7,70.0,54,3.5,243.0,12.4,241,0.0
2021/06/15,996.6,997.8,995.3,72.0,60,4.6,244.0,15.0,259,0.0
2021/06/16,998.0,1000.0,995.5,65.0,49,5.4,231.0,16.9,220,0.0
2021/06/17,999.1,1000.4,998.0,69.0,55,5.3,240.0,18.3,247,0.0
2021/06/18,997.9,999.8,995.6,66.0,54,5.6,241.0,15.4,261,0.0
2021/06/20,995.7,997.4,993.5,65.0,55,6.0,243.0,16.6,242,0.0
2021/06/20,994.5,995.8,992.4,66.0,57,5.4,239.0,15.4,235,0.0
2021/06/21,995.4,998.0,993.9,75.0,65,4.1,238.0,15.4,257,0.5
2021/06/22,997.5,999.7,994.8,85.0,66,2.2,239.0,12.7,247,25.0
2021/06/23,999.9,1001.7,998.0,87.0,73,1.5,81.0,7.2,46,21.5
2021/06/24,1000.2,1001.3,999.2,87.0,68,1.2,139.0,6.0,144,10.0
2021/06/25,1000.0,1001.1,998.4,88.0,67,0.8,79.0,5.3,266,21.5
2021/06/26,999.9,1001.3,998.6,75.0,61,3.3,233.0,13.6,251,0.0
2021/06/27,998.3,1000.4,996.1,65.0,53,5.0,236.0,15.0,237,0.0
2021/06/28,997.1,999.0,995.8,70.0,55,4.9,238.0,15.6,242,3.5
2021/06/29,998.0,999.3,996.7,71.0,60,5.3,233.0,16.3,257,0.0
2021/06/30,998.6,999.8,997.4,72.0,63,5.3,244.0,17.3,262,0.0
2021/07/01,999.2,1000.9,997.9,69.0,55,4.6,245.0,16.7,258,0.0
2021/07/02,1000.3,1001.6,999.1,74.0,65,3.5,238.0,12.7,249,0.0
2021/07/03,1000.4,1001.8,999.0,75.0,61,2.1,242.0,9.4,232,0.0
2021/07/04,1001.7,1003.3,1000.4,74.0,58,1.5,278.0,7.6,223,0.0
2021/07/05,1000.6,1002.1,998.6,70.0,50,1.2,304.0,5.7,249,0.0
2021/07/06,999.2,1004.1,995.2,80.0,62,2.4,255.0,14.2,256,0.0
2021/07/07,1004.5,1006.2,1003.0,74.0,61,1.9,259.0,10.2,271,0.0
2021/07/08,1004.7,1006.4,1003.0,74.0,57,2.1,178.0,8.4,266,0.0
2021/07/09,1003.4,1004.5,1002.1,74.0,52,2.0,266.0,9.4,248,0.0
2021/07/10,1004.2,1005.8,1003.0,74.0,61,2.0,276.0,8.4,245,0.0
2021/07/11,1005.1,1006.4,1003.9,74.0,57,1.8,287.0,7.3,249,0.0
2021/07/12,1004.2,1005.8,1002.5,81.0,66,1.6,190.0,7.3,269,0.0
2021/07/13,1002.6,1003.8,1001.2,80.0,56,1.6,267.0,7.5,197,1.0
2021/07/14,1002.0,1003.7,1000.2,73.0,56,1.4,91.0,7.4,324,0.0
2021/07/15,1001.6,1003.1,999.6,76.0,58,1.7,174.0,6.2,307,0.0
2021/07/16,1001.5,1002.8,1000.0,78.0,59,1.3,182.0,6.2,263,1.0
2021/07/18,998.4,1000.2,996.0,75.0,58,1.5,299.0,6.9,327,0.0
2021/07/18,997.2,998.3,995.6,71.0,55,1.2,76.0,6.2,312,0.0
2021/07/19,996.7,998.1,994.2,69.0,50,1.5,91.0,7.1,178,0.0
2021/07/20,996.7,998.5,994.4,65.0,46,2.2,50.0,10.4,49,0.0
2021/07/21,995.3,997.3,993.4,75.0,55,2.4,54.0,12.9,38,44.5
2021/07/22,990.2,993.6,988.1,90.0,78,2.0,22.0,11.8,342,48.0
2021/07/24,987.5,989.2,985.8,85.0,73,2.4,2.0,14.2,343,20.0
2021/07/24,988.2,989.5,986.8,83.0,64,2.8,320.0,10.5,329,24.0
2021/07/25,988.7,990.4,986.8,71.0,47,5.1,231.0,14.8,248,0.0
2021/07/26,989.0,990.3,987.6,74.0,56,5.0,239.0,15.5,228,0.0
2021/07/27,988.8,990.2,986.9,73.0,56,2.7,233.0,10.0,258,0.0
2021/07/28,990.4,992.8,988.3,70.0,52,1.9,76.0,10.7,247,0.0
2021/07/29,993.5,995.6,991.6,77.0,61,2.8,191.0,12.5,253,0.5
2021/07/30,994.6,995.7,993.4,74.0,57,1.6,174.0,12.2,261,0.0
2021/07/31,993.7,995.4,991.2,74.0,63,2.2,246.0,17.4,253,2.0
2021/08/01,991.0,993.0,989.1,79.0,65,1.1,176.0,7.5,227,0.0
2021/08/02,991.4,992.7,990.4,89.0,77,0.8,49.0,6.3,178,18.0
2021/08/03,991.7,993.3,990.1,86.0,74,2.1,216.0,11.0,261,4.5
2021/08/04,992.8,993.9,991.5,85.0,59,1.4,62.0,9.4,207,53.5
2021/08/05,992.0,993.0,991.0,89.0,76,1.2,85.0,6.1,235,5.5
2021/08/06,990.7,992.8,988.2,93.0,84,1.6,61.0,7.0,102,59.5
2021/08/07,991.7,997.4,987.1,96.0,89,3.0,115.0,13.6,214,151.0
2021/08/09,997.6,1000.2,995.5,83.0,68,2.2,248.0,11.1,235,0.0
2021/08/09,999.4,1000.9,997.4,72.0,53,2.1,145.0,12.9,249,0.0
2021/08/10,1000.7,1002.2,999.3,81.0,62,1.7,123.0,9.1,245,9.0
2021/08/11,1002.4,1003.8,1000.8,81.0,65,1.7,144.0,9.2,273,1.0
2021/08/12,1002.0,1003.8,999.7,77.0,64,2.5,155.0,11.9,245,0.0
2021/08/13,999.6,1001.3,998.2,74.0,61,2.7,209.0,12.8,267,0.0
2021/08/14,1000.2,1002.6,998.4,74.0,58,2.6,233.0,14.4,264,0.0
2021/08/15,1004.0,1006.5,1001.8,72.0,56,2.0,197.0,10.6,257,0.0
2021/08/16,1005.4,1006.8,1003.8,75.0,54,2.2,251.0,8.6,279,0.0
2021/08/17,1003.4,1005.2,1001.2,73.0,60,2.2,181.0,9.9,240,0.0
2021/08/18,1001.8,1003.4,1000.3,80.0,68,1.5,36.0,6.8,259,0.0
2021/08/19,1002.1,1003.2,1000.4,78.0,59,1.4,283.0,9.3,190,5.5
2021/08/20,1002.8,1004.4,1001.1,76.0,59,1.5,121.0,7.2,239,0.0
2021/08/21,1001.9,1003.1,999.7,76.0,56,1.6,268.0,7.8,246,0.0
2021/08/22,1000.7,1002.4,998.8,75.0,57,1.6,261.0,7.4,260,0.0
2021/08/23,1000.4,1001.3,999.4,73.0,54,2.4,249.0,9.7,249,0.0
2021/08/24,1001.3,1002.9,999.9,75.0,64,2.0,152.0,10.6,258,0.0
2021/08/25,1003.0,1005.4,1001.5,76.0,61,1.6,174.0,7.9,261,0.5
2021/08/26,1004.9,1006.1,1003.2,74.0,57,1.3,11.0,6.4,297,0.0
2021/08/27,1004.8,1005.6,1003.4,75.0,56,1.1,158.0,6.6,274,0.0
2021/08/28,1004.0,1005.1,1002.3,77.0,61,1.1,90.0,6.4,282,0.0
2021/08/29,1003.8,1004.9,1002.5,76.0,62,1.4,76.0,6.9,320,0.0
2021/08/30,1004.0,1005.6,1002.5,80.0,70,1.3,37.0,6.3,259,0.0
2021/08/31,1003.6,1004.6,1001.8,77.0,55,1.3,103.0,7.3,247,0.0
2021/09/01,1003.1,1004.5,1001.4,77.0,60,1.2,107.0,6.2,304,0.0
2021/09/03,1002.0,1003.9,999.7,76.0,57,1.2,167.0,6.4,269,0.0
2021/09/03,1000.9,1002.4,998.7,77.0,59,1.3,189.0,6.5,261,0.0
2021/09/04,1002.2,1003.6,1001.2,81.0,59,1.4,111.0,7.5,359,2.0
2021/09/05,1002.3,1004.0,1001.0,78.0,60,1.1,79.0,5.4,9,0.0
2021/09/06,1003.9,1005.1,1002.9,74.0,53,1.4,85.0,6.7,262,0.0
2021/09/07,1003.3,1005.0,1001.2,76.0,60,1.1,199.0,7.5,308,0.0
2021/09/08,1001.9,1003.1,1000.3,78.0,60,1.5,166.0,6.4,323,0.0
2021/09/09,1001.8,1003.1,1000.6,70.0,56,1.4,85.0,6.1,352,0.0
2021/09/10,1000.1,1002.2,998.0,74.0,54,1.1,206.0,5.8,295,0.0
2021/09/11,992.6,998.1,988.6,71.0,61,2.0,87.0,11.7,54,0.0
2021/09/12,990.5,996.2,986.5,80.0,64,2.4,179.0,12.5,298,28.0
2021/09/13,998.7,1002.6,995.1,70.0,60,4.0,256.0,14.2,247,0.0
2021/09/14,1003.5,1005.0,1002.0,75.0,63,3.1,253.0,10.4,277,0.0
2021/09/16,1003.5,1005.0,1001.7,77.0,57,1.3,282.0,6.4,261,0.0
2021/09/16,1002.1,1003.6,1000.1,75.0,60,1.5,74.0,6.2,325,0.0
2021/09/17,1002.9,1004.4,1001.9,77.0,56,1.5,91.0,6.9,300,0.5
2021/09/18,1004.5,1005.8,1003.3,77.0,62,1.4,88.0,6.1,100,0.0
2021/09/19,1004.4,1005.5,1003.0,76.0,53,1.5,281.0,5.5,261,0.0
2021/09/20,1003.6,1005.4,1001.0,73.0,46,1.5,175.0,6.5,269,0.0
2021/09/21,1002.7,1004.3,1000.6,72.0,54,1.6,259.0,6.8,228,0.0
2021/09/22,1004.7,1006.6,1003.1,69.0,45,1.3,36.0,6.1,333,0.0
2021/09/23,1006.6,1008.0,1005.0,74.0,59,1.3,12.0,6.1,292,0.0
2021/09/24,1006.2,1008.1,1003.5,67.0,47,2.0,60.0,9.7,49,0.0
2021/09/25,1005.0,1006.7,1003.1,66.0,54,2.2,53.0,9.8,69,0.0
2021/09/26,1004.3,1005.6,1002.8,69.0,49,1.9,56.0,9.8,351,0.0
2021/09/27,1002.8,1004.1,1001.1,72.0,62,1.7,37.0,9.2,3,0.0
2021/09/28,1001.4,1002.8,999.7,67.0,50,1.9,86.0,10.1,9,0.0
2021/09/29,1000.3,1001.8,998.8,69.0,50,1.6,89.0,7.0,344,0.0
2021/09/30,1001.0,1002.7,999.2,70.0,57,1.2,36.0,7.0,301,0.0
2021/10/01,1002.4,1004.3,1000.9,74.0,58,1.6,29.0,6.4,270,0.0
2021/10/02,1004.3,1006.2,1002.8,72.0,53,1.8,92.0,8.3,10,0.0
2021/10/03,1004.9,1006.7,1003.5,61.0,45,1.5,6.0,6.1,261,0.0
2021/10/04,1005.2,1006.7,1004.1,65.0,54,1.6,81.0,6.5,261,0.0
2021/10/06,1002.9,1005.3,1001.3,52.0,34,2.3,86.0,8.9,89,0.0
2021/10/06,1000.6,1003.3,997.6,59.0,42,1.6,3.0,7.7,266,0.0
2021/10/07,1000.4,1002.4,998.9,66.0,50,1.4,87.0,6.3,274,0.0
2021/10/08,1001.0,1002.6,999.4,70.0,51,1.3,89.0,5.4,269,0.0
2021/10/09,1001.3,1002.5,999.4,62.0,46,2.2,85.0,12.0,108,0.0
2021/10/11,999.7,1002.2,995.7,61.0,41,2.9,63.0,14.8,53,0.5
2021/10/11,995.7,1000.8,990.7,85.0,74,3.7,59.0,18.5,55,12.0
2021/10/12,992.8,996.4,987.6,72.0,45,3.5,59.0,16.1,65,2.5
2021/10/13,1000.5,1002.9,996.0,84.0,73,1.0,179.0,5.7,146,1.0
2021/10/14,1002.5,1004.3,1000.9,85.0,69,1.0,83.0,4.2,338,0.5
2021/10/15,1002.1,1003.6,1000.2,66.0,42,1.2,86.0,4.5,32,0.0
2021/10/16,1006.6,1013.3,1003.0,69.0,47,2.5,42.0,15.3,53,11.0
2021/10/17,1012.3,1014.8,1009.7,71.0,59,3.9,59.0,16.1,12,0.0
2021/10/18,1010.6,1012.4,1008.3,68.0,55,2.6,52.0,11.9,26,0.0
2021/10/19,1010.8,1012.8,1008.4,71.0,58,1.6,37.0,13.2,47,0.0
2021/10/20,1008.9,1011.1,1006.9,78.0,61,1.5,53.0,7.4,5,0.0
2021/10/21,1008.7,1011.1,1006.3,88.0,82,1.6,1.0,9.7,16,3.0
2021/10/22,1011.4,1013.5,1008.7,87.0,75,2.6,56.0,14.1,48,12.0
2021/10/23,1011.0,1012.6,1008.8,74.0,64,2.7,67.0,14.8,56,0.0
2021/10/24,1010.8,1012.8,1009.0,88.0,78,1.8,37.0,11.4,52,14.5
2021/10/25,1008.9,1011.0,1006.9,78.0,60,2.6,59.0,13.0,49,0.0
2021/10/26,1008.0,1009.7,1006.1,68.0,59,1.8,56.0,7.2,73,0.0
,1009.5,--,--,69.0,--,2.2,52.0,--,--,0.0
2021/10/28,1011.0,1012.9,1009.1,61.0,49,2.4,46.0,9.7,45,0.0
2021/10/29,1011.5,1013.5,1010.2,67.0,54,2.1,55.0,9.6,65,0.0
2021/10/30,1012.2,1014.4,1010.6,72.0,64,1.8,52.0,8.2,28,0.0
2021/11/01,1011.5,1012.9,1009.3,72.0,62,2.1,58.0,11.3,36,0.0
2021/11/01,1011.4,1012.7,1009.9,69.0,61,2.2,57.0,10.7,54,0.0
2021/11/02,1010.8,1013.3,1008.3,71.0,66,2.0,60.0,9.4,47,0.0
2021/11/03,1008.8,1010.4,1006.6,73.0,62,1.6,37.0,8.2,67,0.0
2021/11/04,1007.7,1009.4,1006.3,79.0,62,1.5,89.0,5.0,127,0.0
2021/11/05,1005.2,1007.6,1003.2,82.0,60,0.9,298.0,6.0,306,0.0
2021/11/06,1003.6,1005.2,1002.3,79.0,65,1.3,61.0,6.6,266,0.0
2021/11/07,1005.0,1006.5,1003.2,75.0,54,1.5,59.0,8.3,336,0.0
2021/11/08,1009.4,1013.5,1005.0,81.0,65,2.4,56.0,13.9,82,11.5
2021/11/09,1011.9,1014.6,1009.8,61.0,52,2.6,50.0,12.0,28,0.0
2021/11/10,1011.3,1013.5,1009.6,61.0,48,1.9,91.0,6.8,32,0.0
2021/11/11,1010.4,1012.6,1008.0,58.0,39,2.0,7.0,9.0,351,0.0
2021/11/12,1011.2,1014.9,1009.5,70.0,61,1.8,58.0,10.3,42,2.5
2021/11/13,1011.3,1012.7,1008.8,84.0,69,1.8,31.0,10.4,116,5.0
2021/11/14,1010.9,1013.2,1007.9,71.0,59,2.6,59.0,12.6,53,0.0
2021/11/15,1009.1,1011.7,1007.0,65.0,54,1.8,37.0,9.5,76,0.0
2021/11/16,1009.4,1011.4,1007.8,72.0,54,1.4,83.0,8.2,26,0.0
2021/11/17,1008.2,1010.1,1006.3,76.0,58,0.9,25.0,4.7,355,0.0
2021/11/18,1007.0,1010.2,1004.8,92.0,86,1.4,57.0,10.3,350,2.0
2021/11/19,1004.6,1006.5,1002.8,83.0,67,1.8,54.0,9.9,3,0.5
2021/11/20,1005.4,1007.2,1003.3,75.0,60,1.8,49.0,10.0,47,0.0
2021/11/21,1006.2,1007.6,1004.7,82.0,61,1.1,299.0,4.6,294,0.0
2021/11/22,1010.1,1013.9,1005.6,85.0,76,2.3,34.0,12.9,14,0.0
2021/11/23,1013.6,1015.4,1011.2,78.0,69,2.6,60.0,11.3,58,0.0
2021/11/24,1012.3,1014.8,1009.8,70.0,61,2.0,50.0,8.6,66,0.0
2021/11/25,1010.6,1012.6,1008.7,82.0,74,1.6,35.0,9.6,63,0.0
2021/11/26,1011.5,1015.2,1009.2,81.0,70,2.8,50.0,14.7,33,1.0
2021/11/27,1011.4,1013.7,1008.4,74.0,63,3.4,59.0,15.7,47,2.0
2021/11/28,1010.6,1012.6,1009.0,73.0,58,1.4,87.0,6.2,89,0.0
2021/11/29,1007.3,1009.3,1004.7,74.0,48,1.0,80.0,5.5,49,0.0
2021/11/30,1010.1,1014.6,1007.1,78.0,60,2.2,54.0,12.6,66,0.0
2021/12/01,1014.2,1016.8,1010.6,57.0,51,3.4,48.0,15.0,75,0.0
2021/12/02,1013.4,1015.1,1011.1,67.0,57,1.9,61.0,14.0,69,0.0
2021/12/03,1014.4,1016.1,1011.6,55.0,41,2.5,61.0,11.0,21,0.0
2021/12/04,1013.9,1016.6,1011.0,52.0,40,2.9,53.0,13.2,62,0.0
2021/12/05,1013.0,1015.1,1011.0,74.0,55,1.9,83.0,9.8,43,0.0
2021/12/06,1011.3,1012.9,1008.7,81.0,59,2.5,28.0,14.5,30,1.0
2021/12/07,1013.3,1015.4,1010.3,69.0,56,3.8,57.0,15.7,31,0.0
2021/12/08,1014.1,1016.4,1011.7,60.0,42,2.3,58.0,12.9,58,0.0
2021/12/09,1013.5,1015.1,1012.0,74.0,58,1.0,26.0,9.0,7,0.0
2021/12/10,1011.7,1013.1,1009.2,67.0,52,2.0,59.0,12.9,61,0.0
2021/12/11,1013.4,1015.0,1011.6,85.0,75,1.3,54.0,8.6,41,0.0
2021/12/12,1014.4,1016.1,1011.7,84.0,76,2.3,42.0,11.0,31,0.0
2021/12/13,1013.5,1016.6,1009.5,78.0,67,2.7,62.0,14.0,82,0.0
2021/12/14,1010.4,1012.7,1008.3,73.0,45,1.3,12.0,8.5,318,0.0
2021/12/15,1009.3,1011.6,1006.5,80.0,48,0.8,4.0,4.8,321,0.0
2021/12/16,1009.3,1010.8,1007.1,83.0,60,1.3,91.0,6.2,87,0.0
2021/12/17,1013.5,1017.6,1010.2,75.0,57,3.0,59.0,16.9,65,0.0
2021/12/18,1016.2,1018.1,1013.7,64.0,55,3.2,57.0,14.8,31,0.0
2021/12/19,1014.6,1016.9,1011.7,58.0,45,2.1,45.0,12.9,82,0.0
2021/12/20,1012.1,1013.6,1010.5,75.0,62,0.7,289.0,2.9,230,0.0
2021/12/22,1008.1,1010.6,1005.0,94.0,83,1.1,12.0,8.3,43,50.0
2021/12/22,1009.1,1010.6,1007.5,90.0,76,1.9,59.0,10.6,44,11.0
2021/12/23,1008.8,1010.7,1007.4,90.0,83,1.3,32.0,8.6,69,1.0
2021/12/24,1009.9,1012.8,1007.6,91.0,65,1.4,8.0,11.0,62,2.5
2021/12/25,1015.3,1019.0,1011.0,81.0,64,3.1,41.0,16.1,23,0.0
2021/12/26,1019.2,1021.4,1016.9,82.0,74,3.0,48.0,13.8,25,0.0
2021/12/27,1019.5,1021.6,1018.1,85.0,81,2.3,45.0,12.0,8,1.5
2021/12/28,1016.7,1019.3,1014.5,82.0,65,1.5,36.0,7.0,19,0.0
2021/12/29,1016.2,1018.1,1014.6,83.0,73,1.3,53.0,7.3,9,0.0
2021/12/30,1018.1,1019.9,1015.6,69.0,57,2.4,54.0,11.5,61,0.0
2021/12/31,1017.8,1019.4,1015.1,68.0,57,2.3,55.0,12.0,46,0.0
2022/01/01,1017.3,1019.9,1015.2,82.0,67,1.3,7.0,7.9,357,0.0
2022/01/02,1015.6,1017.7,1013.3,77.0,64,2.0,34.0,10.5,25,0.0
2022/01/03,1014.3,1016.4,1011.9,76.0,63,1.6,37.0,7.9,46,0.0
2022/01/04,1012.3,1014.5,1009.7,79.0,63,1.4,56.0,9.1,29,0.0
2022/01/05,1010.8,1012.4,1009.2,89.0,79,1.0,19.0,5.5,142,0.0
2022/01/06,1013.3,1016.0,1010.9,83.0,69,2.5,36.0,13.7,38,4.0
2022/01/07,1015.0,1017.2,1012.7,77.0,64,2.4,61.0,11.7,39,1.0
2022/01/08,1012.7,1014.9,1010.0,74.0,61,2.2,59.0,11.4,55,0.5
2022/01/09,1010.5,1011.9,1008.1,76.0,66,1.8,60.0,9.2,21,0.0
2022/01/10,1009.5,1011.0,1006.7,82.0,68,1.7,16.0,8.0,32,0.0
2022/01/11,1013.3,1016.0,1009.7,77.0,59,2.9,52.0,11.8,48,2.0
2022/01/12,1013.5,1015.3,1011.4,75.0,60,2.0,55.0,13.2,52,0.0
2022/01/13,1015.2,1017.1,1013.6,72.0,59,1.9,23.0,10.8,30,0.0
2022/01/14,1013.8,1016.3,1009.9,61.0,49,1.7,56.0,8.6,63,0.0
2022/01/15,1013.8,1016.3,1011.8,80.0,57,1.6,56.0,8.8,4,0.0
2022/01/16,1013.6,1015.4,1010.8,82.0,69,1.8,29.0,9.0,41,0.0
2022/01/17,1013.6,1015.2,1012.1,90.0,85,2.1,34.0,11.9,46,2.0
2022/01/18,1012.0,1014.8,1009.3,82.0,69,2.2,47.0,10.8,16,0.0
2022/01/19,1010.6,1012.6,1008.1,79.0,64,2.5,31.0,10.1,34,0.0
2022/01/20,1009.5,1011.8,1007.5,72.0,62,2.8,61.0,12.2,54,0.5
2022/01/21,1010.5,1013.4,1008.6,92.0,81,1.7,9.0,8.5,76,29.0
2022/01/22,1007.0,1010.9,1003.9,91.0,69,1.5,26.0,8.6,36,23.0
2022/01/23,1005.1,1006.8,1003.6,97.0,92,1.1,2.0,5.7,296,1.0
2022/01/24,1008.0,1010.1,1006.1,90.0,81,1.7,51.0,7.5,36,1.0
2022/01/25,1009.3,1011.7,1007.3,82.0,63,1.9,30.0,9.0,341,0.0
2022/01/26,1010.0,1011.7,1008.2,88.0,71,1.2,323.0,6.1,300,0.0
2022/01/27,1010.1,1011.6,1008.1,89.0,70,1.8,50.0,9.6,343,0.0
2022/01/28,1009.3,1011.5,1006.7,88.0,82,2.4,36.0,11.3,76,0.5
2022/01/29,1006.9,1009.2,1004.1,90.0,83,2.3,38.0,10.3,46,6.0
2022/01/30,1011.1,1015.1,1005.9,87.0,73,2.2,29.0,11.3,69,2.5
2022/01/31,1011.9,1013.9,1008.3,65.0,50,2.3,52.0,11.2,55,0.0
2022/02/01,1012.0,1014.0,1010.9,88.0,73,1.2,65.0,8.8,25,15.5
2022/02/02,1012.2,1014.0,1010.5,94.0,90,1.8,35.0,8.9,42,1.0
2022/02/03,1010.8,1012.3,1009.1,95.0,92,1.8,58.0,9.5,29,19.0
2022/02/04,1013.7,1015.9,1010.8,90.0,83,2.2,54.0,11.0,20,0.5
2022/02/05,1016.1,1017.8,1014.4,79.0,72,2.4,41.0,11.6,34,0.0
2022/02/06,1015.2,1018.6,1012.4,75.0,61,2.2,57.0,11.6,35,0.0
2022/02/07,1010.4,1013.9,1005.5,86.0,65,1.5,40.0,11.2,358,12.5
2022/02/08,1012.7,1015.4,1011.1,84.0,76,2.3,42.0,10.8,26,0.5
2022/02/09,1011.9,1014.6,1010.1,90.0,82,1.2,23.0,6.8,334,11.0
2022/02/10,1011.3,1014.3,1009.0,92.0,84,1.5,4.0,8.2,35,0.0
2022/02/11,1010.0,1012.2,1008.3,90.0,69,0.7,1.0,6.3,324,0.0
2022/02/12,1009.1,1011.6,1007.7,92.0,86,1.5,39.0,8.3,43,0.0
2022/02/13,1007.3,1010.5,1005.2,89.0,80,1.7,29.0,10.2,68,12.0
2022/02/14,1010.5,1013.6,1008.7,85.0,66,2.0,53.0,9.4,20,27.5
2022/02/15,1010.0,1011.6,1008.4,72.0,63,1.8,30.0,10.0,345,0.0
2022/02/16,1009.1,1011.5,1006.2,78.0,66,2.2,59.0,12.3,68,0.0
2022/02/17,1008.2,1010.8,1004.5,86.0,79,2.1,32.0,10.4,31,0.0
2022/02/18,1009.1,1010.8,1006.9,92.0,78,1.7,35.0,9.5,24,3.5
2022/02/19,1010.5,1014.5,1007.6,94.0,90,2.4,37.0,15.0,38,19.0
2022/02/20,1015.1,1018.4,1012.3,88.0,82,3.4,46.0,15.2,34,18.5
2022/02/21,1013.9,1015.6,1011.7,87.0,79,2.3,63.0,12.1,18,14.0
2022/02/22,1013.2,1015.3,1011.0,90.0,84,2.6,56.0,14.1,17,16.5
2022/02/23,1016.3,1019.2,1012.6,90.0,83,2.8,50.0,14.8,22,31.0
2022/02/24,1017.6,1019.7,1015.4,76.0,63,2.8,52.0,12.4,31,0.0
2022/02/25,1015.9,1018.4,1013.4,82.0,72,1.7,32.0,9.1,42,0.0
2022/02/26,1014.0,1016.7,1012.0,88.0,77,1.1,3.0,6.2,357,0.0
2022/02/27,1012.3,1015.0,1009.9,70.0,49,1.7,95.0,10.3,21,0.0
2022/02/28,1011.1,1014.2,1009.0,73.0,44,0.8,62.0,4.3,273,0.0
2022/03/01,1009.8,1012.0,1007.9,74.0,56,1.1,29.0,6.6,257,0.0
2022/03/02,1010.4,1012.9,1008.3,79.0,63,1.8,52.0,8.8,33,0.0
2022/03/03,1009.0,1011.8,1006.8,79.0,50,1.0,18.0,6.0,275,0.0
2022/03/04,1007.0,1009.8,1005.2,83.0,66,1.1,238.0,4.9,294,0.0
2022/03/05,1006.7,1008.5,1004.9,74.0,61,1.8,60.0,9.5,342,0.0
2022/03/06,1007.8,1009.8,1004.9,67.0,55,1.9,50.0,8.1,114,0.0
2022/03/07,1010.4,1014.1,1006.2,90.0,75,1.9,360.0,8.6,11,22.0
2022/03/09,1009.8,1012.3,1007.6,58.0,38,2.3,60.0,12.5,77,0.0
2022/03/09,1009.7,1012.3,1007.4,75.0,47,1.3,82.0,7.0,342,0.0
2022/03/10,1008.8,1011.2,1007.2,79.0,39,1.2,268.0,7.1,290,0.0
2022/03/11,1007.3,1010.0,1006.0,70.0,45,1.2,26.0,5.4,307,0.0
2022/03/12,1006.1,1007.8,1004.7,80.0,61,1.0,249.0,5.0,273,0.0
2022/03/13,1005.9,1008.2,1003.8,70.0,41,1.3,178.0,7.5,272,0.0
2022/03/14,1004.8,1005.0,1003.2,65.0,46,1.0,3.0,4.0,262,0.0
2022/03/15,1003.6,1005.0,1002.3,81.0,54,1.6,101.0,10.2,342,0.0
2022/03/16,1003.8,1005.5,1002.4,87.0,70,1.2,278.0,5.8,268,0.0
2022/03/17,1001.7,1004.3,999.5,82.0,50,1.3,264.0,6.5,148,11.5
2022/03/18,1001.5,1003.9,999.1,79.0,62,1.9,50.0,8.2,30,0.0
2022/03/19,1003.3,1005.0,1001.8,76.0,51,1.4,58.0,7.4,42,0.0
2022/03/20,1006.0,1007.5,1004.3,83.0,65,1.1,295.0,6.0,310,0.0
2022/03/21,1006.3,1008.9,1004.0,92.0,80,1.2,356.0,5.5,323,7.0
2022/03/22,1007.5,1009.7,1005.2,92.0,87,2.0,34.0,8.7,39,12.5
2022/03/23,1008.3,1010.4,1005.1,92.0,88,2.0,40.0,9.3,29,31.0
2022/03/24,1007.8,1009.5,1006.2,87.0,79,1.1,35.0,7.0,85,1.0
2022/03/25,1003.6,1006.3,1001.4,90.0,74,1.0,249.0,6.1,240,0.5
2022/03/26,1003.1,1007.6,1000.5,79.0,59,3.8,229.0,14.9,359,29.0
2022/03/27,1007.6,1009.7,1003.8,90.0,76,2.2,41.0,8.5,96,51.0
2022/03/28,1010.8,1013.1,1007.9,92.0,81,2.0,35.0,11.0,33,73.0
2022/03/29,1009.2,1012.7,1006.6,90.0,79,1.4,34.0,7.8,360,4.0
2022/03/30,1008.9,1011.8,1006.1,88.0,67,1.6,82.0,8.0,2,0.0
2022/03/31,1010.4,1014.6,1007.3,91.0,80,2.0,35.0,13.0,14,0.0
2022/04/01,1014.3,1017.0,1011.8,75.0,69,3.3,43.0,15.5,3,0.0
2022/04/02,1014.8,1016.7,1012.7,90.0,76,2.8,34.0,12.8,41,32.5
2022/04/03,1014.5,1016.5,1012.2,74.0,65,2.9,53.0,14.1,27,2.5
2022/04/04,1013.4,1015.0,1011.7,66.0,55,2.4,54.0,11.4,49,0.0
2022/04/05,1011.7,1014.7,1008.9,81.0,64,1.1,352.0,7.9,321,0.0
2022/04/06,1009.1,1011.5,1006.7,74.0,55,1.7,3.0,9.0,356,0.0
2022/04/07,1008.2,1010.3,1006.1,68.0,54,2.4,39.0,11.8,68,0.0
2022/04/08,1005.8,1007.7,1003.5,57.0,43,2.4,52.0,8.9,116,0.0
2022/04/09,1005.1,1006.7,1003.2,62.0,48,1.5,90.0,5.9,348,0.0
2022/04/10,1004.5,1006.3,1002.9,70.0,39,1.0,286.0,5.0,270,0.0
2022/04/11,1003.2,1005.4,1001.6,75.0,56,0.9,250.0,5.0,314,0.0
2022/04/12,1001.5,1003.4,999.8,77.0,54,1.0,247.0,4.9,298,0.0
2022/04/13,999.4,1001.1,997.5,74.0,50,1.4,254.0,6.6,274,0.0
2022/04/14,1001.7,1005.5,998.5,80.0,66,2.0,61.0,9.2,69,36.5
2022/04/15,1006.2,1009.1,1004.0,82.0,75,3.0,30.0,12.1,17,0.0
2022/04/16,1006.9,1009.7,1004.9,65.0,56,2.7,58.0,12.3,86,0.0
2022/04/17,1009.0,1010.6,1007.4,76.0,64,1.7,43.0,7.7,58,3.5
2022/04/18,1009.3,1011.7,1007.8,80.0,75,1.6,27.0,7.0,2,0.0
2022/04/19,1010.4,1011.7,1009.0,87.0,76,1.9,56.0,8.3,54,12.5
2022/04/20,1007.3,1010.2,1005.4,85.0,69,1.4,83.0,6.1,93,6.0
2022/04/21,1006.1,1008.0,1004.1,82.0,63,0.9,98.0,4.2,133,0.0
2022/04/22,1005.2,1007.1,1003.3,75.0,54,0.9,302.0,5.0,334,0.0
2022/04/23,1003.1,1005.0,1001.2,84.0,54,1.3,243.0,8.5,264,2.0
2022/04/24,1002.4,1003.6,1000.4,82.0,67,1.1,269.0,8.7,262,0.0
2022/04/25,1001.8,1003.3,1000.2,84.0,74,1.7,261.0,10.7,259,0.0
2022/04/26,1000.5,1002.4,998.5,83.0,61,3.2,174.0,15.0,229,0.0
2022/04/27,1003.1,1005.3,1001.1,81.0,64,1.5,46.0,8.6,262,0.0
2022/04/28,1004.3,1005.5,1002.9,82.0,67,1.2,6.0,5.9,290,0.0
2022/04/29,1004.4,1007.5,1001.4,82.0,73,2.2,61.0,10.1,252,0.0
2022/04/30,1006.5,1008.6,1004.6,82.0,72,2.0,41.0,8.3,45,0.0
2022/05/01,1007.2,1009.2,1005.0,85.0,77,2.2,51.0,10.4,48,10.0
2022/05/02,1007.7,1009.4,1006.2,89.0,82,2.4,58.0,9.1,71,21.0
2022/05/03,1006.8,1008.3,1005.3,73.0,64,2.4,56.0,10.3,21,0.0
2022/05/04,1005.0,1007.0,1003.3,74.0,59,1.6,94.0,5.6,44,0.0
2022/05/05,1004.1,1005.6,1002.9,89.0,85,1.4,44.0,8.1,40,0.0
2022/05/06,1004.5,1006.0,1002.9,83.0,68,1.6,36.0,8.5,33,0.0
2022/05/07,1005.7,1007.4,1004.2,79.0,64,1.7,27.0,8.3,33,0.0
2022/05/08,1005.8,1007.1,1004.2,85.0,74,1.8,32.0,9.2,10,0.0
2022/05/09,1005.2,1006.9,1003.4,87.0,75,1.3,30.0,6.9,14,0.0
2022/05/10,1003.0,1004.7,1001.3,80.0,59,0.9,331.0,5.3,292,0.0
2022/05/11,1002.3,1004.1,1000.6,89.0,61,1.2,5.0,5.5,255,24.5
2022/05/12,1000.8,1002.5,999.3,88.0,60,1.1,25.0,5.3,288,5.0
2022/05/13,998.9,1001.9,996.8,81.0,51,2.7,57.0,14.0,214,5.5
2022/05/14,1003.2,1005.5,1000.6,94.0,90,1.6,34.0,6.6,30,53.0
2022/05/15,1004.9,1006.9,1003.1,93.0,84,2.0,47.0,10.3,38,23.5
2022/05/16,1005.1,1006.6,1003.6,94.0,92,2.1,64.0,10.4,42,55.5
2022/05/17,1006.2,1008.1,1004.3,76.0,57,2.0,50.0,10.3,81,3.0
2022/05/18,1005.8,1007.8,1004.0,76.0,62,1.8,36.0,11.5,38,0.0
2022/05/19,1003.3,1005.1,1000.8,80.0,62,1.6,36.0,8.5,34,0.0
2022/05/20,1000.9,1003.0,999.0,86.0,71,1.6,36.0,7.2,3,0.0
2022/05/21,1000.9,1002.4,998.9,83.0,75,1.7,36.0,8.2,41,0.5
2022/05/22,1000.8,1002.1,999.3,86.0,77,1.2,34.0,5.4,34,0.0
2022/05/23,1001.8,1003.7,999.7,91.0,83,1.1,41.0,6.0,20,0.0
2022/05/24,1003.6,1005.6,1002.4,93.0,86,1.6,62.0,6.0,59,71.0
2022/05/25,1001.4,1004.0,999.4,96.0,89,1.0,6.0,4.0,4,69.5
2022/05/26,998.1,1000.7,996.7,96.0,83,1.2,6.0,9.1,288,73.5
2022/05/27,998.5,1000.7,996.6,96.0,84,0.8,4.0,5.1,268,57.5
2022/05/28,999.1,1000.7,997.8,85.0,71,2.9,261.0,13.4,245,3.5
2022/05/29,998.8,999.8,997.7,79.0,65,2.6,252.0,13.0,250,0.0
2022/05/30,998.9,1001.2,997.0,80.0,67,2.7,262.0,14.6,259,0.0
2022/05/31,1000.9,1002.3,999.2,89.0,75,1.2,127.0,8.3,293,15.0
2022/06/01,999.5,1001.4,997.0,82.0,69,3.1,249.0,13.7,267,0.0
2022/06/02,998.5,1000.3,997.0,76.0,62,3.1,236.0,12.8,263,0.0
2022/06/03,999.2,1000.7,998.1,76.0,63,3.2,256.0,12.5,268,0.0
2022/06/04,999.3,1000.8,997.6,74.0,62,3.4,235.0,13.8,252,0.0
2022/06/05,996.1,998.8,993.9,65.0,52,5.9,238.0,17.2,254,0.0
2022/06/06,995.8,998.9,993.2,77.0,59,4.6,239.0,18.8,235,39.0
2022/06/07,999.2,1001.3,996.8,96.0,89,1.2,21.0,5.4,164,67.5
2022/06/08,1000.9,1002.4,1000.0,96.0,92,1.5,75.0,5.7,357,83.0
2022/06/09,1000.8,1002.0,999.3,91.0,72,0.9,95.0,4.3,270,14.5
2022/06/10,998.7,1000.4,997.1,83.0,59,2.3,246.0,11.3,235,2.5
2022/06/11,1000.4,1002.9,998.0,78.0,59,2.7,238.0,12.8,246,9.5
2022/06/12,1001.0,1002.4,999.9,92.0,86,1.6,88.0,9.4,224,20.5
2022/06/13,998.1,1000.1,997.2,77.0,59,3.7,242.0,16.7,243,0.0
2022/06/14,999.5,1002.6,997.4,72.0,51,4.7,240.0,16.2,248,0.0
2022/06/15,1002.1,1003.8,999.5,89.0,70,1.4,58.0,10.6,274,10.0
2022/06/16,1002.4,1005.1,1001.2,87.0,73,1.4,26.0,16.9,241,7.0
2022/06/17,1000.9,1001.9,1000.0,82.0,69,2.6,266.0,12.3,249,0.5
2022/06/18,1000.3,1001.4,999.0,77.0,60,2.6,249.0,13.2,263,0.0
2022/06/19,1000.0,1000.8,998.7,75.0,60,2.4,253.0,13.2,255,0.0
2022/06/20,998.2,999.7,996.7,74.0,57,3.0,189.0,14.9,262,0.0
2022/06/21,999.6,1001.8,996.9,75.0,65,1.8,269.0,9.2,274,0.0
2022/06/22,1002.8,1004.5,1000.5,73.0,60,2.1,222.0,10.6,262,0.0
2022/06/23,1003.1,1004.6,1001.2,77.0,65,1.9,148.0,9.8,265,0.0
2022/06/24,1001.4,1002.7,1000.2,79.0,64,2.2,152.0,10.9,263,0.0
2022/06/25,1001.3,1003.4,999.1,80.0,61,1.9,139.0,9.8,174,12.0
2022/06/26,1003.1,1004.4,1001.4,75.0,59,1.6,83.0,8.5,272,0.0
2022/06/27,1001.6,1003.4,999.8,72.0,53,1.4,6.0,6.5,276,0.0
2022/06/28,998.6,1000.2,996.7,77.0,62,1.2,82.0,6.4,301,0.0
2022/06/29,997.5,999.9,995.8,84.0,66,1.6,25.0,11.6,179,65.5
2022/06/30,997.0,998.9,995.2,80.0,62,1.4,270.0,6.1,254,0.5
