date,Zhunan_StnPres,Zhunan_StnPresMax,Zhunan_StnPresMin,Zhunan_RH,Zhunan_RHMin,Zhunan_WS,Zhunan_WD,Zhunan_WSGust,Zhunan_WDGust,Zhunan_Precp
2018/01/01,1016.0,1018.2,1013.3,69,50,2.2,37,9.7,32,0.0
2018/01/02,1014.6,1016.9,1012.1,78,53,0.7,4,6.3,352,0.0
2018/01/03,1014.6,1017.2,1012.5,85,69,0.7,137,5.1,321,0.0
2018/01/04,1013.6,1015.8,1011.3,92,83,1.4,17,7.3,40,0.5
2018/01/05,1013.3,1015.6,1011.9,88,80,2.8,31,10.8,40,0.5
2018/01/06,1011.7,1013.1,1010.0,88,76,1.7,20,7.5,38,28.5
2018/01/07,1011.3,1014.1,1008.4,93,87,0.9,102,8.1,41,43.5
2018/01/08,1011.1,1017.6,1007.9,94,86,1.7,164,10.5,42,85.0
2018/01/09,1019.0,1021.5,1016.0,86,71,2.3,45,9.7,13,19.5
2018/01/10,1021.6,1023.8,1019.9,58,41,3.3,32,11.2,42,0.0
2018/01/11,1022.6,1025.3,1020.3,54,42,3.9,30,12.1,41,0.0
2018/01/12,1024.2,1025.7,1022.0,52,39,4.6,34,13.5,47,0.0
2018/01/13,1021.8,1024.3,1018.7,58,40,3.2,32,11.9,44,0.0
2018/01/14,1018.0,1021.2,1015.1,75,37,1.3,4,9.8,5,0.0
2018/01/15,1014.2,1016.9,1011.7,83,54,1.4,2,9.4,1,0.0
2018/01/16,1010.8,1013.5,1008.5,80,51,0.7,6,4.2,172,0.0
2018/01/17,1010.7,1013.0,1009.2,81,56,1.5,21,9.2,354,0.0
2018/01/18,1012.5,1014.3,1011.0,87,67,2.2,17,9.3,4,0.0
2018/01/19,1014.3,1016.8,1012.4,90,84,3.1,32,9.2,45,4.5
2018/01/20,1012.7,1014.6,1010.7,87,77,2.9,16,9.0,43,0.0
2018/01/21,1010.7,1013.0,1008.4,86,69,2.0,20,8.2,356,0.0
2018/01/22,1010.5,1012.5,1007.5,83,67,2.7,32,12.0,37,2.0
2018/01/23,1011.6,1012.9,1009.4,75,64,2.9,18,11.4,15,0.0
2018/01/24,1011.7,1013.7,1009.1,69,54,2.7,38,9.8,41,0.0
2018/01/25,1012.3,1013.9,1010.2,78,58,2.7,16,9.8,5,0.0
2018/01/26,1014.4,1017.2,1012.9,80,67,4.8,28,13.2,41,0.0
2018/01/27,1012.5,1015.0,1010.6,75,53,1.8,40,9.6,37,0.0
2018/01/28,1012.1,1014.9,1009.1,92,87,3.2,1,11.7,49,1.5
2018/01/29,1015.6,1017.4,1013.4,88,80,5.1,31,13.4,46,3.5
2018/01/30,1015.8,1018.8,1013.9,86,68,2.2,30,11.6,46,2.0
2018/01/31,1015.6,1018.9,1012.7,90,75,3.1,21,11.1,6,13.0
2018/02/01,1018.1,1020.6,1015.3,87,77,4.4,32,11.9,41,3.0
2018/02/03,1019.7,1022.2,1016.4,86,76,3.7,32,12.2,47,0.5
2018/02/03,1021.4,1022.6,1019.3,84,74,5.1,30,12.3,10,2.0
2018/02/04,1021.6,1022.8,1019.6,86,78,4.4,32,11.9,45,1.0
2018/02/05,1022.4,1024.6,1020.7,84,68,3.3,40,11.4,31,3.5
2018/02/06,1019.3,1022.4,1016.6,61,52,4.4,37,13.4,39,0.0
2018/02/07,1016.1,1018.2,1013.4,82,62,1.3,46,8.7,25,3.5
2018/02/08,1014.6,1017.8,1012.1,81,60,1.9,40,9.0,42,3.5
2018/02/09,1012.9,1014.3,1010.9,93,81,1.1,29,7.4,33,2.0
2018/02/10,1014.5,1018.8,1011.6,93,84,3.1,29,12.2,40,1.0
2018/02/11,1019.6,1022.4,1017.5,78,67,4.6,31,12.4,38,1.0
2018/02/12,1022.0,1023.9,1020.0,60,46,3.5,37,12.7,9,0.0
2018/02/13,1019.1,1022.2,1016.3,63,39,0.8,18,4.6,312,0.0
2018/02/14,1015.8,1018.7,1012.7,78,46,0.8,4,4.3,329,0.0
2018/02/15,1012.9,1015.0,1010.7,74,46,0.8,14,6.1,359,0.0
2018/02/16,1011.9,1013.6,1010.0,86,72,1.6,6,9.0,55,0.0
2018/02/17,1013.3,1015.2,1011.1,75,59,3.4,32,13.1,42,0.0
2018/02/18,1014.4,1017.0,1012.5,85,69,1.2,5,8.4,313,0.0
2018/02/19,1012.7,1015.5,1009.6,78,42,0.6,23,6.9,347,0.0
2018/02/20,1011.9,1013.9,1009.4,87,75,2.0,3,9.3,349,0.0
2018/02/21,1012.6,1014.6,1010.3,88,82,3.8,32,10.1,36,0.0
2018/02/22,1015.1,1017.5,1012.9,91,82,3.9,35,10.7,17,22.0
2018/02/23,1015.8,1017.4,1013.6,78,60,2.5,35,9.4,32,0.0
2018/02/24,1015.9,1019.4,1014.4,90,82,0.7,9,7.2,45,0.0
2018/02/25,1015.9,1018.2,1013.5,91,86,2.6,39,10.2,34,2.5
2018/02/26,1015.5,1017.6,1013.4,76,58,3.1,32,11.7,29,0.0
2018/02/27,1013.7,1015.6,1011.9,86,68,0.9,2,6.3,308,0.0
2018/03/01,1009.9,1011.9,1008.6,92,81,0.7,132,9.4,282,4.5
2018/03/01,1008.9,1011.3,1006.7,86,71,0.9,349,7.5,7,0.0
2018/03/02,1009.0,1011.5,1007.4,90,78,1.1,25,4.8,354,0.0
2018/03/03,1007.7,1009.8,1005.3,90,75,0.9,286,7.0,296,0.0
2018/03/04,1008.3,1010.1,1004.3,87,64,0.9,33,9.0,6,0.0
2018/03/05,1009.9,1014.5,1007.3,87,65,2.6,33,12.5,7,0.0
2018/03/06,1015.1,1017.3,1013.7,80,74,4.1,33,12.0,44,0.0
2018/03/07,1013.3,1015.7,1010.2,83,69,2.4,3,9.7,3,0.0
2018/03/08,1016.3,1019.6,1016.7,88,78,3.2,48,10.6,42,13.5
2018/03/09,1017.6,1018.8,1016.3,62,47,4.7,35,14.1,47,0.0
2018/03/10,1017.2,1018.8,1015.4,60,40,2.7,15,9.7,39,0.0
2018/03/11,1016.7,1018.7,1015.4,68,34,0.8,125,6.5,15,0.0
2018/03/12,1014.6,1016.6,1012.8,76,52,0.9,341,6.4,3,0.0
2018/03/13,1013.0,1015.1,1011.5,84,60,0.7,1,5.5,349,0.0
2018/03/14,1011.4,1013.5,1009.5,83,63,0.7,5,5.3,339,0.0
2018/03/15,1010.0,1011.8,1008.8,83,57,0.8,8,9.8,11,7.0
2018/03/16,1011.3,1014.4,1006.7,83,60,2.3,27,9.5,36,0.5
2018/03/17,1013.7,1015.7,1011.6,80,67,3.1,32,9.9,30,0.0
2018/03/18,1011.8,1013.7,1010.3,87,68,0.8,331,6.2,279,0.0
2018/03/19,1007.9,1010.5,1004.4,83,58,0.9,2,7.4,288,0.0
2018/03/20,1008.2,1012.2,1004.9,92,84,1.7,24,11.5,24,23.0
2018/03/21,1012.8,1014.4,1011.3,72,59,1.6,52,8.4,39,0.0
2018/03/22,1012.8,1014.2,1011.0,60,41,2.0,44,10.1,7,0.0
2018/03/23,1014.4,1015.6,1013.0,61,29,1.4,34,8.4,27,0.0
2018/03/24,1015.1,1017.4,1013.0,58,26,0.8,4,5.5,332,0.0
2018/03/25,1014.7,1016.6,1013.4,69,42,0.7,137,5.0,318,0.0
2018/03/26,1013.4,1015.2,1012.2,78,61,0.9,2,7.5,302,0.0
2018/03/27,1011.7,1013.5,1010.4,79,67,1.8,6,9.6,7,0.0
2018/03/28,1009.8,1011.6,1008.2,83,69,1.7,1,9.9,360,0.0
2018/03/29,1009.2,1010.7,1007.7,80,60,0.8,326,5.9,352,0.0
2018/03/30,1009.3,1011.4,1007.5,64,41,1.8,36,11.0,37,0.0
2018/03/31,1008.4,1010.8,1005.6,60,35,1.2,14,9.4,327,0.0
2018/04/01,1008.5,1010.6,1007.3,73,58,0.7,151,5.6,336,0.0
2018/04/02,1008.9,1010.2,1007.8,82,71,0.8,290,6.4,284,0.0
2018/04/03,1009.8,1011.1,1008.5,79,61,0.8,132,6.4,306,0.0
2018/04/04,1009.0,1010.8,1007.5,76,55,0.8,7,6.5,322,0.0
2018/04/05,1007.8,1009.3,1006.3,78,66,0.9,17,6.0,322,0.0
2018/04/06,1011.8,1018.4,1006.3,76,55,2.9,38,14.0,45,0.0
2018/04/07,1018.4,1020.5,1016.8,60,36,2.3,34,12.0,29,0.0
2018/04/08,1015.1,1017.9,1013.3,55,35,0.7,283,5.9,279,0.0
2018/04/09,1013.8,1015.7,1011.8,73,52,1.0,349,6.1,7,0.0
2018/04/10,1010.9,1013.2,1008.7,66,30,0.7,136,5.1,288,0.0
2018/04/11,1008.0,1010.3,1005.9,78,62,0.7,3,5.9,275,0.0
2018/04/12,1007.4,1009.1,1005.6,84,70,0.7,147,9.2,296,5.0
2018/04/13,1008.3,1010.2,1006.4,83,66,0.6,115,5.4,265,0.0
2018/04/14,1006.3,1007.9,1004.2,83,73,1.2,192,10.2,287,2.0
2018/04/15,1010.0,1012.4,1006.5,80,69,3.3,32,11.0,46,10.5
2018/04/16,1011.2,1013.3,1009.3,70,55,2.1,46,7.9,41,7.5
2018/04/17,1013.2,1015.5,1011.7,80,64,1.8,49,7.6,35,8.5
2018/04/18,1011.0,1012.8,1009.3,73,58,1.3,37,8.7,1,0.0
2018/04/19,1010.0,1011.7,1009.0,77,60,0.8,342,6.0,343,0.0
2018/04/20,1009.9,1011.3,1008.2,79,65,0.6,140,4.3,345,0.0
2018/04/21,1009.1,1010.4,1007.8,80,68,0.6,331,5.2,293,0.0
2018/04/22,1007.5,1009.2,1005.7,81,54,0.8,330,5.4,327,0.0
2018/04/24,1004.8,1006.6,1002.5,74,57,0.9,136,6.5,292,0.0
2018/04/24,1005.4,1008.1,1002.9,85,74,2.0,36,8.6,27,3.0
2018/04/25,1008.6,1010.1,1007.2,68,54,2.2,46,9.1,39,0.0
2018/04/26,1008.9,1010.5,1007.0,70,46,1.0,18,7.6,354,0.0
2018/04/27,1010.7,1012.2,1008.8,79,61,1.1,2,5.7,337,0.0
2018/04/28,1010.1,1011.9,1008.0,76,62,0.7,331,3.8,335,0.0
2018/04/29,1008.8,1010.6,1007.1,82,69,0.8,43,5.4,305,0.0
2018/04/30,1009.1,1010.9,1007.8,79,62,0.9,297,5.4,320,0.0
2018/05/01,1008.4,1010.2,1006.9,83,71,0.9,293,7.1,288,0.0
2018/05/02,1007.6,1009.0,1005.9,78,54,1.2,272,11.5,284,0.0
2018/05/03,1011.2,1013.0,1008.6,73,61,2.5,42,13.5,39,0.0
2018/05/04,1011.4,1012.6,1010.1,68,54,0.4,50,4.3,39,0.0
2018/05/05,1011.5,1013.4,1010.0,72,47,0.8,276,4.9,283,0.0
2018/05/06,1007.2,1010.7,1004.7,74,63,1.4,258,9.3,292,0.0
2018/05/08,1003.3,1005.8,1001.4,69,48,1.1,210,8.9,273,0.0
2018/05/08,1005.1,1009.0,1001.5,82,65,2.2,277,12.2,272,66.5
2018/05/09,1010.7,1013.3,1007.8,75,66,2.6,38,10.5,35,10.0
2018/05/10,1011.5,1013.4,1009.3,65,48,2.7,37,10.0,37,0.0
2018/05/11,1009.6,1011.5,1007.6,78,64,0.7,3,4.5,3,0.0
2018/05/12,1007.4,1009.0,1005.5,81,67,0.9,282,6.1,285,0.0
2018/05/13,1006.4,1007.8,1004.9,78,64,1.2,271,8.7,305,0.0
2018/05/14,1006.5,1008.5,1004.4,78,62,1.0,171,6.1,281,0.0
2018/05/15,1005.8,1007.6,1004.6,81,69,1.1,289,7.5,287,0.0
2018/05/16,1004.6,1006.3,1003.3,82,70,1.2,273,9.1,299,0.0
2018/05/17,1003.5,1005.0,1001.7,80,67,1.3,284,9.4,286,0.0
2018/05/18,1003.0,1004.6,1001.4,77,61,1.0,252,9.8,275,0.0
2018/05/19,1004.1,1005.3,1002.7,79,54,1.2,296,7.2,287,0.0
2018/05/20,1005.0,1007.4,1002.5,80,69,1.2,293,6.1,295,0.0
2018/05/21,1005.9,1007.6,1003.1,79,60,1.1,359,4.7,354,0.0
2018/05/22,1006.0,1008.2,1004.1,77,62,0.9,291,6.2,344,0.0
2018/05/23,1006.2,1007.4,1004.4,75,63,1.6,46,7.3,348,0.0
2018/05/24,1005.9,1008.0,1004.4,76,58,1.2,10,6.5,1,0.0
2018/05/25,1003.6,1006.0,1001.6,78,68,1.4,185,9.2,287,0.0
2018/05/26,1002.9,1004.2,1001.6,71,56,1.3,203,11.5,294,0.0
2018/05/27,1003.9,1005.4,1001.6,72,48,1.6,252,9.5,278,0.0
2018/05/28,1004.8,1006.3,1003.7,78,62,1.3,147,7.5,280,0.0
2018/05/29,1006.0,1007.7,1004.0,81,65,1.0,305,6.1,289,3.0
2018/05/30,1006.1,1007.6,1004.0,80,67,1.2,300,6.3,287,0.0
2018/05/31,1005.7,1007.5,1004.0,78,63,1.7,282,9.4,283,0.0
2018/06/01,1006.9,1008.4,1005.7,80,66,2.2,44,9.1,39,1.5
2018/06/02,1006.6,1008.1,1004.8,74,59,2.1,26,9.6,17,0.5
2018/06/03,1004.8,1006.6,1002.8,80,63,1.6,6,8.9,357,0.0
2018/06/04,1004.7,1005.9,1002.9,81,66,1.2,4,8.0,351,0.0
2018/06/05,1005.0,1006.6,1003.3,77,54,0.9,144,5.0,11,0.5
2018/06/06,1004.5,1005.4,1002.9,79,62,1.7,5,8.3,9,0.0
2018/06/07,1002.4,1004.0,999.6,81,62,1.4,7,9.2,354,0.5
2018/06/08,998.8,1001.9,996.9,76,56,0.8,29,5.4,301,0.0
2018/06/09,996.2,998.1,994.1,78,62,1.7,43,9.8,3,0.0
2018/06/10,995.9,996.9,994.2,80,63,1.2,17,7.7,12,0.0
2018/06/11,997.3,999.7,994.3,81,66,1.6,33,8.8,2,2.5
2018/06/12,998.4,1000.5,996.6,60,33,1.3,42,9.2,354,0.0
2018/06/13,995.1,997.7,992.5,63,39,0.9,42,5.5,350,0.0
2018/06/14,992.6,994.1,991.4,75,64,2.9,36,13.9,40,0.0
2018/06/15,995.9,1000.4,991.9,84,70,2.6,30,12.4,43,0.0
2018/06/16,1000.1,1001.7,998.8,72,56,3.2,32,10.9,356,0.0
2018/06/18,1000.2,1001.3,998.8,89,64,0.8,70,6.5,348,27.0
2018/06/18,999.8,1001.4,998.9,88,65,0.5,5,4.8,360,2.0
2018/06/19,1000.2,1002.1,998.0,77,65,1.7,178,10.1,146,2.5
2018/06/20,1000.9,1003.3,998.8,67,57,1.7,178,9.3,167,0.0
2018/06/21,1002.1,1003.6,1000.5,77,60,1.0,214,8.8,286,1.0
2018/06/22,1003.3,1004.9,1001.2,78,67,0.9,167,7.1,291,0.0
2018/06/23,1003.8,1005.2,1002.5,78,63,0.8,147,10.1,292,0.0
2018/06/24,1005.5,1007.1,1004.2,80,65,1.0,280,8.4,292,0.0
2018/06/25,1006.5,1007.9,1005.4,81,66,1.1,165,7.5,303,0.0
2018/06/26,1007.0,1008.3,1006.0,77,61,0.8,8,6.0,320,0.0
2018/06/27,1005.3,1006.6,1003.4,69,53,1.0,283,7.2,275,0.0
2018/06/29,1002.3,1004.5,1000.4,72,62,1.3,284,8.3,284,0.0
2018/06/29,999.7,1000.8,997.5,71,51,1.4,287,9.6,284,0.0
2018/06/30,1000.5,1002.4,998.5,77,54,1.0,309,5.6,321,2.5
2018/07/01,999.6,1000.7,997.8,73,57,1.2,289,9.6,322,0.0
2018/07/02,998.4,999.4,996.6,66,57,1.3,191,8.0,162,0.0
2018/07/03,997.9,999.7,996.7,66,60,1.8,185,10.8,212,0.0
2018/07/04,997.8,999.8,996.2,68,53,1.5,190,9.8,180,0.5
2018/07/05,997.8,999.5,996.3,69,59,1.2,180,9.0,207,0.0
2018/07/06,998.5,1000.2,997.1,67,49,1.0,186,10.6,289,0.0
2018/07/07,1000.4,1002.5,998.9,78,57,1.0,110,8.5,280,5.0
2018/07/08,1002.2,1004.0,1001.0,74,57,1.1,331,5.7,298,0.0
2018/07/09,1002.3,1004.5,999.8,78,61,1.3,4,8.2,347,0.0
2018/07/10,999.0,1001.9,992.7,80,59,3.0,19,11.4,331,13.5
2018/07/11,995.5,1002.0,989.7,82,64,1.7,173,12.5,306,22.5
2018/07/12,1002.0,1003.3,1000.7,83,67,1.0,4,6.6,35,0.5
2018/07/13,1002.3,1003.2,1001.1,79,65,1.0,5,6.0,280,0.0
2018/07/14,1001.5,1002.4,999.9,76,60,1.0,137,6.4,274,0.0
2018/07/15,1001.2,1002.7,1000.1,76,53,0.9,7,6.2,5,0.0
2018/07/16,999.0,1001.2,997.0,73,53,0.8,288,5.7,318,0.0
2018/07/17,997.9,999.0,996.6,74,56,0.8,128,5.8,317,0.0
2018/07/18,999.7,1001.2,997.8,71,51,0.9,48,3.8,41,0.0
2018/07/19,1001.1,1002.7,998.5,70,50,1.7,22,8.4,341,0.0
2018/07/20,999.7,1001.8,998.0,73,59,2.3,7,10.3,3,0.0
2018/07/21,997.3,999.2,995.5,79,59,1.3,134,9.1,3,0.5
2018/07/22,997.4,999.7,996.1,79,60,0.7,137,6.0,314,0.0
2018/07/23,999.4,1002.5,996.8,72,64,0.8,259,8.0,282,0.0
2018/07/24,1002.7,1004.1,1001.4,79,66,0.9,139,7.3,301,0.0
2018/07/25,1003.3,1004.6,1001.6,75,57,1.0,135,5.6,340,0.0
2018/07/26,1003.0,1004.6,1001.0,76,58,0.9,175,6.1,286,0.0
2018/07/27,1003.1,1004.8,1001.3,77,60,0.9,47,6.3,304,0.5
2018/07/28,1002.8,1004.4,1000.6,76,64,1.3,327,7.3,318,0.0
2018/07/30,1001.6,1003.3,999.5,72,52,1.2,300,7.0,316,0.0
2018/07/31,1001.2,1002.5,999.3,73,57,1.2,188,8.1,293,0.0
2018/07/31,1000.8,1002.2,998.6,74,52,1.2,282,9.4,292,0.0
2018/08/01,999.8,1001.4,997.4,74,49,1.4,285,9.2,288,0.0
2018/08/02,998.9,1000.5,996.9,69,46,1.0,226,9.4,296,0.0
2018/08/03,999.5,1001.5,997.8,67,54,1.0,197,11.2,175,0.0
2018/08/04,1001.5,1003.1,1000.1,72,53,1.0,37,7.9,280,0.0
2018/08/05,1002.5,1003.7,1001.0,78,60,1.1,151,7.7,356,4.0
2018/08/06,1001.5,1003.5,998.7,80,64,1.4,1,6.9,9,1.5
2018/08/07,1000.2,1002.0,997.5,72,56,1.6,2,9.3,3,0.0
2018/08/08,1000.8,1001.9,999.7,73,58,1.2,3,8.4,33,0.0
2018/08/09,1001.2,1002.5,999.4,73,58,1.2,305,6.3,10,0.0
2018/08/10,1000.2,1001.8,997.9,74,56,1.4,340,6.4,14,0.0
2018/08/12,997.1,999.8,994.8,79,67,1.6,167,7.5,2,0.5
2018/08/12,993.5,995.7,990.9,77,61,0.9,142,5.8,314,0.0
2018/08/13,995.0,996.7,993.1,75,58,1.2,3,7.9,23,0.0
2018/08/14,996.3,997.1,995.0,81,59,0.6,5,5.0,315,0.0
2018/08/15,997.5,998.7,996.1,78,62,0.7,193,9.4,289,X
2018/08/16,997.0,998.9,995.0,74,59,1.0,269,7.7,297,0.0
2018/08/17,995.9,998.6,994.1,69,50,1.1,37,9.5,288,0.0
2018/08/18,998.7,1000.1,997.6,81,63,0.8,166,7.2,313,2.5
2018/08/19,1000.3,1002.0,999.0,85,66,1.0,138,6.8,313,14.0
2018/08/21,999.5,1001.2,998.0,79,62,0.8,332,6.1,3,0.0
2018/08/21,997.0,998.8,995.1,82,67,1.0,41,5.5,306,1.0
2018/08/22,994.9,996.7,992.5,86,72,0.9,313,5.5,33,5.0
2018/08/23,991.5,993.7,988.4,80,57,1.2,22,9.5,6,36.0
2018/08/24,993.8,995.6,992.3,89,66,0.6,171,4.9,169,40.5
2018/08/25,994.9,996.2,993.7,89,67,0.5,35,4.0,44,12.5
2018/08/26,996.8,999.2,995.0,91,70,0.4,154,4.5,331,10.0
2018/08/27,1000.4,1003.0,998.0,89,66,0.3,103,5.1,296,33.0
2018/08/28,1002.7,1004.5,1001.5,86,58,0.4,28,5.8,276,4.0
2018/08/29,1003.7,1005.7,1002.2,86,69,0.3,142,4.0,297,1.0
2018/08/30,1006.4,1009.1,1004.4,81,57,0.3,14,5.8,283,0.0
2018/08/31,1008.4,1009.4,1007.2,80,62,0.7,292,5.1,317,0.5
2018/09/01,1006.7,1009.0,1004.5,79,62,0.8,132,5.1,307,0.0
2018/09/02,1003.7,1006.1,1001.8,77,60,1.0,175,6.3,292,0.0
2018/09/03,1001.6,1003.2,999.8,74,54,1.2,288,9.6,293,0.0
2018/09/04,1000.6,1002.1,998.5,73,49,1.1,186,8.1,290,0.0
2018/09/05,1001.9,1003.2,1000.3,80,67,0.6,6,5.4,284,0.0
2018/09/06,1002.1,1003.3,1000.3,80,64,0.7,326,5.2,323,0.0
2018/09/07,1002.8,1005.1,1000.9,81,65,0.8,300,6.4,287,11.5
2018/09/08,1004.6,1006.3,1003.1,88,79,1.5,28,8.2,31,4.5
2018/09/09,1006.6,1008.7,1004.8,89,81,3.2,21,12.0,44,16.0
2018/09/10,1005.2,1008.4,1002.5,77,65,3.3,37,15.3,36,0.0
2018/09/11,1003.9,1005.9,1001.4,82,65,0.5,24,4.8,286,0.0
2018/09/12,1005.5,1006.9,1003.9,88,74,1.3,4,6.1,6,2.0
2018/09/13,1005.0,1006.4,1003.8,81,62,0.7,353,5.4,360,0.0
2018/09/14,1002.8,1005.4,1000.1,67,40,1.4,40,12.8,41,0.0
2018/09/16,996.9,1001.0,993.8,64,47,3.2,39,17.6,43,0.0
2018/09/16,1002.8,1007.6,996.4,71,50,0.3,127,3.9,277,0.0
2018/09/17,1008.7,1012.0,1006.7,82,61,1.1,165,7.6,346,0.0
2018/09/18,1009.8,1012.0,1007.2,84,73,0.9,23,5.2,344,0.0
2018/09/19,1008.1,1009.8,1006.6,83,71,0.8,136,5.1,281,0.0
2018/09/20,1006.7,1007.9,1005.5,82,70,0.8,287,7.2,291,0.0
2018/09/21,1008.0,1010.9,1006.3,80,65,0.9,297,7.1,292,0.0
2018/09/22,1010.1,1011.4,1009.0,77,55,1.1,6,6.1,11,0.0
2018/09/23,1008.9,1010.6,1006.7,78,64,1.3,339,9.0,315,0.0
2018/09/24,1006.1,1008.7,1004.4,74,58,3.5,36,12.1,8,0.0
2018/09/25,1004.1,1006.4,1001.6,69,47,3.9,37,13.9,43,0.0
2018/09/26,1004.8,1006.2,1003.1,82,71,2.6,41,10.4,39,0.0
2018/09/27,1004.6,1005.8,1002.6,82,57,2.6,35,14.3,38,16.0
2018/09/28,1004.2,1005.3,1002.5,83,59,2.8,35,10.7,32,4.0
2018/09/29,1003.6,1005.0,1001.6,71,49,1.0,45,9.0,37,1.5
2018/09/30,1006.4,1008.4,1004.4,60,44,2.1,38,10.7,32,0.0
2018/10/01,1008.8,1010.6,1007.3,54,25,2.3,44,12.2,47,0.0
2018/10/02,1010.6,1012.4,1009.0,54,37,3.5,47,12.0,38,0.0
2018/10/03,1010.1,1011.8,1007.6,60,47,4.3,32,15.0,42,0.0
2018/10/04,1008.4,1010.7,1006.3,83,67,1.2,47,9.0,40,4.5
2018/10/05,1005.9,1007.9,1004.3,71,52,1.2,359,7.1,336,0.5
2018/10/06,1008.9,1010.5,1007.1,70,50,1.4,33,9.0,348,0.0
2018/10/07,1010.5,1012.4,1008.8,72,60,2.4,38,9.5,33,0.0
2018/10/08,1009.8,1011.4,1008.2,77,65,2.5,31,8.9,40,0.0
2018/10/09,1009.0,1010.4,1007.0,80,69,1.7,25,6.6,7,0.0
2018/10/10,1010.1,1012.8,1007.6,74,55,2.7,36,11.6,32,0.0
2018/10/11,1013.4,1015.0,1011.7,79,70,4.6,38,15.0,38,0.0
2018/10/12,1014.4,1015.7,1013.2,82,75,3.4,38,12.1,36,4.0
2018/10/13,1012.8,1014.9,1010.7,73,61,1.7,36,8.7,40,0.0
2018/10/14,1010.8,1012.1,1009.3,76,48,1.0,355,6.2,37,0.0
2018/10/15,1010.1,1010.1,1008.4,83,73,2.3,18,7.0,3,0.0
2018/10/16,1009.0,1010.4,1007.2,84,74,2.0,35,8.2,39,0.0
2018/10/17,1009.3,1010.9,1008.0,87,83,2.9,36,9.0,40,7.0
2018/10/18,1010.6,1011.9,1009.2,67,52,3.0,42,11.8,38,0.0
2018/10/19,1013.8,1015.5,1010.8,72,61,2.4,46,12.2,36,1.5
2018/10/20,1014.9,1016.9,1013.0,68,57,2.1,29,8.8,36,0.0
2018/10/21,1013.3,1015.1,1011.5,73,52,1.5,36,8.9,357,0.0
2018/10/22,1011.8,1013.4,1009.7,83,63,0.9,2,6.5,358,0.0
2018/10/23,1012.9,1014.5,1011.5,82,68,2.0,36,8.2,37,0.0
2018/10/24,1012.7,1014.3,1011.0,74,61,2.2,29,7.7,16,0.0
2018/10/25,1012.3,1014.1,1011.0,81,60,0.9,1,6.4,327,0.0
2018/10/26,1012.1,1013.9,1010.6,82,65,1.4,36,6.8,11,0.0
2018/10/27,1014.4,1016.4,1012.5,57,40,3.9,41,12.8,35,0.0
2018/10/28,1012.3,1014.9,1010.1,50,32,3.4,40,11.3,38,0.0
2018/10/29,1009.4,1011.0,1007.3,40,23,3.1,37,16.8,37,0.0
2018/10/30,1008.3,1009.9,1006.8,60,47,3.7,40,14.0,41,0.0
2018/10/31,1010.4,1013.7,1008.7,72,61,3.9,42,17.2,47,2.0
2018/11/01,1010.8,1012.6,1009.4,76,67,5.8,41,15.5,41,1.0
2018/11/02,1010.1,1012.0,1007.1,82,67,3.7,23,15.3,41,0.0
2018/11/03,1012.3,1013.7,1010.7,89,80,1.5,23,6.8,9,0.0
2018/11/04,1012.4,1014.2,1010.5,82,64,2.3,32,8.1,4,0.0
2018/11/05,1012.4,1014.2,1010.9,84,65,1.4,23,8.3,39,0.0
2018/11/06,1012.9,1014.8,1011.6,85,68,0.6,40,4.6,10,0.0
2018/11/07,1013.2,1015.4,1011.7,87,66,0.6,350,4.7,12,0.0
2018/11/08,1012.6,1014.2,1011.4,83,67,1.0,25,4.9,319,0.0
2018/11/09,1013.3,1014.7,1011.7,78,62,1.9,36,9.4,38,0.0
2018/11/10,1013.5,1015.5,1011.4,81,65,1.1,21,6.3,38,0.0
2018/11/11,1012.8,1015.0,1010.9,88,76,1.0,3,6.9,7,0.0
2018/11/12,1010.8,1013.5,1008.5,81,60,1.7,38,7.3,354,0.0
2018/11/13,1010.7,1012.1,1008.7,74,62,2.9,32,10.6,49,0.0
2018/11/14,1012.0,1013.9,1009.7,70,55,2.2,34,8.6,2,0.0
2018/11/15,1012.5,1015.0,1010.5,79,54,1.2,26,8.8,43,0.0
2018/11/16,1012.2,1013.6,1010.4,82,68,1.6,35,7.3,35,0.0
2018/11/17,1012.8,1015.2,1011.2,88,83,1.8,32,8.1,40,1.5
2018/11/18,1012.3,1014.1,1010.0,87,64,0.9,6,6.0,302,1.0
2018/11/19,1014.4,1016.5,1012.8,87,77,2.6,33,10.5,48,8.5
2018/11/20,1013.0,1014.7,1010.6,76,58,0.8,31,7.9,35,0.0
2018/11/21,1012.6,1015.0,1010.3,85,59,1.1,6,5.5,349,0.0
2018/11/22,1016.3,1018.9,1014.4,79,67,4.0,36,14.3,33,0.0
2018/11/23,1015.5,1018.1,1014.2,77,66,1.8,43,9.9,36,0.0
2018/11/24,1014.4,1016.1,1011.8,77,49,0.6,6,5.8,42,0.0
2018/11/25,1013.5,1015.3,1011.1,78,58,0.4,146,3.8,282,0.5
2018/11/26,1014.9,1016.1,1013.3,83,61,0.8,43,6.4,129,2.0
2018/11/27,1015.0,1016.4,1013.5,75,64,2.2,42,8.5,48,0.0
2018/11/28,1015.8,1017.7,1013.7,85,70,1.4,34,6.8,39,6.0
2018/11/29,1016.9,1019.3,1015.6,68,51,1.8,34,7.8,41,0.0
2018/11/30,1015.8,1017.8,1013.9,79,52,0.4,126,4.9,359,0.0
2018/12/01,1014.4,1016.5,1012.4,82,55,0.9,20,6.4,350,0.0
2018/12/02,1012.6,1014.1,1010.4,82,59,0.4,35,5.4,301,0.0
2018/12/03,1013.1,1015.1,1011.5,84,59,0.6,146,3.7,295,0.0
2018/12/04,1013.0,1014.7,1011.1,70,49,1.1,128,6.6,42,0.0
2018/12/05,1012.4,1014.6,1010.1,78,66,2.1,38,10.1,47,0.0
2018/12/06,1012.0,1014.0,1009.7,85,72,1.6,33,8.1,5,0.0
2018/12/07,1016.0,1018.2,1013.8,79,64,4.7,31,11.9,41,2.5
2018/12/08,1017.0,1019.2,1014.8,75,59,4.7,37,13.5,44,0.0
2018/12/09,1016.1,1018.3,1013.7,79,68,4.1,30,12.7,37,0.5
2018/12/10,1014.1,1016.5,1011.7,89,83,3.0,31,10.6,1,0.0
2018/12/11,1015.0,1018.1,1012.8,88,79,3.1,18,12.8,40,0.0
2018/12/12,1019.9,1021.9,1017.7,76,67,4.4,39,12.8,50,0.0
2018/12/13,1019.9,1021.4,1018.5,76,65,3.2,29,9.8,47,0.0
2018/12/14,1019.7,1021.1,1018.2,74,61,2.8,40,10.6,42,0.0
2018/12/16,1017.7,1019.7,1015.3,71,53,1.9,42,8.0,31,0.0
2018/12/16,1017.0,1019.1,1015.1,81,70,1.6,38,7.5,43,0.0
2018/12/17,1018.7,1021.0,1016.9,59,48,3.1,46,12.2,34,0.0
2018/12/18,1017.5,1019.9,1014.9,51,27,1.5,41,8.8,33,0.0
2018/12/19,1015.9,1018.1,1013.8,77,48,0.4,3,5.0,325,0.0
2018/12/21,1013.3,1015.6,1010.4,72,37,0.5,2,6.3,281,0.0
2018/12/21,1012.9,1014.9,1011.0,84,63,1.5,355,9.3,13,0.0
2018/12/22,1013.3,1015.2,1011.6,86,64,1.3,5,7.5,40,0.0
2018/12/23,1013.3,1015.1,1011.7,89,78,3.6,38,13.3,43,10.0
2018/12/24,1013.2,1016.6,1010.7,81,72,3.9,34,12.2,2,4.0
2018/12/25,1010.5,1011.9,1008.7,89,73,2.0,20,9.0,11,0.0
2018/12/26,1010.1,1011.7,1008.4,90,81,2.8,28,7.8,45,0.0
2018/12/27,1013.7,1016.5,1011.2,81,76,4.7,36,13.8,41,0.5
2018/12/28,1017.8,1020.3,1015.6,71,59,6.0,39,17.8,41,0.0
2018/12/29,1021.5,1024.0,1018.7,69,56,5.6,35,16.0,43,0.0
2018/12/30,1019.9,1021.9,1017.3,71,59,3.3,41,14.4,38,0.0
2018/12/31,1021.4,1023.1,1019.0,80,72,4.3,34,12.1,13,0.0
2019/01/01,1020.2,1022.3,1018.4,74,61,4.2,34,15.9,33,0.0
2019/01/02,1019.8,1021.6,1017.7,79,69,2.8,38,9.7,44,0.0
2019/01/03,1019.7,1021.8,1018.2,85,73,2.6,35,9.2,44,1.0
2019/01/04,1018.5,1020.0,1016.8,93,79,0.9,12,6.4,10,0.0
2019/01/05,1017.0,1018.9,1015.1,91,75,1.3,10,5.9,18,3.5
2019/01/06,1017.9,1020.6,1015.9,88,77,3.0,35,11.1,33,3.5
2019/01/07,1016.5,1018.1,1014.7,87,69,0.8,2,6.8,43,0.0
2019/01/08,1017.3,1019.2,1015.2,85,73,3.5,30,10.1,43,0.0
2019/01/09,1017.7,1020.0,1015.4,76,58,2.3,32,10.6,42,0.0
2019/01/10,1016.3,1018.5,1014.7,92,84,1.2,14,7.4,3,0.0
2019/01/11,1014.8,1016.4,1012.9,95,85,0.9,2,5.9,13,0.0
2019/01/12,1015.1,1016.5,1013.6,88,72,1.9,34,8.5,48,0.0
2019/01/13,1015.8,1017.5,1014.5,81,75,3.2,33,8.5,3,0.0
2019/01/14,1014.0,1015.8,1011.6,72,51,2.2,15,9.4,356,0.0
2019/01/15,1014.9,1016.8,1012.9,87,75,2.8,18,11.1,36,0.0
2019/01/16,1015.9,1017.9,1013.8,90,80,3.9,31,11.7,36,8.5
2019/01/17,1018.3,1020.1,1016.4,83,73,4.4,35,11.2,38,4.0
2019/01/18,1017.0,1019.6,1014.7,70,50,1.2,41,9.3,41,0.0
2019/01/19,1016.3,1018.6,1014.5,86,67,0.8,167,6.2,360,0.0
2019/01/20,1016.2,1018.3,1014.8,85,73,3.1,35,12.6,42,0.0
2019/01/21,1017.7,1019.1,1016.3,82,70,4.2,28,12.4,48,0.0
2019/01/22,1017.9,1019.8,1016.9,70,59,3.1,31,9.3,48,0.0
2019/01/23,1016.0,1017.7,1014.3,64,47,1.8,39,8.5,357,0.0
2019/01/24,1016.1,1018.0,1014.1,73,49,1.5,35,8.0,47,0.0
2019/01/25,1017.5,1019.7,1015.7,84,71,2.1,12,9.6,32,0.0
2019/01/26,1020.5,1022.2,1019.0,62,53,4.8,40,14.5,39,0.0
2019/01/27,1020.0,1022.8,1017.7,64,52,2.6,36,10.0,39,0.0
2019/01/28,1017.7,1019.8,1016.0,83,61,1.2,5,8.4,354,0.0
2019/01/29,1017.4,1019.4,1015.0,84,57,1.1,3,10.1,39,0.0
2019/01/30,1017.1,1020.0,1014.5,88,76,0.5,10,5.0,283,0.0
2019/01/31,1015.6,1019.0,1013.0,74,49,1.9,36,10.5,48,0.0
2019/02/01,1019.2,1022.3,1017.6,75,71,3.1,37,12.7,42,0.0
2019/02/03,1015.3,1017.8,1013.3,85,71,0.8,357,6.2,38,0.0
2019/02/03,1014.0,1015.5,1012.9,82,54,0.6,47,5.3,310,1.5
2019/02/04,1015.6,1018.1,1014.2,85,72,2.9,28,9.1,44,0.0
2019/02/05,1013.5,1015.6,1010.9,86,74,1.7,33,7.2,346,0.0
2019/02/06,1011.0,1014.3,1008.6,85,65,1.0,358,9.1,20,0.0
2019/02/07,1011.6,1013.6,1008.5,76,27,1.6,37,9.0,32,0.0
2019/02/08,1014.3,1016.5,1012.1,80,73,2.7,33,8.6,47,0.0
2019/02/09,1016.3,1018.3,1013.7,84,79,2.1,43,9.3,49,0.0
2019/02/10,1019.3,1021.2,1017.3,84,73,2.5,33,6.9,45,0.0
2019/02/11,1021.4,1022.7,1020.4,84,73,3.0,27,10.3,5,0.0
2019/02/12,1019.9,1021.9,1017.6,86,73,1.3,13,8.4,353,0.0
2019/02/13,1018.8,1020.9,1016.8,85,72,2.2,31,7.5,12,0.0
2019/02/14,1018.0,1019.8,1016.7,85,76,1.9,33,7.5,41,0.0
2019/02/15,1016.3,1018.4,1013.9,84,68,0.8,334,5.8,306,0.0
2019/02/16,1015.8,1017.3,1014.7,85,76,2.4,33,8.1,34,0.0
2019/02/17,1015.6,1017.7,1013.4,79,66,2.8,28,8.8,41,0.0
2019/02/19,1012.6,1015.4,1010.1,89,75,1.1,15,5.8,355,0.0
2019/02/19,1014.6,1016.9,1012.0,87,72,1.0,6,11.7,326,2.5
2019/02/20,1016.3,1017.7,1014.9,91,75,1.0,26,6.3,7,0.0
2019/02/21,1014.6,1017.1,1012.7,89,70,1.5,11,11.2,360,0.0
2019/02/22,1014.3,1015.8,1012.8,90,79,2.3,37,7.8,44,0.5
2019/02/23,1014.6,1016.2,1012.4,77,63,2.7,42,9.2,6,4.0
2019/02/24,1013.1,1015.1,1011.7,94,89,1.9,20,6.5,50,42.0
2019/02/25,1013.7,1015.7,1011.4,83,67,2.0,28,9.2,18,0.0
2019/02/26,1014.0,1016.4,1011.4,77,62,1.9,19,8.4,5,0.0
2019/02/27,1012.3,1015.1,1008.9,84,58,0.5,4,5.0,298,0.5
2019/02/28,1012.4,1014.4,1011.3,85,77,2.0,26,7.7,41,0.0
2019/03/01,1013.3,1014.8,1011.7,83,66,1.9,20,9.4,16,0.0
2019/03/02,1009.7,1012.4,1007.7,89,76,0.9,35,5.3,337,0.0
2019/03/03,1007.9,1011.0,1005.4,94,87,0.7,40,12.3,357,24.0
2019/03/04,1011.6,1013.3,1010.1,77,60,2.1,39,9.4,12,0.0
2019/03/05,1010.0,1012.3,1006.5,82,54,1.2,289,8.0,339,11.0
2019/03/06,1011.4,1015.1,1009.4,91,81,1.4,28,9.4,316,19.5
2019/03/07,1014.6,1016.4,1012.8,89,83,3.3,37,10.9,47,24.5
2019/03/08,1013.7,1016.5,1011.6,92,84,1.5,34,8.4,42,17.5
2019/03/09,1008.7,1012.5,1005.3,97,95,0.3,10,4.4,157,91.5
2019/03/10,1009.7,1011.7,1007.8,91,83,1.1,49,6.4,42,25.0
2019/03/11,1010.7,1012.4,1009.1,74,65,1.5,43,6.5,43,0.0
2019/03/12,1012.1,1013.9,1010.9,66,44,1.6,35,9.0,45,0.0
2019/03/13,1014.3,1015.6,1012.9,71,31,0.4,330,3.7,347,0.0
2019/03/14,1015.7,1017.8,1014.0,81,74,1.5,12,8.0,38,0.0
2019/03/15,1017.5,1019.8,1015.3,61,15,3.2,36,10.4,35,4.0
2019/03/16,1014.9,1016.5,1013.5,55,16,0.8,41,8.4,31,0.0
2019/03/17,1015.4,1017.7,1013.3,82,65,1.0,2,8.0,7,0.0
2019/03/18,1013.0,1014.9,1011.0,90,82,0.7,2,5.5,353,0.5
2019/03/19,1011.5,1014.2,1009.4,81,59,1.0,40,9.0,7,0.0
2019/03/20,1008.9,1011.7,1005.8,87,69,1.4,268,7.8,280,0.0
2019/03/21,1006.8,1009.4,1004.3,78,57,1.6,282,10.7,286,0.0
2019/03/22,1010.7,1013.7,1008.7,82,68,2.4,22,8.6,46,0.0
2019/03/23,1015.6,1017.8,1012.6,78,71,4.0,35,11.6,41,8.0
2019/03/24,1014.0,1015.7,1012.7,91,71,0.8,27,8.9,47,8.5
2019/03/25,1013.3,1015.3,1010.8,95,92,0.5,6,6.9,308,25.0
2019/03/26,1015.1,1017.2,1013.3,80,59,1.8,18,9.1,24,0.5
2019/03/27,1013.2,1016.4,1010.3,81,62,0.6,282,5.5,354,0.0
2019/03/28,1007.0,1007.5,1003.2,78,65,1.2,259,9.8,290,0.0
2019/03/29,1006.5,1011.8,1004.3,85,76,1.7,269,16.3,320,10.0
2019/03/30,1010.3,1012.0,1007.6,79,66,1.7,48,9.8,4,0.5
2019/03/31,1014.0,1017.1,1011.7,68,57,3.1,40,11.4,41,0.0
2019/04/01,1016.5,1018.3,1015.1,79,72,2.4,43,9.6,48,3.5
2019/04/02,1014.1,1015.9,1012.2,82,66,0.8,2,6.9,328,0.0
2019/04/03,1014.3,1016.6,1012.9,88,78,0.8,11,5.5,45,0.0
2019/04/04,1011.9,1013.5,1009.5,89,72,1.1,11,7.5,325,0.0
2019/04/06,1009.8,1011.7,1007.7,84,67,1.0,9,6.4,10,0.0
2019/04/06,1009.0,1010.5,1007.0,85,68,0.6,137,5.2,319,0.0
2019/04/07,1008.1,1009.9,1006.4,79,61,1.4,262,9.0,290,0.0
2019/04/08,1008.6,1010.1,1007.3,81,60,0.7,123,5.9,279,0.0
2019/04/09,1006.3,1008.6,1003.6,83,58,1.4,246,11.1,280,0.0
2019/04/10,1006.6,1008.9,1004.9,80,66,2.1,43,10.8,291,0.0
2019/04/11,1008.0,1013.4,1005.1,85,70,1.6,45,12.0,338,17.0
2019/04/12,1011.7,1013.5,1010.1,76,65,2.6,40,10.9,42,0.0
2019/04/13,1011.4,1012.7,1010.0,89,70,0.9,1,7.3,9,10.0
2019/04/14,1011.0,1012.6,1009.3,86,72,2.1,39,8.5,38,0.5
2019/04/15,1011.0,1012.2,1009.5,76,64,2.1,40,10.0,42,0.5
2019/04/16,1009.3,1010.9,1007.3,94,82,0.3,3,3.5,1,35.5
2019/04/17,1008.1,1010.2,1006.2,77,56,1.4,45,9.5,346,0.0
2019/04/18,1007.7,1009.9,1006.4,81,65,0.7,5,4.7,325,0.0
2019/04/19,1005.8,1007.5,1003.9,90,76,0.9,26,6.3,5,10.5
2019/04/20,1005.2,1006.7,1003.4,92,83,0.7,1,4.1,310,31.5
2019/04/21,1004.9,1006.2,1003.2,84,61,0.7,177,11.0,294,76.0
2019/04/22,1005.4,1008.3,1003.0,85,69,1.1,270,9.4,168,0.0
2019/04/23,1005.4,1007.2,1001.8,77,59,1.4,282,7.8,293,0.0
2019/04/24,1004.9,1007.5,1002.2,77,65,1.1,179,9.4,282,0.0
2019/04/25,1004.4,1007.6,1002.1,72,51,1.4,274,10.1,285,0.0
2019/04/26,1007.8,1011.5,1005.6,81,66,1.9,42,9.0,354,0.0
2019/04/27,1009.4,1011.2,1007.0,77,63,2.1,26,8.1,37,0.0
2019/04/28,1009.5,1012.0,1007.9,84,67,1.1,18,7.3,2,0.0
2019/04/29,1007.2,1009.5,1005.1,82,69,0.7,11,6.0,291,0.0
2019/05/01,1003.3,1006.1,1000.8,75,57,1.3,273,10.4,281,0.5
2019/05/01,1005.9,1008.3,1001.3,89,70,2.2,36,8.0,41,76.0
2019/05/02,1008.4,1010.7,1005.7,80,51,1.3,42,8.1,38,7.5
2019/05/03,1009.9,1011.9,1008.3,67,50,1.9,39,10.5,28,1.5
2019/05/04,1009.2,1010.4,1007.5,78,65,0.5,48,5.1,46,0.0
2019/05/05,1006.7,1009.1,1003.5,77,54,0.5,23,4.0,347,1.0
2019/05/06,1006.1,1007.4,1004.6,89,79,2.0,42,9.8,8,10.0
2019/05/07,1006.9,1008.6,1004.8,81,70,3.3,38,11.3,37,3.0
2019/05/08,1006.0,1007.7,1004.4,88,78,1.1,25,5.8,48,0.5
2019/05/09,1005.2,1006.3,1003.7,94,88,1.5,32,6.1,46,15.5
2019/05/10,1006.0,1007.6,1004.3,85,68,1.1,34,7.0,10,1.0
2019/05/11,1007.2,1009.1,1005.4,83,68,1.5,5,8.1,1,0.0
2019/05/12,1006.9,1008.1,1005.1,86,72,1.0,351,7.5,360,0.0
2019/05/13,1006.3,1008.1,1004.7,87,72,0.7,298,6.4,287,0.0
2019/05/14,1005.9,1007.2,1004.6,84,72,1.1,5,7.2,278,0.0
2019/05/15,1005.8,1007.4,1004.2,82,66,0.7,275,5.7,318,0.0
2019/05/17,1002.8,1005.4,1000.5,74,57,1.0,189,7.6,278,0.0
2019/05/17,1000.9,1003.1,998.6,78,59,1.1,267,9.0,213,73.0
2019/05/18,1001.5,1003.3,999.8,86,73,0.8,193,7.0,213,2.5
2019/05/19,1003.0,1004.7,1001.5,74,62,0.9,192,8.3,218,0.0
2019/05/20,1004.6,1007.7,1001.4,82,74,1.8,41,9.6,19,37.0
2019/05/21,1006.4,1008.0,1005.3,62,47,1.6,44,9.4,37,0.0
2019/05/22,1006.2,1007.3,1004.9,76,61,0.4,9,3.5,356,0.0
2019/05/23,1007.7,1009.7,1006.1,89,82,0.5,1,4.0,348,18.0
2019/05/24,1007.7,1009.3,1006.3,82,66,0.5,273,4.6,330,0.0
2019/05/25,1007.0,1008.2,1005.7,81,64,0.6,332,4.0,323,0.0
2019/05/26,1006.0,1007.3,1004.6,80,66,0.7,357,4.4,346,0.0
2019/05/27,1005.4,1006.7,1003.8,86,70,0.5,284,5.7,304,5.5
2019/05/28,1006.5,1008.9,1004.7,91,84,1.5,37,8.1,42,73.5
2019/05/29,1007.5,1008.8,1005.9,75,67,2.1,38,8.9,52,0.0
2019/05/31,1006.4,1008.0,1004.2,78,64,0.8,29,5.0,342,0.0
2019/05/31,1005.3,1006.4,1003.7,82,61,0.8,2,5.4,311,0.0
2019/06/01,1004.0,1005.4,1002.1,86,73,1.1,275,8.7,293,1.5
2019/06/02,1002.4,1004.6,1000.8,71,58,1.0,184,8.4,202,0.0
2019/06/03,1003.3,1004.6,1002.1,71,60,0.9,262,7.9,161,0.0
2019/06/04,1005.0,1006.9,1002.9,75,60,0.7,269,6.5,178,9.5
2019/06/05,1006.9,1008.4,1005.5,79,60,0.8,309,5.7,290,0.0
2019/06/06,1006.8,1008.1,1005.5,77,61,1.1,271,8.4,298,0.0
2019/06/07,1006.2,1007.5,1005.1,75,56,1.3,183,9.9,289,0.0
2019/06/08,1003.8,1006.1,1001.6,73,61,0.9,261,7.4,276,0.0
2019/06/09,1001.0,1003.1,999.3,63,54,1.0,194,7.9,316,0.0
2019/06/10,999.6,1001.0,998.6,73,56,0.9,193,9.6,175,26.0
2019/06/11,1001.1,1003.9,997.9,92,68,1.0,45,5.3,45,75.0
2019/06/12,1003.3,1004.3,1002.3,93,83,0.6,37,5.2,35,29.5
2019/06/14,999.6,1002.7,996.9,95,85,0.8,1,7.2,183,125.5
2019/06/14,998.8,1001.4,995.1,88,70,1.4,36,9.8,354,88.5
2019/06/15,1002.0,1003.3,1000.5,69,49,1.8,32,8.0,34,0.0
2019/06/16,1003.5,1005.8,1001.5,75,49,0.7,334,5.1,334,0.0
2019/06/17,1006.2,1008.4,1004.8,83,67,0.8,341,4.8,341,5.5
2019/06/19,1005.5,1007.0,1004.2,81,62,0.9,275,8.6,281,0.0
2019/06/19,1003.7,1005.1,1001.6,72,62,1.0,275,9.5,296,0.0
2019/06/20,1002.2,1003.6,1000.9,71,60,1.0,273,9.2,281,0.0
2019/06/21,1000.9,1002.3,999.5,65,53,1.0,186,9.0,281,0.0
2019/06/23,999.9,1001.2,998.5,68,56,0.8,198,7.6,214,0.0
2019/06/23,1001.5,1004.3,997.9,86,64,0.6,158,10.2,311,84.0
2019/06/24,1004.8,1006.2,1002.6,95,92,0.2,28,3.5,42,47.0
2019/06/25,1004.0,1005.8,1002.5,86,67,0.5,337,4.3,347,7.0
2019/06/26,1000.5,1002.8,997.9,79,60,0.5,141,7.4,285,0.0
2019/06/27,998.5,999.6,996.7,76,57,0.6,279,8.2,287,0.0
2019/06/28,999.1,1000.2,997.5,76,59,0.9,286,7.4,277,0.0
2019/06/29,998.7,1000.2,997.3,76,65,0.8,289,8.0,293,0.0
2019/06/30,999.5,1001.1,998.1,79,61,1.0,139,7.6,285,3.5
2019/07/01,999.2,1001.2,996.9,83,61,0.6,5,4.4,333,0.0
2019/07/02,999.0,1002.6,995.6,77,54,0.7,30,9.4,281,0.0
2019/07/03,1003.7,1006.0,1001.8,68,55,0.8,189,9.6,185,0.0
2019/07/04,1003.8,1004.4,1001.9,62,56,0.7,190,8.2,213,0.0
2019/07/06,1000.5,1002.9,998.1,60,49,1.2,184,9.9,150,0.0
2019/07/06,999.0,1000.5,997.9,70,53,1.0,184,10.6,158,4.5
2019/07/07,1000.9,1003.1,999.1,67,50,0.9,189,10.0,201,0.0
2019/07/08,1002.0,1003.2,1000.7,69,54,1.0,273,9.4,283,0.0
2019/07/09,999.7,1001.5,997.3,64,53,1.2,187,10.0,173,0.0
2019/07/10,1000.2,1003.5,997.9,68,52,1.3,185,11.7,172,1.0
2019/07/11,1004.7,1006.8,1001.9,71,53,0.7,251,7.6,279,2.0
2019/07/12,1004.2,1006.3,1002.5,70,58,1.2,266,10.3,275,0.0
2019/07/14,1001.0,1003.4,999.0,63,49,1.0,181,11.4,283,0.0
2019/07/14,1000.6,1002.6,999.2,69,58,0.8,175,9.0,287,0.0
2019/07/15,1001.6,1003.1,1000.4,76,59,0.7,170,6.9,318,0.0
2019/07/16,1000.6,1003.0,997.8,79,61,1.4,1,8.7,348,0.0
2019/07/17,993.7,998.7,989.4,67,45,2.9,40,16.7,40,0.0
2019/07/18,992.7,994.4,991.5,79,63,2.5,1,10.2,36,0.0
2019/07/19,995.6,999.6,992.6,75,63,0.9,212,7.0,293,0.0
2019/07/20,1001.0,1004.3,998.7,63,51,1.1,183,8.6,284,0.0
2019/07/21,1002.6,1004.5,1001.1,65,51,0.9,185,7.4,289,0.5
2019/07/22,1003.2,1004.7,1001.6,79,49,0.7,149,8.7,287,13.0
2019/07/23,1003.3,1004.7,1001.5,80,64,1.0,26,6.8,285,0.0
2019/07/24,1003.7,1005.0,1002.3,76,61,0.8,136,8.2,297,0.0
2019/07/25,1004.3,1005.5,1002.8,75,59,0.9,163,8.2,173,0.0
2019/07/26,1002.5,1003.9,1000.5,72,52,1.0,104,8.7,168,0.0
2019/07/27,1002.8,1005.2,1001.0,78,56,0.8,141,7.7,284,14.0
2019/07/28,1004.4,1006.0,1001.9,82,64,0.5,86,4.8,74,14.5
2019/07/29,1004.4,1005.7,1002.4,83,68,0.8,2,6.3,319,0.0
2019/07/31,1003.2,1005.0,1001.1,82,62,0.9,6,5.7,316,0.0
2019/07/31,1002.3,1003.7,1000.7,76,63,0.8,282,6.5,301,0.0
2019/08/01,1002.7,1003.8,1001.3,74,56,0.7,93,5.5,134,0.0
2019/08/03,1001.1,1003.4,998.5,74,60,0.8,351,5.8,4,0.0
2019/08/04,999.0,1000.6,997.3,77,57,1.1,13,10.8,20,0.0
2019/08/04,997.7,998.9,996.5,78,64,0.7,74,5.4,324,0.0
2019/08/05,997.5,999.4,995.4,74,55,0.8,166,5.3,40,0.0
2019/08/06,997.2,999.4,995.1,67,48,1.6,46,11.7,17,0.0
2019/08/07,994.5,996.9,991.1,70,55,2.8,39,13.9,41,0.5
2019/08/08,990.4,993.3,987.7,88,72,2.5,22,10.9,33,52.5
2019/08/09,986.8,988.0,984.8,88,70,2.2,172,11.5,6,65.5
2019/08/10,990.3,995.0,986.0,74,62,1.9,182,12.4,167,5.5
2019/08/11,995.8,997.2,994.3,79,71,1.2,176,9.0,166,8.0
2019/08/12,997.4,998.9,995.7,81,68,0.6,184,6.8,166,18.0
2019/08/13,997.7,999.3,995.8,72,45,0.6,267,9.4,173,0.0
2019/08/14,997.7,999.1,995.4,73,57,1.0,193,8.3,292,0.0
2019/08/15,997.0,998.4,994.2,73,59,1.1,190,8.1,165,2.0
2019/08/16,998.8,1001.4,997.1,77,61,1.1,177,7.9,182,22.0
2019/08/17,1001.0,1002.8,999.2,70,59,1.2,177,8.7,177,0.0
2019/08/18,1001.4,1002.8,999.6,75,58,0.6,188,6.1,165,9.0
2019/08/19,1001.7,1002.9,1000.7,92,71,0.5,36,5.0,22,41.0
2019/08/20,1001.2,1002.5,999.8,86,69,1.1,37,8.1,35,0.0
2019/08/21,1001.4,1002.8,1000.3,85,72,0.4,4,5.6,283,1.0
2019/08/22,1002.4,1003.5,1001.4,82,67,0.6,9,5.3,10,0.5
2019/08/23,1000.4,1003.3,997.9,74,55,0.7,41,7.8,45,0.0
2019/08/25,991.8,998.1,985.7,65,47,1.5,56,18.7,48,0.0
2019/08/25,1001.9,1005.8,996.1,85,69,0.7,8,5.3,352,18.5
2019/08/26,1005.8,1008.0,1003.9,85,63,0.5,131,5.0,284,1.5
2019/08/28,1004.9,1006.6,1003.6,85,74,0.8,122,6.0,320,0.0
2019/08/29,1002.2,1003.8,999.7,82,71,0.7,128,6.1,13,0.0
2019/08/29,1003.1,1005.3,1001.6,77,57,0.6,283,5.8,163,0.0
2019/08/30,1004.8,1006.0,1003.3,86,78,0.5,330,5.5,314,4.5
2019/09/01,1003.2,1005.2,1001.5,77,54,0.3,261,4.3,331,0.0
2019/09/01,1004.0,1005.3,1002.6,83,71,0.7,3,5.6,288,1.0
2019/09/02,1004.6,1006.1,1002.7,78,59,0.8,5,5.3,342,0.0
2019/09/03,1001.8,1003.9,999.1,76,58,0.5,5,5.1,301,0.0
2019/09/04,1001.4,1003.1,1000.0,83,70,0.4,40,6.2,39,1.0
2019/09/05,999.3,1001.1,997.7,89,68,0.8,41,7.7,40,8.0
2019/09/06,997.9,999.3,996.0,81,62,0.6,325,4.5,8,0.0
2019/09/07,1000.1,1001.8,998.3,80,62,0.7,122,5.1,300,0.0
2019/09/08,1001.5,1002.7,1000.0,78,63,0.7,332,5.7,344,0.0
2019/09/09,1002.6,1004.0,1001.2,76,63,0.7,8,4.8,6,0.0
2019/09/10,1005.2,1007.0,1003.7,80,59,0.8,350,6.4,337,0.0
2019/09/11,1006.6,1008.6,1004.9,81,67,0.8,41,6.5,6,0.0
2019/09/12,1004.3,1006.4,1001.7,68,47,0.8,41,8.1,35,0.0
2019/09/13,1003.3,1004.6,1001.4,70,55,1.7,24,10.8,4,0.0
2019/09/14,1003.6,1004.9,1001.8,74,56,2.6,38,10.0,35,0.0
2019/09/15,1003.8,1005.0,1002.9,82,63,1.7,39,8.0,11,5.5
2019/09/16,1003.2,1004.3,1001.9,76,63,2.8,24,10.7,31,0.0
2019/09/17,1004.4,1006.5,1002.6,71,61,3.9,33,13.2,34,0.0
2019/09/18,1006.6,1008.8,1004.8,72,54,3.3,37,12.3,31,0.5
2019/09/19,1006.7,1008.0,1005.4,68,55,3.2,41,12.5,38,0.0
2019/09/21,1003.6,1005.7,1001.9,87,70,0.8,47,7.2,97,8.5
2019/09/21,1002.2,1006.0,1000.3,84,65,0.6,40,6.1,124,3.5
2019/09/22,1007.8,1011.8,1003.5,73,55,0.9,44,6.7,40,0.0
2019/09/23,1012.5,1014.1,1010.3,68,52,2.2,36,8.0,37,0.0
2019/09/24,1013.1,1014.6,1011.5,66,55,2.5,41,9.7,40,0.0
2019/09/25,1012.6,1014.0,1010.9,64,50,2.4,34,9.4,38,0.0
2019/09/26,1012.2,1013.5,1010.3,78,64,1.9,5,10.0,44,0.0
2019/09/27,1010.9,1012.7,1009.5,80,70,2.2,31,8.5,39,0.0
2019/09/28,1009.4,1010.8,1007.8,83,73,2.2,29,11.9,32,0.0
2019/09/30,1006.1,1009.0,1003.4,81,70,2.6,33,10.2,39,0.0
2019/10/01,999.2,1003.5,996.3,81,59,5.1,32,17.0,26,25.5
2019/10/01,1003.4,1005.6,998.5,75,50,1.2,145,10.9,9,15.5
2019/10/02,1007.1,1008.5,1005.5,77,47,0.6,183,6.5,286,0.0
2019/10/03,1008.6,1010.4,1007.2,80,68,0.7,4,5.4,4,0.0
2019/10/04,1008.4,1010.0,1006.9,83,67,0.6,1,5.2,305,0.0
2019/10/05,1009.0,1010.9,1007.3,78,62,0.6,35,5.1,344,0.0
2019/10/06,1010.2,1011.6,1007.9,67,46,1.1,44,7.6,35,0.0
2019/10/07,1011.3,1012.8,1010.1,74,60,0.9,40,6.9,345,0.0
2019/10/08,1010.8,1012.4,1009.3,70,55,1.4,51,9.2,7,0.0
2019/10/09,1010.0,1011.5,1007.8,67,52,1.8,48,9.2,35,0.0
2019/10/10,1008.8,1011.2,1006.8,68,48,1.5,28,7.9,25,0.0
2019/10/11,1007.2,1009.6,1005.1,74,59,1.5,13,9.5,354,0.0
2019/10/12,1007.9,1009.4,1006.1,73,56,1.7,33,9.0,13,0.0
2019/10/13,1010.5,1012.0,1009.1,68,51,2.9,36,10.9,24,0.0
2019/10/14,1013.6,1016.4,1011.3,61,42,4.5,40,14.3,38,0.0
2019/10/15,1015.1,1016.7,1013.5,60,47,4.8,43,17.0,42,0.0
2019/10/17,1013.8,1015.5,1012.1,69,57,3.7,35,11.1,42,0.0
2019/10/17,1013.0,1014.5,1011.0,65,47,2.7,36,10.5,45,0.0
2019/10/18,1012.8,1013.8,1011.1,64,51,3.1,30,10.7,18,0.0
2019/10/19,1013.4,1015.1,1012.1,73,66,3.6,38,11.0,45,0.0
2019/10/20,1012.3,1014.3,1010.6,65,47,3.2,39,10.0,38,0.0
2019/10/21,1010.1,1012.0,1008.4,65,51,2.4,41,9.1,18,0.0
2019/10/22,1008.1,1010.0,1006.2,66,45,1.4,33,9.1,16,0.0
2019/10/23,1008.9,1010.8,1007.0,72,56,1.6,42,10.2,2,0.0
2019/10/24,1011.5,1013.2,1009.7,68,49,2.8,31,9.5,20,0.0
2019/10/25,1012.9,1014.4,1010.9,62,45,2.5,39,9.8,14,0.0
2019/10/26,1012.7,1014.6,1011.0,64,50,2.1,43,9.5,3,0.0
2019/10/27,1010.9,1013.0,1008.6,76,58,2.0,34,10.2,38,0.0
2019/10/28,1010.4,1011.8,1009.1,84,76,1.7,34,7.6,35,0.0
2019/10/29,1011.9,1013.1,1010.3,83,75,3.3,37,10.4,20,0.0
2019/10/30,1012.0,1013.5,1010.2,73,59,3.6,40,12.6,40,0.0
2019/10/31,1011.4,1013.0,1010.0,80,74,2.7,26,8.6,34,0.0
2019/11/01,1010.6,1012.6,1009.0,71,57,2.4,43,9.7,40,0.0
2019/11/02,1009.3,1011.0,1007.3,71,54,1.4,26,7.1,31,0.0
2019/11/03,1009.7,1011.6,1007.9,77,71,3.4,32,11.1,43,0.0
2019/11/04,1010.3,1012.5,1009.2,69,59,4.9,40,14.2,47,0.0
2019/11/05,1008.0,1009.6,1006.3,68,57,5.4,42,16.7,29,0.0
2019/11/06,1006.7,1008.2,1004.4,61,46,3.0,42,9.4,43,0.0
2019/11/07,1008.0,1010.7,1005.6,66,46,3.0,33,12.6,42,0.0
2019/11/08,1012.1,1013.6,1009.9,64,44,4.7,38,13.3,11,0.0
2019/11/09,1013.3,1016.2,1011.2,58,45,3.7,40,11.9,35,0.0
2019/11/10,1011.1,1013.6,1008.2,68,46,1.2,14,9.2,8,0.0
2019/11/11,1011.0,1012.5,1009.3,69,40,1.3,43,9.1,47,0.0
2019/11/12,1012.3,1014.2,1010.8,73,44,0.7,2,5.0,331,0.0
2019/11/13,1013.8,1015.7,1011.9,73,58,2.0,23,11.4,51,0.0
2019/11/14,1013.9,1016.3,1012.3,64,53,4.9,43,15.4,38,0.0
2019/11/15,1011.8,1013.5,1009.8,64,47,1.2,29,7.0,3,0.0
2019/11/16,1011.0,1012.6,1009.6,77,52,0.4,146,4.2,348,0.0
2019/11/17,1011.0,1012.6,1008.9,81,61,0.7,11,5.8,343,0.0
2019/11/18,1011.4,1014.0,1009.7,82,68,4.4,33,16.3,37,0.0
2019/11/19,1013.2,1015.0,1011.8,71,59,6.2,36,17.4,51,0.0
2019/11/20,1013.2,1015.2,1011.7,68,55,4.7,42,15.3,38,0.0
2019/11/21,1012.2,1013.5,1010.9,78,59,3.5,34,10.9,40,0.0
2019/11/22,1011.4,1012.6,1009.8,87,73,3.3,30,10.9,48,0.0
2019/11/23,1012.2,1014.1,1010.3,87,78,1.4,9,8.1,6,0.0
2019/11/24,1013.4,1015.3,1011.4,80,59,2.3,15,8.4,35,0.0
2019/11/25,1015.9,1017.6,1013.8,73,59,4.8,34,13.7,43,0.0
2019/11/26,1016.0,1017.5,1013.8,68,57,3.0,40,12.6,36,0.0
2019/11/27,1015.5,1017.5,1012.3,74,57,2.9,38,10.2,40,0.0
2019/11/28,1018.1,1019.8,1016.6,75,65,5.5,36,15.5,45,0.0
2019/11/29,1017.3,1019.5,1015.7,63,41,3.4,39,13.1,28,0.0
2019/11/30,1014.8,1016.9,1012.3,76,48,0.4,8,3.9,278,0.0
2019/12/01,1014.1,1015.3,1012.0,80,62,1.4,36,7.6,43,0.0
2019/12/02,1017.9,1020.4,1015.1,68,54,4.9,41,14.6,28,0.0
2019/12/03,1017.3,1018.6,1015.5,56,47,4.9,40,16.1,37,0.0
2019/12/04,1018.0,1019.5,1016.0,59,48,5.5,41,17.5,44,0.0
2019/12/05,1019.0,1021.5,1017.1,89,78,5.7,34,14.9,43,30.0
2019/12/06,1018.4,1020.3,1015.9,89,84,6.1,35,15.4,41,23.5
2019/12/07,1020.0,1021.8,1018.1,76,59,5.2,41,13.8,52,0.0
2019/12/08,1019.3,1021.4,1017.3,54,37,3.5,40,12.9,50,0.0
2019/12/09,1016.3,1018.7,1014.1,70,43,0.3,146,3.9,48,0.0
2019/12/10,1013.7,1015.9,1011.8,77,52,0.4,24,5.2,343,0.0
2019/12/11,1013.6,1015.2,1010.9,73,54,2.9,26,12.7,36,0.0
2019/12/12,1016.3,1018.5,1014.1,61,40,2.6,45,10.7,42,0.0
2019/12/13,1018.4,1020.4,1016.9,82,65,1.5,1,9.2,349,0.0
2019/12/14,1017.3,1020.2,1015.3,79,56,0.8,47,6.0,339,0.0
2019/12/15,1016.0,1018.5,1014.7,79,50,0.3,309,5.2,297,0.0
2019/12/16,1014.5,1016.8,1011.8,86,57,0.4,138,3.6,313,0.0
2019/12/17,1014.3,1016.8,1012.3,80,51,0.2,43,3.9,280,0.0
2019/12/18,1015.2,1016.8,1013.5,85,77,2.4,20,8.1,45,0.0
2019/12/19,1016.1,1017.8,1014.8,84,77,2.9,39,10.4,45,0.0
2019/12/20,1015.4,1017.3,1012.9,79,65,3.1,35,10.9,36,2.5
2019/12/21,1013.5,1015.6,1012.2,94,89,1.9,11,8.4,47,1.5
2019/12/22,1011.8,1012.9,1010.4,90,80,1.5,8,7.8,47,0.5
2019/12/23,1013.2,1014.9,1011.7,84,73,1.6,24,7.1,39,0.0
2019/12/24,1014.6,1016.6,1013.3,87,79,1.7,34,7.8,42,0.0
2019/12/25,1012.2,1014.7,1009.6,86,68,1.1,42,8.0,4,0.0
2019/12/26,1012.8,1015.8,1010.2,80,57,2.3,33,10.8,31,0.0
2019/12/27,1016.8,1018.9,1015.0,68,56,4.0,34,13.0,45,0.0
2019/12/28,1015.1,1017.4,1012.9,73,50,0.8,1,6.4,356,0.0
2019/12/29,1015.1,1016.9,1013.0,93,82,0.5,4,4.6,351,39.0
2019/12/30,1016.8,1019.6,1014.3,90,71,2.0,44,11.3,38,25.5
2019/12/31,1021.9,1024.9,1019.0,79,66,5.1,36,15.0,48,0.0
2020/01/01,1022.3,1024.8,1021.1,80,71,2.1,37,8.8,50,0.0
2020/01/02,1020.4,1022.7,1018.9,85,59,0.7,13,8.1,360,0.5
2020/01/03,1018.3,1020.8,1016.1,86,65,0.6,22,5.4,342,0.0
2020/01/04,1016.6,1018.9,1014.7,88,70,0.6,20,5.7,1,0.0
2020/01/05,1016.8,1018.7,1015.3,87,67,0.4,279,4.6,274,0.0
2020/01/06,1016.0,1018.8,1013.6,89,78,0.4,320,2.9,289,0.0
2020/01/07,1013.5,1016.3,1011.2,84,44,0.4,151,5.6,268,0.5
2020/01/08,1015.5,1017.5,1013.2,71,53,2.7,42,11.7,40,0.0
2020/01/09,1014.6,1017.3,1012.5,77,53,1.0,43,9.5,354,0.0
2020/01/10,1012.5,1014.3,1010.9,84,57,0.7,10,6.3,354,0.0
2020/01/11,1011.8,1013.1,1010.5,85,75,1.4,40,6.3,43,0.0
2020/01/12,1013.8,1016.2,1012.0,80,70,3.5,39,11.5,41,0.0
2020/01/13,1014.0,1016.6,1011.5,74,63,2.3,39,7.8,34,0.0
2020/01/14,1016.1,1018.3,1013.8,81,65,2.5,25,10.5,49,1.0
2020/01/15,1015.1,1017.0,1013.1,82,57,1.7,46,10.3,7,0.0
2020/01/16,1014.6,1015.9,1012.1,84,73,1.4,18,6.5,6,0.0
2020/01/17,1016.4,1017.9,1014.6,83,78,3.4,38,9.8,43,0.0
2020/01/18,1016.7,1018.4,1015.1,73,61,2.6,41,9.3,45,0.0
2020/01/19,1017.5,1019.4,1015.9,80,73,1.7,41,6.1,40,0.0
2020/01/20,1018.9,1020.5,1016.5,72,55,2.4,37,10.3,41,0.0
2020/01/21,1018.7,1021.3,1016.6,76,51,1.0,38,8.1,2,0.0
2020/01/22,1016.0,1018.3,1013.9,87,66,0.3,14,4.0,358,0.0
2020/01/23,1014.6,1016.2,1012.9,77,55,0.8,3,8.0,3,0.0
2020/01/24,1016.1,1017.3,1014.8,91,83,1.9,33,6.8,31,0.0
2020/01/25,1013.9,1017.1,1011.9,91,87,3.0,26,8.6,37,0.0
2020/01/26,1009.2,1012.4,1006.4,93,90,2.4,36,9.3,35,29.5
2020/01/27,1011.8,1014.0,1009.6,83,71,1.6,45,7.7,37,0.5
2020/01/28,1014.2,1017.4,1011.4,75,65,2.5,42,9.6,45,0.0
2020/01/29,1016.5,1017.8,1015.2,69,58,1.8,42,8.5,37,0.0
2020/01/30,1017.6,1019.4,1015.8,53,37,2.0,45,9.7,47,0.0
2020/01/31,1018.4,1020.2,1016.5,54,37,2.2,45,10.0,38,0.0
2020/02/01,1019.1,1020.8,1017.0,66,39,1.4,48,9.4,36,0.0
2020/02/02,1019.0,1021.2,1017.2,74,49,0.7,10,6.2,36,0.0
2020/02/03,1017.8,1019.3,1016.4,79,67,2.1,40,11.1,34,0.0
2020/02/04,1016.9,1018.8,1015.5,88,81,2.5,20,8.1,17,1.5
2020/02/05,1017.7,1019.4,1015.9,78,64,3.9,39,12.8,33,1.0
2020/02/07,1015.3,1017.7,1012.1,76,52,1.6,4,7.7,40,0.0
2020/02/07,1018.6,1020.1,1016.7,89,77,2.9,38,9.9,39,2.0
2020/02/08,1020.6,1021.9,1019.2,72,65,4.2,34,12.3,30,0.0
2020/02/09,1021.4,1023.9,1020.1,70,64,3.4,34,9.3,14,0.0
2020/02/10,1018.4,1020.2,1016.7,68,50,0.8,37,5.7,45,0.0
2020/02/11,1018.0,1020.5,1016.0,86,72,0.7,2,4.7,344,0.0
2020/02/12,1014.6,1016.8,1012.2,76,47,0.4,1,4.0,4,0.0
2020/02/13,1012.1,1014.2,1009.4,83,58,0.9,9,7.5,331,1.0
2020/02/14,1011.8,1014.6,1009.6,90,64,1.0,356,8.4,3,0.0
2020/02/15,1011.0,1014.4,1008.2,84,64,0.9,343,6.1,35,1.0
2020/02/16,1016.5,1021.5,1010.5,89,68,3.7,39,11.6,36,39.0
2020/02/17,1022.6,1024.7,1019.8,56,40,4.2,42,13.5,39,0.0
2020/02/18,1021.9,1024.1,1019.8,55,41,3.3,37,12.8,36,0.0
2020/02/19,1020.5,1021.8,1018.9,79,55,1.2,1,10.2,7,0.0
2020/02/20,1020.9,1022.4,1019.5,82,61,1.6,20,11.2,5,0.0
2020/02/21,1022.6,1024.2,1021.2,90,80,1.1,2,6.7,42,0.0
2020/02/22,1021.8,1023.4,1019.4,79,65,2.6,43,10.8,10,0.0
2020/02/23,1019.6,1022.0,1017.0,70,52,1.9,35,8.3,50,0.0
2020/02/24,1016.8,1016.6,1014.6,87,77,0.6,138,3.0,306,0.0
2020/02/25,1014.5,1017.0,1012.4,77,45,0.5,1,4.3,308,0.0
2020/02/26,1014.7,1016.2,1013.2,81,56,1.8,38,7.9,334,0.0
2020/02/27,1016.1,1018.5,1014.5,77,68,3.6,31,11.0,2,0.0
2020/02/28,1014.0,1015.6,1012.4,86,76,0.9,1,6.9,1,0.0
2020/02/29,1010.9,1012.9,1008.7,78,57,0.5,355,4.7,272,0.0
2020/03/01,1011.2,1014.3,1008.9,87,82,2.0,37,8.7,41,0.0
2020/03/02,1015.1,1017.3,1013.1,71,59,3.9,41,12.4,47,0.0
2020/03/03,1015.2,1017.8,1012.4,78,58,1.4,21,9.0,360,0.0
2020/03/04,1015.3,1018.4,1012.7,84,76,3.4,43,12.4,35,0.0
2020/03/05,1016.1,1018.3,1014.1,80,65,3.7,36,12.7,40,6.0
2020/03/06,1013.3,1015.5,1010.8,81,67,0.7,10,3.7,38,0.0
2020/03/07,1010.5,1013.0,1008.0,82,62,0.6,4,5.0,327,0.0
2020/03/09,1008.1,1010.3,1006.1,85,71,1.5,25,6.5,352,0.0
2020/03/09,1004.1,1007.8,1001.9,86,70,1.1,16,7.9,19,0.0
2020/03/10,1010.4,1015.7,1004.0,82,56,2.0,48,10.3,38,57.5
2020/03/11,1014.6,1016.5,1012.9,63,48,2.0,27,8.6,41,0.0
2020/03/12,1012.5,1015.2,1010.3,85,77,0.4,349,5.2,337,0.0
2020/03/13,1012.6,1014.7,1010.8,91,82,1.1,38,6.9,46,4.5
2020/03/14,1014.5,1016.5,1013.0,73,55,3.0,43,11.2,45,0.5
2020/03/15,1015.4,1017.2,1012.9,54,32,2.7,44,11.7,49,0.0
2020/03/16,1015.8,1017.9,1013.8,55,24,0.5,272,5.1,308,0.0
2020/03/17,1015.3,1016.6,1013.8,72,58,0.9,13,5.4,305,0.0
2020/03/18,1012.2,1014.4,1009.6,83,65,0.6,23,5.6,8,1.5
2020/03/19,1011.0,1013.0,1008.8,91,80,0.4,19,4.5,267,5.0
2020/03/20,1011.6,1013.0,1009.8,83,63,1.3,14,7.6,16,0.0
2020/03/21,1011.3,1013.7,1007.8,80,51,0.9,324,7.1,354,0.0
2020/03/22,1009.3,1012.2,1006.0,74,57,1.3,271,9.8,283,0.0
2020/03/23,1011.2,1013.6,1009.6,81,69,2.4,27,7.9,42,0.0
2020/03/24,1011.5,1012.8,1010.2,79,61,2.0,40,9.6,344,0.0
2020/03/25,1010.5,1012.1,1009.1,86,72,0.9,343,6.2,7,0.0
2020/03/26,1010.3,1011.9,1007.8,80,51,0.7,19,5.6,322,0.0
2020/03/27,1009.9,1011.4,1008.5,84,67,1.0,149,10.0,270,0.0
2020/03/28,1011.9,1015.4,1007.9,88,76,2.7,36,9.5,37,11.5
2020/03/29,1011.8,1015.1,1007.6,75,60,1.5,46,8.8,43,0.0
2020/03/30,1010.1,1011.3,1008.7,88,81,1.2,36,5.8,39,4.5
2020/03/31,1009.4,1011.8,1006.7,87,71,1.3,4,7.4,359,6.0
2020/04/01,1013.0,1015.1,1009.9,80,65,2.6,47,9.9,44,9.5
2020/04/02,1014.5,1017.1,1012.3,87,73,1.6,25,8.4,12,15.5
2020/04/03,1014.2,1016.2,1012.0,86,74,2.5,9,10.1,47,0.5
2020/04/04,1015.3,1017.7,1012.5,78,67,2.8,36,9.1,45,0.0
2020/04/05,1015.7,1017.0,1014.3,73,58,2.7,39,9.9,44,2.0
2020/04/06,1013.1,1016.1,1010.7,81,63,1.4,43,6.3,34,10.0
2020/04/07,1012.2,1013.4,1009.3,82,68,2.7,42,9.1,39,1.5
2020/04/08,1012.1,1013.9,1010.6,72,64,2.1,47,7.6,47,0.0
2020/04/09,1013.4,1015.0,1011.7,69,43,1.8,40,8.8,51,0.0
2020/04/10,1013.6,1015.7,1011.3,77,51,0.9,6,9.5,354,0.0
2020/04/11,1011.1,1013.1,1009.2,90,81,0.8,5,6.6,9,14.0
2020/04/12,1013.6,1015.8,1009.9,74,49,1.7,41,8.9,43,0.5
2020/04/13,1015.0,1016.3,1012.9,52,34,2.0,41,12.2,8,0.0
2020/04/14,1013.0,1015.1,1011.0,54,37,0.8,8,5.0,43,0.0
2020/04/15,1011.4,1013.4,1009.9,71,52,0.9,141,7.6,277,0.0
2020/04/16,1011.3,1012.5,1010.2,73,48,0.7,118,5.0,298,0.0
2020/04/17,1011.4,1013.8,1010.1,76,58,0.8,284,6.3,283,0.0
2020/04/18,1010.8,1013.0,1008.9,79,64,0.9,342,5.0,337,0.0
2020/04/19,1007.7,1009.6,1005.7,83,67,1.3,279,9.9,283,0.0
2020/04/20,1009.2,1011.5,1007.4,79,59,1.4,357,7.8,50,0.0
2020/04/21,1010.0,1012.3,1008.6,86,73,2.0,34,9.7,51,0.0
2020/04/22,1012.1,1013.9,1009.8,80,62,3.2,33,10.8,37,3.0
2020/04/23,1013.3,1015.0,1011.7,84,68,2.6,21,9.5,2,7.0
2020/04/24,1013.9,1015.3,1012.3,82,72,1.6,25,7.6,39,2.0
2020/04/25,1012.7,1014.2,1011.1,81,62,0.5,340,3.5,289,0.0
2020/04/26,1012.7,1014.7,1011.2,80,64,1.0,29,5.3,8,0.0
2020/04/27,1011.8,1013.1,1010.4,72,53,0.4,42,4.6,41,0.0
2020/04/28,1012.0,1013.9,1009.8,63,43,2.2,40,10.1,36,0.0
2020/04/29,1012.2,1014.1,1011.0,78,63,1.1,5,6.9,47,0.0
2020/04/30,1011.5,1013.6,1009.3,80,58,0.9,1,5.6,2,0.0
2020/05/01,1008.9,1011.1,1007.0,80,53,0.7,8,4.3,336,0.0
2020/05/02,1005.8,1007.9,1004.0,75,55,0.7,321,4.8,311,0.0
2020/05/03,1004.3,1006.0,1002.4,78,59,1.5,240,9.6,283,0.0
2020/05/04,1006.1,1007.6,1004.7,78,65,1.4,267,7.7,279,0.0
2020/05/06,1004.0,1006.7,1001.1,73,55,1.5,102,11.3,284,0.0
2020/05/06,1004.6,1006.7,1002.0,72,51,1.6,9,10.2,276,0.0
2020/05/07,1006.1,1007.4,1005.1,86,76,0.9,13,8.8,349,12.5
2020/05/08,1005.2,1006.7,1003.3,78,68,1.3,217,9.5,258,0.0
2020/05/09,1004.4,1005.8,1002.1,71,57,1.5,278,9.0,278,0.0
2020/05/10,1005.5,1007.6,1003.7,78,56,1.4,329,7.4,303,0.0
2020/05/11,1006.4,1008.0,1004.7,86,74,1.8,21,8.5,336,3.0
2020/05/12,1007.1,1008.4,1005.3,88,78,1.1,40,6.0,345,4.0
2020/05/13,1008.3,1010.2,1006.8,71,42,1.3,34,8.1,11,0.0
2020/05/14,1007.7,1009.3,1005.8,79,65,0.8,278,5.6,305,0.0
2020/05/16,1005.4,1006.7,1003.9,75,60,0.8,293,5.6,271,0.0
2020/05/16,1004.8,1006.6,1003.2,81,63,1.1,141,8.1,184,12.5
2020/05/18,1001.5,1004.0,999.0,75,57,0.9,319,5.5,273,0.0
2020/05/18,1000.1,1002.8,997.6,82,55,1.0,123,7.2,284,45.5
2020/05/19,1003.0,1005.1,1000.1,91,64,0.6,13,6.2,277,17.5
2020/05/20,1004.9,1006.6,1003.9,87,73,0.5,5,4.7,12,3.0
2020/05/21,1002.6,1004.5,1000.7,88,73,0.5,142,5.9,165,42.0
2020/05/23,1000.1,1001.7,998.5,96,91,1.2,28,8.0,38,121.0
2020/05/23,1002.4,1004.4,999.8,91,84,1.6,28,6.0,35,8.0
2020/05/24,1004.9,1006.4,1003.7,80,62,1.7,25,9.3,1,0.5
2020/05/25,1006.2,1007.3,1005.2,82,65,0.9,15,5.8,347,0.0
2020/05/26,1004.2,1006.4,1003.0,79,66,1.0,165,6.5,185,3.0
2020/05/27,1005.4,1007.3,1003.6,88,80,1.3,30,5.5,348,18.0
2020/05/28,1007.5,1009.0,1006.1,95,87,0.7,38,4.7,35,77.5
2020/05/29,1007.6,1008.6,1006.3,89,73,0.7,348,4.9,4,7.0
2020/05/30,1006.8,1008.0,1005.1,77,57,1.0,237,9.3,284,0.5
2020/05/31,1007.3,1008.5,1005.1,72,59,1.6,220,10.3,279,0.0
2020/06/01,1007.2,1008.7,1004.6,79,62,1.4,274,9.1,285,0.0
2020/06/02,1006.0,1008.8,1004.0,79,69,1.4,282,8.6,281,0.0
2020/06/03,1004.5,1006.2,1002.1,67,52,1.1,232,8.7,292,0.0
2020/06/04,1004.0,1005.6,1002.4,66,52,1.0,216,8.6,292,0.0
2020/06/05,1003.7,1005.4,1001.8,69,53,1.1,200,8.3,293,0.0
2020/06/07,1002.8,1004.2,1001.0,68,57,1.0,242,9.1,277,0.0
2020/06/07,1003.7,1004.8,1002.3,78,56,0.6,180,6.5,281,19.0
2020/06/08,1004.7,1006.4,1002.5,85,64,0.3,3,5.1,64,12.5
2020/06/09,1005.4,1006.3,1003.9,76,57,0.6,62,9.8,275,3.0
2020/06/10,1005.3,1006.7,1003.7,71,54,0.8,43,7.7,282,0.0
2020/06/11,1004.0,1005.6,1002.3,80,61,0.7,188,6.1,285,0.0
2020/06/12,1003.0,1004.6,1001.1,80,70,1.0,2,5.1,4,0.0
2020/06/13,1004.2,1007.3,1001.6,80,64,0.8,42,6.0,5,0.0
2020/06/14,1007.9,1010.1,1005.3,79,64,0.9,282,7.2,164,3.0
2020/06/15,1008.0,1009.8,1006.4,74,61,1.3,244,9.3,263,0.0
2020/06/16,1005.2,1007.0,1003.6,68,57,1.1,216,8.6,281,0.0
2020/06/17,1003.8,1005.0,1002.6,67,51,1.0,226,9.8,289,0.0
2020/06/18,1003.9,1006.0,1002.2,65,53,1.1,236,9.2,295,0.0
2020/06/19,1004.4,1005.7,1003.4,65,49,0.9,212,8.3,222,0.0
2020/06/20,1003.8,1005.5,1002.0,70,56,1.1,175,9.1,279,0.0
2020/06/21,1001.4,1003.2,999.0,65,50,1.0,230,9.2,211,0.0
2020/06/22,1001.7,1002.8,1000.4,65,53,1.1,211,9.1,278,0.0
2020/06/23,1002.3,1003.2,1001.3,64,50,1.1,165,8.9,271,0.0
2020/06/24,1002.0,1003.3,1000.2,69,53,1.0,239,8.1,284,0.0
2020/06/25,1002.8,1004.7,1001.2,63,54,1.3,198,9.6,280,0.0
2020/06/26,1004.8,1006.2,1003.8,66,52,1.1,248,9.2,302,0.0
2020/06/27,1004.9,1006.3,1003.4,71,54,1.2,274,10.1,277,0.0
2020/06/28,1003.8,1005.2,1002.5,72,51,1.2,92,9.7,286,0.0
2020/06/29,1001.8,1003.7,1000.3,68,56,1.4,195,9.9,131,0.0
2020/06/30,1000.9,1002.5,999.4,71,59,1.2,231,9.7,258,0.0
2020/07/01,1001.8,1003.8,999.8,73,58,1.1,104,8.0,275,1.5
2020/07/02,1003.7,1006.1,1001.9,75,57,1.0,107,7.5,112,0.5
2020/07/03,1005.7,1007.3,1004.6,70,52,1.1,158,9.5,304,0.0
2020/07/04,1005.4,1007.0,1003.5,73,58,1.2,168,7.8,290,0.0
2020/07/06,1003.2,1004.7,1001.8,67,57,1.3,277,9.1,291,0.0
2020/07/06,1003.3,1005.1,1001.3,67,52,1.2,88,8.4,247,0.0
2020/07/07,1005.1,1006.3,1004.0,66,54,1.1,221,9.4,281,0.0
2020/07/09,1002.4,1004.9,1000.7,68,54,1.2,214,10.2,124,0.0
2020/07/09,999.8,1000.9,998.8,64,48,1.1,205,8.7,214,0.0
2020/07/10,1002.5,1004.5,1000.0,63,43,1.0,197,9.8,272,0.0
2020/07/11,1004.5,1005.7,1003.2,71,58,1.2,147,8.1,259,0.0
2020/07/12,1004.3,1005.7,1002.0,67,55,1.1,267,6.7,281,0.0
2020/07/13,1003.3,1004.4,1001.9,71,50,1.0,254,7.7,256,0.0
2020/07/14,1002.2,1003.6,1000.1,72,56,1.0,141,5.2,271,0.0
2020/07/15,1001.4,1003.2,999.2,70,58,1.3,178,8.1,265,0.0
2020/07/16,1002.6,1003.6,1001.6,58,47,1.3,177,8.1,148,0.0
2020/07/17,1003.9,1005.4,1002.3,64,50,1.4,186,9.1,284,0.0
2020/07/18,1003.9,1005.2,1002.6,67,53,1.5,240,10.3,269,0.0
2020/07/19,1004.1,1005.9,1002.8,68,49,1.4,187,10.7,258,0.0
2020/07/20,1006.3,1008.1,1004.7,69,48,1.0,253,9.0,241,0.0
2020/07/21,1007.5,1008.6,1006.3,70,55,0.9,269,7.0,266,0.0
2020/07/22,1006.4,1007.9,1004.8,73,60,0.9,127,6.5,306,0.0
2020/07/23,1005.5,1006.9,1004.0,74,64,0.9,173,6.6,257,0.0
2020/07/24,1004.2,1006.0,1001.9,70,60,1.1,166,8.9,268,0.0
2020/07/25,1003.6,1004.6,1001.9,74,57,1.1,204,8.3,255,0.0
2020/07/26,1003.2,1004.5,1001.2,71,57,1.2,239,9.0,258,0.0
2020/07/27,1003.4,1005.0,1002.1,72,51,0.9,120,7.5,264,0.0
2020/07/28,1004.7,1005.9,1003.5,79,59,0.5,121,5.2,293,0.0
2020/07/29,1004.0,1005.6,1001.4,77,63,0.8,238,5.6,289,1.0
2020/07/30,1003.2,1005.1,1001.3,79,66,0.5,22,4.2,253,0.0
2020/07/31,1003.2,1004.9,1001.5,73,46,0.8,16,6.0,320,0.0
2020/08/01,1004.4,1006.5,1002.7,75,64,1.0,137,5.8,322,0.0
2020/08/02,1003.5,1006.3,1001.2,81,63,0.9,136,8.4,36,12.5
2020/08/03,1000.3,1002.2,999.1,82,67,0.7,205,6.4,205,4.5
2020/08/04,1002.9,1007.0,999.4,71,54,1.0,228,9.7,163,1.0
2020/08/05,1007.1,1009.0,1005.1,77,57,0.7,131,6.2,42,0.0
2020/08/06,1006.6,1008.7,1004.5,73,55,1.5,10,9.3,5,0.0
2020/08/07,1004.8,1006.7,1002.8,76,62,0.9,313,5.0,1,0.0
2020/08/08,1002.0,1003.9,1000.1,79,64,0.8,306,5.3,277,0.0
2020/08/09,1000.1,1001.2,998.7,71,59,1.0,157,6.6,255,0.0
2020/08/10,1001.9,1003.0,1000.3,79,63,0.7,35,4.7,298,3.5
2020/08/11,1005.8,1009.5,1001.7,85,65,0.4,121,5.2,258,1.0
2020/08/12,1009.8,1011.5,1008.2,84,62,0.6,122,7.0,37,2.0
2020/08/13,1008.5,1011.2,1007.1,74,58,0.9,130,5.1,303,0.0
2020/08/14,1006.2,1007.5,1004.2,74,60,0.7,87,4.9,314,0.0
2020/08/15,1005.7,1007.5,1004.1,82,60,0.7,142,6.1,325,11.5
2020/08/17,1005.8,1007.3,1004.0,82,69,0.9,125,7.0,342,1.0
2020/08/18,1004.3,1005.9,1002.9,80,63,0.6,128,4.2,251,8.5
2020/08/18,1003.8,1005.8,1002.2,80,60,0.7,28,6.3,163,0.0
2020/08/19,1004.2,1005.6,1002.8,74,59,0.9,7,6.2,8,0.0
2020/08/20,1004.8,1006.3,1002.8,73,58,0.9,40,5.8,296,0.0
2020/08/21,1003.2,1006.3,1000.4,72,54,0.8,261,5.3,268,0.0
2020/08/22,1002.0,1003.3,1000.6,78,54,1.5,20,9.5,40,4.0
2020/08/23,1002.5,1004.0,1001.2,78,60,0.9,191,6.1,279,11.0
2020/08/25,1000.1,1002.4,997.9,74,57,1.2,219,7.5,274,0.0
2020/08/25,998.4,999.8,996.3,68,42,1.2,179,8.2,182,0.0
2020/08/26,997.9,999.3,996.0,61,50,1.3,172,9.0,165,0.0
2020/08/27,998.5,1000.5,996.8,68,52,1.0,186,8.2,176,0.0
2020/08/28,999.6,1001.6,998.2,70,48,0.8,174,10.7,259,0.0
2020/08/29,1000.9,1002.1,1000.1,81,56,0.7,6,5.4,331,1.0
2020/08/30,1000.8,1002.7,998.7,76,59,1.5,37,9.9,316,0.0
2020/08/31,1000.4,1001.8,998.7,80,53,1.5,41,12.2,4,5.0
2020/09/01,999.6,1000.9,998.0,79,59,0.7,278,5.2,299,1.0
2020/09/02,1001.1,1002.9,999.5,68,46,1.2,170,8.2,261,0.0
2020/09/03,1004.9,1007.1,1002.5,81,63,1.0,5,5.4,11,3.0
2020/09/04,1005.2,1007.2,1003.0,77,58,2.0,32,9.5,33,0.0
2020/09/05,1003.2,1005.1,1001.1,70,48,1.9,19,9.3,30,0.0
2020/09/06,1001.8,1003.0,1000.8,58,35,1.5,42,7.2,20,0.0
2020/09/07,1004.8,1007.7,1002.3,57,38,0.9,358,5.4,41,0.0
2020/09/08,1008.3,1009.7,1007.2,63,35,0.7,124,4.8,322,0.0
2020/09/10,1006.4,1008.8,1004.4,73,45,0.7,35,5.0,308,0.0
2020/09/10,1003.7,1005.3,1001.5,75,59,0.7,130,3.8,314,0.0
2020/09/11,1004.7,1006.7,1003.3,74,55,0.9,265,7.0,282,0.0
2020/09/12,1007.5,1008.9,1005.7,79,67,0.8,9,7.4,5,0.0
,1007.9,--,--,80,--,1.5,20,--,--,0.0
2020/09/14,1006.8,1008.1,1004.7,81,66,1.8,12,9.2,23,0.0
2020/09/15,1006.2,1007.4,1004.6,82,71,1.1,10,6.4,6,0.0
2020/09/16,1005.5,1006.7,1003.9,81,65,1.0,1,6.2,15,0.0
2020/09/17,1005.1,1006.7,1003.5,79,51,0.7,351,4.6,353,0.0
2020/09/18,1008.0,1009.7,1006.5,75,53,1.6,134,8.6,39,0.0
2020/09/19,1009.2,1010.9,1008.1,80,72,1.3,1,7.9,357,0.0
2020/09/20,1008.1,1009.4,1006.4,80,63,2.2,33,10.0,37,1.0
2020/09/21,1007.2,1008.7,1005.2,68,56,2.9,37,10.6,44,0.0
2020/09/22,1006.5,1007.9,1004.3,63,44,2.3,41,11.1,12,0.0
2020/09/23,1006.6,1007.5,1005.2,69,55,1.8,45,8.5,360,0.0
2020/09/24,1007.0,1008.3,1005.8,79,68,2.3,37,8.2,38,0.0
2020/09/25,1006.4,1007.8,1004.7,71,55,2.3,38,10.5,40,0.0
2020/09/26,1006.4,1008.2,1004.4,68,58,2.6,43,9.0,42,0.0
2020/09/27,1008.2,1009.9,1006.8,89,79,1.7,32,7.4,37,14.5
2020/09/28,1007.3,1009.3,1005.9,91,84,1.0,43,5.3,38,3.5
2020/09/29,1004.8,1007.0,1002.6,74,59,1.8,47,8.1,41,0.0
2020/09/30,1005.6,1007.3,1003.2,76,64,2.4,46,9.1,34,0.0
2020/10/01,1005.6,1007.4,1003.8,66,48,2.3,43,9.7,36,0.0
2020/10/02,1006.7,1008.3,1004.5,77,58,1.6,2,9.7,44,0.0
2020/10/03,1006.6,1008.0,1004.6,79,57,0.8,12,6.3,357,0.0
2020/10/04,1005.5,1007.3,1003.4,75,58,1.2,5,5.4,42,0.0
2020/10/05,1007.9,1010.4,1005.4,75,65,4.1,42,13.3,38,0.0
2020/10/06,1010.1,1011.5,1008.3,66,53,4.3,42,13.8,38,0.0
2020/10/07,1010.5,1012.5,1008.8,63,50,4.3,43,13.0,16,0.0
2020/10/08,1010.8,1012.2,1009.4,65,51,3.6,43,13.5,45,0.0
2020/10/09,1010.5,1012.5,1008.7,68,51,3.6,43,11.4,41,0.0
2020/10/10,1008.3,1010.1,1006.9,74,63,3.7,38,11.3,41,0.0
2020/10/11,1005.3,1007.3,1003.1,77,59,3.0,25,9.6,42,0.0
2020/10/12,1005.9,1007.4,1003.7,86,77,3.1,37,9.9,36,2.5
2020/10/13,1008.4,1010.4,1006.7,79,68,3.0,35,9.5,47,0.0
2020/10/14,1009.7,1011.4,1007.6,70,59,2.5,44,11.5,39,0.0
2020/10/15,1009.1,1010.6,1007.2,68,55,2.3,49,10.6,37,0.0
2020/10/16,1009.4,1011.3,1007.6,72,55,2.5,45,11.5,36,0.0
2020/10/17,1011.3,1013.0,1009.9,73,60,4.4,36,13.8,34,0.0
2020/10/18,1011.6,1013.2,1010.0,76,66,4.1,36,11.1,44,0.0
2020/10/19,1010.9,1012.3,1009.1,70,56,4.1,38,12.8,38,0.0
2020/10/20,1008.3,1011.2,1006.4,71,58,3.9,46,14.1,51,0.0
2020/10/22,1003.8,1007.0,1000.9,76,58,3.4,33,11.1,44,0.0
2020/10/22,1006.8,1010.1,1003.2,86,72,4.5,35,12.8,35,0.0
2020/10/23,1009.5,1012.0,1007.9,77,60,4.3,40,15.8,34,4.5
2020/10/24,1010.3,1012.3,1008.2,59,49,3.5,41,15.0,25,0.0
2020/10/25,1010.4,1012.3,1008.2,65,49,1.3,33,7.3,34,0.0
2020/10/26,1008.5,1010.9,1005.8,66,43,1.7,33,8.8,40,0.0
2020/10/27,1008.3,1010.5,1005.6,65,41,1.3,40,7.5,25,0.0
2020/10/28,1011.1,1012.5,1009.7,67,53,2.6,44,9.7,43,0.0
2020/10/29,1013.3,1015.1,1011.5,70,59,3.7,35,11.0,43,0.0
2020/10/30,1014.1,1014.5,1012.1,60,47,4.7,42,14.3,45,0.0
2020/10/31,1012.3,1014.5,1010.2,55,38,3.3,37,12.3,35,0.0
2020/11/01,1009.9,1012.0,1007.6,70,46,0.7,44,5.4,42,0.0
2020/11/02,1009.6,1012.1,1007.3,72,45,3.4,38,14.3,45,0.0
2020/11/03,1012.8,1014.4,1011.2,66,47,5.1,35,15.0,43,0.0
2020/11/04,1012.8,1014.3,1011.1,58,44,3.9,44,15.0,46,0.0
2020/11/05,1011.9,1013.9,1009.9,64,48,2.4,41,10.8,38,0.0
2020/11/07,1006.2,1011.2,1003.6,75,56,0.6,157,4.3,354,0.0
2020/11/07,1010.5,1014.0,1005.9,87,74,2.3,28,10.6,38,0.5
2020/11/08,1014.1,1016.2,1012.3,78,63,5.4,38,16.8,42,0.0
2020/11/09,1013.7,1015.0,1012.0,63,52,5.1,42,15.1,40,0.0
2020/11/10,1014.8,1016.2,1012.8,69,59,5.0,40,16.4,46,1.5
2020/11/11,1015.1,1016.8,1013.8,59,49,5.3,43,20.2,50,0.0
2020/11/12,1012.7,1014.8,1010.2,67,54,4.3,44,13.7,39,0.0
2020/11/13,1012.9,1014.1,1011.3,80,65,4.4,35,13.6,40,4.0
2020/11/14,1013.0,1015.5,1010.2,68,57,3.6,48,14.0,50,1.0
2020/11/15,1013.6,1015.5,1011.7,70,46,1.4,4,8.0,1,0.0
2020/11/16,1012.2,1014.6,1009.5,75,51,1.0,8,6.9,41,0.0
2020/11/17,1010.9,1012.6,1009.8,78,64,0.4,1,4.4,321,0.0
2020/11/18,1009.3,1011.3,1007.7,86,67,0.6,120,4.2,314,0.0
2020/11/19,1008.4,1010.5,1006.4,76,50,0.6,2,5.2,2,0.0
2020/11/20,1009.7,1011.0,1008.0,79,57,1.8,12,8.0,1,0.0
2020/11/21,1010.6,1012.2,1009.0,75,52,1.1,48,6.1,32,0.0
2020/11/22,1013.9,1016.0,1011.3,86,76,2.5,24,10.6,38,0.0
2020/11/23,1014.9,1016.9,1012.4,72,52,3.5,34,12.7,43,0.0
2020/11/24,1014.7,1016.5,1012.0,70,53,2.5,46,10.2,44,0.0
2020/11/25,1013.4,1015.3,1010.6,75,49,1.3,9,10.2,43,0.0
2020/11/26,1013.8,1016.2,1011.5,76,57,1.5,13,9.9,46,0.0
2020/11/27,1016.1,1017.9,1014.0,76,69,4.1,34,14.1,39,0.0
2020/11/28,1016.7,1018.6,1014.6,74,66,4.5,40,14.3,43,0.0
2020/11/29,1016.7,1018.0,1015.0,70,55,4.1,42,12.7,42,0.0
2020/11/30,1016.6,1018.5,1014.3,67,53,4.6,46,15.8,48,0.0
2020/12/01,1015.6,1017.9,1014.1,74,63,4.8,41,15.5,42,0.0
2020/12/02,1014.5,1016.6,1012.4,70,61,5.9,36,16.4,49,0.0
2020/12/03,1016.2,1018.1,1014.2,74,60,6.4,38,16.2,47,0.0
2020/12/04,1014.4,1016.7,1013.0,78,68,6.7,36,16.7,40,0.0
2020/12/05,1015.0,1017.0,1013.5,72,58,5.2,37,17.0,45,0.0
2020/12/06,1013.6,1014.9,1012.0,73,59,4.0,43,14.7,40,0.0
2020/12/07,1014.8,1016.8,1012.7,83,76,4.4,35,12.3,39,0.0
2020/12/08,1014.9,1016.7,1013.1,82,74,5.1,36,13.7,42,1.5
2020/12/09,1012.4,1014.9,1009.8,88,73,2.8,41,10.2,47,7.0
2020/12/10,1011.9,1013.8,1009.2,89,77,3.1,26,9.9,38,3.0
2020/12/11,1011.4,1013.1,1009.4,90,83,2.9,27,7.9,44,3.0
2020/12/12,1011.5,1013.6,1009.6,78,68,3.2,37,10.1,47,0.0
2020/12/13,1011.7,1013.7,1010.0,81,62,2.1,49,9.3,351,0.0
2020/12/14,1015.2,1018.1,1011.5,83,70,3.8,35,13.1,39,0.0
2020/12/15,1017.8,1020.0,1015.8,81,72,4.5,37,11.8,27,0.0
2020/12/16,1018.0,1020.2,1016.4,77,69,4.2,35,11.4,39,0.0
2020/12/17,1016.2,1018.5,1013.8,74,55,2.9,38,10.0,38,0.0
2020/12/18,1016.6,1018.2,1014.8,91,84,2.3,32,8.6,48,0.5
2020/12/19,1018.9,1021.3,1017.3,84,73,5.6,36,14.9,43,0.0
2020/12/20,1018.4,1020.5,1016.8,74,64,5.0,37,12.7,31,0.0
2020/12/21,1016.5,1018.2,1014.9,74,64,3.5,43,13.3,42,0.5
2020/12/22,1013.8,1016.5,1010.5,73,53,3.0,36,10.4,39,0.0
2020/12/23,1012.4,1014.9,1011.0,97,85,1.5,30,6.3,360,18.0
2020/12/24,1012.3,1014.5,1010.6,86,70,3.3,43,10.5,48,4.0
2020/12/25,1014.4,1015.9,1012.7,72,57,2.7,31,11.2,39,0.0
2020/12/26,1014.6,1017.1,1012.1,85,64,1.4,3,7.2,13,0.0
2020/12/27,1012.4,1014.1,1010.2,84,67,1.1,53,5.8,12,1.0
2020/12/28,1009.9,1013.0,1007.5,71,56,2.4,39,11.5,42,0.5
2020/12/29,1010.2,1012.4,1008.5,89,82,1.3,2,7.0,1,0.0
2020/12/30,1020.0,1023.1,1012.3,70,56,5.6,35,15.1,50,0.0
2020/12/31,1022.9,1025.2,1021.0,57,50,4.8,41,15.3,45,0.0
2021/01/01,1020.2,1022.3,1017.2,61,48,3.2,36,10.0,51,0.0
2021/01/02,1018.3,1020.9,1015.8,69,53,2.5,38,13.1,50,0.0
2021/01/03,1018.0,1019.4,1015.6,77,53,2.5,26,10.8,354,0.0
2021/01/04,1016.8,1019.0,1014.5,91,81,3.0,33,9.0,10,0.0
2021/01/05,1016.1,1017.7,1014.1,83,73,4.2,34,12.2,35,0.0
2021/01/06,1014.9,1016.6,1012.3,82,65,3.9,38,11.7,45,1.5
2021/01/07,1017.5,1020.9,1015.0,83,70,5.4,37,14.5,51,2.5
2021/01/08,1021.2,1022.6,1019.9,72,55,4.5,36,13.8,49,0.0
2021/01/09,1020.6,1022.3,1018.2,56,45,3.9,41,12.6,53,0.0
2021/01/10,1018.2,1020.5,1015.8,56,43,3.1,42,10.1,51,0.0
2021/01/11,1019.9,1022.0,1017.7,87,66,3.0,34,7.9,36,5.5
2021/01/12,1018.7,1021.7,1016.2,70,47,1.9,37,9.6,39,2.0
2021/01/13,1015.3,1017.2,1012.2,70,44,0.8,53,7.3,8,0.0
2021/01/14,1013.4,1015.4,1011.7,72,36,0.6,1,6.3,1,0.0
2021/01/15,1012.2,1014.1,1009.3,80,59,0.9,14,6.8,1,0.0
2021/01/16,1012.9,1017.8,1010.5,70,44,3.1,38,13.6,44,0.0
2021/01/17,1019.7,1021.8,1017.6,66,55,5.7,35,14.6,42,0.0
2021/01/18,1018.1,1020.6,1015.5,63,46,3.0,40,10.5,40,0.0
2021/01/19,1015.3,1016.8,1013.7,69,42,0.8,51,5.3,357,0.0
2021/01/20,1013.6,1015.3,1011.5,82,57,0.5,161,4.1,272,0.0
2021/01/21,1011.2,1013.3,1009.0,85,63,0.8,352,6.0,2,0.0
2021/01/22,1007.3,1009.2,1005.2,90,71,1.4,268,8.7,4,0.5
2021/01/23,1009.9,1013.6,1006.7,89,75,2.7,20,8.5,28,0.0
2021/01/24,1013.8,1015.4,1012.0,72,56,3.2,43,12.9,48,0.0
2021/01/25,1014.4,1016.9,1012.3,80,67,2.1,18,10.8,4,0.0
2021/01/26,1013.1,1014.5,1011.6,86,66,2.1,31,8.9,360,0.0
2021/01/27,1013.8,1015.4,1011.3,82,72,3.4,16,11.4,36,0.0
2021/01/28,1017.6,1019.4,1014.7,78,57,2.9,42,10.9,39,0.0
2021/01/29,1018.0,1019.2,1016.4,52,40,4.0,42,13.4,41,0.0
2021/01/30,1018.1,1020.0,1016.1,73,48,0.6,144,5.8,323,0.0
2021/01/31,1018.1,1020.3,1016.1,82,58,0.6,12,4.3,274,0.0
2021/02/01,1015.6,1017.9,1014.0,81,48,0.5,278,3.8,243,0.0
2021/02/02,1016.7,1018.4,1015.0,74,57,3.3,34,14.1,48,0.0
2021/02/03,1017.3,1019.1,1015.2,72,47,1.3,44,9.2,354,0.0
2021/02/04,1017.0,1019.1,1014.7,80,55,1.3,12,10.3,36,0.0
2021/02/05,1015.2,1017.0,1013.9,86,56,0.7,342,5.3,359,0.0
2021/02/06,1014.1,1016.1,1012.7,88,64,0.7,341,6.1,353,0.0
2021/02/07,1014.1,1016.1,1012.3,93,77,0.8,152,5.2,350,0.0
2021/02/08,1015.1,1017.0,1013.4,79,59,2.5,41,13.6,33,0.0
2021/02/09,1014.3,1016.6,1012.0,68,54,3.3,38,11.2,45,0.0
2021/02/10,1009.6,1013.1,1006.6,86,67,0.6,290,4.6,288,11.0
2021/02/11,1007.7,1010.4,1005.4,98,91,1.9,30,11.6,16,36.0
2021/02/12,1010.0,1011.8,1007.8,94,80,3.9,20,11.1,9,2.0
2021/02/13,1011.9,1013.9,1010.1,87,74,3.0,21,10.2,12,0.0
2021/02/14,1010.7,1012.7,1009.4,92,79,1.1,356,6.7,349,0.0
2021/02/15,1011.0,1012.5,1009.6,79,53,2.1,23,10.4,6,0.0
2021/02/16,1012.1,1014.6,1010.2,84,60,1.1,2,4.9,296,0.0
2021/02/17,1017.2,1019.5,1014.6,69,53,3.9,45,13.9,50,0.0
2021/02/18,1021.1,1023.5,1018.9,49,35,4.6,43,13.6,41,0.0
2021/02/19,1018.9,1021.4,1016.7,61,36,1.6,45,8.0,2,0.0
2021/02/20,1016.4,1018.3,1014.9,83,59,0.8,341,6.0,9,0.0
2021/02/21,1014.2,1016.5,1012.6,70,39,0.6,116,4.5,270,0.0
2021/02/22,1012.5,1013.9,1010.6,63,42,0.8,34,5.0,278,0.0
2021/02/23,1011.1,1013.3,1008.9,85,67,2.8,22,12.8,12,0.0
2021/02/24,1009.6,1012.0,1007.2,91,82,2.0,26,8.2,353,0.0
2021/02/25,1007.1,1008.6,1005.3,94,80,0.8,15,6.5,272,0.0
2021/02/26,1006.8,1009.7,1004.8,91,74,2.1,16,8.1,43,0.0
2021/02/27,1011.7,1013.5,1009.2,92,86,2.8,28,7.6,41,0.5
2021/02/28,1012.7,1014.8,1010.5,86,70,1.9,33,7.9,40,0.0
2021/03/01,1012.3,1015.2,1010.0,81,57,0.6,269,5.6,344,0.0
2021/03/02,1016.3,1018.4,1011.8,86,75,4.4,36,13.2,49,12.5
2021/03/03,1016.3,1017.8,1014.6,83,72,1.6,23,8.3,48,0.0
2021/03/04,1015.5,1017.2,1013.3,94,68,0.9,1,6.0,9,0.5
2021/03/05,1013.0,1015.5,1011.0,90,67,0.7,41,4.7,315,2.5
2021/03/06,1014.2,1017.8,1011.9,97,90,1.5,7,9.9,6,26.5
2021/03/07,1016.0,1018.0,1013.7,96,94,3.7,33,8.8,18,1.5
2021/03/09,1016.6,1017.9,1014.7,87,78,3.3,38,9.1,41,0.0
2021/03/09,1016.5,1018.4,1014.5,87,76,3.3,34,11.6,38,0.0
2021/03/10,1016.4,1018.4,1013.6,77,61,2.9,32,10.5,39,0.0
2021/03/11,1016.0,1018.0,1014.3,90,81,1.2,5,7.1,1,0.0
2021/03/12,1015.2,1016.9,1012.7,84,63,2.4,44,10.5,43,0.0
2021/03/13,1015.0,1016.9,1013.2,73,56,2.6,41,12.1,41,0.5
2021/03/14,1012.5,1015.0,1010.1,79,64,2.1,27,9.7,3,0.0
2021/03/15,1011.0,1012.6,1010.1,87,70,0.6,288,6.0,313,0.0
2021/03/16,1010.1,1011.7,1008.3,75,48,0.7,3,4.6,352,0.0
2021/03/17,1010.5,1011.9,1008.8,91,75,1.8,3,6.9,338,0.0
2021/03/18,1010.3,1012.2,1008.3,95,81,1.9,2,8.6,1,0.0
2021/03/19,1009.0,1011.1,1006.9,91,73,0.6,16,3.5,349,0.0
2021/03/20,1007.9,1009.4,1006.4,91,74,1.2,34,6.1,341,0.0
2021/03/21,1014.0,1018.5,1008.6,81,70,4.9,34,13.8,50,0.0
,1019.2,--,--,84,--,4.8,35,--,--,5.0
2021/03/23,1014.0,1018.5,1013.2,91,70,0.1,125,7.2,41,0.5
2021/03/24,1013.6,1016.3,1011.9,92,70,0.8,50,5.2,316,35.0
2021/03/25,1013.8,1016.8,1012.4,79,63,2.7,36,10.2,11,0.0
2021/03/26,1011.7,1014.2,1010.0,90,75,1.0,2,7.0,5,0.0
2021/03/27,1008.0,1010.9,1005.0,85,57,0.7,266,7.5,264,0.0
2021/03/28,1005.0,1006.4,1003.8,82,60,1.1,350,7.9,262,0.0
2021/03/29,1004.5,1006.9,1002.0,93,81,0.9,342,4.7,315,0.0
2021/03/30,1002.8,1005.5,1001.0,84,64,1.4,263,9.1,278,0.0
2021/04/01,1003.9,1005.4,1002.9,90,72,0.9,5,7.1,312,0.0
2021/04/01,1004.2,1006.1,1002.1,87,74,0.8,132,6.6,282,0.0
2021/04/02,1006.5,1008.0,1004.6,88,72,0.9,138,6.4,293,0.0
2021/04/03,1008.3,1010.1,1006.6,88,72,1.6,8,6.2,37,0.0
2021/04/04,1011.2,1014.2,1008.7,79,63,3.4,42,11.1,46,0.0
2021/04/05,1014.5,1016.9,1012.5,60,48,3.4,31,11.8,34,0.0
2021/04/06,1013.9,1016.1,1011.5,66,54,3.2,29,10.2,6,0.0
2021/04/07,1012.1,1015.1,1009.7,68,50,2.4,15,10.4,6,0.0
2021/04/08,1011.2,1013.9,1008.3,86,74,2.3,32,10.8,44,0.0
2021/04/09,1014.2,1015.7,1011.5,81,76,3.5,39,9.8,42,0.0
2021/04/10,1015.6,1017.0,1014.1,84,77,3.1,28,9.3,33,0.0
2021/04/11,1014.5,1016.3,1013.3,87,71,0.9,148,5.5,340,0.0
2021/04/12,1012.2,1014.4,1010.3,82,66,0.9,273,6.2,322,0.0
2021/04/13,1010.8,1012.0,1009.6,85,65,1.5,2,6.3,49,0.0
2021/04/14,1011.2,1013.0,1010.1,85,79,2.7,34,8.4,41,0.0
2021/04/15,1010.0,1011.6,1007.9,87,76,1.9,6,10.0,29,0.0
2021/04/16,1010.2,1011.8,1008.1,85,69,2.3,18,9.9,6,0.0
2021/04/17,1011.7,1014.0,1009.8,66,29,3.6,41,12.0,49,1.0
2021/04/18,1010.4,1012.0,1008.5,58,35,3.2,43,10.7,45,0.0
2021/04/19,1008.5,1010.6,1006.4,65,45,1.5,26,8.8,41,0.0
2021/04/20,1007.8,1009.4,1006.0,67,48,0.9,44,5.8,46,0.0
2021/04/21,1006.5,1008.6,1003.9,73,50,1.4,360,8.5,4,0.0
2021/04/23,1003.8,1005.5,1001.6,87,70,1.2,317,7.0,9,0.0
2021/04/23,1004.2,1005.7,1002.4,86,65,2.8,10,10.3,33,0.5
2021/04/24,1006.6,1008.9,1004.5,84,67,2.8,26,11.7,42,0.0
2021/04/25,1008.6,1010.4,1005.5,84,69,0.6,21,4.5,44,1.0
2021/04/26,1009.1,1011.3,1007.2,73,46,0.9,359,8.1,8,0.0
2021/04/27,1011.6,1014.0,1009.8,86,77,0.9,292,5.7,286,0.0
2021/04/28,1011.6,1013.6,1010.1,96,86,0.4,18,3.1,161,40.5
2021/04/29,1009.3,1011.5,1007.6,93,81,1.1,46,9.5,42,19.5
2021/04/30,1008.1,1009.8,1006.4,82,61,0.9,135,5.5,327,0.0
2021/05/01,1008.3,1009.6,1006.4,80,62,0.9,276,6.9,273,0.0
2021/05/02,1010.6,1012.5,1009.2,85,68,1.5,40,8.7,38,0.0
2021/05/03,1009.9,1011.6,1008.7,89,69,0.6,25,4.9,279,0.0
2021/05/04,1007.7,1009.5,1005.7,83,65,0.7,283,6.2,319,0.0
2021/05/05,1010.5,1012.9,1007.5,85,73,1.8,39,9.5,41,6.0
2021/05/06,1011.5,1013.1,1010.0,85,73,1.2,4,8.4,352,0.0
2021/05/07,1008.7,1010.8,1006.4,83,66,0.9,270,9.5,278,0.0
2021/05/08,1006.4,1007.8,1005.0,88,79,1.4,273,9.5,285,0.0
2021/05/09,1005.9,1007.7,1003.8,85,75,1.0,292,5.9,273,0.0
2021/05/10,1005.2,1007.1,1003.2,83,71,1.3,265,8.6,273,0.0
2021/05/11,1004.2,1006.0,1002.5,78,64,1.4,261,11.3,277,0.0
2021/05/12,1004.6,1007.0,1002.5,71,54,1.5,276,10.7,283,0.0
2021/05/13,1005.6,1007.2,1004.1,80,66,1.1,132,7.5,281,0.0
2021/05/14,1006.3,1008.1,1005.2,82,73,1.0,271,7.2,275,0.0
2021/05/15,1005.6,1007.5,1003.3,81,70,1.2,281,8.2,277,0.0
2021/05/16,1004.9,1006.3,1003.4,74,53,1.5,207,11.0,274,0.0
,1006.0,--,--,70,--,1.5,264,--,--,0.0
2021/05/18,1006.6,1007.8,1004.5,87,71,1.4,276,9.9,281,0.0
2021/05/19,1005.2,1007.0,1003.1,83,75,1.5,126,7.6,277,0.0
2021/05/20,1004.6,1006.1,1003.4,71,56,1.1,257,9.4,281,0.0
2021/05/21,1004.4,1005.8,1002.4,73,56,1.3,257,9.6,274,0.0
2021/05/22,1004.1,1005.8,1002.6,82,63,1.5,258,10.3,282,0.0
2021/05/23,1004.9,1006.0,1003.7,82,70,1.0,279,6.1,281,0.0
2021/05/24,1006.3,1008.6,1004.7,80,63,1.7,29,9.1,272,0.0
2021/05/25,1007.0,1009.0,1005.3,80,63,1.7,4,9.2,18,0.0
2021/05/26,1005.3,1007.4,1003.3,77,59,1.2,247,8.0,284,0.0
2021/05/27,1004.5,1006.3,1003.4,68,48,1.5,239,10.3,277,0.0
2021/05/28,1004.3,1006.6,1002.2,72,50,1.5,276,10.7,266,0.0
2021/05/29,1002.8,1004.4,1000.8,89,59,1.1,273,8.8,177,17.5
2021/05/30,1001.0,1003.4,999.4,92,59,1.0,15,7.9,350,75.0
2021/05/31,1002.3,1004.0,1000.9,98,95,0.8,42,5.6,37,130.0
2021/06/01,1003.8,1005.0,1002.8,92,75,0.4,132,5.6,199,7.5
2021/06/02,1004.1,1005.5,1002.2,87,74,0.9,185,8.0,280,0.0
2021/06/03,1002.5,1004.7,1000.4,82,69,1.2,277,9.7,291,0.0
2021/06/04,1000.3,1001.6,998.9,83,63,1.2,280,8.3,284,1.0
2021/06/05,1000.1,1001.5,998.9,96,85,1.1,332,7.0,360,31.5
2021/06/06,1002.4,1005.5,999.8,99,97,0.5,31,4.5,39,83.5
2021/06/07,1005.9,1008.0,1004.2,88,71,0.6,4,4.8,337,0.5
2021/06/08,1006.5,1007.9,1004.9,83,63,1.1,5,7.9,52,0.0
2021/06/10,1005.0,1006.8,1002.7,83,68,1.2,7,8.8,40,0.0
2021/06/10,1003.4,1004.8,1001.3,80,61,1.2,8,6.1,341,0.0
2021/06/11,1004.1,1006.7,1002.6,78,61,1.5,3,8.5,6,0.0
2021/06/12,1006.7,1008.6,1005.2,84,69,0.7,340,6.2,324,0.5
2021/06/13,1006.0,1008.2,1003.7,81,71,1.1,306,6.2,285,0.0
2021/06/14,1002.2,1005.0,1000.2,74,60,1.3,211,8.7,285,0.0
2021/06/15,1000.0,1001.1,998.8,74,60,1.5,215,11.0,283,0.0
2021/06/16,1002.2,1003.6,999.0,65,54,1.6,162,9.4,152,0.0
2021/06/17,1002.7,1004.0,1001.6,70,52,1.2,200,9.8,218,0.0
2021/06/18,1001.5,1003.3,999.1,68,52,1.2,196,9.5,204,0.0
2021/06/20,999.4,1001.1,997.2,68,57,1.5,190,11.7,211,0.0
2021/06/20,998.1,999.4,996.0,69,58,1.4,183,9.4,164,0.0
2021/06/21,998.9,1001.5,997.4,81,70,1.1,197,7.6,172,10.0
2021/06/22,1000.8,1002.8,998.0,89,69,0.6,232,7.6,289,25.0
2021/06/23,1003.2,1004.9,1001.3,94,81,0.5,42,5.0,44,5.0
2021/06/24,1003.5,1004.6,1002.6,94,79,0.6,4,4.8,292,5.0
2021/06/25,1003.1,1004.3,1001.7,93,76,0.5,24,4.1,40,41.5
2021/06/26,1003.6,1004.8,1001.9,73,63,1.2,192,8.5,217,0.0
2021/06/27,1001.8,1004.2,999.6,71,56,1.2,184,8.0,291,0.0
2021/06/28,1000.9,1002.7,999.4,77,59,1.5,186,8.7,169,18.5
2021/06/29,1001.7,1002.7,1000.6,75,62,1.5,171,12.0,174,1.0
2021/06/30,1002.2,1003.4,1001.0,73,62,1.2,239,10.3,226,0.0
2021/07/01,1002.6,1004.3,1001.5,71,53,1.3,233,9.8,277,0.0
2021/07/02,1003.5,1004.9,1002.3,76,65,1.3,243,10.3,300,0.0
2021/07/03,1003.6,1005.1,1002.2,78,62,1.1,178,7.4,282,0.0
2021/07/04,1005.0,1006.5,1003.6,81,62,0.8,46,5.3,356,0.0
2021/07/05,1004.1,1005.4,1002.0,73,58,1.1,14,5.3,31,0.0
2021/07/06,1003.3,1007.4,998.9,85,68,0.7,161,7.8,283,0.5
2021/07/07,1007.7,1009.6,1006.3,79,66,1.1,292,7.5,278,0.0
2021/07/08,1008.0,1009.7,1006.4,79,64,0.9,285,6.4,277,0.0
2021/07/09,1006.7,1007.7,1005.4,80,65,1.0,140,7.5,287,0.0
2021/07/10,1007.4,1009.1,1006.2,76,62,0.9,277,6.2,332,0.0
2021/07/11,1008.5,1009.7,1007.3,79,66,0.9,138,5.6,13,0.0
2021/07/12,1007.5,1009.2,1005.8,84,72,0.9,137,5.7,285,0.0
2021/07/13,1005.8,1007.1,1004.6,85,62,0.8,126,5.7,309,0.5
2021/07/14,1005.3,1007.0,1003.6,77,58,1.2,7,6.9,10,0.0
2021/07/15,1004.9,1006.3,1003.2,80,62,0.9,169,5.3,270,0.5
2021/07/16,1004.8,1006.2,1003.3,79,62,1.0,169,6.0,285,0.0
2021/07/18,1001.8,1003.6,999.6,80,68,0.9,170,5.8,303,0.0
2021/07/18,1000.5,1001.5,998.9,78,61,0.9,354,6.0,360,0.0
2021/07/19,1000.0,1001.4,997.9,79,62,0.8,119,6.6,330,5.0
2021/07/20,1000.0,1001.7,997.8,72,50,1.5,46,10.3,5,0.0
2021/07/21,998.4,1000.1,997.0,77,55,2.8,40,14.0,41,32.5
2021/07/23,993.3,997.1,991.2,94,85,3.1,25,11.1,38,64.0
2021/07/23,990.7,992.4,989.3,89,78,4.0,30,14.3,45,17.0
2021/07/24,991.7,993.0,990.3,84,67,1.9,346,9.2,353,10.5
2021/07/25,992.4,994.2,990.4,73,50,1.4,202,8.2,177,7.0
2021/07/26,992.5,993.7,991.0,74,57,1.3,196,9.1,171,0.0
2021/07/27,992.1,993.3,990.1,75,60,1.0,187,7.2,274,0.0
2021/07/28,993.5,996.1,991.6,71,52,1.0,286,8.1,278,0.0
2021/07/29,996.7,998.8,994.7,80,61,1.2,285,8.0,282,19.5
2021/07/30,997.8,998.9,996.6,75,59,1.1,44,8.3,277,0.0
2021/07/31,997.0,999.0,994.5,77,67,0.8,180,6.8,211,9.5
2021/08/01,994.2,996.4,992.3,78,63,0.8,187,6.1,162,1.0
2021/08/02,994.6,996.0,993.7,95,83,0.4,12,5.4,168,53.5
2021/08/03,994.9,996.6,993.3,89,81,1.0,275,7.2,280,1.0
2021/08/04,996.0,997.1,995.2,89,59,0.4,49,5.1,351,18.5
2021/08/05,995.2,996.3,994.2,93,81,0.3,122,3.7,295,3.0
2021/08/06,993.9,996.1,991.7,96,93,0.4,141,4.4,113,83.5
2021/08/07,995.2,1000.9,990.2,98,96,0.9,135,8.3,183,115.5
2021/08/08,1000.9,1003.5,998.9,85,69,0.8,247,7.4,285,0.0
2021/08/09,1002.6,1004.3,1000.8,73,55,0.6,172,6.6,258,0.0
2021/08/10,1004.1,1005.5,1002.5,85,66,0.7,65,7.3,270,10.5
2021/08/11,1005.6,1007.1,1003.9,83,68,0.7,265,6.8,289,0.0
2021/08/12,1005.3,1007.2,1003.2,76,59,0.9,181,7.6,288,0.0
2021/08/14,1002.9,1004.7,1001.4,75,62,1.0,175,8.1,284,0.0
2021/08/14,1003.4,1005.9,1001.6,75,61,0.9,144,8.1,290,0.0
2021/08/15,1007.2,1009.8,1005.0,74,59,0.8,126,6.0,272,0.0
2021/08/16,1008.7,1010.1,1007.0,78,62,1.0,165,6.1,291,0.0
2021/08/18,1006.7,1008.4,1004.4,75,66,1.0,173,6.6,298,0.0
2021/08/18,1005.1,1006.7,1003.6,85,72,0.7,300,4.4,293,0.0
2021/08/19,1005.4,1006.5,1003.7,82,68,0.9,134,5.9,324,0.0
2021/08/20,1006.1,1007.7,1004.3,81,64,0.7,127,5.6,299,0.0
2021/08/21,1005.1,1006.4,1003.1,81,62,0.7,278,5.4,277,0.0
2021/08/22,1004.0,1005.7,1002.2,80,63,0.9,311,6.1,324,0.0
2021/08/23,1003.6,1004.6,1002.7,73,54,1.0,200,7.6,277,0.0
2021/08/24,1004.6,1006.1,1003.1,75,67,0.9,143,7.4,280,0.0
2021/08/25,1006.2,1008.7,1004.7,78,59,0.7,137,6.9,290,0.0
2021/08/26,1008.2,1009.4,1006.7,77,64,1.0,2,5.5,356,0.0
2021/08/27,1008.2,1009.0,1006.7,81,65,0.8,312,5.3,283,0.0
2021/08/28,1007.4,1008.4,1005.7,82,70,0.7,28,5.6,346,0.0
2021/08/29,1007.1,1008.3,1005.9,80,69,1.0,17,6.6,17,0.0
2021/08/30,1007.3,1009.0,1005.8,84,72,0.6,281,5.2,278,0.0
2021/08/31,1006.8,1007.9,1005.0,79,55,0.7,130,6.1,282,0.0
2021/09/01,1006.4,1007.8,1004.8,82,67,0.9,160,6.0,321,0.0
2021/09/02,1005.3,1007.1,1003.0,82,67,0.8,339,4.5,310,0.0
2021/09/03,1004.2,1005.7,1002.2,81,64,0.7,138,5.3,295,2.0
2021/09/04,1005.5,1007.0,1004.4,87,74,0.7,53,6.1,288,10.5
2021/09/05,1005.6,1007.3,1004.3,83,69,0.9,12,5.3,311,0.5
2021/09/06,1007.2,1008.4,1006.1,77,61,0.7,134,5.2,293,0.0
2021/09/07,1006.6,1008.3,1004.6,81,66,0.8,313,5.6,323,0.0
2021/09/08,1005.2,1006.4,1003.6,82,67,0.9,152,5.5,343,0.0
2021/09/09,1005.1,1006.3,1004.0,79,65,0.9,2,5.9,8,0.0
2021/09/10,1003.5,1005.4,1001.1,81,64,0.6,1,4.8,345,0.0
2021/09/11,995.8,1001.3,991.8,79,65,0.8,249,5.1,273,0.0
2021/09/12,993.9,999.9,989.7,88,71,1.6,33,10.8,37,26.5
2021/09/13,1002.2,1006.0,998.5,75,62,0.8,225,8.4,264,0.5
2021/09/14,1006.9,1008.4,1005.4,78,65,1.0,234,7.3,268,0.0
2021/09/15,1006.8,1008.3,1005.0,81,67,0.8,321,4.6,2,0.0
2021/09/16,1005.3,1007.0,1003.5,82,69,0.8,17,5.2,300,0.0
2021/09/17,1006.2,1007.7,1005.2,81,65,0.9,40,5.2,4,0.0
2021/09/18,1007.9,1009.1,1006.6,82,69,0.8,160,5.3,276,0.0
2021/09/19,1007.8,1008.8,1006.4,83,69,0.8,309,4.7,286,0.0
2021/09/20,1006.7,1008.7,1004.4,77,54,0.7,126,4.8,312,0.0
2021/09/21,1005.5,1007.5,1003.9,77,60,0.5,30,4.4,246,0.0
2021/09/22,1008.0,1009.9,1006.5,79,53,0.7,10,4.9,283,0.0
2021/09/23,1009.9,1011.2,1008.4,79,68,0.6,320,4.9,316,0.0
2021/09/24,1009.5,1011.4,1007.1,72,53,1.3,44,8.9,36,0.0
2021/09/25,1008.4,1009.9,1006.9,71,53,1.1,45,7.3,34,0.0
2021/09/26,1007.5,1008.8,1006.1,72,53,1.9,28,10.3,1,0.0
2021/09/27,1006.4,1007.5,1004.5,86,62,0.4,11,9.1,40,0.0
2021/09/28,1003.9,1006.3,1003.0,71,57,2.8,19,8.5,41,0.0
2021/09/29,1003.6,1005.1,1002.1,80,60,1.0,5,6.7,358,0.0
2021/09/30,1004.2,1006.0,1002.6,79,67,1.0,142,5.6,347,0.0
2021/10/01,1005.6,1007.5,1004.3,82,65,0.8,1,5.3,306,0.0
2021/10/02,1007.6,1009.5,1006.0,80,66,1.3,1,9.5,10,0.0
2021/10/03,1008.3,1010.0,1006.8,73,53,0.6,14,4.7,311,0.0
2021/10/04,1008.4,1010.0,1007.4,78,63,0.6,48,4.4,352,0.0
2021/10/05,1006.3,1008.4,1004.7,67,37,0.5,44,5.3,280,0.0
2021/10/06,1004.0,1006.6,1001.2,70,50,0.4,168,5.2,284,0.0
2021/10/07,1003.8,1005.6,1002.3,74,57,0.7,323,5.4,292,0.0
2021/10/08,1004.3,1005.8,1002.7,77,58,0.6,313,4.6,312,0.0
2021/10/09,1004.6,1005.8,1002.8,74,52,0.7,277,4.8,283,0.0
2021/10/10,1002.8,1005.3,999.6,62,39,2.1,44,13.6,42,0.0
2021/10/11,998.1,1003.5,994.3,83,70,6.1,39,17.1,40,1.0
2021/10/12,995.2,999.7,990.4,77,45,2.8,49,17.1,41,0.0
2021/10/13,1003.8,1006.2,999.5,87,76,0.3,51,2.5,38,1.0
2021/10/14,1005.8,1007.6,1004.2,88,74,0.4,348,3.9,1,1.0
2021/10/15,1005.4,1006.8,1003.7,77,52,0.4,283,4.2,278,0.0
2021/10/16,1009.6,1015.8,1006.3,78,48,2.2,40,14.8,39,1.0
2021/10/17,1015.0,1016.8,1013.3,71,56,5.0,41,17.1,40,0.0
2021/10/18,1013.9,1015.4,1012.1,68,53,2.5,41,9.7,37,0.0
2021/10/19,1014.0,1015.7,1011.7,73,55,2.1,30,11.8,49,0.0
2021/10/20,1012.3,1014.4,1010.2,80,62,1.9,6,8.2,11,0.0
2021/10/21,1011.9,1014.0,1009.7,90,82,2.6,35,8.9,21,1.5
2021/10/22,1014.5,1016.4,1012.3,88,77,3.7,40,12.3,45,13.0
2021/10/23,1014.1,1015.7,1012.5,75,71,2.5,44,10.0,45,0.0
2021/10/24,1014.0,1015.9,1012.4,89,80,2.3,38,9.4,39,6.5
2021/10/25,1012.2,1014.1,1010.6,79,70,3.1,41,12.7,43,0.0
2021/10/26,1011.2,1012.9,1009.5,72,58,1.1,35,6.1,42,0.0
2021/10/27,1012.6,1014.3,1011.0,75,56,1.9,42,10.4,26,0.0
2021/10/28,1014.2,1015.8,1012.6,63,49,2.5,41,9.8,39,0.0
2021/10/29,1014.7,1016.4,1013.5,69,54,2.4,45,8.9,35,0.0
2021/10/30,1015.4,1017.2,1013.9,73,60,2.0,46,8.6,40,0.0
2021/11/01,1014.8,1016.1,1012.8,74,61,2.8,39,10.1,10,0.0
2021/11/01,1014.6,1016.0,1013.3,71,59,2.2,38,11.5,38,0.0
2021/11/02,1014.1,1016.5,1012.2,73,65,2.0,33,8.9,29,0.0
2021/11/03,1012.1,1013.7,1010.0,79,63,1.0,41,7.4,40,0.5
2021/11/04,1011.0,1012.7,1009.8,84,65,0.4,1,5.0,335,0.0
2021/11/05,1008.6,1011.0,1006.6,88,72,0.5,306,4.6,273,0.0
2021/11/06,1006.8,1008.2,1005.7,85,68,1.0,337,6.0,36,0.0
2021/11/07,1008.2,1009.6,1006.6,80,54,1.8,36,9.1,35,0.0
2021/11/08,1012.6,1016.6,1008.3,84,66,3.1,32,12.6,40,7.0
2021/11/09,1015.1,1017.6,1013.2,63,52,3.2,40,10.5,3,0.0
2021/11/10,1014.7,1016.8,1013.0,67,52,1.2,45,6.3,35,0.0
2021/11/11,1013.8,1016.1,1011.2,64,38,1.5,27,9.7,39,0.0
2021/11/12,1014.5,1018.3,1013.0,77,62,1.2,34,8.5,46,1.5
2021/11/13,1014.6,1016.2,1012.7,85,67,1.8,37,8.3,40,2.5
2021/11/14,1014.1,1016.4,1011.8,72,58,2.6,37,10.8,34,0.0
2021/11/15,1012.4,1014.9,1010.4,73,54,0.9,41,7.9,31,0.0
2021/11/16,1012.8,1014.7,1011.2,81,60,1.3,32,7.5,41,0.0
2021/11/17,1011.7,1013.5,1009.7,82,59,0.5,2,5.8,10,0.0
2021/11/18,1010.3,1013.6,1008.1,94,88,1.7,33,10.6,12,4.5
2021/11/19,1007.9,1009.7,1006.1,85,67,2.2,34,9.2,46,0.0
2021/11/20,1008.6,1010.6,1006.6,81,61,1.5,28,8.2,40,0.0
2021/11/21,1009.6,1011.0,1008.1,87,69,0.8,359,5.5,45,0.0
2021/11/22,1013.2,1016.7,1008.9,86,76,3.5,34,13.5,37,0.0
2021/11/23,1016.9,1018.6,1015.1,77,70,3.4,37,11.1,41,0.0
2021/11/24,1015.7,1018.1,1013.6,71,60,1.6,39,7.6,22,0.0
2021/11/25,1013.9,1015.6,1012.3,84,74,1.8,34,8.1,32,0.0
2021/11/26,1014.8,1016.5,1012.9,81,69,3.8,41,14.5,35,0.5
2021/11/27,1014.5,1016.5,1012.5,76,62,3.4,41,13.8,39,0.5
2021/11/28,1014.0,1016.0,1012.3,78,61,0.2,51,4.7,37,0.0
2021/11/29,1010.7,1012.7,1008.2,85,59,0.5,287,6.6,348,0.0
2021/11/30,1013.3,1016.8,1010.6,78,61,3.0,31,14.4,40,0.0
2021/12/01,1017.1,1019.2,1014.0,58,50,5.2,43,15.9,46,0.0
2021/12/03,1016.7,1018.4,1014.7,68,55,3.3,36,11.6,38,0.0
2021/12/03,1017.6,1019.0,1015.2,59,41,2.6,33,10.8,44,0.0
2021/12/04,1017.2,1019.3,1015.3,55,40,2.6,42,14.2,32,0.0
2021/12/05,1016.4,1018.3,1014.4,78,47,2.1,25,10.8,33,0.0
2021/12/06,1014.5,1015.8,1012.8,82,61,3.3,38,12.4,44,1.0
2021/12/07,1016.5,1018.0,1014.7,70,57,4.1,41,14.4,36,0.0
2021/12/08,1017.4,1019.3,1015.8,63,43,2.7,41,9.9,38,0.0
2021/12/09,1016.9,1018.6,1015.5,81,66,1.0,26,8.9,41,0.0
2021/12/10,1015.2,1016.5,1012.8,75,51,1.1,41,9.0,36,0.0
2021/12/11,1016.7,1018.3,1015.0,86,73,2.1,19,8.5,39,0.0
2021/12/12,1017.5,1018.9,1015.9,84,77,3.7,32,11.8,42,0.0
2021/12/13,1016.5,1018.8,1014.4,78,64,4.6,34,14.3,43,0.0
2021/12/14,1013.9,1016.3,1011.6,83,58,0.7,24,9.8,1,0.0
2021/12/15,1012.7,1015.0,1010.0,87,64,0.6,346,4.7,324,0.0
2021/12/16,1012.7,1014.0,1010.7,88,71,0.9,15,6.0,314,0.0
2021/12/17,1016.4,1019.8,1013.6,75,59,4.9,34,16.8,35,0.0
2021/12/18,1019.3,1020.7,1017.9,65,55,5.1,38,15.1,36,0.0
2021/12/19,1017.8,1020.0,1015.3,60,44,2.8,38,12.2,35,0.0
2021/12/20,1015.6,1017.2,1013.9,80,65,0.1,8,3.1,320,0.0
2021/12/21,1011.5,1014.1,1008.5,96,86,1.4,28,8.0,45,47.5
2021/12/22,1012.4,1013.7,1010.9,90,78,1.3,40,10.5,36,7.0
2021/12/23,1012.3,1014.1,1010.9,91,84,0.5,18,7.2,35,1.0
2021/12/24,1013.2,1015.7,1011.2,93,69,1.1,22,10.7,32,2.0
2021/12/25,1018.2,1021.0,1014.6,80,68,5.8,37,15.9,40,0.0
2021/12/26,1022.1,1023.8,1019.9,80,71,6.4,34,16.2,49,0.0
2021/12/27,1022.9,1024.8,1021.7,86,80,4.0,36,11.7,39,1.5
2021/12/28,--,1022.7,1017.9,--,68,--,--,9.0,38,0.0
2021/12/29,--,1021.4,1018.0,--,73,--,--,8.1,14,0.0
2021/12/30,--,1022.9,1019.6,--,57,--,--,9.8,46,0.0
2021/12/31,--,1022.5,1019.0,--,58,--,--,9.9,33,0.0
2022/01/01,,1023.4,1018.5,,62,,,8.3,36,0.0
2022/01/02,,1020.9,1016.6,,62,,,10.4,45,0.0
2022/01/03,,1019.7,1015.4,,62,,,7.8,43,0.0
2022/01/04,,1017.8,1013.1,,61,,,7.0,36,0.0
2022/01/05,,1015.8,1012.6,,79,,,5.5,10,0.0
2022/01/06,,1018.9,1014.3,,66,,,13.5,37,5.0
2022/01/07,,1020.3,1016.4,,66,,,10.1,39,0.5
2022/01/08,,1018.0,1014.2,,60,,,10.0,40,0.0
2022/01/09,,1015.3,1011.6,,66,,,8.6,351,0.0
2022/01/10,,1014.4,1010.1,,69,,,9.7,36,0.0
2022/01/11,,1018.9,1013.1,,60,,,12.2,40,2.0
2022/01/12,,1018.7,1015.3,,61,,,10.7,43,0.0
2022/01/13,,1020.5,1017.0,,60,,,10.7,41,0.0
2022/01/14,,1019.6,1013.3,,48,,,9.3,39,0.0
2022/01/15,,1019.6,1015.1,,67,,,9.7,35,0.0
2022/01/16,,1018.8,1014.1,,65,,,9.2,9,0.0
2022/01/17,,1018.3,1015.3,,84,,,11.3,40,4.5
2022/01/18,,1017.9,1013.1,,69,,,10.3,41,0.0
2022/01/19,,1015.6,1011.8,,63,,,9.9,40,0.0
2022/01/20,,1014.8,1011.2,,60,,,10.6,38,1.0
2022/01/21,,1016.7,1012.0,,89,,,7.4,38,27.5
2022/01/22,,1014.1,1007.6,,76,,,7.4,328,21.0
2022/01/23,,1010.2,1007.0,,97,,,5.0,4,0.5
2022/01/24,,1013.4,1009.6,,81,,,8.0,40,0.5
2022/01/25,,1015.0,1010.5,,68,,,10.1,42,0.0
2022/01/26,,1015.3,1011.6,,74,,,8.1,359,0.0
2022/01/27,,1015.0,1011.3,,71,,,10.1,45,0.0
2022/01/28,,1014.5,1010.1,,80,,,10.1,37,0.0
2022/01/29,,1012.5,1007.7,,82,,,9.4,45,5.0
2022/01/30,,1017.9,1009.5,,75,,,12.5,39,1.5
2022/01/31,,1016.8,1013.0,,51,,,10.5,38,0.0
2022/02/01,1015.4,1017.1,1014.4,91,78,1.3,38,7.7,43,16.0
2022/02/02,1015.6,1017.1,1014.0,94,88,3.1,38,8.6,13,0.0
2022/02/03,1014.3,1015.7,1012.8,95,92,2.8,33,9.2,31,11.5
2022/02/04,1017.0,1018.9,1014.8,89,82,4.1,29,12.5,42,0.0
2022/02/05,1019.5,1021.0,1018.2,78,71,3.6,41,11.5,40,0.0
2022/02/06,1018.6,1021.8,1016.1,77,61,2.7,37,11.2,35,0.0
2022/02/07,1014.0,1017.3,1008.9,89,69,0.6,172,12.7,338,11.0
2022/02/08,1015.9,1018.4,1014.7,85,77,3.4,33,10.6,2,0.0
2022/02/09,1015.3,1018.0,1013.5,92,86,1.2,43,7.3,354,12.5
2022/02/10,1014.5,1013.1,1012.2,93,89,2.2,35,6.8,45,0.0
2022/02/11,1013.1,1015.2,1011.4,93,78,1.4,1,7.8,5,0.0
2022/02/12,1012.0,1014.4,1010.6,93,86,2.4,34,7.4,44,0.0
2022/02/13,1010.2,1013.3,1008.3,90,80,2.5,30,11.3,42,11.5
2022/02/14,1013.2,1016.7,1011.7,88,76,3.3,42,11.6,37,23.5
2022/02/15,1012.9,1014.6,1011.3,78,64,2.4,37,10.5,7,0.0
2022/02/16,1012.0,1014.3,1009.6,79,65,2.8,32,9.3,44,0.0
2022/02/17,1011.1,1013.5,1007.6,87,81,2.8,28,10.0,40,0.0
2022/02/18,1012.0,1013.4,1009.9,92,82,3.0,36,9.4,35,2.5
2022/02/19,1013.2,1016.7,1010.6,95,91,4.2,35,13.0,43,17.0
2022/02/20,1017.4,1019.5,1015.4,90,86,6.4,33,16.6,32,13.5
2022/02/21,1016.8,1018.4,1014.7,91,83,2.7,38,11.5,13,11.0
2022/02/22,1016.1,1017.8,1014.0,92,88,3.7,42,11.2,44,16.0
2022/02/23,1019.0,1021.5,1015.7,91,85,4.7,36,11.6,49,29.0
2022/02/24,1020.3,1021.9,1018.7,77,68,4.6,39,12.7,46,0.0
2022/02/25,1018.8,1021.4,1016.7,82,68,2.1,27,8.3,41,0.0
2022/02/26,1017.0,1019.7,1014.9,91,81,1.3,1,8.1,10,0.0
2022/02/27,1015.2,1017.5,1012.8,74,48,1.2,49,7.2,44,0.0
2022/02/28,1014.1,1017.3,1012.1,83,57,0.4,13,3.6,349,0.0
2022/03/01,1012.7,1015.0,1010.8,77,56,0.7,14,5.3,281,0.0
2022/03/02,1013.2,1015.5,1011.0,81,63,1.9,45,9.5,45,0.0
2022/03/03,1012.1,1014.8,1010.0,87,61,0.6,345,5.2,314,0.0
2022/03/04,1010.0,1012.6,1008.2,89,70,0.6,339,4.8,6,0.0
2022/03/05,1009.6,1011.2,1007.8,81,66,1.7,36,9.6,7,0.0
2022/03/06,1010.6,1012.6,1008.2,70,54,1.4,43,7.5,11,0.0
2022/03/07,1013.3,1016.8,1009.1,92,80,3.0,42,9.2,40,14.5
2022/03/09,1012.6,1015.0,1010.5,65,42,3.4,360,12.5,360,0.0
2022/03/09,1012.7,1015.2,1010.5,80,52,1.0,2,7.8,46,0.0
2022/03/10,1011.8,1014.1,1010.3,85,45,0.6,154,6.6,303,0.0
2022/03/11,1010.3,1013.0,1008.8,77,47,0.9,17,5.6,3,0.0
2022/03/12,1009.2,1010.9,1007.7,88,77,0.5,265,4.2,279,0.0
2022/03/13,1008.8,1011.2,1006.6,78,47,0.6,1,5.1,313,0.0
2022/03/14,1008.0,1010.3,1006.4,74,50,0.5,337,3.7,26,0.0
2022/03/15,1006.9,1008.2,1005.6,85,59,1.4,44,11.5,14,0.0
2022/03/16,1007.2,1008.8,1005.8,90,76,0.6,50,4.4,300,0.0
2022/03/17,1005.0,1007.6,1002.8,87,60,0.5,7,5.2,270,6.0
2022/03/18,1004.7,1007.0,1002.5,82,63,1.3,18,7.8,14,0.0
2022/03/19,1006.6,1008.3,1005.0,82,58,1.0,21,7.5,13,0.0
2022/03/20,1009.4,1011.0,1007.7,89,72,0.9,2,7.0,111,0.0
2022/03/21,1009.7,1012.1,1007.2,94,87,0.9,13,6.0,5,18.5
2022/03/22,1010.7,1012.7,1008.5,92,85,2.2,11,8.0,14,4.5
2022/03/23,1011.5,1013.6,1008.5,94,92,2.9,38,8.9,44,31.5
2022/03/24,1011.2,1013.0,1009.7,90,80,0.7,31,5.9,28,4.0
2022/03/26,1007.0,1009.8,1004.7,91,70,0.4,21,4.9,213,0.5
2022/03/26,1006.5,1010.5,1004.1,81,61,1.2,133,12.0,13,28.0
2022/03/27,1010.9,1012.8,1007.2,93,85,2.5,26,9.1,20,54.5
2022/03/28,1014.1,1016.2,1011.7,94,88,2.6,30,9.4,33,45.0
2022/03/30,1012.6,1015.8,1010.2,94,88,1.8,30,9.4,33,3.0
2022/03/30,1012.2,1015.1,1009.4,90,66,1.2,24,7.3,38,0.0
2022/03/31,1013.5,1017.0,1010.7,90,81,3.0,14,13.3,45,0.0
2022/04/01,1017.4,1019.9,1015.4,75,68,4.9,33,14.7,23,0.5
2022/04/02,1017.9,1019.5,1016.2,91,78,4.2,33,12.3,34,29.0
2022/04/03,1017.5,1019.2,1016.0,76,67,4.3,36,12.9,35,1.0
2022/04/04,1016.6,1018.0,1015.3,70,54,3.0,35,9.7,34,0.0
2022/04/05,1015.1,1018.0,1012.3,88,71,1.4,14,9.1,359,0.0
2022/04/06,1012.4,1014.9,1010.1,79,60,1.5,17,8.3,44,0.0
2022/04/07,1011.3,1013.3,1009.8,70,53,2.9,34,12.3,36,0.0
2022/04/08,1009.0,1010.8,1006.8,62,45,1.2,49,6.8,39,0.0
2022/04/09,1008.4,1010.0,1006.5,78,57,0.9,8,6.1,358,0.0
2022/04/10,1007.9,1009.8,1006.3,83,55,0.8,339,5.4,327,0.0
2022/04/11,1006.6,1008.7,1005.0,88,73,0.7,1,4.8,4,0.0
2022/04/12,1004.8,1006.8,1003.1,85,67,0.7,338,5.3,267,0.0
2022/04/13,1002.8,1004.5,1000.8,78,55,0.6,125,4.7,322,0.0
2022/04/14,1004.7,1008.3,1001.9,81,67,2.3,43,11.5,39,22.0
2022/04/15,1009.1,1011.6,1007.3,81,73,4.6,38,13.3,41,0.0
2022/04/16,1010.1,1012.7,1008.7,66,57,3.2,45,11.3,43,0.0
2022/04/17,1012.4,1013.8,1010.9,80,66,1.6,21,7.0,7,4.0
2022/04/18,1012.6,1014.8,1011.1,83,76,1.4,36,7.3,41,0.0
2022/04/19,1013.6,1014.8,1012.4,92,79,1.5,360,8.0,36,13.5
2022/04/20,1010.7,1013.3,1008.9,88,75,0.5,360,4.2,360,5.5
2022/04/21,1009.4,1011.3,1007.4,84,60,0.4,22,4.2,1,0.0
2022/04/22,1008.5,1010.4,1006.6,79,60,0.6,324,4.2,274,0.0
2022/04/23,1006.3,1008.3,1004.3,85,55,0.6,47,7.6,258,2.0
2022/04/24,1005.6,1006.7,1003.7,85,72,0.9,4,8.2,275,0.0
2022/04/25,1005.1,1006.5,1003.5,86,77,0.9,299,7.3,269,0.0
2022/04/26,1003.8,1005.6,1001.9,83,60,1.4,256,11.0,289,0.0
2022/04/27,1006.4,1008.5,1004.2,85,71,1.2,5,7.1,275,0.0
2022/04/28,1007.6,1008.8,1006.4,88,76,1.3,23,6.0,26,0.0
2022/04/29,1007.6,1010.4,1004.4,84,76,2.1,1,10.2,44,0.0
2022/04/30,1009.7,1011.6,1007.9,82,71,2.1,43,7.0,46,0.0
2022/05/01,1010.2,1012.0,1008.6,87,77,3.7,33,10.4,46,13.0
2022/05/02,1010.8,1012.4,1009.4,93,88,2.7,1,9.4,12,18.0
2022/05/03,1010.0,1011.6,1009.0,77,67,2.1,360,8.3,1,0.0
2022/05/04,1008.2,1010.4,1006.4,78,59,0.9,12,5.8,339,0.0
2022/05/05,1007.4,1008.7,1006.3,90,85,1.8,14,7.8,13,0.0
2022/05/06,1007.7,1009.2,1006.3,85,71,1.9,13,8.9,14,0.0
2022/05/07,1008.8,1010.6,1007.4,82,66,2.5,33,8.2,48,0.0
2022/05/08,1009.0,1010.3,1007.7,87,75,1.9,17,10.0,46,0.0
2022/05/09,1008.4,1010.0,1006.6,91,81,1.1,11,6.9,14,0.0
2022/05/10,1006.3,1008.0,1004.8,87,67,0.7,11,4.8,2,0.0
2022/05/11,1005.6,1007.5,1004.0,92,65,0.8,358,4.6,288,23.0
2022/05/12,1004.1,1005.6,1002.7,93,74,0.7,12,4.5,354,4.5
2022/05/13,1002.3,1005.1,1000.1,81,52,1.1,56,7.5,179,7.0
2022/05/14,1006.3,1008.6,1003.8,96,93,1.7,16,7.2,12,52.5
2022/05/15,1008.1,1009.8,1006.7,94,88,3.3,17,9.6,43,22.5
2022/05/16,1008.3,1009.9,1006.8,96,95,3.3,37,10.0,40,55.5
2022/05/17,1009.4,1011.2,1007.6,80,59,1.9,36,8.5,46,3.5
2022/05/18,1009.0,1010.8,1007.3,82,64,2.0,35,11.3,35,0.0
2022/05/19,1006.5,1008.4,1003.9,87,70,1.6,36,7.9,39,0.0
2022/05/20,1004.1,1006.2,1002.1,87,70,2.2,35,8.6,10,0.0
2022/05/21,1004.1,1005.4,1002.2,86,73,2.0,32,7.9,40,0.0
2022/05/22,1004.0,1005.4,1002.6,89,79,0.9,37,5.1,49,0.0
2022/05/23,1005.1,1006.9,1003.0,93,86,0.9,18,6.5,13,0.0
2022/05/24,1006.9,1009.0,1005.7,94,86,1.1,25,6.6,40,76.0
2022/05/25,1004.6,1007.1,1002.5,97,93,0.5,32,4.6,321,80.5
2022/05/26,1001.4,1003.8,1000.0,98,95,0.6,282,6.4,339,82.0
2022/05/27,1001.8,1004.2,999.9,97,87,0.7,11,5.4,14,66.5
2022/05/28,1002.4,1004.0,1001.2,85,68,1.4,278,9.6,289,3.5
2022/05/29,1002.0,1003.1,1001.1,78,58,1.0,213,8.8,276,0.0
2022/05/30,1002.2,1004.4,1000.4,80,66,1.1,273,9.8,284,0.0
2022/05/31,1004.1,1005.7,1002.5,92,79,0.6,317,5.9,281,13.5
2022/06/01,1002.8,1004.6,1000.2,83,69,1.3,269,9.6,286,0.0
2022/06/02,1001.8,1003.6,1000.5,77,60,1.1,260,8.7,301,0.0
2022/06/03,1002.5,1003.9,1001.3,77,61,1.3,273,9.5,280,0.0
2022/06/04,1002.6,1004.1,1001.1,72,62,0.8,262,9.1,262,0.0
2022/06/05,999.7,1002.2,997.7,66,52,1.1,215,8.9,224,0.0
2022/06/06,999.2,1002.2,996.7,77,62,1.3,211,8.8,231,46.5
2022/06/07,1002.4,1004.5,999.8,97,94,0.5,4,3.8,44,84.5
2022/06/08,1004.1,1005.6,1003.1,98,96,0.6,16,6.5,49,80.0
2022/06/09,1004.0,1005.4,1002.5,95,81,0.5,1,4.0,339,19.5
2022/06/10,1002.1,1003.6,1000.5,83,63,0.6,258,6.3,272,2.5
2022/06/11,1003.7,1006.0,1001.4,81,61,1.1,3,7.9,360,15.0
2022/06/12,1004.2,1005.8,1003.1,91,78,0.8,269,7.5,173,25.5
2022/06/13,1001.5,1003.2,1000.7,72,58,0.9,245,9.1,186,0.0
2022/06/14,1002.9,1005.9,1000.7,71,53,1.2,243,9.6,290,0.0
2022/06/15,1005.4,1007.1,1002.7,90,72,0.3,44,5.8,278,8.5
2022/06/16,1005.6,1008.4,1004.3,88,78,0.5,145,10.5,282,10.0
2022/06/17,1004.2,1005.0,1003.4,81,69,0.8,247,7.0,292,0.0
2022/06/18,1003.5,1004.7,1002.3,78,58,0.8,183,8.8,271,0.0
2022/06/19,1003.2,1004.0,1002.2,75,59,1.0,231,9.6,284,0.0
2022/06/20,1001.5,1002.9,1000.1,75,56,1.0,234,9.5,267,0.0
2022/06/21,1002.8,1005.0,1000.1,75,60,0.8,268,8.3,260,0.0
2022/06/22,1006.0,1007.8,1003.7,77,61,1.0,277,8.7,281,0.0
2022/06/23,1006.3,1007.9,1004.3,78,62,0.9,168,7.4,286,0.0
2022/06/24,1004.7,1005.9,1003.5,81,57,0.8,264,7.8,269,0.0
2022/06/25,1004.5,1006.3,1002.4,83,64,0.7,2,6.9,59,18.0
2022/06/26,1006.3,1007.7,1004.8,79,66,0.7,115,5.5,82,0.0
2022/06/27,1004.8,1006.6,1003.0,77,58,0.6,1,4.6,108,0.0
2022/06/28,1001.8,1003.5,1000.1,82,72,0.8,4,5.7,275,0.0
2022/06/29,1000.8,1003.0,999.0,87,67,0.8,41,6.5,174,19.5
2022/06/30,1000.3,1002.0,998.5,82,66,0.6,131,5.0,117,0.5
