date,Zhushan_StnPres,Zhushan_StnPresMax,Zhushan_StnPresMin,Zhushan_RH,Zhushan_RHMin,Zhushan_WS,Zhushan_WD,Zhushan_WSGust,Zhushan_WDGust,Zhushan_Precp
2018/01/01,1000.4,1002.7,997.4,77,49,1.0,69,6.1,312,0.0
2018/01/02,999.8,1001.8,997.4,81,47,0.8,166,5.9,354,0.0
2018/01/03,999.8,1002.5,997.0,85,50,0.8,8,5.7,313,0.0
2018/01/04,998.5,1000.9,996.2,93,76,0.8,29,5.0,149,3.5
2018/01/05,996.8,999.2,994.9,94,84,1.3,6,6.1,44,1.0
2018/01/06,996.4,998.0,994.8,98,92,0.8,301,4.4,308,32.5
2018/01/07,995.6,997.4,994.2,98,92,0.7,61,5.0,41,7.0
2018/01/08,995.8,999.6,993.2,96,85,1.4,10,14.6,321,31.5
2018/01/09,1001.5,1004.6,999.0,99,84,1.6,46,9.9,14,38.5
2018/01/10,1004.4,1006.8,1001.8,79,52,1.3,31,7.9,34,2.0
2018/01/11,1005.4,1007.4,1003.1,70,43,1.0,76,6.9,30,0.0
2018/01/12,1006.4,1008.6,1003.6,72,32,1.4,63,8.0,26,0.0
2018/01/13,1005.7,1008.8,1003.0,74,35,0.9,162,6.9,306,0.0
2018/01/14,1002.7,1005.9,999.8,73,25,0.8,38,5.7,245,0.0
2018/01/15,999.2,1002.0,996.4,77,33,0.8,72,4.7,250,0.0
2018/01/16,995.8,998.0,993.3,66,12,0.7,54,4.4,306,0.0
2018/01/17,995.3,996.8,993.8,76,46,0.8,65,4.6,347,0.0
2018/01/18,997.2,999.3,995.4,90,73,0.6,177,3.9,345,0.0
2018/01/19,998.2,999.9,996.5,97,89,1.0,319,5.6,12,2.0
2018/01/20,997.1,999.2,995.5,94,86,0.8,72,4.1,308,0.0
2018/01/21,995.7,997.9,993.6,94,71,1.0,44,6.6,335,0.0
2018/01/22,994.3,996.2,990.8,85,54,1.6,271,7.5,261,2.0
2018/01/23,995.6,997.6,993.3,84,59,0.9,23,5.6,255,0.0
2018/01/24,995.9,997.7,993.3,81,49,0.9,61,4.9,338,0.0
2018/01/25,996.5,998.4,994.5,85,55,1.0,46,5.6,48,0.0
2018/01/26,997.1,999.3,994.9,82,58,1.3,42,6.3,30,0.0
2018/01/27,997.4,999.8,995.8,87,73,0.8,1,4.5,343,0.0
2018/01/28,995.2,996.8,992.9,95,72,1.4,22,6.0,7,1.5
2018/01/29,997.7,1000.6,994.0,96,79,1.6,43,7.4,57,2.5
2018/01/30,999.9,1002.5,997.7,97,91,1.3,11,7.3,87,1.5
2018/01/31,999.3,1000.8,996.8,94,73,1.5,295,7.8,20,0.5
2018/02/01,1000.7,1003.0,998.1,97,88,1.0,344,8.4,335,5.0
2018/02/02,1002.8,1004.7,1001.2,95,82,1.3,6,6.5,243,0.0
2018/02/03,1003.8,1005.3,1002.0,94,87,1.3,7,6.1,35,2.0
2018/02/04,1004.2,1005.8,1002.7,94,88,1.0,29,6.1,351,0.0
2018/02/05,1004.9,1007.1,1002.8,96,87,1.1,37,5.0,81,1.0
2018/02/06,1002.1,1005.2,999.5,84,57,1.2,8,5.5,36,0.0
2018/02/07,1000.4,1002.4,998.3,97,86,0.9,53,5.8,34,5.0
2018/02/08,998.3,999.6,996.1,99,99,0.9,54,4.9,306,5.0
2018/02/09,997.1,999.0,995.1,95,76,1.1,53,6.5,87,2.5
2018/02/10,997.9,1000.1,995.2,95,71,1.0,318,7.9,28,0.5
2018/02/11,1002.1,1005.5,999.8,93,81,1.4,27,7.9,4,3.5
2018/02/12,1005.5,1007.5,1003.3,83,67,0.9,34,4.6,49,0.0
2018/02/13,1004.2,1006.4,1001.5,78,51,0.7,36,6.1,241,0.0
2018/02/14,1000.8,1003.7,997.6,77,32,0.9,78,7.0,302,0.0
2018/02/15,998.0,1000.6,994.3,73,32,1.1,59,8.0,341,0.0
2018/02/16,996.2,997.7,994.0,83,50,1.0,64,6.9,346,0.0
2018/02/17,997.5,999.9,995.4,89,67,1.2,253,6.4,325,0.0
2018/02/18,999.2,1001.5,996.5,78,44,1.1,70,7.4,317,0.0
2018/02/19,997.7,1000.9,994.5,75,30,0.9,252,7.2,325,0.0
2018/02/20,996.0,998.4,993.6,84,54,1.2,316,7.1,290,0.0
2018/02/21,995.5,997.1,993.0,88,62,1.3,15,7.5,310,0.0
2018/02/22,998.1,1001.2,996.4,98,91,1.4,203,6.6,44,24.0
2018/02/23,999.8,1001.8,997.9,93,70,0.9,32,5.2,306,0.5
2018/02/24,1000.4,1003.7,998.4,88,53,1.0,28,5.3,24,0.0
2018/02/25,999.0,1000.6,997.1,89,61,1.2,61,7.4,259,0.0
2018/02/26,999.2,1000.9,997.3,86,56,1.1,263,5.5,297,0.0
2018/02/27,998.7,1001.4,996.5,90,65,1.0,28,5.2,310,0.0
2018/02/28,995.4,997.4,993.9,92,65,0.9,29,5.4,28,0.5
2018/03/01,993.9,995.8,991.8,80,37,0.9,300,6.3,252,0.0
2018/03/02,993.9,996.1,991.6,82,47,0.9,37,7.7,262,0.0
2018/03/03,993.2,994.9,991.3,85,63,0.9,268,6.0,351,0.0
2018/03/04,994.1,995.7,992.7,92,68,0.8,110,8.3,298,0.0
2018/03/05,994.8,996.7,993.2,86,58,1.3,13,8.1,339,0.0
2018/03/06,998.3,1000.2,995.8,89,73,0.9,27,4.3,61,0.0
2018/03/07,997.7,999.9,994.6,89,62,1.2,268,7.5,32,0.0
2018/03/08,998.5,1001.8,995.8,99,98,1.7,17,8.0,360,8.0
2018/03/09,1001.0,1003.0,999.5,85,63,1.1,67,6.4,9,0.0
2018/03/10,1002.1,1003.7,1000.1,75,41,1.0,41,6.3,249,0.0
2018/03/11,1002.4,1004.3,1000.8,76,39,1.0,80,6.4,289,0.0
2018/03/12,1000.4,1002.5,997.9,79,33,1.0,291,7.0,353,0.0
2018/03/13,998.8,1000.8,996.7,72,31,1.3,57,6.4,302,0.0
2018/03/14,997.1,999.0,995.4,74,46,0.9,62,7.1,234,0.0
2018/03/15,995.7,997.9,993.5,85,45,1.0,283,7.1,336,33.5
2018/03/16,996.2,998.6,993.3,88,59,1.3,59,7.3,286,0.0
2018/03/17,998.7,1000.5,996.4,89,59,1.2,5,6.8,239,0.0
2018/03/18,997.6,999.3,995.8,90,55,0.9,273,6.8,342,0.0
2018/03/19,994.0,996.8,990.7,82,58,0.9,274,5.8,252,3.5
2018/03/20,993.1,996.2,991.3,99,93,1.2,43,9.9,62,2.0
2018/03/21,996.6,998.6,995.1,84,62,1.5,28,7.5,31,0.0
2018/03/22,997.0,998.9,995.2,79,48,1.1,46,6.4,310,0.0
2018/03/23,999.6,1001.4,998.0,61,16,1.1,168,8.3,341,0.0
2018/03/24,1001.0,1003.4,998.6,61,27,1.1,38,7.6,333,0.0
2018/03/25,1000.9,1003.0,999.2,73,31,1.1,262,7.0,334,0.0
2018/03/26,999.2,1001.7,996.5,77,43,1.2,2,9.2,39,0.0
2018/03/27,997.0,999.0,994.6,82,49,1.2,54,8.2,26,0.0
2018/03/28,995.5,997.4,993.3,79,46,1.1,296,6.7,308,0.0
2018/03/29,995.3,997.1,993.6,82,54,1.0,55,7.1,310,0.0
2018/03/30,995.4,997.6,993.6,75,42,1.0,63,7.3,334,0.0
2018/03/31,994.7,997.0,992.3,81,54,1.1,33,7.2,264,0.0
2018/04/01,994.6,996.7,992.9,81,49,1.0,184,8.0,243,0.0
2018/04/02,995.1,996.7,993.5,81,47,0.9,289,7.1,337,0.0
2018/04/03,995.9,997.7,994.3,82,55,0.9,156,5.6,310,0.0
2018/04/04,994.9,997.0,993.0,80,52,1.0,316,6.9,10,0.0
2018/04/05,993.9,995.5,992.0,79,49,0.8,296,5.7,215,0.0
2018/04/06,995.6,1000.1,992.7,81,50,1.5,32,8.3,360,0.0
2018/04/07,1001.9,1003.7,999.6,73,61,1.0,23,5.8,22,0.0
2018/04/08,1001.1,1002.7,999.8,70,40,1.1,57,7.5,267,0.0
2018/04/09,999.8,1002.0,997.3,72,35,1.0,47,7.6,307,0.0
2018/04/10,997.1,999.3,994.5,70,36,1.0,27,7.8,328,0.0
2018/04/11,994.3,996.7,991.7,83,48,0.9,158,6.4,342,0.0
2018/04/12,993.8,995.5,992.1,87,63,1.1,16,8.6,267,0.0
2018/04/13,994.7,996.7,992.6,88,60,1.0,289,7.1,323,0.0
2018/04/14,993.4,995.7,991.3,83,53,1.0,64,8.5,259,0.0
2018/04/15,993.7,997.0,992.1,88,63,1.3,8,7.2,261,12.5
2018/04/16,996.0,998.1,994.2,89,67,1.2,296,5.1,49,7.0
2018/04/17,997.6,1000.1,995.5,93,73,1.3,25,5.8,46,15.0
2018/04/18,996.5,998.6,994.9,86,59,1.2,73,6.1,336,0.0
2018/04/19,996.1,997.7,995.1,85,60,1.0,81,5.3,153,0.0
2018/04/20,996.1,997.4,994.2,80,42,0.9,272,6.0,345,0.0
2018/04/21,995.3,996.8,993.6,82,50,1.0,328,6.4,286,0.0
2018/04/22,993.6,995.7,991.7,82,51,0.9,279,5.8,279,0.0
2018/04/23,991.4,993.0,988.9,87,49,1.1,24,11.9,161,5.5
2018/04/24,991.4,992.9,989.7,91,66,0.7,26,7.9,303,0.0
2018/04/25,993.0,994.6,991.4,85,67,0.9,57,5.4,315,0.0
2018/04/26,994.6,997.1,992.4,84,56,0.8,244,6.4,268,0.0
2018/04/27,996.6,998.1,994.8,85,50,1.0,156,7.1,360,0.0
2018/04/28,996.4,998.1,994.0,86,58,0.7,249,5.9,172,0.0
2018/04/29,995.2,997.1,993.2,88,62,0.8,36,5.8,314,0.0
2018/04/30,995.4,997.4,993.9,86,59,0.8,270,5.4,339,0.0
2018/05/01,994.9,997.4,993.5,85,56,1.0,44,7.9,327,0.0
2018/05/02,994.5,996.7,992.9,82,50,1.0,305,7.3,346,0.0
2018/05/03,996.0,997.7,994.5,78,52,1.1,302,7.5,335,0.0
2018/05/04,997.5,999.3,995.8,83,61,1.2,22,6.5,349,0.0
2018/05/05,998.0,999.9,996.1,78,56,1.0,317,5.7,305,0.0
2018/05/06,994.3,997.7,991.6,78,45,1.1,61,9.0,311,0.0
2018/05/07,991.2,993.5,988.9,77,48,1.4,55,10.7,243,0.0
2018/05/08,991.3,993.9,988.6,88,50,1.3,360,7.9,323,39.0
2018/05/09,995.4,998.0,992.3,99,70,1.3,59,6.3,166,28.5
2018/05/10,996.6,998.6,994.8,88,57,1.0,68,6.4,333,14.0
2018/05/11,995.4,997.7,993.3,83,53,1.1,291,6.7,315,0.0
2018/05/12,993.8,995.8,991.7,89,57,0.8,229,4.9,264,0.0
2018/05/13,993.3,994.8,991.8,85,54,0.9,272,5.9,255,0.0
2018/05/14,993.0,995.1,990.8,82,57,0.9,42,5.5,248,0.0
2018/05/15,992.4,994.0,991.1,84,51,0.9,43,6.7,317,0.0
2018/05/16,991.4,993.5,989.8,88,56,1.0,1,6.5,322,5.5
2018/05/17,990.7,992.9,989.2,84,49,1.2,55,7.0,324,0.0
2018/05/18,990.1,992.1,988.8,82,53,1.0,251,7.5,223,0.0
2018/05/19,990.5,992.4,988.6,79,49,1.1,275,7.3,247,0.0
2018/05/20,991.3,993.0,988.6,83,53,1.2,62,8.3,297,0.0
2018/05/21,992.1,994.0,989.9,82,55,1.1,5,6.7,340,0.0
2018/05/22,992.5,994.8,990.5,78,42,1.1,64,6.4,300,0.0
2018/05/23,992.1,993.9,990.1,82,31,1.1,289,8.7,336,0.0
2018/05/24,992.0,993.9,990.5,78,54,1.0,55,6.6,282,0.0
2018/05/25,990.7,993.2,988.3,81,42,1.0,63,7.8,256,0.0
2018/05/26,990.8,992.9,989.4,79,34,1.1,62,8.1,257,0.0
2018/05/27,991.5,993.0,989.1,76,32,1.2,306,8.6,259,0.0
2018/05/28,991.2,992.7,989.7,77,47,1.2,41,7.9,249,0.0
2018/05/29,992.5,994.6,990.4,89,51,1.0,67,9.8,256,12.0
2018/05/30,992.8,994.5,990.8,91,56,1.1,60,14.2,130,49.0
2018/05/31,992.4,994.0,990.7,84,52,0.9,288,8.0,349,0.0
2018/06/01,991.9,993.6,989.9,85,54,1.4,10,6.9,300,0.0
2018/06/02,991.9,993.3,989.8,80,45,1.1,301,7.0,341,0.0
2018/06/03,990.6,992.4,988.2,75,46,1.1,275,7.7,306,0.0
2018/06/04,990.9,992.4,988.5,78,49,1.1,298,7.5,172,0.0
2018/06/05,991.4,993.3,989.2,84,46,1.2,308,8.1,266,28.5
2018/06/06,990.6,992.0,988.6,88,46,1.1,149,7.6,86,7.5
2018/06/07,988.9,990.4,986.6,88,55,1.1,36,6.5,343,2.5
2018/06/08,985.2,988.3,983.2,88,49,0.9,4,6.3,293,2.5
2018/06/09,982.4,983.9,979.8,83,49,1.1,57,6.6,232,1.0
2018/06/10,982.0,983.2,980.3,90,57,1.2,285,10.2,246,64.5
2018/06/11,982.8,986.0,980.7,92,68,0.8,49,6.0,232,35.5
2018/06/12,984.8,986.6,983.2,84,58,1.0,176,6.9,310,0.0
2018/06/13,981.4,984.5,979.1,74,38,1.1,19,6.4,67,0.0
2018/06/14,978.2,980.1,976.2,92,50,1.1,47,7.8,242,3.0
2018/06/15,979.6,984.5,976.8,88,55,1.5,38,7.3,258,1.0
2018/06/16,985.2,987.3,983.4,86,51,0.9,32,7.3,234,18.5
2018/06/17,986.1,987.2,985.0,92,45,1.2,53,10.2,230,3.5
2018/06/18,986.0,987.3,984.4,99,81,0.8,40,4.9,55,13.0
2018/06/19,988.3,990.7,985.4,99,89,0.8,300,10.2,261,69.0
2018/06/20,989.4,991.3,987.7,99,82,0.7,93,4.3,61,35.5
2018/06/21,989.7,991.0,988.3,87,35,1.3,45,9.8,250,2.5
2018/06/22,990.3,992.0,988.6,X,24,1.1,242,13.7,226,0.5
2018/06/23,990.9,992.3,989.7,X,28,0.9,185,10.0,242,6.5
2018/06/24,992.4,994.2,991.3,X,32,0.9,16,6.9,237,9.5
2018/06/25,993.3,994.6,991.7,X,18,0.9,278,13.1,254,3.5
2018/06/26,993.6,994.6,992.4,X,16,0.9,300,7.4,334,0.0
2018/06/27,992.2,993.6,989.8,X,26,1.1,31,13.3,236,13.5
2018/06/28,989.5,992.0,987.6,X,14,1.0,55,8.5,255,0.0
2018/06/29,986.6,988.3,984.2,X,20,1.0,32,7.0,229,3.0
2018/06/30,987.0,988.5,985.4,X,25,0.9,63,7.8,177,21.0
2018/07/01,986.9,988.0,985.3,X,23,0.8,23,12.8,155,100.0
2018/07/02,986.7,988.0,985.4,X,53,1.0,61,8.2,177,104.0
2018/07/03,986.4,987.6,984.8,X,26,0.8,2,8.0,255,17.5
2018/07/04,986.1,987.9,984.7,X,50,0.7,48,6.2,333,16.5
2018/07/05,986.1,987.7,984.8,X,22,0.8,24,7.9,218,0.0
2018/07/06,986.1,987.7,984.7,X,7,1.0,232,9.2,250,0.0
2018/07/07,987.1,989.2,985.0,X,13,1.1,37,8.8,118,37.0
2018/07/08,988.5,990.2,987.5,X,2,0.8,19,9.9,171,11.0
2018/07/09,988.6,991.0,986.6,X,5,1.0,11,6.5,343,0.0
2018/07/10,985.2,988.3,981.7,X,6,1.1,4,8.5,325,3.5
2018/07/11,983.2,988.2,983.1,83,56,1.3,241,7.6,231,22.0
2018/07/12,988.2,989.7,987.0,84,61,1.2,56,5.8,18,0.0
2018/07/13,988.8,989.8,987.5,87,58,0.9,58,8.7,350,1.5
2018/07/14,988.1,988.9,986.4,81,53,0.9,70,8.1,59,0.5
2018/07/15,987.7,989.2,986.3,84,56,0.8,20,7.3,75,0.0
2018/07/16,985.5,987.2,983.9,82,55,0.9,7,5.0,306,0.0
2018/07/17,984.4,985.7,982.8,75,47,1.1,299,7.8,308,0.0
2018/07/18,986.2,987.9,984.4,85,46,1.0,18,6.9,340,25.5
2018/07/19,987.5,988.6,986.0,80,53,1.1,258,7.5,35,0.0
2018/07/20,985.6,987.6,983.6,87,58,1.0,58,7.7,294,2.0
2018/07/21,982.8,985.0,980.7,90,56,0.7,23,10.5,323,8.0
2018/07/22,983.6,986.3,981.7,90,62,0.9,14,7.4,219,8.0
2018/07/23,986.3,988.8,984.2,85,65,0.9,268,7.6,253,0.0
2018/07/24,988.9,990.4,987.5,91,61,0.8,67,7.6,256,42.5
2018/07/25,989.4,990.7,987.9,89,51,0.9,167,8.0,329,16.5
2018/07/26,989.1,991.0,987.2,87,59,0.7,14,6.8,170,2.5
2018/07/27,989.3,991.6,987.5,92,60,1.0,44,11.9,186,50.5
2018/07/28,988.8,991.0,986.4,82,56,1.0,298,7.5,293,21.5
2018/07/29,987.9,989.9,985.5,83,48,1.0,179,5.7,234,1.5
2018/07/30,987.7,989.1,985.8,78,49,1.0,240,6.5,239,0.0
2018/07/31,987.4,989.4,985.4,79,57,1.0,64,6.8,238,0.0
2018/08/01,986.7,988.6,984.1,77,52,1.3,243,7.2,242,0.0
2018/08/02,986.2,988.2,983.9,81,52,1.0,245,8.6,235,0.5
2018/08/03,986.5,988.0,984.8,88,57,1.0,12,10.0,221,6.0
2018/08/04,987.8,989.8,985.7,84,58,0.8,31,10.3,147,0.5
2018/08/05,988.5,989.7,986.7,88,51,1.1,58,9.0,128,38.0
2018/08/06,987.7,989.5,984.8,85,53,1.0,312,7.6,175,0.0
2018/08/07,986.7,988.0,984.4,83,56,0.9,302,7.0,265,0.0
2018/08/08,987.0,988.6,985.1,83,50,0.9,195,8.9,32,3.0
2018/08/09,987.4,988.8,985.4,86,57,1.0,22,8.5,88,17.0
2018/08/10,986.1,988.3,983.5,78,50,1.1,306,5.4,346,0.0
2018/08/11,983.0,985.8,980.6,78,51,1.0,64,7.2,17,0.0
2018/08/12,979.5,981.4,976.5,79,57,1.1,292,6.4,338,0.0
2018/08/13,981.1,983.1,979.5,88,55,1.0,58,8.9,176,8.0
2018/08/14,982.2,983.9,980.9,91,57,0.7,315,6.1,215,28.5
2018/08/15,984.1,985.5,982.3,91,68,1.0,90,7.0,259,0.0
2018/08/16,983.8,985.4,981.7,82,54,0.9,260,7.1,347,0.0
2018/08/17,982.9,984.8,981.0,82,54,1.0,29,8.9,239,0.0
2018/08/18,984.8,986.4,983.6,91,60,0.9,270,8.5,271,7.0
2018/08/19,986.3,988.0,984.5,91,67,1.0,14,8.4,173,5.5
2018/08/20,985.5,987.0,983.9,92,64,0.8,59,8.0,166,6.5
2018/08/21,983.0,985.0,980.3,88,53,1.0,171,7.1,269,4.0
2018/08/22,980.9,982.9,979.2,93,73,0.9,48,6.6,241,73.0
2018/08/23,977.7,979.7,975.9,96,65,1.1,251,8.8,163,52.0
2018/08/24,980.4,982.9,977.6,99,91,0.8,221,12.5,172,155.0
2018/08/25,980.8,982.6,979.1,95,70,1.0,48,6.0,244,40.5
2018/08/26,982.5,985.0,980.7,97,83,0.9,55,5.1,79,9.0
2018/08/27,986.0,988.5,983.5,93,68,0.9,23,8.4,248,6.0
2018/08/28,988.8,990.4,987.3,99,88,0.6,11,4.2,55,9.0
2018/08/29,989.6,992.0,988.2,98,85,0.7,75,4.5,52,6.0
2018/08/30,992.4,995.4,989.9,91,69,0.7,6,5.5,241,0.0
2018/08/31,994.5,995.7,993.3,87,54,0.7,271,5.3,256,2.0
2018/09/01,992.9,994.9,990.5,85,50,0.9,42,5.6,301,0.0
2018/09/02,990.1,992.6,987.6,84,48,1.0,6,8.2,2,0.0
2018/09/03,988.6,990.4,986.6,79,32,1.0,172,7.2,223,0.0
2018/09/04,987.5,988.9,984.7,82,47,1.1,80,7.7,252,0.0
2018/09/05,987.9,989.5,986.3,92,29,0.9,245,7.2,34,3.5
2018/09/06,988.3,989.5,986.9,94,0,0.7,13,8.7,48,30.0
2018/09/07,989.0,991.0,986.6,89,55,0.8,34,6.9,314,51.0
2018/09/08,990.2,991.4,988.8,92,52,0.9,64,8.4,68,8.5
2018/09/09,990.7,992.7,988.6,87,67,1.1,330,6.0,295,0.0
2018/09/10,990.1,992.1,988.3,87,59,1.0,55,6.0,171,0.0
2018/09/11,990.3,992.6,987.9,91,69,0.7,29,5.0,173,0.0
2018/09/12,991.4,992.7,989.5,99,0,1.0,322,7.4,73,20.5
2018/09/13,991.1,992.7,989.9,X,0,0.8,70,6.0,337,0.0
2018/09/14,988.8,989.1,986.0,81,58,0.9,21,4.8,345,0.0
2018/09/15,982.7,986.1,980.1,90,75,0.9,68,5.2,248,0.5
2018/09/16,988.7,994.0,982.8,90,62,0.9,156,5.4,46,1.0
2018/09/17,994.9,998.1,993.0,88,55,0.9,41,8.8,171,0.0
2018/09/18,996.0,998.1,993.6,87,55,1.1,265,7.2,295,0.0
2018/09/19,994.2,996.0,992.1,89,56,0.9,66,8.7,163,57.0
2018/09/20,993.0,994.3,991.4,87,59,0.7,43,5.7,235,0.0
2018/09/21,994.3,996.5,992.3,82,50,0.9,54,5.0,347,0.0
2018/09/22,996.0,997.6,994.6,80,51,0.9,3,7.1,352,0.0
2018/09/23,994.9,997.0,992.1,87,50,1.0,164,8.6,177,36.5
2018/09/24,990.4,993.9,988.0,85,59,1.0,284,6.3,113,0.0
2018/09/25,988.2,989.7,986.0,80,57,1.1,54,5.3,339,0.0
2018/09/26,988.3,989.8,986.3,85,62,1.1,166,6.7,24,0.0
2018/09/27,988.4,990.1,986.3,83,56,1.1,49,7.0,330,0.0
2018/09/28,987.9,989.2,985.7,87,65,1.0,48,6.2,352,0.0
2018/09/29,987.1,989.8,984.8,72,50,1.7,56,6.6,28,0.0
2018/09/30,990.9,993.8,988.3,73,49,0.8,298,6.9,291,0.0
2018/10/01,994.1,995.7,992.6,76,45,0.8,290,6.2,230,0.0
2018/10/02,995.2,997.3,993.3,74,48,1.2,273,5.6,261,0.0
2018/10/03,994.3,996.5,992.0,74,43,0.9,163,6.2,160,0.0
2018/10/04,991.7,994.3,989.7,81,54,1.4,17,11.6,3,0.0
2018/10/05,991.2,994.2,989.2,76,50,0.9,54,6.0,243,0.0
2018/10/06,994.6,996.1,993.2,77,55,0.7,54,5.9,259,0.0
2018/10/07,995.3,997.3,993.0,81,56,0.9,270,6.5,224,0.0
2018/10/08,994.9,996.8,992.6,83,54,1.0,7,5.1,355,0.0
2018/10/09,994.4,995.7,992.1,86,61,0.8,30,5.9,349,0.0
2018/10/10,994.9,996.5,992.9,90,66,0.8,72,5.6,167,0.0
2018/10/11,996.8,998.7,994.8,85,67,1.2,333,6.0,32,0.0
2018/10/12,998.4,1000.1,997.3,93,76,0.9,297,6.0,10,0.0
2018/10/13,997.9,999.8,995.8,85,51,1.1,31,5.7,334,0.5
2018/10/14,996.4,998.3,994.8,81,27,1.0,45,6.8,232,0.0
2018/10/15,995.4,997.1,993.2,84,46,1.0,241,6.1,309,0.0
2018/10/16,994.1,995.8,991.8,89,58,1.0,8,6.5,258,0.0
2018/10/17,993.3,995.4,991.4,92,66,1.3,253,7.8,331,0.0
2018/10/18,995.2,997.0,993.0,86,38,0.9,76,6.1,341,0.0
2018/10/19,998.4,1000.3,996.2,87,61,1.0,31,5.0,315,2.5
2018/10/20,999.7,1002.3,997.4,85,57,0.7,291,5.7,333,0.0
2018/10/21,998.5,1000.6,996.5,84,57,1.1,61,5.4,342,0.0
2018/10/22,997.3,999.5,994.8,85,47,0.9,292,5.8,306,0.0
2018/10/23,997.8,999.5,996.1,85,42,0.9,50,4.9,355,0.0
2018/10/24,997.8,999.6,996.2,88,63,0.6,46,4.6,350,0.0
2018/10/25,998.1,1000.3,996.5,86,42,0.9,37,6.1,282,0.0
2018/10/26,997.5,999.6,995.1,85,52,1.0,1,5.7,2,0.0
2018/10/27,997.7,999.5,996.1,77,43,1.2,26,8.2,14,0.0
2018/10/28,996.4,998.9,993.9,74,39,1.1,312,5.9,16,0.0
2018/10/29,994.0,995.5,991.7,78,44,1.0,61,4.9,333,0.0
2018/10/30,993.2,994.6,991.6,79,45,0.8,165,4.2,335,0.0
2018/10/31,994.2,995.7,991.7,94,70,1.2,32,7.2,23,1.0
2018/11/01,994.3,995.5,993.3,95,83,1.2,12,6.4,54,0.0
2018/11/02,995.3,997.6,991.8,95,79,0.9,289,5.7,345,0.0
2018/11/03,997.3,999.0,995.7,87,58,0.8,291,5.6,340,0.0
2018/11/04,997.5,999.8,995.4,91,67,0.8,169,4.7,238,0.0
2018/11/05,998.0,999.9,996.4,86,52,0.6,49,5.0,338,0.0
2018/11/06,998.9,1000.6,997.3,89,62,1.0,145,4.9,345,0.0
2018/11/07,999.1,1001.4,997.3,91,63,0.7,294,4.7,242,0.0
2018/11/08,998.4,1000.2,996.7,81,39,0.9,272,6.3,353,0.0
2018/11/09,998.6,1000.5,996.7,85,49,0.8,11,5.8,337,0.0
2018/11/10,999.4,1001.5,997.3,93,74,0.8,13,5.6,244,0.0
2018/11/11,998.5,1000.8,996.1,91,61,0.8,173,7.9,276,0.0
2018/11/12,996.0,999.0,993.9,89,54,0.8,59,6.9,249,0.0
2018/11/13,995.1,996.8,992.4,82,34,0.9,72,6.3,341,0.0
2018/11/14,996.8,998.9,994.6,84,48,0.9,59,5.6,8,0.0
2018/11/15,998.0,999.9,995.8,85,56,0.9,24,5.4,326,0.0
2018/11/16,997.5,999.3,995.5,87,59,0.8,25,7.2,310,0.0
2018/11/17,997.6,999.5,996.4,92,71,1.0,288,4.8,307,0.0
2018/11/18,997.9,999.8,995.5,92,63,0.8,326,5.7,241,0.0
2018/11/19,998.5,1000.5,996.2,91,56,1.6,29,7.2,45,0.0
2018/11/20,998.7,1000.6,996.8,91,72,0.8,70,5.1,342,0.0
2018/11/21,998.0,999.9,995.8,86,45,0.9,313,7.0,282,0.0
2018/11/22,999.5,1001.2,996.7,84,54,1.2,2,5.9,335,0.0
2018/11/23,1000.1,1002.5,998.0,89,60,0.8,40,4.7,305,0.0
2018/11/24,1000.1,1001.5,998.0,79,30,0.7,50,5.3,335,0.0
2018/11/25,999.4,1002.0,997.0,85,41,1.2,36,6.9,26,5.5
2018/11/26,1000.2,1002.1,999.2,98,87,1.7,52,7.4,340,3.5
2018/11/27,999.7,1001.2,998.3,94,75,0.7,16,4.1,337,0.0
2018/11/28,1000.5,1002.5,998.4,99,99,0.9,26,7.3,152,8.5
2018/11/29,1001.8,1003.7,1000.5,92,67,0.8,30,5.0,313,0.0
2018/11/30,1001.7,1003.9,999.5,91,59,0.6,146,6.2,317,0.0
2018/12/01,1000.1,1002.1,997.7,86,51,0.9,3,5.9,332,0.0
2018/12/02,998.4,999.9,996.4,86,45,0.9,58,6.1,336,0.0
2018/12/03,998.7,1001.1,996.5,79,38,0.6,55,4.9,294,0.0
2018/12/04,998.7,1001.2,996.7,83,45,1.2,45,7.4,49,0.0
2018/12/05,997.1,999.3,994.8,84,42,0.8,325,5.0,247,0.0
2018/12/06,997.1,998.7,994.8,87,44,0.7,56,6.0,318,0.0
2018/12/07,999.3,1001.8,997.1,90,64,1.4,31,8.0,46,0.0
2018/12/08,1000.7,1002.1,998.6,88,60,1.2,276,5.3,351,0.0
2018/12/09,1000.3,1002.3,997.4,92,68,1.1,48,5.2,340,0.0
2018/12/10,998.7,1000.9,996.1,98,82,1.1,4,5.6,343,0.0
2018/12/11,998.9,1001.1,996.8,96,79,1.2,21,6.3,51,0.0
2018/12/12,1002.6,1004.7,1000.1,91,77,1.3,27,5.3,2,0.0
2018/12/13,1004.2,1005.8,1002.5,90,67,1.2,7,6.1,35,0.0
2018/12/14,1004.5,1006.4,1002.4,91,74,0.9,4,5.8,306,0.0
2018/12/15,1003.2,1005.2,1001.2,91,71,0.6,249,6.2,331,0.0
2018/12/16,1001.8,1004.3,998.9,87,38,1.1,6,7.1,41,0.0
2018/12/17,1001.8,1004.2,999.8,80,44,1.1,4,5.6,9,0.0
2018/12/18,1002.5,1004.6,1000.1,83,50,0.8,298,5.6,320,0.0
2018/12/19,1001.8,1004.2,999.6,84,50,0.9,132,8.0,234,0.0
2018/12/20,999.0,1001.8,995.7,73,21,0.8,90,5.5,89,0.0
2018/12/21,998.5,1000.3,996.4,88,43,0.7,68,5.8,345,0.0
2018/12/22,998.6,1000.2,996.5,89,49,0.9,65,5.8,231,0.0
2018/12/23,997.7,999.5,995.5,95,71,1.0,13,5.5,269,0.0
2018/12/24,997.1,999.8,995.2,93,67,1.2,297,5.8,27,0.0
2018/12/25,995.4,997.0,993.5,93,58,1.1,7,6.6,301,0.0
2018/12/26,994.4,996.2,992.3,96,75,1.1,21,5.4,13,0.0
2018/12/27,996.6,999.3,993.8,91,67,1.5,28,7.0,49,0.0
2018/12/28,1000.5,1003.1,997.9,82,53,1.3,260,5.7,237,0.0
2018/12/29,1004.5,1006.9,1002.1,83,54,1.3,8,5.8,337,0.0
2018/12/30,1004.4,1006.5,1002.4,86,65,0.9,8,6.4,260,0.0
2018/12/31,1005.5,1007.2,1003.1,94,75,1.4,42,5.8,41,0.0
2019/01/01,1004.9,1007.4,1002.4,93,64,0.8,61,4.7,298,0.0
2019/01/02,1004.7,1006.6,1002.7,98,93,0.8,69,4.1,360,0.0
2019/01/03,1004.9,1007.2,1003.1,98,86,1.0,13,6.4,339,0.0
2019/01/04,1004.1,1006.4,1001.8,94,63,0.7,80,6.8,226,0.0
2019/01/05,1002.1,1003.7,1000.5,89,54,0.8,94,5.7,312,0.0
2019/01/06,1002.0,1003.9,1000.1,95,76,1.1,23,5.3,351,0.0
2019/01/07,1001.9,1003.7,1000.1,93,67,1.0,335,5.9,10,0.0
2019/01/08,1001.8,1003.9,998.9,93,64,1.1,59,7.0,246,0.0
2019/01/09,1002.7,1004.9,1000.6,93,68,0.8,39,5.2,334,0.0
2019/01/10,1001.6,1003.6,999.5,93,68,1.0,58,5.8,233,0.0
2019/01/11,1000.4,1002.1,997.9,91,57,0.8,258,5.6,337,0.0
2019/01/12,999.7,1001.1,998.1,90,67,0.7,25,5.2,304,0.0
2019/01/13,999.7,1001.8,997.6,91,63,1.2,43,6.0,249,0.0
2019/01/14,999.1,1001.1,996.4,89,58,1.1,293,6.8,327,0.0
2019/01/15,999.5,1001.2,997.7,93,54,1.2,14,6.3,222,0.0
2019/01/16,1000.1,1001.8,998.1,99,99,1.1,34,7.0,52,4.5
2019/01/17,1001.8,1003.6,999.0,98,93,1.6,30,7.4,27,0.5
2019/01/18,1002.4,1004.4,1000.2,91,66,0.9,7,5.4,341,0.0
2019/01/19,1001.6,1003.3,1000.1,90,55,1.2,16,5.8,127,0.0
2019/01/20,1000.3,1002.1,998.6,95,78,1.1,312,6.2,33,0.0
2019/01/21,1001.2,1003.0,999.6,99,93,1.5,19,7.3,360,0.5
2019/01/22,1001.6,1003.3,1000.3,96,82,1.3,28,6.2,4,0.0
2019/01/23,1000.7,1002.5,999.2,87,53,1.1,75,5.5,338,0.0
2019/01/24,1001.0,1002.7,999.0,84,42,0.8,276,5.0,296,0.0
2019/01/25,1002.1,1003.6,1000.1,83,36,1.0,151,6.7,329,0.0
2019/01/26,1003.2,1005.0,1001.1,78,44,1.2,8,5.8,24,0.0
2019/01/27,1004.3,1006.9,1002.5,80,53,1.0,15,4.7,280,0.0
2019/01/28,1002.8,1005.0,1001.1,81,38,0.8,3,6.2,341,0.0
2019/01/29,1002.9,1004.6,1000.6,82,39,0.9,299,6.7,244,0.0
2019/01/30,1002.6,1005.5,1000.3,75,40,1.0,11,7.2,49,0.0
2019/01/31,1000.8,1003.1,998.9,71,31,1.1,33,7.9,331,0.0
2019/02/01,1002.6,1005.2,1000.9,86,60,1.3,286,5.0,296,0.0
2019/02/02,1000.6,1002.7,998.1,91,65,0.9,32,4.9,299,0.0
2019/02/03,999.7,1000.9,997.6,88,40,1.0,170,11.0,333,5.5
2019/02/04,1000.0,1002.1,998.1,97,76,0.8,151,4.4,311,0.0
2019/02/05,998.6,1000.8,995.8,96,80,1.0,274,5.6,265,0.0
2019/02/06,996.7,999.8,994.3,88,37,1.1,163,6.6,236,0.0
2019/02/07,997.5,1000.3,994.3,79,26,0.8,262,7.6,249,0.0
2019/02/08,998.3,1000.2,995.4,87,57,1.2,32,6.3,250,0.0
2019/02/09,1000.5,1002.7,998.3,88,61,1.1,346,6.1,323,0.0
2019/02/10,1003.3,1005.6,1001.4,89,60,1.2,19,5.8,334,0.0
2019/02/11,1005.0,1006.4,1003.6,89,62,1.3,277,5.6,337,0.0
2019/02/12,1004.9,1006.5,1002.7,88,53,1.2,30,5.5,325,0.0
2019/02/13,1003.3,1005.5,1000.8,86,50,1.2,147,5.4,290,0.0
2019/02/14,1002.6,1004.7,1000.3,89,45,1.2,50,7.1,308,0.0
2019/02/15,1001.9,1003.9,999.5,87,36,1.0,33,6.9,312,0.0
2019/02/16,1000.4,1002.7,998.4,90,39,1.0,26,7.8,233,0.0
2019/02/17,999.9,1001.7,997.3,92,64,1.2,293,6.5,300,0.0
2019/02/18,997.9,1000.3,994.5,93,49,1.1,268,7.7,307,0.0
2019/02/19,1000.4,1002.7,998.3,91,56,1.0,288,7.6,25,0.0
2019/02/20,1001.9,1003.9,1000.1,94,72,0.9,75,8.3,299,0.0
2019/02/21,1000.1,1002.5,998.0,97,85,1.0,18,8.1,24,0.0
2019/02/22,998.6,1000.6,996.5,94,65,1.2,258,7.8,242,0.0
2019/02/23,998.1,999.5,995.7,93,83,1.2,255,6.8,50,0.0
2019/02/24,997.5,999.0,995.8,99,95,1.1,4,6.3,58,4.5
2019/02/25,998.1,1000.8,995.7,93,61,1.2,25,5.6,303,0.0
2019/02/26,999.0,1001.1,996.8,91,53,1.2,306,6.3,309,0.0
2019/02/27,997.7,1000.1,994.3,91,66,1.0,293,5.4,346,0.0
2019/02/28,997.0,998.9,994.8,91,71,1.0,270,6.5,298,0.0
2019/03/01,998.2,999.8,996.7,93,64,1.2,285,6.5,235,0.0
2019/03/02,995.2,998.0,993.3,95,72,0.9,312,6.5,309,0.0
2019/03/03,993.1,995.8,990.7,95,53,1.0,54,10.7,337,13.0
2019/03/04,996.2,998.0,994.0,90,51,1.3,59,6.5,349,0.0
2019/03/05,995.4,997.6,992.6,94,71,1.2,275,9.9,6,3.0
2019/03/06,996.0,998.6,993.6,92,56,1.7,19,9.6,23,4.0
2019/03/07,997.9,999.6,996.2,99,99,1.1,34,6.4,35,54.5
2019/03/08,998.2,1001.1,995.5,99,84,1.1,20,7.5,56,22.0
2019/03/09,993.9,997.3,990.5,99,95,1.1,24,7.3,304,18.5
2019/03/10,994.6,996.5,992.3,98,61,1.2,293,9.5,327,37.0
2019/03/11,995.4,997.1,993.3,99,99,0.8,317,5.5,294,0.5
2019/03/12,997.5,1000.1,995.7,90,66,0.9,174,6.1,303,0.0
2019/03/13,1000.2,1002.1,998.7,91,69,0.9,48,7.5,335,0.0
2019/03/14,1000.8,1003.3,998.3,91,65,1.2,268,6.6,298,0.0
2019/03/15,1001.2,1003.7,999.2,93,77,1.3,1,7.0,296,0.0
2019/03/16,1000.5,1002.3,998.6,93,76,0.9,241,7.2,214,0.0
2019/03/17,1000.8,1002.8,998.3,88,54,1.1,6,6.3,45,0.0
2019/03/18,998.7,1000.8,996.2,94,64,0.8,11,5.7,292,0.0
2019/03/19,997.0,999.2,994.5,87,55,0.9,297,6.8,343,0.0
2019/03/20,995.6,998.1,993.2,94,72,0.8,35,5.6,340,0.0
2019/03/21,994.2,995.8,991.7,88,46,1.0,50,8.9,251,0.0
2019/03/22,995.6,997.9,993.6,92,65,1.2,298,7.2,292,0.0
2019/03/23,998.9,1000.9,996.8,99,98,1.2,17,6.5,341,0.0
2019/03/24,999.3,1001.4,997.7,99,99,0.7,28,6.0,325,27.5
2019/03/25,998.5,1000.3,996.2,99,93,0.9,8,7.5,43,0.0
2019/03/26,1000.4,1002.3,998.4,92,69,1.1,293,5.9,302,0.0
2019/03/27,999.3,1002.1,996.5,90,57,1.0,72,7.5,328,0.0
2019/03/28,994.5,997.4,991.4,92,65,1.0,259,7.2,269,0.0
2019/03/29,992.8,996.8,990.8,95,57,1.2,23,8.6,309,0.0
2019/03/30,995.4,997.6,993.2,95,72,1.2,270,6.4,140,2.5
2019/03/31,998.5,1001.2,996.7,92,60,1.2,263,8.4,263,0.0
2019/04/01,1000.9,1002.8,999.8,99,99,1.0,290,4.8,60,1.0
2019/04/02,999.7,1002.1,997.6,96,51,0.9,260,5.1,339,0.0
2019/04/03,999.2,1001.7,996.8,94,57,1.7,18,9.9,36,0.0
2019/04/04,997.6,999.3,995.2,96,66,1.2,47,6.8,291,0.0
2019/04/05,995.2,997.3,993.0,97,82,1.0,293,5.2,310,0.0
2019/04/06,995.1,997.0,993.2,93,69,0.8,50,6.4,269,0.0
2019/04/07,994.9,996.4,993.5,91,59,0.8,32,6.1,304,0.0
2019/04/08,994.8,996.5,993.3,89,52,0.7,263,5.5,340,0.0
2019/04/09,993.7,995.7,991.6,89,50,1.0,259,7.5,272,0.0
2019/04/10,993.5,995.2,991.0,89,62,1.1,290,7.5,300,0.0
2019/04/11,993.2,996.7,991.4,X,35,1.3,33,8.6,255,0.0
2019/04/12,995.9,999.3,993.9,X,65,1.2,280,5.7,272,0.0
2019/04/13,996.8,998.7,994.5,X,60,1.3,55,9.1,36,0.0
2019/04/14,995.7,997.3,994.0,X,41,1.5,278,7.4,307,0.0
2019/04/15,995.5,997.4,993.9,X,55,1.1,22,5.0,310,2.0
2019/04/16,994.5,996.5,992.9,X,85,0.9,26,6.0,281,5.0
2019/04/17,993.5,995.5,991.4,X,38,1.0,41,6.9,350,0.0
2019/04/18,993.5,995.7,992.1,X,59,0.8,66,5.5,342,0.0
2019/04/19,992.1,994.2,989.4,X,48,1.1,52,15.6,231,52.5
2019/04/20,991.2,993.0,989.2,X,42,0.8,36,4.8,45,0.0
2019/04/21,991.8,993.8,990.5,X,77,0.8,57,5.5,64,5.0
2019/04/22,992.4,995.4,990.1,X,57,1.0,63,6.4,248,0.0
2019/04/23,992.8,994.9,989.1,X,42,1.1,242,7.4,88,0.0
2019/04/24,992.5,995.1,991.0,X,51,1.0,51,6.2,222,0.0
2019/04/25,992.1,993.5,990.4,X,42,1.4,235,10.3,243,0.0
2019/04/26,993.6,997.7,991.3,X,46,1.4,107,13.5,75,1.5
2019/04/27,995.0,996.7,992.4,X,38,1.1,43,6.1,232,0.0
2019/04/28,995.3,997.4,993.6,X,48,0.9,269,5.9,341,0.0
2019/04/29,993.5,995.8,990.7,X,53,0.9,319,5.9,228,0.0
2019/04/30,990.5,992.7,987.9,X,43,1.0,49,9.5,268,0.0
2019/05/01,990.7,992.4,988.9,X,56,1.0,8,9.0,360,78.5
2019/05/02,993.3,995.4,990.5,X,61,0.7,28,7.0,319,12.0
2019/05/03,995.0,997.0,993.2,X,61,0.7,50,4.1,89,11.5
2019/05/04,994.9,996.4,993.2,X,38,1.0,34,7.3,291,0.0
2019/05/05,992.8,995.4,989.8,X,41,0.8,26,5.1,360,2.5
2019/05/06,990.9,992.4,989.4,X,70,1.1,39,5.6,6,22.0
2019/05/07,991.3,993.0,990.1,90,80,0.9,327,4.4,57,9.0
2019/05/08,991.3,992.9,989.4,90,77,0.8,326,5.3,238,2.5
2019/05/09,990.2,991.7,988.2,88,72,0.9,17,4.4,45,4.5
2019/05/10,991.3,992.9,989.9,86,66,0.8,20,5.7,279,6.0
2019/05/11,992.9,995.1,990.5,79,58,0.8,274,7.6,335,0.0
2019/05/12,993.0,994.3,991.3,78,51,0.9,283,7.0,305,0.0
2019/05/13,992.7,994.6,991.0,76,56,1.1,329,6.4,234,0.0
2019/05/14,992.2,993.8,990.4,75,56,0.8,63,5.9,340,0.0
2019/05/15,992.2,994.0,990.5,79,59,0.7,274,6.7,240,5.0
2019/05/16,990.6,992.7,988.5,84,64,0.8,45,7.5,251,5.0
2019/05/17,989.0,990.4,987.5,87,71,0.7,57,11.9,255,9.5
2019/05/18,988.7,991.3,986.9,93,83,1.0,30,9.6,241,60.5
2019/05/19,990.9,992.6,989.5,84,63,1.1,263,9.0,255,2.0
2019/05/20,990.4,992.6,988.0,90,64,1.1,28,16.1,35,56.0
2019/05/21,991.5,993.6,990.4,92,81,0.7,332,3.9,248,1.0
2019/05/22,992.1,993.6,990.7,85,71,0.7,32,5.3,319,1.5
2019/05/23,993.5,995.2,992.0,89,65,0.9,336,6.3,242,2.5
2019/05/24,994.1,995.5,992.4,81,62,0.9,295,7.6,344,0.0
2019/05/25,993.2,994.6,991.6,82,62,0.9,314,6.3,116,0.5
2019/05/26,992.2,993.8,990.2,77,55,0.8,252,4.9,329,0.0
2019/05/27,991.8,993.0,990.2,85,66,1.0,56,10.9,161,41.0
2019/05/28,992.1,993.3,990.2,88,68,0.9,2,6.0,64,9.5
2019/05/29,992.1,993.8,990.5,85,64,0.9,287,5.3,298,0.0
2019/05/30,992.4,993.8,990.4,81,55,0.9,63,6.8,332,4.5
2019/05/31,991.5,992.9,989.8,80,60,0.9,286,9.7,174,0.0
2019/06/01,990.7,992.0,988.6,87,67,1.1,64,6.7,218,23.5
2019/06/02,990.5,992.6,988.3,79,55,1.1,265,10.0,243,4.5
2019/06/03,991.2,992.6,990.2,76,49,0.8,230,6.5,255,0.0
2019/06/04,992.4,994.3,990.4,84,58,0.9,38,8.4,259,31.0
2019/06/05,993.5,995.4,992.0,84,54,1.1,320,12.7,148,62.5
2019/06/06,994.0,995.5,992.4,83,56,1.0,19,9.0,164,7.0
2019/06/07,993.6,995.1,991.7,79,46,1.0,290,7.5,242,1.5
2019/06/08,991.7,993.5,989.7,78,57,0.9,31,6.7,239,0.0
2019/06/09,989.5,991.6,987.7,72,45,1.0,237,9.4,258,0.0
2019/06/10,987.6,988.6,986.7,83,52,0.7,8,6.4,254,11.0
2019/06/11,987.8,989.9,985.5,94,87,0.8,183,7.3,162,109.5
2019/06/12,988.7,990.2,987.5,97,91,0.8,61,6.0,54,157.0
2019/06/13,986.3,988.6,984.2,88,68,0.9,325,8.6,247,10.5
2019/06/14,984.2,986.4,982.5,93,84,0.8,18,8.6,18,80.5
2019/06/15,987.3,989.4,985.3,74,48,1.0,55,6.3,318,0.0
2019/06/16,989.9,992.7,987.7,80,52,1.2,333,6.5,251,20.0
2019/06/17,992.5,994.8,991.0,86,58,0.9,38,11.9,156,53.5
2019/06/18,992.7,993.9,991.7,77,50,0.7,26,9.0,247,0.0
2019/06/19,991.5,993.2,989.5,74,50,0.9,258,7.1,321,0.0
2019/06/20,990.2,991.4,988.8,73,51,1.2,243,8.3,247,0.0
2019/06/21,989.3,990.8,988.0,69,47,1.1,238,7.7,233,0.0
2019/06/22,988.0,989.5,986.3,71,48,1.0,247,8.3,224,0.0
2019/06/23,988.6,991.1,986.1,80,54,0.9,65,9.7,255,8.5
2019/06/24,990.7,992.4,988.5,87,73,1.0,34,10.0,70,9.5
2019/06/25,990.5,992.0,989.2,74,52,0.8,242,10.4,249,0.0
2019/06/26,987.3,989.8,985.4,80,56,1.0,240,9.0,263,0.5
2019/06/27,985.6,986.9,983.9,78,59,1.1,56,7.3,255,0.5
2019/06/28,985.9,987.2,984.1,78,51,1.0,61,8.6,242,44.0
2019/06/29,985.6,987.0,984.2,84,59,0.8,171,7.1,245,4.0
2019/06/30,986.0,987.6,984.8,93,21,1.2,18,7.6,237,27.0
2019/07/01,985.2,987.0,983.2,97,53,1.3,25,7.5,48,0.0
2019/07/02,985.7,989.7,982.6,99,91,1.1,36,10.4,244,1.0
2019/07/03,991.3,993.8,988.9,99,98,1.3,3,11.4,260,6.5
2019/07/04,991.7,992.9,989.8,99,84,1.1,239,11.7,246,0.5
2019/07/05,989.0,991.0,986.9,99,93,0.9,1,11.6,229,3.0
2019/07/06,987.1,988.6,985.4,99,72,0.7,92,9.4,238,1.0
2019/07/07,988.7,991.1,987.2,99,85,1.1,238,10.3,244,6.5
2019/07/08,990.0,991.1,988.8,98,68,1.1,65,11.2,260,0.0
2019/07/09,988.1,989.8,986.0,99,81,0.8,45,8.1,258,4.5
2019/07/10,988.4,992.1,986.4,99,73,1.3,14,17.2,233,24.5
2019/07/11,992.1,994.2,989.9,99,86,1.0,32,9.4,252,0.5
2019/07/12,991.9,993.9,989.2,99,83,1.1,33,9.5,271,7.5
2019/07/13,989.5,991.6,987.2,98,69,1.3,245,10.0,220,0.0
2019/07/14,988.2,989.5,986.6,98,80,1.0,38,7.1,262,0.0
2019/07/15,988.0,989.4,986.4,99,75,1.0,157,7.1,314,0.0
2019/07/16,986.8,989.1,984.8,99,95,0.9,24,5.8,7,0.0
2019/07/17,980.2,984.8,976.2,99,76,0.9,233,5.5,258,0.0
2019/07/18,978.7,980.9,977.3,94,70,1.0,4,10.5,247,28.0
2019/07/19,982.8,988.2,977.9,99,72,1.2,182,8.7,259,12.5
2019/07/20,988.9,991.6,986.9,99,70,1.0,42,8.3,221,24.5
2019/07/21,990.1,991.7,988.5,96,55,1.2,15,10.9,257,0.5
2019/07/22,989.8,991.1,988.6,99,60,0.8,31,7.2,172,13.5
2019/07/23,989.8,991.0,988.3,97,54,0.8,300,7.7,230,31.5
2019/07/24,990.6,992.0,989.1,97,55,1.0,47,5.2,309,1.0
2019/07/25,991.3,992.7,989.7,99,76,0.8,29,7.2,246,0.0
2019/07/26,989.6,991.1,987.2,99,72,1.0,255,11.9,180,2.0
2019/07/27,989.3,991.1,987.2,98,71,1.1,260,9.7,261,10.5
2019/07/28,990.8,992.4,988.3,99,76,0.9,56,6.3,294,0.0
2019/07/29,990.6,992.0,988.3,98,75,0.9,292,6.0,236,0.0
2019/07/30,989.6,991.6,987.3,99,79,0.9,17,6.2,314,0.5
2019/07/31,988.9,990.8,986.7,96,66,1.1,328,6.9,235,1.0
2019/08/01,989.4,990.7,988.2,95,72,1.1,31,10.6,24,91.5
2019/08/02,987.8,989.9,986.0,98,71,1.0,319,6.3,331,15.5
2019/08/03,985.3,987.2,983.5,95,68,0.9,175,7.0,301,47.0
2019/08/04,984.2,985.3,982.9,99,74,0.8,1,9.9,168,0.5
2019/08/05,984.3,985.8,982.8,99,86,0.7,331,6.7,18,0.0
2019/08/06,983.6,985.5,981.7,99,92,0.6,178,6.5,164,1.5
2019/08/07,980.5,983.1,977.6,99,93,0.9,47,6.0,323,0.0
2019/08/08,975.6,978.7,972.8,99,85,1.1,162,10.1,49,6.5
2019/08/09,974.3,976.5,971.8,99,97,1.3,187,12.3,187,12.0
2019/08/10,980.1,983.8,976.0,99,96,1.9,225,14.6,240,0.0
2019/08/11,983.9,985.1,982.8,99,79,1.1,188,12.3,162,23.5
2019/08/12,984.9,986.3,983.6,99,94,0.6,22,7.9,168,15.5
2019/08/13,985.2,987.9,982.6,98,76,0.8,269,7.5,175,41.5
2019/08/14,985.1,986.7,982.6,97,69,0.9,287,8.6,243,0.0
2019/08/15,985.0,986.9,982.2,98,59,1.0,185,6.4,248,131.5
2019/08/16,986.6,989.1,984.8,99,62,0.9,4,9.4,157,104.5
2019/08/17,988.9,990.7,986.9,99,68,0.9,307,11.2,242,52.5
2019/08/18,988.9,991.1,986.9,98,70,0.8,44,11.2,248,35.0
2019/08/19,987.8,989.2,986.9,99,95,0.9,14,6.6,280,2.5
2019/08/20,987.6,988.6,986.4,99,89,0.9,63,5.6,339,7.0
2019/08/21,987.7,989.5,986.3,99,98,0.9,55,6.1,106,31.5
2019/08/22,988.8,990.4,987.5,99,84,0.8,305,7.1,354,1.0
2019/08/23,987.0,990.1,984.1,98,75,0.8,11,5.8,298,0.0
2019/08/24,977.5,984.2,968.7,97,72,1.5,78,16.9,50,0.0
2019/08/25,988.2,992.1,982.3,96,58,0.6,2,6.9,239,5.5
2019/08/26,992.3,994.6,990.4,98,71,0.7,34,6.2,246,0.5
2019/08/27,991.2,993.2,989.7,X,60,0.9,70,7.1,343,0.0
2019/08/28,988.6,990.4,986.1,X,62,1.0,342,6.3,334,0.0
2019/08/29,989.8,991.7,988.2,X,78,1.0,290,6.4,334,0.0
2019/08/30,991.2,992.4,989.7,X,71,1.0,59,11.8,40,35.0
2019/08/31,989.8,992.1,988.0,X,66,0.7,220,6.4,154,0.0
2019/09/01,990.6,992.4,989.2,X,55,1.1,70,9.1,22,3.5
2019/09/02,991.1,992.7,988.5,X,45,1.0,306,9.0,135,28.0
2019/09/03,988.5,991.0,986.3,X,52,0.7,57,6.0,336,0.0
2019/09/04,987.7,989.5,986.7,X,57,1.0,42,6.8,127,15.0
2019/09/05,985.3,985.3,983.4,91,67,0.9,156,7.4,51,29.0
2019/09/06,984.2,986.3,982.3,84,60,0.7,50,7.1,161,1.0
2019/09/07,986.5,988.6,984.7,80,53,1.1,25,5.3,342,0.5
2019/09/08,987.9,989.4,985.7,77,53,0.9,23,5.6,7,16.0
2019/09/09,989.0,990.8,987.3,73,50,0.9,36,8.3,337,0.0
2019/09/10,991.8,994.3,989.9,79,56,0.9,17,7.0,193,0.0
2019/09/11,993.3,995.2,991.3,75,49,0.9,6,6.6,339,0.0
2019/09/12,991.0,992.9,988.9,76,57,0.9,16,6.3,243,0.0
2019/09/13,989.6,991.4,987.7,76,56,0.8,273,5.5,339,0.0
2019/09/14,989.3,990.8,987.5,79,56,1.0,313,5.8,283,9.5
2019/09/15,989.2,991.1,987.2,78,60,0.9,52,6.2,346,0.0
2019/09/16,988.6,989.9,987.5,77,57,1.3,28,5.3,12,0.0
2019/09/17,989.6,991.1,988.0,75,60,1.1,16,5.6,306,0.0
2019/09/18,990.2,991.7,988.2,71,58,1.2,315,6.3,23,0.0
2019/09/19,989.9,991.8,987.6,67,46,1.4,325,9.2,36,0.0
2019/09/20,986.8,989.2,984.7,72,62,1.5,50,9.9,47,0.0
2019/09/21,986.8,991.3,983.9,71,61,1.3,1,9.5,34,0.0
2019/09/22,993.3,996.8,989.5,69,47,1.2,30,6.3,38,0.0
2019/09/23,997.5,999.3,995.2,69,46,0.9,59,5.5,251,0.0
2019/09/24,998.5,1000.2,996.8,73,54,0.7,283,4.2,345,0.0
2019/09/25,998.2,999.5,996.5,73,51,0.9,52,6.0,340,0.0
2019/09/26,998.1,999.6,996.5,74,52,0.8,54,5.9,337,0.0
2019/09/27,996.9,998.6,995.5,76,51,0.8,11,4.9,216,0.0
2019/09/28,995.3,997.1,993.5,82,58,0.6,15,8.6,343,22.5
2019/09/29,992.3,995.1,989.7,79,60,0.8,57,4.9,353,0.5
2019/09/30,983.6,989.7,980.3,83,64,1.2,2,7.3,45,0.5
2019/10/01,991.1,993.5,985.0,76,49,0.9,12,6.0,348,19.0
2019/10/02,994.1,995.7,992.6,73,44,0.8,14,7.5,279,0.0
2019/10/03,995.0,997.1,993.0,74,48,0.9,317,6.0,351,0.0
2019/10/04,994.8,996.5,992.7,80,56,0.9,39,7.1,62,0.0
2019/10/05,995.4,997.1,993.8,80,59,0.7,305,4.5,333,0.0
2019/10/06,996.8,998.1,995.4,80,61,0.7,7,5.6,339,0.0
2019/10/07,997.7,999.5,996.0,80,55,0.9,174,6.5,343,1.5
2019/10/08,997.0,998.7,995.2,79,58,0.7,142,4.5,324,0.0
2019/10/09,995.9,997.9,993.8,76,57,0.7,64,5.2,326,0.0
2019/10/10,994.7,997.0,992.6,76,52,0.8,30,5.4,226,0.0
2019/10/11,993.2,995.2,991.0,77,58,0.9,32,7.1,333,0.0
2019/10/12,993.9,995.8,992.3,76,59,0.8,53,6.3,331,0.0
2019/10/13,995.9,997.4,994.6,76,58,1.0,154,6.0,340,0.0
2019/10/14,998.1,999.8,996.4,74,57,0.8,23,5.9,176,0.0
2019/10/15,999.2,1001.1,997.1,68,49,1.1,35,5.8,41,0.0
2019/10/16,998.5,1000.2,996.5,72,58,0.9,32,4.9,31,0.0
2019/10/17,997.4,999.3,995.4,70,52,1.1,31,6.0,340,0.0
2019/10/18,997.3,998.9,995.4,69,45,1.2,14,6.8,39,0.0
2019/10/19,997.8,999.9,996.1,75,59,1.1,3,6.5,40,0.0
2019/10/20,996.8,998.9,994.9,73,54,1.2,4,5.8,25,0.0
2019/10/21,994.9,996.8,992.9,75,60,0.8,37,4.0,238,0.0
2019/10/22,993.6,995.4,991.7,72,47,0.8,176,5.2,311,0.0
2019/10/23,994.2,996.1,992.6,73,52,0.9,16,5.5,309,0.0
2019/10/24,996.4,998.4,994.8,74,47,0.8,164,5.7,327,0.0
2019/10/25,998.3,999.9,996.4,75,58,0.8,271,5.3,334,0.0
2019/10/26,998.4,1000.3,996.4,77,56,0.8,290,5.6,337,0.0
2019/10/27,996.6,998.9,994.0,78,54,0.9,165,6.3,26,0.0
2019/10/28,996.0,997.6,993.9,78,52,1.2,54,6.9,340,0.0
2019/10/29,996.5,998.1,995.2,80,64,1.1,196,7.1,28,0.0
2019/10/30,997.1,998.4,995.5,76,55,0.8,294,5.1,243,0.0
2019/10/31,997.0,998.3,995.4,81,63,0.7,21,4.5,170,0.0
2019/11/01,996.2,998.4,994.2,80,55,0.7,160,5.1,225,0.0
2019/11/02,995.1,996.7,993.2,80,62,0.8,13,4.6,174,0.0
2019/11/03,994.7,997.1,993.2,79,59,1.1,1,7.1,30,0.0
2019/11/04,994.1,996.2,992.6,73,56,1.5,16,5.4,49,0.0
2019/11/05,992.4,994.0,990.4,72,55,1.3,29,6.0,167,0.0
2019/11/06,992.0,993.5,990.1,75,55,0.9,290,5.1,349,0.0
2019/11/07,993.1,995.1,991.0,73,52,0.9,45,5.8,337,0.0
2019/11/08,996.2,998.1,994.2,70,45,1.0,301,6.3,8,0.0
2019/11/09,997.7,1000.2,995.2,69,43,1.2,7,5.7,354,0.0
2019/11/10,996.5,998.7,993.6,73,52,0.8,158,5.9,344,0.0
2019/11/11,996.7,998.7,995.1,73,50,0.8,58,4.3,334,0.0
2019/11/12,998.3,1000.2,996.4,72,43,0.7,163,6.1,333,0.0
2019/11/13,999.5,1002.0,997.3,74,49,0.7,23,5.7,342,0.0
2019/11/14,998.2,1000.3,996.1,76,58,1.0,33,6.3,1,0.0
2019/11/15,997.3,998.9,995.7,74,54,0.8,52,5.1,308,0.0
2019/11/16,997.2,999.0,995.5,77,56,0.8,36,4.9,265,0.0
2019/11/17,996.9,998.3,994.2,70,37,0.9,341,6.9,334,0.0
2019/11/18,995.7,997.4,993.6,73,49,1.2,27,6.6,246,0.0
2019/11/19,996.4,998.3,994.8,73,62,1.0,1,6.2,336,0.0
2019/11/20,997.8,999.9,996.2,72,62,1.1,29,5.3,29,0.0
2019/11/21,997.1,998.9,994.8,78,55,1.1,23,6.4,33,0.0
2019/11/22,996.2,997.7,994.5,78,53,0.8,60,4.9,261,0.0
2019/11/23,998.0,1000.3,996.2,81,58,0.6,305,4.8,344,0.0
2019/11/24,998.8,1000.8,997.0,80,53,0.6,51,6.1,1,0.0
2019/11/25,1000.5,1002.5,998.1,79,56,1.1,12,5.5,330,0.0
2019/11/26,1001.1,1002.7,999.0,76,58,0.9,11,5.0,267,0.0
2019/11/27,1000.4,1002.7,997.4,79,45,1.0,31,6.5,327,0.0
2019/11/28,1001.4,1003.1,999.0,75,55,1.3,282,6.2,66,0.0
2019/11/29,1002.1,1003.7,1000.3,69,54,1.0,14,5.1,308,0.0
2019/11/30,1001.0,1003.0,998.4,76,46,0.7,44,5.6,296,0.0
2019/12/01,999.4,1001.2,996.8,74,35,1.3,27,9.2,98,0.0
2019/12/02,1000.2,1001.8,998.7,75,53,1.3,19,8.8,40,0.0
2019/12/03,1001.3,1003.0,999.2,73,52,0.8,4,4.4,340,0.0
2019/12/04,1002.0,1003.3,1000.2,80,55,1.1,45,5.9,55,3.5
2019/12/05,1002.5,1004.0,1000.8,93,81,1.4,4,6.1,340,11.5
2019/12/06,1001.2,1002.7,999.8,96,91,1.2,47,6.6,30,20.0
2019/12/07,1002.6,1004.6,1000.6,84,68,1.1,20,6.7,33,1.0
2019/12/08,1003.5,1005.2,1001.2,74,46,0.8,289,4.3,241,0.0
2019/12/09,1002.0,1004.2,1000.1,77,53,0.7,153,6.2,338,0.0
2019/12/10,999.5,1001.5,996.8,73,34,0.8,290,6.0,334,0.0
2019/12/11,998.6,1000.8,996.7,78,45,0.8,152,5.7,330,0.0
2019/12/12,1001.6,1004.2,999.8,77,50,0.7,161,5.8,26,0.0
2019/12/13,1004.0,1006.4,1002.5,77,43,0.7,55,7.1,115,0.0
2019/12/14,1003.1,1005.9,1000.8,74,41,0.8,167,4.9,336,0.0
2019/12/15,1001.9,1004.3,999.9,74,42,0.8,15,6.8,336,0.0
2019/12/16,1000.3,1002.7,997.0,76,46,0.8,172,5.0,350,0.0
2019/12/17,1000.4,1003.1,998.0,76,48,1.0,3,7.4,75,0.0
2019/12/18,1000.5,1002.4,998.0,80,56,0.9,32,5.1,18,0.0
2019/12/19,1001.0,1002.4,999.9,86,67,1.0,3,5.9,354,0.0
2019/12/20,1000.4,1002.0,998.0,88,68,1.1,78,6.3,34,5.0
2019/12/21,998.8,1001.2,996.8,89,67,0.7,9,4.8,62,0.5
2019/12/22,997.1,999.0,994.6,84,54,0.8,39,5.8,222,0.0
2019/12/23,998.2,1000.1,996.4,84,62,0.6,10,5.9,305,0.0
2019/12/24,999.7,1001.8,998.1,84,58,0.8,13,4.7,3,0.0
2019/12/25,997.5,999.9,994.8,78,47,0.8,303,5.5,12,0.0
2019/12/26,997.2,999.2,994.8,74,49,1.5,22,8.1,37,0.0
2019/12/27,1000.1,1002.7,998.0,70,54,1.4,10,5.5,347,0.0
2019/12/28,1000.8,1002.8,998.9,77,64,0.8,267,4.5,335,0.0
2019/12/29,1000.5,1002.4,998.9,97,92,1.0,30,7.1,6,67.5
2019/12/30,1002.5,1004.4,999.6,93,70,1.3,54,8.9,36,21.0
2019/12/31,1005.4,1007.7,1003.3,89,78,1.3,9,6.6,336,21.5
2020/01/01,1007.2,1009.7,1005.8,89,72,0.9,50,4.3,52,0.0
2020/01/02,1006.3,1008.7,1004.4,84,57,0.9,27,7.7,335,0.0
2020/01/03,1004.4,1006.8,1002.0,83,60,0.7,11,5.3,348,0.0
2020/01/04,1002.5,1004.9,1000.3,83,60,0.6,42,4.7,338,0.0
2020/01/05,1003.0,1005.0,1001.2,85,62,0.7,10,5.0,249,0.0
2020/01/06,1002.0,1004.4,999.9,85,55,0.8,282,4.3,338,0.0
2020/01/07,999.7,1013.6,997.6,81,53,0.7,289,3.3,49,0.0
2020/01/08,1000.3,1002.3,997.9,79,54,0.7,294,5.2,351,0.0
2020/01/09,999.9,1002.8,997.7,80,53,0.9,1,4.5,331,0.0
2020/01/10,998.3,1000.5,996.4,81,56,0.7,75,4.3,337,0.0
2020/01/11,997.1,999.0,995.4,83,62,0.8,283,5.2,327,0.0
2020/01/12,997.4,999.6,995.2,82,61,0.9,9,6.1,43,0.0
2020/01/13,999.0,1002.1,996.5,80,58,1.0,6,5.5,30,0.0
2020/01/14,1000.9,1003.9,998.1,75,28,1.1,274,5.6,75,0.0
2020/01/15,1000.6,1003.0,998.7,78,45,0.9,28,6.1,308,0.0
2020/01/16,999.8,1001.8,997.1,79,45,0.8,279,5.4,225,0.0
2020/01/17,1000.2,1002.0,997.9,80,61,1.3,4,6.6,226,0.0
2020/01/18,1000.7,1002.5,998.3,78,60,1.2,24,5.7,331,0.0
2020/01/19,1002.1,1004.3,999.8,79,59,1.1,40,6.0,43,0.0
2020/01/20,1003.2,1005.3,1000.6,75,28,1.1,25,8.4,85,0.0
2020/01/21,1004.2,1006.9,1002.1,73,35,0.8,327,5.5,329,0.0
2020/01/22,1001.9,1004.2,999.3,72,42,1.0,26,6.4,349,0.0
2020/01/23,1000.5,1002.1,998.6,75,49,0.8,146,6.7,62,0.0
2020/01/24,1001.3,1003.0,999.3,79,53,1.0,20,6.4,330,0.0
2020/01/25,998.5,1001.4,996.1,81,50,1.1,30,6.8,360,0.0
2020/01/26,994.0,996.7,991.3,94,85,1.3,77,7.6,29,19.5
2020/01/27,996.0,999.6,993.5,85,64,1.4,22,6.8,34,0.0
2020/01/28,998.2,1001.2,995.4,86,77,1.3,326,7.3,345,0.0
2020/01/29,1000.1,1001.8,998.4,79,67,1.3,12,7.1,7,0.0
2020/01/30,1001.2,1003.6,999.5,67,40,1.3,2,8.5,35,0.0
2020/01/31,1002.6,1004.7,1000.5,69,36,0.9,92,5.5,341,0.0
2020/02/01,1004.1,1005.9,1001.8,73,43,0.8,160,6.2,336,0.0
2020/02/02,1004.4,1007.1,1002.1,69,36,0.9,4,5.9,2,0.0
2020/02/03,1002.9,1005.0,1000.9,74,43,0.9,27,5.6,327,0.0
2020/02/04,1001.7,1003.7,1000.1,86,62,1.3,311,7.1,33,0.0
2020/02/05,1001.6,1003.3,999.0,80,57,1.4,21,5.2,44,0.0
2020/02/06,1001.2,1003.0,998.7,80,58,0.9,275,6.6,339,0.0
2020/02/07,1002.4,1004.3,1000.3,82,56,1.6,31,7.6,37,0.0
2020/02/08,1004.1,1006.4,1001.8,77,53,1.6,17,7.0,31,0.0
2020/02/09,1005.5,1008.0,1003.6,78,64,1.3,1,6.0,24,0.0
2020/02/10,1004.1,1005.8,1002.4,79,55,1.0,176,8.7,307,0.0
2020/02/11,1003.8,1006.1,1000.9,81,60,0.8,24,4.8,240,0.0
2020/02/12,1000.6,1003.0,997.6,68,36,0.9,294,8.7,355,0.0
2020/02/13,998.4,1000.6,995.5,83,55,1.0,160,8.9,232,15.0
2020/02/14,997.5,999.8,995.7,80,54,0.9,65,7.0,304,0.0
2020/02/15,997.1,1000.1,994.0,83,55,0.7,6,5.2,4,2.5
2020/02/16,999.7,1003.6,996.7,92,80,1.0,294,6.5,349,0.0
2020/02/17,1005.4,1007.8,1002.4,74,53,1.4,11,7.7,8,0.5
2020/02/18,1006.2,1008.6,1004.0,71,54,0.9,321,7.5,342,0.0
2020/02/19,1006.1,1007.2,1004.6,77,50,0.8,59,6.7,309,0.0
2020/02/20,1006.6,1008.3,1005.0,79,47,0.8,44,6.8,251,0.0
2020/02/21,1008.2,1010.3,1006.4,83,62,0.7,26,5.1,248,0.0
2020/02/22,1007.2,1009.1,1004.9,79,52,1.1,23,6.7,322,0.0
2020/02/23,1005.6,1008.1,1003.0,79,56,0.9,71,5.8,332,0.0
2020/02/24,1002.7,1005.3,1000.5,81,56,0.8,293,6.0,1,0.0
2020/02/25,1000.5,1002.5,998.0,72,48,1.0,169,5.7,256,0.0
2020/02/26,1000.3,1002.1,998.4,73,41,1.1,275,7.5,2,0.0
2020/02/27,1001.0,1003.1,999.2,78,59,1.1,42,5.3,324,0.0
2020/02/28,999.8,1001.5,998.0,80,58,0.9,261,6.2,250,0.0
2020/02/29,997.1,999.5,994.2,74,50,0.9,28,6.7,267,0.0
2020/03/01,996.4,998.1,994.8,77,50,1.0,274,7.6,6,0.0
2020/03/02,999.2,1001.8,996.8,78,55,1.0,323,7.2,245,0.0
2020/03/03,1000.4,1003.1,997.3,70,48,0.9,27,7.1,29,0.0
2020/03/04,999.3,1001.7,996.5,75,55,1.4,32,7.6,33,0.0
2020/03/05,1000.1,1001.8,998.3,89,80,1.2,63,6.1,32,5.5
2020/03/06,999.1,1001.4,996.5,83,70,0.9,17,5.5,229,0.0
2020/03/07,996.4,999.2,993.5,77,54,0.7,9,7.2,341,0.0
2020/03/08,994.0,996.1,991.8,82,63,0.9,289,7.2,331,0.0
2020/03/09,991.1,993.8,987.2,72,37,1.2,110,12.3,261,0.0
2020/03/10,994.9,999.2,991.4,84,76,1.4,13,10.0,35,16.0
2020/03/11,999.8,1001.4,998.1,72,55,1.1,273,6.6,1,0.0
2020/03/12,998.7,1000.9,995.8,78,59,1.1,301,5.8,352,0.0
2020/03/13,998.0,1000.3,995.7,82,58,1.1,297,6.7,349,0.0
2020/03/14,998.1,1000.6,995.8,91,83,1.1,33,6.7,340,14.5
2020/03/15,1000.6,1002.7,998.3,77,62,1.1,56,4.8,110,0.0
2020/03/16,1002.0,1004.0,999.9,70,47,0.9,78,7.9,331,0.0
2020/03/17,1001.3,1003.0,998.7,67,35,1.1,5,7.4,330,0.0
2020/03/18,998.2,1000.3,995.8,76,51,1.0,78,5.8,238,0.0
2020/03/19,997.0,998.7,994.9,80,59,0.8,156,5.2,44,0.0
2020/03/20,997.5,998.7,995.4,80,58,1.1,105,6.9,344,0.0
2020/03/21,997.8,1000.1,995.1,77,56,1.1,41,6.7,341,0.0
2020/03/22,996.5,999.0,993.9,78,60,1.1,247,6.3,339,0.0
2020/03/23,996.5,997.9,994.9,78,61,1.0,305,6.5,328,0.0
2020/03/24,997.1,998.7,995.8,79,63,0.9,34,6.3,257,0.0
2020/03/25,996.5,998.1,994.8,79,59,1.1,276,7.2,306,0.0
2020/03/26,996.6,998.3,993.6,73,50,1.1,17,7.2,257,0.0
2020/03/27,996.4,998.6,993.3,77,51,1.4,86,11.3,90,0.0
2020/03/28,995.8,997.7,993.9,83,65,1.6,23,9.7,36,17.0
2020/03/29,996.6,998.9,993.8,77,63,1.2,4,6.6,44,0.0
2020/03/30,995.4,997.0,993.5,80,62,1.0,3,6.0,303,0.0
2020/03/31,995.4,997.4,993.3,83,56,0.9,299,9.5,339,0.0
2020/04/01,996.8,999.3,994.0,80,62,1.4,340,7.1,33,1.0
2020/04/02,999.7,1002.5,997.1,83,65,1.3,54,8.8,360,4.0
2020/04/03,999.3,1001.1,997.6,87,61,1.3,24,7.1,340,0.0
2020/04/04,999.5,1001.2,997.3,81,63,1.4,30,9.7,307,0.0
2020/04/05,1000.1,1001.7,998.6,82,68,1.2,47,5.1,133,1.5
2020/04/06,998.2,1000.3,995.5,91,78,1.1,6,7.1,336,19.5
2020/04/07,996.3,998.0,993.6,85,65,1.4,13,6.7,17,4.5
2020/04/08,997.2,999.3,995.7,80,67,1.0,293,6.2,345,0.0
2020/04/09,998.5,1000.2,996.7,76,48,0.7,8,6.4,341,0.0
2020/04/10,999.9,1001.8,997.9,72,51,1.0,74,7.3,341,0.0
2020/04/11,997.2,1000.2,994.8,79,50,0.8,43,6.0,332,3.0
2020/04/12,997.4,1000.9,995.1,79,55,1.1,1,8.1,331,5.5
2020/04/13,999.8,1002.1,997.6,61,24,1.3,61,8.2,37,0.0
2020/04/14,999.2,1001.4,997.1,67,44,0.7,23,5.9,335,0.0
2020/04/15,997.6,999.6,995.8,63,37,1.1,283,7.1,330,0.0
2020/04/16,997.4,999.3,996.1,64,33,0.9,20,7.2,328,0.0
2020/04/17,997.8,999.8,996.2,73,49,0.9,163,8.1,350,0.0
2020/04/18,997.1,999.5,994.6,73,45,0.9,56,6.4,347,0.0
2020/04/19,994.8,996.7,992.7,74,47,1.1,65,8.4,241,0.0
2020/04/20,995.5,997.9,993.8,72,55,1.1,268,6.5,350,0.0
2020/04/21,995.6,997.4,993.8,81,57,0.9,53,7.8,224,0.0
2020/04/22,996.6,999.2,994.3,80,63,1.2,9,5.0,336,0.0
2020/04/23,998.4,999.5,997.1,90,81,1.1,5,8.4,337,13.0
2020/04/24,999.2,1001.1,997.3,95,92,0.5,209,4.0,348,4.5
2020/04/25,998.8,1000.3,997.1,85,67,0.8,290,5.2,293,0.0
2020/04/26,998.1,1000.3,996.1,77,57,1.0,11,5.9,330,0.5
2020/04/27,997.9,999.6,996.4,79,61,0.7,157,4.7,337,0.0
2020/04/28,998.1,999.8,996.0,74,48,0.9,302,6.3,249,0.0
2020/04/29,998.4,1000.5,996.5,71,48,1.0,58,7.1,344,0.0
2020/04/30,997.6,999.9,995.8,69,47,1.0,290,7.0,341,0.0
2020/05/01,995.1,997.7,993.0,63,33,0.9,66,6.6,305,0.0
2020/05/02,992.6,994.6,990.5,69,50,0.7,304,5.6,342,0.0
2020/05/03,991.6,993.6,989.8,74,56,0.9,237,6.6,276,0.0
2020/05/04,993.0,994.6,991.6,72,51,1.0,234,7.1,347,0.0
2020/05/05,992.0,993.8,990.4,73,51,1.1,251,10.5,328,0.0
2020/05/06,992.1,994.0,990.5,72,53,1.1,240,7.5,259,0.0
2020/05/07,992.8,994.2,991.3,69,54,1.0,263,6.9,325,0.0
2020/05/08,992.5,994.0,990.5,68,48,1.1,240,7.7,233,0.0
2020/05/09,992.2,993.6,990.2,71,55,0.9,238,7.6,245,0.0
2020/05/10,992.3,994.5,989.4,74,47,1.2,248,8.5,234,0.0
2020/05/11,992.4,994.3,990.4,76,55,0.9,50,7.9,342,0.0
2020/05/12,992.9,994.3,991.4,87,75,0.8,2,6.0,244,17.5
2020/05/13,994.6,996.2,992.9,80,60,0.8,22,8.7,157,0.5
2020/05/14,994.4,996.2,992.3,75,58,0.7,60,6.5,232,0.0
2020/05/15,991.8,993.3,990.2,74,51,1.0,23,7.6,332,0.0
2020/05/16,991.0,992.3,989.8,82,50,1.1,56,10.5,68,25.0
2020/05/17,987.9,990.2,984.8,74,41,1.2,36,7.7,336,0.0
2020/05/18,987.8,989.5,985.4,83,73,1.2,64,9.9,331,2.0
2020/05/19,989.5,991.3,987.3,90,70,0.8,328,7.2,36,38.5
2020/05/20,991.1,992.6,989.8,83,59,0.9,49,6.1,43,0.5
2020/05/21,989.4,991.3,987.7,86,67,1.1,75,6.3,263,25.0
2020/05/22,986.5,987.9,984.8,93,84,0.8,51,8.4,278,54.5
2020/05/23,988.0,990.4,985.7,95,91,0.5,331,3.9,278,23.0
2020/05/24,991.2,993.3,989.5,83,60,0.6,34,6.8,323,0.0
2020/05/25,992.9,994.2,991.4,81,63,0.9,11,7.3,336,0.0
2020/05/26,992.0,993.8,990.5,86,68,0.7,25,7.5,255,50.5
2020/05/27,991.9,993.5,990.1,92,81,1.0,92,6.6,352,11.0
2020/05/28,993.6,995.4,992.0,90,69,1.2,58,10.2,339,106.5
2020/05/29,994.3,996.0,992.9,89,60,0.8,104,7.4,343,58.0
2020/05/30,995.0,996.4,993.8,80,62,1.1,253,8.6,256,0.0
2020/05/31,995.0,996.7,992.0,75,53,1.0,56,6.1,233,0.0
2020/06/01,994.5,996.1,992.1,74,55,1.0,28,7.0,221,0.0
2020/06/02,993.4,995.7,991.3,76,57,1.1,261,7.3,237,0.0
2020/06/03,992.7,994.6,990.2,72,55,1.0,56,7.8,243,0.0
2020/06/04,992.3,994.2,990.7,70,49,0.9,230,7.7,267,0.0
2020/06/05,991.7,993.5,989.4,72,49,1.1,247,9.9,252,2.0
2020/06/06,990.9,992.4,989.7,79,55,1.0,167,10.1,178,7.5
2020/06/07,991.1,992.3,989.8,80,52,1.1,28,9.1,272,4.0
2020/06/08,991.9,994.2,989.4,84,61,0.9,149,8.3,217,11.0
2020/06/09,993.1,994.5,991.6,82,60,0.8,23,6.6,336,3.0
2020/06/10,992.9,994.5,991.0,76,53,0.7,279,6.4,251,0.0
2020/06/11,991.1,993.0,988.8,77,57,0.7,303,4.7,244,0.0
2020/06/12,989.3,991.1,987.5,79,60,1.1,168,6.7,352,7.0
2020/06/13,990.7,994.3,987.7,85,61,0.9,36,9.7,155,45.0
2020/06/14,994.7,997.4,992.4,81,57,0.9,24,7.5,54,0.0
2020/06/15,995.6,997.4,994.2,77,50,0.8,14,8.3,172,6.0
2020/06/16,993.1,995.1,991.1,73,49,0.9,51,6.0,240,0.0
2020/06/17,991.9,993.0,990.7,71,46,1.0,62,7.9,244,0.0
2020/06/18,992.1,994.0,990.5,70,49,1.1,56,6.7,246,0.0
2020/06/19,992.4,993.8,991.0,71,51,1.0,53,7.8,250,0.0
2020/06/20,991.6,993.5,989.8,69,48,1.0,255,8.4,244,0.0
2020/06/21,989.9,991.8,988.2,72,51,1.0,235,6.4,254,0.0
2020/06/22,990.0,991.6,988.8,71,51,1.1,254,8.7,239,0.0
2020/06/23,990.4,991.8,989.5,71,49,0.9,145,10.2,252,0.0
2020/06/24,990.0,991.4,987.9,73,51,0.9,63,8.5,254,0.0
2020/06/25,990.8,992.9,988.8,70,49,1.1,243,9.0,247,0.0
2020/06/26,992.5,993.8,991.1,71,42,1.0,236,8.6,238,0.0
2020/06/27,992.5,994.2,991.3,77,43,1.0,4,8.5,258,13.5
2020/06/28,991.3,993.3,989.4,74,46,0.9,45,8.4,77,0.0
2020/06/29,989.7,991.7,988.0,73,51,1.1,55,8.1,248,0.0
2020/06/30,988.8,990.5,987.3,74,54,1.3,40,10.7,260,0.0
2020/07/01,988.9,991.0,987.5,75,54,1.2,10,10.4,249,0.0
2020/07/02,990.9,993.6,988.9,78,50,1.1,32,10.2,233,1.5
2020/07/03,993.2,995.5,991.6,80,51,1.0,357,11.2,238,5.5
2020/07/04,992.8,994.5,990.2,80,49,1.0,4,7.8,36,16.0
2020/07/05,990.8,992.6,989.2,81,53,0.9,59,9.5,166,18.5
2020/07/06,991.2,993.3,989.1,74,56,1.0,2,8.1,245,0.5
2020/07/07,993.0,994.6,991.8,73,53,1.2,248,8.5,235,0.0
2020/07/08,990.6,992.7,988.3,71,51,1.2,238,10.7,236,0.0
2020/07/09,988.4,989.8,987.2,72,48,1.3,55,10.7,266,0.0
2020/07/10,990.6,992.0,988.5,68,44,1.1,253,10.0,244,0.0
2020/07/11,991.8,993.2,989.9,73,49,0.9,19,9.4,81,0.5
2020/07/12,991.4,993.3,988.5,69,44,1.0,331,6.5,336,0.0
2020/07/13,990.3,991.8,988.3,67,44,0.8,264,7.9,328,0.0
2020/07/14,988.8,990.4,986.1,67,45,1.0,242,5.0,225,0.0
2020/07/15,989.2,991.3,987.5,73,59,1.1,127,9.8,233,0.0
2020/07/16,990.9,992.6,989.8,79,62,1.0,45,7.9,259,5.0
2020/07/17,992.2,993.9,990.2,73,55,0.9,226,7.4,252,0.0
2020/07/18,992.0,993.6,990.5,69,49,1.1,257,7.1,259,0.0
2020/07/19,992.0,993.6,990.1,74,45,1.1,37,9.0,186,0.5
2020/07/20,993.6,995.2,990.8,75,42,0.9,63,10.5,201,12.5
2020/07/21,994.3,995.8,992.6,77,49,0.8,27,5.8,326,8.5
2020/07/22,993.1,994.9,991.4,83,54,1.0,10,7.7,337,9.5
2020/07/23,992.6,993.9,991.0,83,55,1.0,62,7.6,335,29.0
2020/07/24,991.4,993.9,989.1,76,55,0.7,304,6.3,331,0.0
2020/07/25,990.7,992.1,989.2,78,56,1.0,59,7.2,259,0.0
2020/07/26,990.5,991.8,988.3,78,56,0.8,1,8.6,241,0.5
2020/07/27,990.4,992.0,988.8,79,50,1.0,10,8.3,78,1.5
2020/07/28,991.7,992.9,989.5,84,59,0.9,24,9.0,10,38.0
2020/07/29,991.0,992.9,988.9,84,61,0.8,145,7.2,350,56.5
2020/07/30,990.0,992.6,987.7,83,67,0.9,53,6.6,59,0.5
2020/07/31,990.2,992.1,988.8,76,55,0.9,55,4.9,315,0.0
2020/08/01,991.4,993.0,989.2,77,51,0.9,4,7.5,248,0.0
2020/08/02,990.2,992.6,987.7,78,55,1.0,15,6.8,35,2.5
2020/08/03,987.7,989.1,986.9,89,67,0.8,6,8.4,308,10.0
2020/08/04,990.0,993.3,987.3,86,65,0.8,21,6.1,280,3.0
2020/08/05,993.5,995.7,991.7,84,59,1.2,320,11.1,79,50.0
2020/08/06,993.5,995.5,991.0,75,50,0.8,1,6.5,295,0.0
2020/08/07,991.5,993.9,989.4,76,54,0.9,1,6.7,292,0.0
2020/08/08,988.5,991.0,986.0,78,59,1.2,26,7.5,345,0.0
2020/08/09,986.9,988.3,985.4,75,58,0.9,309,6.7,303,0.0
2020/08/10,988.4,989.7,987.0,83,57,1.1,18,8.1,157,11.5
2020/08/11,992.5,996.2,987.9,86,72,0.9,87,6.1,194,0.0
2020/08/12,996.5,998.9,994.3,83,53,1.0,27,10.0,52,48.5
2020/08/13,995.2,997.9,993.3,78,56,0.9,1,7.6,331,0.0
2020/08/14,992.9,994.6,990.7,80,52,0.9,23,7.9,182,19.0
2020/08/15,992.5,994.2,990.4,85,66,0.8,1,7.0,33,45.0
2020/08/16,992.3,993.6,991.0,83,52,0.9,29,7.0,119,8.5
2020/08/17,991.0,992.6,989.5,78,57,0.8,85,7.6,254,0.0
2020/08/18,990.6,993.0,988.8,79,47,0.8,33,7.6,284,50.0
2020/08/19,991.2,992.9,989.1,81,48,0.8,44,14.5,180,14.5
2020/08/20,991.8,993.8,989.9,79,55,0.7,35,9.4,254,0.0
2020/08/21,990.3,993.3,988.0,79,59,0.9,170,6.9,333,1.0
2020/08/22,988.4,989.7,986.7,82,61,1.0,17,8.1,338,6.5
2020/08/23,989.6,991.3,988.0,79,56,0.7,322,5.8,344,3.0
2020/08/24,987.7,989.8,984.5,75,54,1.0,279,6.3,170,0.0
2020/08/25,986.6,988.5,984.5,73,49,1.1,240,9.6,238,0.0
2020/08/26,986.4,987.9,984.4,84,59,0.8,240,7.1,274,2.5
2020/08/27,986.0,988.3,984.5,86,69,0.9,90,7.1,264,17.5
2020/08/28,986.6,988.5,985.1,80,57,1.0,245,10.2,247,0.0
2020/08/29,987.5,988.9,986.0,82,55,0.5,43,5.9,307,9.0
2020/08/30,987.6,989.4,986.1,83,60,0.7,332,11.0,328,2.5
2020/08/31,986.5,988.5,984.4,81,59,0.8,23,9.2,28,5.5
2020/09/01,986.3,988.8,984.2,76,53,1.2,24,6.9,3,0.0
2020/09/02,989.1,991.6,987.2,77,52,0.7,14,7.5,157,0.0
2020/09/03,991.7,994.2,989.8,83,66,1.0,1,9.5,77,4.0
2020/09/04,991.8,993.9,989.4,77,54,0.9,348,6.8,337,1.0
2020/09/05,988.9,991.4,986.4,77,57,1.0,322,5.1,341,2.0
2020/09/06,987.6,989.2,985.8,63,29,1.1,322,6.8,348,0.0
2020/09/07,991.6,995.1,989.1,63,32,0.9,298,4.9,332,0.0
2020/09/08,995.0,996.7,993.9,72,51,1.0,35,6.8,360,0.0
2020/09/09,993.0,996.0,990.7,73,48,1.0,272,6.0,346,0.0
2020/09/10,990.5,991.8,987.6,80,56,1.1,322,10.2,176,8.0
2020/09/11,991.9,994.2,990.4,82,58,0.8,44,14.4,159,10.5
2020/09/12,994.2,995.8,992.4,83,60,0.9,95,9.5,176,0.5
2020/09/13,994.4,995.8,992.6,78,56,0.9,69,5.3,343,0.0
2020/09/14,993.2,994.8,990.7,79,56,0.9,163,6.0,332,1.5
2020/09/15,992.7,994.2,990.4,80,52,1.1,11,9.6,170,18.0
2020/09/16,992.1,993.5,990.5,78,57,0.9,66,5.9,360,0.0
2020/09/17,991.8,993.9,989.8,76,57,0.8,325,5.0,3,0.0
2020/09/18,994.8,997.4,992.9,80,52,0.9,33,8.1,101,18.5
2020/09/19,996.0,997.9,994.0,78,55,1.1,52,7.4,333,0.0
2020/09/20,993.9,995.8,991.7,79,60,0.8,172,6.4,337,0.0
2020/09/21,992.8,994.3,990.5,75,55,0.9,34,6.0,256,0.0
2020/09/22,992.3,993.9,990.2,76,54,0.9,310,5.9,240,0.0
2020/09/23,992.7,993.9,991.3,76,56,1.0,326,6.2,333,0.0
2020/09/24,992.5,993.9,991.0,76,53,0.9,24,6.2,329,0.0
2020/09/25,991.6,993.2,989.8,76,63,0.9,317,4.9,348,0.0
2020/09/26,991.7,993.6,989.7,78,61,0.8,44,5.6,178,0.0
2020/09/27,993.2,995.1,991.8,77,65,0.9,298,5.9,303,0.0
2020/09/28,993.0,994.9,991.3,84,72,0.7,299,5.1,354,0.0
2020/09/29,990.5,993.3,988.5,76,55,0.8,24,7.9,250,0.0
2020/09/30,989.9,991.6,988.6,76,57,1.1,335,6.6,349,0.0
2020/10/01,991.3,993.3,989.5,73,58,0.8,326,4.2,39,0.0
2020/10/02,993.0,994.9,990.8,74,45,0.7,34,6.7,341,0.0
2020/10/03,993.2,994.8,990.7,71,47,0.8,273,6.7,327,0.0
2020/10/04,991.9,994.2,989.2,69,44,0.8,281,6.7,344,0.0
2020/10/05,992.7,994.6,991.0,73,57,1.0,8,5.6,178,0.0
2020/10/06,994.3,995.8,992.1,69,51,1.5,41,5.9,41,0.0
2020/10/07,994.9,997.1,992.7,70,56,1.3,24,6.8,1,0.0
2020/10/08,995.3,997.0,993.3,71,58,1.0,67,4.6,39,0.0
2020/10/09,995.0,997.0,992.6,68,50,1.4,46,6.9,36,0.0
2020/10/10,993.3,995.1,991.1,70,50,1.2,62,6.9,355,0.0
2020/10/11,991.8,993.5,989.2,77,55,0.9,150,6.0,297,0.0
2020/10/12,992.0,993.6,989.9,76,57,0.7,47,5.3,268,0.0
2020/10/13,994.3,996.1,992.6,78,58,0.8,71,5.1,338,0.0
2020/10/14,995.8,997.7,993.8,76,57,0.9,47,5.5,346,0.0
2020/10/15,995.3,996.8,993.3,76,55,0.7,30,5.4,256,0.0
2020/10/16,995.4,997.7,993.5,76,54,0.8,325,5.4,344,0.0
2020/10/17,996.1,997.9,994.5,79,66,1.1,50,5.6,30,0.0
2020/10/18,996.6,998.4,994.8,76,60,1.0,14,6.1,2,0.0
2020/10/19,995.9,997.6,993.3,74,55,1.0,16,6.4,224,0.0
2020/10/20,994.0,996.8,992.1,78,59,0.8,62,4.4,257,0.0
2020/10/21,990.1,993.2,988.0,80,65,0.7,67,4.5,258,0.0
2020/10/22,990.3,993.2,987.7,81,67,1.7,29,11.2,336,0.0
2020/10/23,992.8,994.3,990.5,81,71,1.3,1,5.5,42,0.0
2020/10/24,995.5,997.4,993.6,76,63,0.8,4,4.5,30,0.0
2020/10/25,996.3,998.1,994.5,78,65,0.5,27,4.3,301,0.0
2020/10/26,994.6,996.7,992.1,79,58,0.6,301,6.2,172,0.0
2020/10/27,994.7,997.0,992.6,78,60,0.5,33,4.0,312,0.0
2020/10/28,997.0,998.7,995.7,76,53,0.7,293,5.9,313,0.0
2020/10/29,998.5,1000.6,996.2,78,59,0.9,291,6.8,339,0.0
2020/10/30,998.5,1000.3,996.4,71,52,1.2,70,5.2,342,0.0
2020/10/31,997.8,1000.1,995.8,71,57,0.9,37,4.5,337,0.0
2020/11/01,996.3,998.3,994.6,74,56,0.8,59,4.8,159,0.0
2020/11/02,995.1,996.8,992.7,73,51,1.0,62,5.6,40,0.0
2020/11/03,996.6,998.4,994.2,69,53,1.1,46,6.7,33,0.0
2020/11/04,997.8,999.5,995.8,65,55,0.9,31,4.4,63,0.0
2020/11/05,997.8,999.9,995.8,70,52,0.7,290,5.2,350,0.0
2020/11/06,993.8,997.3,990.7,82,55,0.7,50,5.2,347,0.0
2020/11/07,996.7,998.9,993.3,86,71,0.9,27,5.2,231,0.0
2020/11/08,998.1,1000.5,996.8,83,69,1.5,17,7.4,27,0.0
2020/11/09,998.3,999.9,996.2,85,77,0.9,50,4.5,338,1.5
2020/11/10,1000.0,1001.2,997.9,89,85,0.7,47,3.8,25,2.5
2020/11/11,1000.3,1002.1,999.0,77,60,0.8,218,5.2,171,0.0
2020/11/12,998.4,1000.5,996.7,78,56,0.8,55,4.4,164,0.0
2020/11/13,997.7,999.2,996.2,82,66,1.3,336,7.4,9,0.0
2020/11/14,998.7,1001.4,996.0,91,81,0.7,7,4.0,2,2.0
2020/11/15,1000.2,1002.0,999.0,85,70,0.6,239,4.2,252,0.0
2020/11/16,998.7,1001.1,996.8,83,60,0.5,50,3.9,256,0.0
2020/11/17,997.4,999.2,996.0,77,52,0.8,279,4.7,25,0.0
2020/11/18,995.7,997.4,993.8,75,45,0.6,164,5.7,342,0.0
2020/11/19,994.8,996.8,992.6,75,50,0.6,61,6.6,336,0.0
2020/11/20,995.8,997.4,994.2,77,52,0.7,3,6.0,42,0.0
2020/11/21,996.9,998.9,995.4,76,51,0.6,18,5.0,40,0.0
2020/11/22,999.6,1001.2,998.0,78,56,0.8,35,6.1,327,0.0
2020/11/23,1000.7,1002.4,998.9,77,61,0.9,18,5.5,45,0.0
2020/11/24,1000.7,1002.7,998.1,78,58,0.6,267,5.6,281,0.0
2020/11/25,1000.0,1001.7,997.7,80,58,0.6,35,4.5,247,0.0
2020/11/26,1000.3,1002.4,998.3,78,50,0.5,55,4.6,339,0.0
2020/11/27,1001.2,1003.3,998.9,78,61,1.1,147,5.7,312,0.0
2020/11/28,1001.5,1003.9,999.0,75,55,0.9,14,5.5,236,0.0
2020/11/29,1001.7,1003.4,999.8,76,58,1.1,42,4.5,353,0.0
2020/11/30,1001.9,1003.6,999.2,77,60,0.8,6,5.0,229,0.0
2020/12/01,1000.7,1003.0,998.1,77,54,0.9,42,5.0,308,0.0
2020/12/02,999.0,1001.5,996.4,72,51,1.2,1,6.7,41,0.0
2020/12/03,998.8,1000.3,997.0,74,56,1.4,21,7.0,26,0.0
2020/12/04,998.9,1000.9,997.1,74,65,1.1,6,7.1,45,0.0
2020/12/05,999.7,1001.8,997.7,73,55,1.2,22,6.2,33,0.0
2020/12/06,999.2,1000.5,997.0,79,57,0.7,304,4.5,345,0.0
2020/12/07,999.7,1001.5,997.4,80,59,1.0,33,5.2,327,0.0
2020/12/08,999.4,1001.4,997.9,87,76,0.9,33,7.3,360,0.5
2020/12/09,998.0,1000.2,996.1,94,86,0.7,2,4.5,55,16.0
2020/12/10,997.5,999.3,994.9,90,74,1.1,31,5.2,13,1.0
2020/12/11,996.7,998.4,994.8,90,76,0.9,309,4.3,34,0.0
2020/12/12,996.3,998.4,994.2,84,67,1.1,9,5.7,345,0.0
2020/12/13,996.9,999.3,994.6,80,52,0.9,181,6.8,329,0.0
2020/12/14,999.6,1002.1,997.4,80,65,1.0,12,7.5,6,0.0
2020/12/15,1002.0,1004.2,999.6,79,62,1.5,340,5.8,46,0.0
2020/12/16,1002.7,1004.9,1000.9,78,65,1.1,42,4.7,338,0.0
2020/12/17,1001.5,1003.6,999.0,78,57,0.9,53,5.9,327,0.0
2020/12/18,1001.7,1003.3,998.9,82,57,1.0,27,6.8,26,0.0
2020/12/19,1002.4,1004.2,999.6,81,61,1.7,19,8.2,40,0.0
2020/12/20,1003.0,1005.0,1001.2,76,65,1.1,17,5.1,13,0.0
2020/12/21,1001.7,1003.6,1000.5,91,79,0.7,65,5.8,332,4.0
2020/12/22,999.9,1002.1,997.4,86,62,0.9,7,4.7,346,0.0
2020/12/23,998.1,1000.9,996.2,94,85,1.3,35,6.1,30,1.0
2020/12/24,996.7,998.7,994.6,87,63,1.5,4,7.3,105,12.0
2020/12/25,999.6,1001.4,997.7,81,68,0.9,281,4.9,37,0.0
2020/12/26,1000.3,1003.1,997.6,75,44,0.8,13,5.2,344,0.0
2020/12/27,998.1,999.8,996.0,80,44,1.4,2,10.7,41,3.0
2020/12/28,995.6,997.6,993.2,82,53,0.6,16,5.3,321,0.0
2020/12/29,995.8,997.4,993.8,83,63,0.7,296,5.2,41,0.0
2020/12/30,1001.4,1004.7,996.2,75,58,1.4,29,8.7,46,0.0
2020/12/31,1005.9,1007.4,1004.4,70,58,1.3,13,4.6,68,0.0
2021/01/01,1005.1,1007.2,1002.5,75,59,0.9,166,5.0,39,0.0
2021/01/02,1003.3,1005.2,1000.2,78,50,0.8,285,5.2,217,0.0
2021/01/03,1003.5,1005.2,1000.8,76,41,1.0,25,7.6,31,0.0
2021/01/04,1002.1,1004.6,999.5,81,54,1.0,30,5.5,62,0.0
2021/01/05,1000.5,1002.1,997.9,80,63,1.3,251,6.5,350,0.0
2021/01/06,999.7,1001.8,997.3,87,83,1.1,19,4.5,32,0.0
2021/01/07,1000.7,1003.1,998.6,93,80,1.3,18,5.8,26,3.0
2021/01/08,1004.0,1005.3,1002.1,87,79,1.5,37,6.2,337,1.0
2021/01/09,1004.0,1005.8,1001.7,76,63,1.3,69,7.1,26,0.0
2021/01/10,1003.3,1005.0,1000.8,76,56,0.8,46,5.3,336,0.0
2021/01/11,1004.0,1006.2,1001.8,88,79,1.2,34,7.3,42,1.0
2021/01/12,1002.9,1005.6,1000.6,85,62,1.1,34,5.3,355,2.5
2021/01/13,1000.6,1002.3,997.9,74,39,0.8,129,7.1,338,0.0
2021/01/14,999.3,1001.4,996.8,73,39,0.6,60,4.8,224,0.0
2021/01/15,998.0,1000.1,994.2,74,35,0.9,9,5.3,300,0.0
2021/01/16,998.2,1001.5,996.1,75,44,0.9,92,6.1,316,0.0
2021/01/17,1002.7,1004.7,1000.2,75,47,1.0,66,6.4,41,0.0
2021/01/18,1002.9,1004.7,999.9,76,55,0.9,56,6.7,331,0.0
2021/01/19,1001.4,1002.7,999.9,76,50,0.8,159,5.1,337,0.0
2021/01/20,999.9,1001.7,998.0,79,47,0.7,53,5.6,340,0.0
2021/01/21,997.0,999.6,994.2,75,28,0.8,16,7.0,352,0.0
2021/01/22,993.4,995.7,991.4,86,61,0.7,248,4.8,137,0.5
2021/01/23,995.0,998.0,992.3,86,64,0.9,275,5.9,331,0.0
2021/01/24,998.7,1000.3,997.1,82,64,0.8,153,7.7,306,0.0
2021/01/25,999.6,1002.1,997.1,74,45,0.8,256,6.7,247,0.0
2021/01/26,998.6,1000.3,996.5,79,59,0.8,167,6.2,353,0.0
2021/01/27,999.0,1001.1,996.5,83,62,0.8,16,5.3,254,0.0
2021/01/28,1001.7,1003.6,1000.2,81,57,1.7,16,11.2,23,0.0
2021/01/29,1002.6,1004.4,1000.9,76,53,0.7,69,6.1,347,0.0
2021/01/30,1004.3,1006.2,1002.3,77,53,0.8,140,5.5,311,0.0
2021/01/31,1004.2,1006.5,1002.1,72,44,0.8,176,7.0,324,0.0
2021/02/01,1001.8,1003.9,999.6,68,32,0.9,33,6.8,332,0.0
2021/02/02,1001.5,1003.3,999.0,70,34,0.8,96,5.7,238,0.0
2021/02/03,1003.3,1005.3,1001.1,76,48,0.9,63,6.6,333,0.0
2021/02/04,1003.3,1005.8,1001.2,77,52,0.8,80,7.1,336,0.0
2021/02/05,1001.5,1003.4,999.5,79,48,0.7,258,6.2,331,0.0
2021/02/06,1000.1,1002.5,997.7,71,33,0.9,159,8.4,345,0.0
2021/02/07,1000.0,1002.3,997.7,78,50,0.9,147,7.9,333,0.0
2021/02/08,1000.5,1002.4,998.6,77,49,0.7,80,5.8,304,0.0
2021/02/09,999.9,1002.1,997.9,76,54,0.9,107,5.0,339,0.0
2021/02/10,995.8,999.2,992.9,85,60,0.8,11,7.0,301,2.5
2021/02/11,993.4,995.4,991.3,94,84,1.4,19,7.0,312,23.0
2021/02/12,995.8,998.1,993.3,87,67,0.8,314,4.9,328,0.0
2021/02/13,997.1,999.2,995.1,82,42,1.0,12,7.2,341,0.0
2021/02/14,996.6,998.7,994.3,83,52,1.0,39,7.4,334,0.0
2021/02/15,996.8,998.0,995.2,77,45,0.8,255,8.7,217,0.0
2021/02/16,998.0,999.8,995.8,72,40,0.9,268,7.2,345,0.0
2021/02/17,1000.7,1003.6,999.0,71,49,1.3,13,6.8,343,0.0
2021/02/18,1004.7,1006.6,1002.4,63,40,1.1,155,8.1,309,0.0
2021/02/19,1004.5,1006.9,1002.5,72,51,0.7,142,5.9,347,0.0
2021/02/20,1002.4,1004.6,1000.2,73,45,0.8,50,6.7,331,0.0
2021/02/21,1000.5,1003.0,998.4,63,30,0.9,163,8.8,341,0.0
2021/02/22,998.7,1000.6,996.4,64,36,0.7,144,5.7,247,0.0
2021/02/23,996.7,999.5,993.9,76,45,0.9,305,6.7,309,0.0
2021/02/24,995.5,998.1,993.0,82,63,1.0,288,6.3,341,0.0
2021/02/25,993.3,995.2,991.3,80,57,0.9,241,7.6,249,0.0
2021/02/26,992.2,994.3,990.7,78,54,1.0,294,6.5,337,0.0
2021/02/27,995.9,998.0,993.5,83,61,1.2,285,6.2,260,0.0
2021/02/28,998.0,999.9,996.1,79,57,0.9,57,6.8,305,0.0
2021/03/01,998.8,1001.1,997.3,76,51,0.8,57,6.2,336,0.0
2021/03/02,999.9,1002.7,997.9,78,59,1.1,21,6.8,34,0.0
2021/03/03,1002.0,1003.6,1000.5,80,65,1.1,314,7.8,332,0.0
2021/03/04,1001.3,1003.1,999.5,78,53,1.1,268,6.7,343,0.0
2021/03/05,999.1,1001.8,997.1,80,60,1.0,42,8.6,343,0.0
2021/03/06,999.4,1001.5,997.6,82,65,1.0,282,6.6,339,0.5
2021/03/07,1000.4,1002.7,998.1,87,69,1.1,261,6.4,286,0.0
2021/03/08,1001.5,1003.3,999.2,83,63,1.0,43,5.1,309,0.0
2021/03/09,1001.7,1003.7,999.3,83,57,0.9,62,6.3,334,0.0
2021/03/10,1002.0,1003.9,999.3,81,56,1.0,313,5.7,310,0.0
2021/03/11,1002.0,1004.2,999.8,81,61,0.9,273,7.6,5,0.0
2021/03/12,1001.0,1003.0,998.3,73,51,0.8,280,8.8,303,0.0
2021/03/13,1000.0,1002.1,998.0,77,55,1.0,291,7.0,338,0.0
2021/03/14,998.4,1000.3,996.2,75,51,1.1,285,7.1,245,0.0
2021/03/15,997.4,999.3,996.0,72,52,1.1,47,9.0,334,0.0
2021/03/16,996.2,997.6,994.0,68,46,1.0,292,7.3,338,0.0
2021/03/17,996.1,997.6,994.5,72,51,0.8,52,6.3,1,0.0
2021/03/18,995.8,997.7,994.0,77,52,1.1,317,7.6,306,0.0
2021/03/19,995.1,997.4,993.0,78,54,1.0,286,7.6,331,0.0
2021/03/20,993.8,995.8,991.6,75,49,1.0,284,8.8,335,0.0
2021/03/21,997.3,1001.8,994.0,78,56,1.4,286,9.1,30,0.0
2021/03/22,1003.0,1004.7,1000.6,86,73,1.3,35,6.9,351,0.0
2021/03/23,1001.5,1004.3,999.0,85,69,0.7,274,5.2,235,0.0
2021/03/24,999.1,1002.4,996.7,92,77,1.2,32,7.7,29,9.0
2021/03/25,998.5,1001.5,996.8,80,51,1.0,14,6.9,351,0.0
2021/03/26,997.7,1000.5,995.8,77,54,0.8,3,6.0,348,0.0
2021/03/27,994.6,997.1,991.8,74,53,0.8,283,6.6,343,0.0
2021/03/28,992.1,993.9,990.1,76,53,0.8,56,8.6,2,0.0
2021/03/29,991.0,993.3,988.2,77,52,1.1,288,6.9,312,0.0
2021/03/30,990.2,992.1,988.6,81,59,0.9,289,7.1,333,2.0
2021/03/31,990.5,992.3,989.4,81,59,0.9,81,8.7,348,0.0
2021/04/01,991.3,993.5,989.2,81,66,0.9,66,5.9,338,0.0
2021/04/02,993.1,995.4,991.6,75,44,1.0,1,7.4,341,0.0
2021/04/03,994.4,995.8,992.6,77,59,1.2,283,6.9,294,0.0
2021/04/04,995.7,997.4,994.2,76,62,1.2,283,7.3,329,0.0
2021/04/05,998.7,1000.8,997.0,63,47,1.2,302,6.5,333,0.0
2021/04/06,999.0,1001.1,996.8,68,48,1.2,278,7.2,291,0.0
2021/04/07,997.8,1000.3,996.1,78,68,0.9,59,4.6,93,0.0
2021/04/08,996.3,998.4,994.2,80,62,1.3,62,7.2,37,0.0
2021/04/09,998.4,1000.3,996.1,81,66,1.1,25,6.2,45,0.5
2021/04/10,1000.4,1001.7,998.3,78,52,1.1,264,6.3,332,0.0
2021/04/11,1000.9,1003.0,999.2,78,57,1.1,298,7.3,335,0.0
2021/04/12,998.9,1001.5,996.7,78,50,1.1,64,7.9,333,0.0
2021/04/13,996.9,998.6,995.1,75,50,0.9,295,7.9,16,0.0
2021/04/14,996.1,997.9,994.2,77,57,1.2,35,6.9,360,0.0
2021/04/15,995.4,997.6,992.7,75,53,1.0,61,6.8,23,0.0
2021/04/16,995.8,997.6,994.2,75,52,1.1,9,6.8,339,0.0
2021/04/17,996.6,998.7,994.6,70,48,1.1,322,7.7,345,0.0
2021/04/18,995.8,997.3,993.0,73,61,1.0,24,5.8,352,0.0
2021/04/19,994.7,996.2,992.7,68,55,0.8,50,5.5,334,0.0
2021/04/20,994.3,996.0,992.6,72,56,0.7,166,4.9,315,0.0
2021/04/21,993.2,995.4,991.1,70,51,0.8,79,7.9,337,0.0
2021/04/22,990.3,992.4,988.0,80,63,0.9,279,7.9,344,0.0
2021/04/23,989.6,991.4,987.2,76,48,1.3,305,7.7,309,0.0
2021/04/24,992.4,994.8,990.1,75,49,1.0,309,8.3,294,0.0
2021/04/25,994.6,996.7,992.3,78,64,0.7,2,4.1,39,0.5
2021/04/26,996.0,998.7,994.3,79,56,0.9,61,7.7,230,0.0
2021/04/27,998.1,999.8,996.8,81,57,0.9,47,7.6,6,0.0
2021/04/28,997.7,999.6,996.1,81,58,0.9,339,6.2,75,0.0
2021/04/29,995.2,996.5,993.8,94,88,0.3,54,3.8,306,33.0
2021/04/30,994.8,996.5,993.2,79,61,0.9,304,7.5,335,0.0
2021/05/01,995.4,997.0,993.9,73,50,0.8,288,6.4,327,0.0
2021/05/02,997.1,999.5,995.4,75,48,0.9,15,6.4,344,0.0
2021/05/03,996.6,998.7,994.5,78,56,0.9,14,6.8,27,0.0
2021/05/04,994.7,996.5,992.1,76,59,0.8,329,7.0,345,0.0
2021/05/05,996.1,998.3,994.2,77,58,0.9,48,8.0,315,0.0
2021/05/06,997.8,999.5,996.1,76,60,0.9,294,7.5,326,0.0
2021/05/07,995.9,998.6,993.3,76,56,0.9,280,5.6,314,0.0
2021/05/08,993.1,994.9,991.4,76,50,1.1,294,7.8,311,0.0
2021/05/09,992.7,995.2,990.5,72,54,1.2,55,8.8,306,0.0
2021/05/10,992.4,994.8,990.2,74,53,1.1,3,6.3,335,0.0
2021/05/11,992.4,994.3,990.7,70,44,1.0,280,7.5,331,0.0
2021/05/12,992.4,994.5,990.1,67,48,0.9,294,8.2,341,0.0
2021/05/13,992.8,995.1,991.3,73,53,1.0,21,7.0,303,0.0
2021/05/14,993.4,994.9,992.0,75,53,1.0,303,7.9,347,0.0
2021/05/15,992.9,994.9,991.0,71,47,1.1,280,10.8,321,0.0
2021/05/16,993.0,994.8,991.1,70,43,1.0,14,7.7,264,0.0
2021/05/17,993.5,995.5,992.1,68,50,1.0,166,8.2,339,0.0
2021/05/18,993.4,995.4,990.8,70,54,0.9,61,6.9,250,0.0
2021/05/19,992.1,994.2,990.1,69,46,1.0,8,9.5,157,0.0
2021/05/20,992.5,994.2,991.0,67,46,0.9,24,9.2,311,0.0
2021/05/21,992.2,994.2,990.1,67,50,1.0,171,8.1,340,0.0
2021/05/22,991.4,993.5,989.5,70,50,0.9,33,7.5,328,0.0
2021/05/23,991.9,993.8,990.5,70,49,1.0,325,8.2,352,0.0
2021/05/24,993.3,995.1,991.6,76,52,1.1,32,7.6,1,3.0
2021/05/25,993.4,995.2,991.4,72,51,1.0,265,7.5,224,0.0
2021/05/26,993.0,994.8,990.8,77,53,0.8,273,7.9,167,4.0
2021/05/27,992.9,994.6,991.3,72,46,0.7,242,7.5,247,0.0
2021/05/28,992.6,994.6,990.5,69,48,1.2,238,10.5,254,0.0
2021/05/29,990.7,992.0,989.1,74,44,0.9,24,8.6,246,3.0
2021/05/30,988.4,990.8,987.0,92,78,1.1,51,6.7,93,95.0
2021/05/31,988.5,991.1,986.9,90,68,0.9,10,11.3,238,33.5
2021/06/01,990.6,992.0,989.5,89,63,0.9,27,7.3,127,81.0
2021/06/02,991.5,993.0,989.4,84,58,0.8,327,13.6,160,16.0
2021/06/03,990.0,992.1,987.5,79,56,0.8,261,6.9,331,0.5
2021/06/04,987.3,989.1,984.8,84,54,1.0,48,12.4,167,192.0
2021/06/05,987.2,988.8,985.5,91,73,0.7,17,11.3,231,105.5
2021/06/06,988.5,992.0,986.1,94,81,0.7,55,5.3,239,20.5
2021/06/07,992.7,994.6,990.7,80,59,0.9,66,12.0,248,0.5
2021/06/08,993.4,994.8,991.1,83,56,0.9,73,9.7,30,57.0
2021/06/09,991.8,993.8,989.8,81,54,0.9,59,6.9,355,0.5
2021/06/10,990.3,992.4,987.7,81,54,1.1,61,6.4,297,21.0
2021/06/11,991.0,993.8,989.5,77,55,0.8,25,7.4,327,0.0
2021/06/12,993.8,996.0,992.3,83,57,0.7,54,12.6,156,34.0
2021/06/13,993.4,995.5,990.1,83,58,0.9,13,7.9,151,29.0
2021/06/14,990.5,993.3,988.5,75,51,0.8,68,6.3,333,0.0
2021/06/15,988.6,989.8,987.3,75,56,1.0,43,10.3,254,2.0
2021/06/16,990.7,992.7,987.5,82,65,0.8,70,5.1,155,24.5
2021/06/17,991.8,993.5,990.5,77,55,1.0,240,9.8,162,0.0
2021/06/18,990.5,992.4,988.3,74,54,1.1,53,7.9,255,0.0
2021/06/19,988.5,990.4,986.9,81,59,1.0,238,9.3,262,15.0
2021/06/20,986.9,988.8,985.1,89,69,0.9,15,5.6,170,163.0
2021/06/21,987.2,989.2,985.4,92,84,0.9,1,5.5,152,106.0
2021/06/22,988.5,990.2,985.7,91,76,0.8,11,9.8,256,33.0
2021/06/23,989.9,991.7,987.9,87,64,0.7,43,6.5,244,0.0
2021/06/24,990.1,991.7,988.0,88,63,0.9,38,6.6,239,28.0
2021/06/25,990.1,991.7,988.3,80,59,0.9,22,7.7,228,0.0
2021/06/26,991.7,993.3,989.9,81,65,0.7,28,5.0,162,0.5
2021/06/27,990.8,992.9,988.6,85,65,0.9,213,7.6,27,2.5
2021/06/28,989.7,991.0,988.3,87,64,0.8,44,6.3,274,28.5
2021/06/29,990.6,992.1,989.7,85,70,1.0,24,10.4,251,12.5
2021/06/30,991.1,992.4,989.8,79,63,1.0,245,10.3,248,1.0
2021/07/01,991.4,992.9,989.5,74,53,0.8,267,7.5,256,0.0
2021/07/02,991.7,993.0,990.2,76,60,0.8,159,7.0,242,0.0
2021/07/03,991.2,992.9,989.4,76,52,0.8,245,6.3,137,0.0
2021/07/04,991.8,993.3,990.5,81,56,1.0,293,8.2,334,10.0
2021/07/05,990.7,992.6,988.9,73,50,0.9,38,6.9,78,0.0
2021/07/06,989.9,994.8,986.0,79,64,0.9,241,9.7,248,0.0
2021/07/07,995.0,997.0,993.5,83,56,0.7,12,6.2,271,95.0
2021/07/08,995.5,997.1,993.9,80,54,0.9,313,7.7,247,0.0
2021/07/09,994.1,995.5,992.4,77,47,0.8,70,6.9,353,0.0
2021/07/10,994.6,996.7,993.2,80,59,0.7,13,7.2,337,1.5
2021/07/11,995.3,996.7,993.8,85,62,0.8,44,9.6,165,71.5
2021/07/12,994.5,996.5,992.4,85,59,0.8,32,7.8,59,13.5
2021/07/13,993.0,994.2,991.6,85,58,1.1,29,9.0,109,33.0
2021/07/14,992.4,993.9,990.4,74,54,0.9,7,7.4,334,0.0
2021/07/15,992.3,993.8,990.2,82,63,0.9,102,6.7,245,21.5
2021/07/16,991.9,993.6,990.1,84,56,0.6,56,9.0,322,54.5
2021/07/17,988.9,991.0,986.1,82,48,0.9,51,9.5,178,21.5
2021/07/18,987.4,988.8,985.4,83,53,0.7,312,6.5,74,26.5
2021/07/19,987.3,988.8,985.4,84,58,0.8,55,8.1,331,3.5
2021/07/20,987.2,988.5,985.4,83,57,1.1,31,8.8,152,13.5
2021/07/21,984.0,986.7,981.6,75,52,1.1,16,8.5,39,0.0
2021/07/22,978.9,982.6,976.5,81,68,1.5,3,10.5,337,0.5
2021/07/23,977.0,978.2,975.4,85,73,1.3,3,13.7,4,13.5
2021/07/24,979.5,981.4,977.5,88,70,0.7,173,5.9,48,18.5
2021/07/25,981.4,983.2,979.8,78,57,1.3,233,9.2,267,0.0
2021/07/26,981.2,983.2,979.2,78,61,1.2,214,10.8,266,0.5
2021/07/27,979.8,981.6,977.5,74,54,0.9,243,5.7,245,0.0
2021/07/28,981.4,983.8,979.4,73,56,1.0,234,9.8,290,0.0
2021/07/29,984.4,986.6,982.3,76,59,1.0,244,9.6,250,1.0
2021/07/30,985.7,987.0,984.1,76,57,1.1,235,7.9,289,0.0
2021/07/31,984.8,987.2,982.6,86,66,1.1,33,8.7,271,48.0
2021/08/01,982.2,984.1,980.1,95,85,0.9,10,5.7,60,98.0
2021/08/02,981.7,982.9,980.0,94,88,0.6,60,5.8,40,71.0
2021/08/03,982.2,983.9,980.7,90,65,0.7,54,11.4,242,14.0
2021/08/04,982.6,984.5,980.6,83,64,0.8,5,6.8,257,0.5
2021/08/05,982.1,983.6,980.9,92,86,0.7,19,4.4,74,32.5
2021/08/06,980.7,982.5,979.0,93,86,1.4,15,11.2,260,71.5
2021/08/07,983.1,987.6,977.6,95,88,1.2,214,13.9,248,119.5
2021/08/08,988.8,991.0,986.6,86,70,0.9,8,7.9,237,5.0
2021/08/09,990.9,992.3,989.2,90,77,0.6,56,6.0,235,9.0
2021/08/10,991.3,993.2,990.1,86,61,0.6,71,7.7,112,33.5
2021/08/11,993.2,995.1,991.4,86,61,0.8,4,12.1,155,25.0
2021/08/12,993.5,995.7,991.0,82,63,0.7,237,6.8,248,1.0
2021/08/13,990.8,992.7,989.4,85,59,0.7,36,8.5,246,1.5
2021/08/14,991.4,994.5,989.4,80,61,0.8,240,8.3,249,0.5
2021/08/15,994.9,997.7,992.9,78,60,0.7,215,5.3,239,9.5
2021/08/16,996.4,997.7,994.9,82,61,0.6,225,5.9,233,0.0
2021/08/17,994.3,996.8,991.6,78,60,0.7,140,7.8,253,0.0
2021/08/18,992.3,994.0,990.2,80,62,0.8,16,5.8,333,14.5
2021/08/19,992.6,994.0,990.1,86,60,0.8,61,13.9,166,36.0
2021/08/20,993.4,995.2,991.4,82,54,0.7,34,9.2,235,2.5
2021/08/21,992.5,994.0,990.1,78,63,0.8,37,5.4,323,0.0
2021/08/22,991.3,993.0,989.4,76,55,0.8,161,6.0,322,0.0
2021/08/23,991.5,992.9,990.4,78,58,0.8,204,7.0,165,0.0
2021/08/24,992.4,994.3,990.5,83,55,0.9,3,12.5,171,21.0
2021/08/25,993.8,996.2,992.1,84,56,0.9,21,7.9,104,28.5
2021/08/26,995.3,997.1,993.3,78,53,0.9,321,7.3,339,0.5
2021/08/27,995.3,996.4,993.5,79,56,0.7,22,6.7,215,0.0
2021/08/28,994.5,995.7,992.4,79,47,0.8,276,6.0,320,7.0
2021/08/29,994.3,995.7,992.7,78,50,0.7,78,5.6,306,0.0
2021/08/30,994.6,996.8,993.2,82,70,0.7,53,5.1,257,0.0
2021/08/31,994.3,995.8,993.0,84,63,0.6,44,6.5,251,26.0
2021/09/01,993.8,995.1,991.6,84,57,0.5,27,6.9,160,14.5
2021/09/02,992.6,994.6,990.1,84,65,0.8,174,6.3,5,4.5
2021/09/03,991.4,993.2,989.4,85,61,1.1,52,9.5,221,15.0
2021/09/04,992.5,994.2,991.0,83,51,0.7,45,7.4,326,21.5
2021/09/05,993.0,995.5,991.0,84,63,0.7,48,5.5,354,9.5
2021/09/06,994.5,996.0,993.2,78,55,0.9,323,6.4,335,0.0
2021/09/07,993.9,995.7,991.7,79,55,0.7,24,8.0,167,4.5
2021/09/08,992.5,994.0,990.8,83,63,0.7,9,5.8,317,9.5
2021/09/09,992.4,993.8,990.8,83,60,0.7,295,8.5,156,12.5
2021/09/10,990.6,992.9,988.0,78,58,0.8,26,5.3,1,0.0
2021/09/11,983.1,988.2,979.1,81,63,0.7,55,5.6,240,0.0
2021/09/12,981.3,987.9,976.8,86,72,0.9,33,8.4,34,7.0
2021/09/13,990.8,994.8,987.0,82,60,0.8,45,8.6,238,12.0
2021/09/14,994.8,996.4,992.9,77,58,0.9,225,7.3,95,0.0
2021/09/15,994.2,996.1,991.3,80,52,0.9,311,10.2,177,0.5
2021/09/16,992.5,994.3,989.5,79,50,1.0,62,8.6,326,0.0
2021/09/17,993.4,995.1,991.8,82,59,0.8,68,6.2,88,22.5
2021/09/18,995.0,996.5,993.8,79,62,0.6,259,6.5,353,0.0
2021/09/19,995.1,996.1,993.6,79,57,0.6,11,4.5,326,3.5
2021/09/20,994.2,996.1,991.6,77,56,0.7,21,5.5,335,0.5
2021/09/21,993.2,994.9,991.1,81,59,0.9,293,6.9,75,1.0
2021/09/22,995.0,997.6,993.0,76,53,1.1,54,7.2,13,0.0
2021/09/23,997.4,998.9,995.8,74,49,1.1,32,10.0,132,0.0
2021/09/24,996.8,999.0,994.6,75,52,0.8,324,5.9,342,0.0
2021/09/25,995.2,997.1,993.5,75,55,0.8,2,5.1,23,0.0
2021/09/26,994.1,995.7,992.3,74,51,0.8,1,5.5,341,0.0
2021/09/27,992.8,994.5,991.3,76,57,0.8,46,5.5,316,0.0
2021/09/28,991.4,993.2,989.5,77,60,0.7,346,4.6,331,0.0
2021/09/29,990.2,991.6,987.9,74,53,0.8,157,4.7,15,0.0
2021/09/30,991.2,993.5,989.1,75,56,0.7,290,5.5,335,0.0
2021/10/01,992.8,994.8,990.5,75,52,0.9,329,6.2,5,0.0
2021/10/02,994.6,996.5,992.4,76,57,0.8,315,5.6,333,0.0
2021/10/03,995.5,996.8,993.9,77,52,0.8,266,6.5,305,0.0
2021/10/04,995.5,997.4,994.2,75,50,0.7,32,5.7,312,0.0
2021/10/05,993.5,995.5,991.8,79,57,0.6,72,6.2,20,2.5
2021/10/06,991.3,993.9,988.9,74,47,0.7,56,6.7,69,0.0
2021/10/07,990.9,992.4,989.4,76,59,0.6,17,5.4,3,0.0
2021/10/08,991.5,993.3,989.8,78,60,0.6,304,4.5,1,0.0
2021/10/09,991.8,993.3,989.8,78,52,0.7,44,5.5,14,0.0
2021/10/10,989.7,992.3,987.5,74,48,0.7,32,6.0,221,0.0
2021/10/11,981.0,987.6,977.2,73,55,1.3,6,8.3,43,0.0
2021/10/12,982.0,987.5,977.3,86,68,0.8,29,7.3,209,2.5
2021/10/13,990.8,993.5,987.2,90,76,0.8,54,6.0,43,12.5
2021/10/14,993.0,994.9,991.0,92,86,0.4,52,2.1,299,3.0
2021/10/15,992.6,994.3,991.0,81,49,0.6,8,5.4,330,0.0
2021/10/16,995.5,998.3,993.5,77,53,0.7,33,5.6,17,0.0
2021/10/17,998.5,1000.2,996.8,71,56,1.5,33,7.4,36,0.0
2021/10/18,999.4,1001.2,997.4,74,60,1.1,68,4.9,39,0.0
2021/10/19,1000.0,1001.8,997.7,79,61,0.8,151,6.0,338,0.0
2021/10/20,998.8,1000.5,997.0,82,64,0.6,290,5.4,360,0.0
2021/10/21,997.0,998.6,995.5,80,63,0.8,1,7.9,29,0.0
2021/10/22,999.1,1000.6,997.0,81,74,1.3,4,6.2,30,0.0
2021/10/23,999.9,1001.4,998.4,78,62,0.7,41,4.6,154,0.0
2021/10/24,999.2,1001.2,997.0,84,72,1.0,353,8.6,55,0.0
2021/10/25,997.4,999.3,995.4,77,57,1.0,57,6.4,44,0.0
2021/10/26,997.5,999.3,995.5,76,50,0.7,19,5.9,330,0.0
2021/10/27,998.8,1000.5,997.0,76,53,0.7,297,6.1,237,0.0
2021/10/28,999.8,1001.5,998.1,76,56,0.5,7,4.3,339,0.0
2021/10/29,1000.3,1002.7,998.4,76,60,0.7,290,5.5,311,0.0
2021/10/30,1001.0,1002.7,999.8,78,62,0.8,79,5.9,303,0.0
2021/10/31,1000.8,1002.1,998.7,77,52,0.8,45,4.5,22,0.0
2021/11/01,1000.7,1002.7,998.4,78,55,0.6,14,5.2,336,0.0
2021/11/02,1000.0,1002.3,998.0,78,58,0.7,304,6.0,221,0.0
2021/11/03,998.6,1000.5,996.5,78,63,0.5,44,5.2,332,0.0
2021/11/04,997.9,999.6,996.5,78,58,0.4,36,4.6,241,0.0
2021/11/05,995.5,998.0,993.2,77,53,0.5,165,7.6,1,0.0
2021/11/06,993.3,994.5,991.4,77,48,0.7,29,7.1,336,0.0
2021/11/07,994.7,996.4,993.2,76,48,0.5,159,4.6,341,0.0
2021/11/08,997.0,999.5,995.1,78,69,1.2,18,7.4,333,0.0
2021/11/09,999.6,1002.1,998.0,70,60,0.8,29,5.6,336,0.0
2021/11/10,1000.0,1001.8,998.1,71,40,1.0,13,6.6,337,0.0
2021/11/11,999.4,1002.0,996.5,73,47,0.6,45,5.6,337,0.0
2021/11/12,1000.2,1003.0,998.6,72,51,0.8,5,5.9,13,0.0
2021/11/13,1000.0,1003.0,997.9,87,71,1.2,3,6.5,34,7.5
2021/11/14,999.3,1001.4,996.8,83,66,0.9,21,4.7,334,0.0
2021/11/15,998.7,1000.9,996.7,80,58,0.5,318,4.5,32,0.0
2021/11/16,999.2,1000.8,997.6,77,49,0.5,45,5.7,344,0.0
2021/11/17,998.5,1000.5,996.7,78,55,0.7,262,5.2,269,0.0
2021/11/18,995.7,998.7,992.4,83,57,1.5,31,7.6,360,0.0
2021/11/19,993.6,995.7,991.3,83,61,0.7,21,6.0,331,0.5
2021/11/20,995.1,997.1,993.5,76,45,0.5,151,4.9,252,0.0
2021/11/21,996.2,997.6,994.6,77,50,0.6,155,5.4,328,0.0
2021/11/22,997.3,999.9,995.4,80,66,1.2,17,8.2,25,0.0
2021/11/23,1001.2,1003.1,998.9,81,73,1.0,41,5.2,11,0.0
2021/11/24,1001.2,1003.1,999.2,78,64,0.7,35,4.3,353,0.0
2021/11/25,999.6,1001.4,998.0,84,68,0.6,33,3.9,22,0.0
2021/11/26,999.8,1001.5,998.3,90,80,0.9,330,6.7,54,2.0
2021/11/27,1000.4,1001.5,999.0,83,65,0.5,11,4.7,96,0.0
2021/11/28,1000.7,1003.0,999.3,88,74,0.4,26,3.1,349,0.5
2021/11/29,997.7,999.8,995.4,82,56,0.5,86,5.5,235,0.5
2021/11/30,998.2,999.9,996.0,81,63,1.3,23,8.9,23,0.0
2021/12/01,999.6,1002.5,996.6,64,50,1.6,31,8.9,47,0.0
2021/12/02,999.5,1001.6,996.6,71,52,1.0,52,6.8,14,0.0
2021/12/03,999.9,1002.0,997.0,71,33,1.3,31,7.4,10,0.0
2021/12/04,1000.7,1002.4,998.6,66,29,0.6,165,4.8,331,0.0
2021/12/05,1000.1,1002.2,997.9,71,33,0.8,160,6.7,332,0.0
2021/12/06,998.2,999.7,996.1,77,49,0.6,47,5.8,348,0.0
2021/12/07,999.5,1001.4,998.1,76,51,0.6,149,4.6,336,0.0
2021/12/08,1001.3,1003.2,999.5,78,52,0.6,146,6.1,339,0.0
2021/12/09,1001.3,1003.2,999.8,79,50,0.5,163,5.5,311,0.0
2021/12/10,999.8,1001.4,997.8,77,46,0.5,241,5.0,266,0.0
2021/12/11,1000.7,1002.7,998.5,79,49,0.5,180,5.0,309,0.0
2021/12/12,1000.1,1002.0,997.8,78,47,1.0,19,7.2,10,0.0
2021/12/13,999.5,1001.7,997.0,79,55,0.5,21,4.8,32,0.0
2021/12/14,998.2,1000.8,995.4,79,47,0.5,41,5.3,261,0.0
2021/12/15,997.3,999.5,994.1,81,49,0.4,77,5.6,309,0.0
2021/12/16,997.0,998.3,994.5,78,48,0.4,185,5.8,278,0.0
2021/12/17,997.8,1000.5,995.4,78,54,1.4,28,7.5,54,0.0
2021/12/18,1001.3,1003.2,999.2,74,58,0.7,3,5.1,41,0.0
2021/12/19,1001.3,1003.2,999.2,72,56,0.7,100,4.1,63,0.0
2021/12/20,999.6,1001.6,997.5,80,62,0.6,36,4.9,17,0.5
2021/12/21,994.8,997.6,992.0,96,92,0.6,326,5.6,45,13.5
2021/12/22,994.7,996.0,993.1,93,86,0.7,28,5.1,41,0.0
2021/12/23,995.9,997.6,994.1,86,68,0.7,55,5.0,313,0.0
2021/12/24,996.6,998.2,994.8,89,68,0.6,13,5.8,339,0.5
2021/12/25,1000.0,1002.7,996.9,89,80,1.0,44,5.9,34,6.5
2021/12/26,1003.8,1006.0,1001.6,82,71,0.9,20,5.5,30,0.0
2021/12/27,1005.5,1007.6,1003.3,89,80,1.0,7,6.3,345,1.0
2021/12/28,1003.7,1006.3,1001.1,84,62,0.9,282,5.3,302,0.0
2021/12/29,1003.3,1004.8,1001.6,84,58,0.7,3,6.2,335,0.0
2021/12/30,1003.7,1005.2,1001.6,81,59,0.8,18,5.6,30,0.0
2021/12/31,1004.7,1006.3,1002.3,79,57,0.8,40,5.6,360,0.0
2022/01/01,1004.2,1006.6,1001.9,72,40,1.1,26,8.4,46,0.0
2022/01/02,1002.1,1004.1,999.5,77,45,0.7,6,5.9,239,0.0
2022/01/03,1000.9,1002.9,998.6,76,44,0.9,3,7.2,33,0.0
2022/01/04,999.8,1002.0,997.2,79,50,0.6,166,5.0,273,0.0
2022/01/05,998.1,999.8,995.4,85,60,0.5,65,4.9,22,0.0
2022/01/06,998.7,1001.6,996.6,87,64,0.8,241,6.0,41,1.0
2022/01/07,1000.8,1002.7,998.8,90,76,1.2,28,9.0,3,3.5
2022/01/08,999.0,1001.3,996.6,85,63,0.8,62,6.0,30,0.5
2022/01/09,997.3,999.1,995.0,83,61,0.8,27,4.5,293,0.0
2022/01/10,996.5,998.3,993.7,84,60,0.7,30,5.3,318,0.0
2022/01/11,998.3,1000.3,995.9,81,69,1.3,18,7.0,37,0.0
2022/01/12,1000.6,1002.6,998.9,84,72,0.5,318,3.4,11,0.0
2022/01/13,1001.0,1003.5,998.1,79,49,1.2,2,8.1,44,0.0
2022/01/14,1000.7,1002.7,997.8,79,53,0.7,70,7.1,340,0.0
2022/01/15,1001.0,1003.0,998.6,79,54,0.7,69,6.7,334,0.0
2022/01/16,1000.7,1002.7,997.9,80,53,0.6,35,5.7,334,0.0
2022/01/17,999.8,1001.6,997.8,85,58,1.2,39,6.3,360,0.5
2022/01/18,998.9,1000.7,996.9,93,82,0.8,11,4.9,4,4.0
2022/01/19,997.3,999.4,994.8,88,67,0.7,34,4.5,345,0.0
2022/01/20,996.8,998.8,994.8,82,53,0.4,54,5.4,313,0.0
2022/01/21,997.7,1000.8,996.0,87,54,1.5,12,9.0,45,2.0
2022/01/22,994.9,997.5,991.8,94,83,0.8,21,6.0,345,5.0
2022/01/23,992.8,994.4,991.5,94,72,0.6,120,4.9,337,0.0
2022/01/24,994.3,996.1,993.2,96,86,1.0,3,7.1,352,0.5
2022/01/25,996.4,998.8,994.0,87,57,0.7,266,7.2,6,0.0
2022/01/26,997.4,999.4,995.3,84,50,0.8,28,6.8,313,0.0
2022/01/27,997.1,998.8,994.5,82,53,1.0,66,5.6,243,0.0
2022/01/28,996.1,997.9,993.7,89,76,0.8,350,4.8,308,4.0
2022/01/29,992.9,996.1,990.1,96,91,1.1,342,6.0,341,12.0
2022/01/30,996.2,999.5,992.5,90,80,1.5,4,8.8,24,0.0
2022/01/31,998.9,1000.4,996.6,85,72,0.9,5,6.2,256,0.0
2022/02/01,999.1,1000.5,997.5,92,84,0.6,6,6.6,16,0.5
2022/02/02,998.9,1000.3,997.3,93,82,0.9,2,4.4,360,0.5
2022/02/03,997.5,998.8,995.9,95,85,0.9,31,7.3,335,0.5
2022/02/04,999.2,1001.4,997.8,88,70,1.4,10,7.1,239,0.0
2022/02/05,1002.3,1003.9,1000.5,84,72,0.8,9,5.6,42,0.0
2022/02/06,1002.0,1004.8,999.4,83,54,0.9,262,6.1,304,0.0
2022/02/07,997.9,1001.0,993.7,85,56,1.0,62,9.3,23,2.5
2022/02/08,998.3,1000.1,996.4,86,71,1.1,7,7.9,36,0.0
2022/02/09,999.0,1002.0,996.0,83,58,0.8,315,5.4,297,0.0
2022/02/10,997.9,1000.8,995.0,85,58,0.7,314,6.7,34,0.0
2022/02/11,997.5,999.8,996.0,88,64,0.9,279,5.9,334,0.0
2022/02/12,995.7,998.3,993.7,85,63,0.9,11,5.9,301,0.0
2022/02/13,993.9,996.3,991.6,87,67,0.9,4,6.1,2,3.5
2022/02/14,996.2,998.9,994.7,93,82,1.2,45,8.9,41,3.0
2022/02/15,997.2,999.5,995.4,86,66,0.7,318,5.6,29,0.0
2022/02/16,995.9,998.2,993.1,82,60,1.0,322,6.2,215,0.0
2022/02/17,995.0,996.7,992.8,86,59,0.9,257,6.9,18,0.0
2022/02/18,995.5,997.8,993.7,91,75,1.1,2,6.8,349,2.0
2022/02/19,995.7,997.9,993.7,95,81,1.5,28,8.1,38,6.0
2022/02/20,999.0,1001.7,996.6,99,97,1.4,17,7.3,346,37.5
2022/02/21,1000.9,1002.4,999.1,100,97,0.6,289,4.6,337,8.5
2022/02/22,999.9,1001.9,997.9,100,97,0.7,43,4.6,351,11.0
2022/02/23,1001.2,1003.3,999.1,98,93,1.3,28,7.4,337,33.5
2022/02/24,1003.4,1004.8,1002.0,92,83,0.5,3,3.8,336,0.0
2022/02/25,1003.1,1005.5,1000.7,85,60,0.9,10,5.7,340,0.0
2022/02/26,1001.4,1004.4,999.1,82,57,0.7,134,5.2,310,0.0
2022/02/27,999.8,1002.3,997.2,72,42,0.7,153,5.3,336,0.0
2022/02/28,999.2,1002.2,996.9,72,44,0.7,154,6.0,324,0.0
2022/03/01,997.9,1000.4,995.7,75,49,0.5,156,5.1,256,0.0
2022/03/02,997.6,1000.0,995.7,78,56,0.7,307,6.5,334,0.0
2022/03/03,997.0,1000.0,994.5,78,49,0.7,328,5.8,336,0.0
2022/03/04,995.2,997.9,992.8,77,54,0.7,128,5.5,138,0.0
2022/03/05,994.2,996.0,992.6,79,57,0.7,63,5.6,334,0.0
2022/03/06,995.5,997.6,993.2,82,63,0.8,39,5.6,346,0.0
2022/03/07,996.5,998.9,993.7,93,83,1.2,5,7.0,332,15.5
2022/03/08,996.6,998.5,994.4,74,50,1.1,9,7.5,339,0.0
2022/03/09,997.7,1000.0,995.4,69,44,1.0,7,8.1,46,0.0
2022/03/10,997.0,999.7,994.7,67,36,0.9,174,6.2,307,0.0
2022/03/11,994.8,997.2,992.5,65,40,0.9,145,6.9,35,0.0
2022/03/12,994.2,995.7,992.8,72,47,0.7,145,6.8,330,0.0
2022/03/13,993.9,996.3,991.0,68,37,0.7,308,6.1,328,0.0
2022/03/14,993.1,995.9,991.2,69,48,0.7,33,5.1,5,0.0
2022/03/15,991.6,993.2,989.8,74,45,0.8,52,7.8,354,0.0
2022/03/16,992.5,994.1,990.6,82,59,0.8,281,7.4,342,0.0
2022/03/17,990.4,992.9,987.8,76,50,1.0,41,6.2,309,7.0
2022/03/18,989.1,990.9,987.7,83,62,0.7,281,6.9,303,0.5
2022/03/19,991.2,994.1,989.4,78,59,0.8,260,6.1,308,0.0
2022/03/20,994.3,996.1,992.3,80,55,0.9,18,6.5,345,0.0
2022/03/21,994.7,997.0,992.2,84,55,0.9,316,6.2,345,1.5
2022/03/22,994.3,995.9,992.3,85,70,0.8,274,6.2,311,0.0
2022/03/23,994.5,996.6,992.2,97,87,1.1,300,5.6,34,44.0
2022/03/24,995.7,998.2,994.2,98,94,0.7,324,4.5,62,6.0
2022/03/25,992.7,995.0,990.4,87,67,0.7,49,6.6,342,0.5
2022/03/26,993.2,995.1,991.6,89,76,0.6,6,4.1,48,3.0
2022/03/27,994.2,996.1,992.6,93,87,1.0,58,5.9,2,2.5
2022/03/28,997.4,1000.5,994.7,98,92,1.2,24,6.2,92,36.0
2022/03/29,997.3,999.4,994.7,89,72,1.0,9,6.5,13,0.0
2022/03/30,997.0,999.4,994.5,85,63,0.9,14,6.3,301,0.0
2022/03/31,997.2,999.8,994.7,84,64,1.1,15,6.6,352,0.0
2022/04/01,999.3,1001.6,997.9,78,66,1.6,20,6.8,330,0.0
2022/04/02,1000.6,1002.2,999.2,94,79,1.1,34,5.5,28,16.5
2022/04/03,1000.6,1002.3,998.9,95,85,0.8,59,4.2,38,14.0
2022/04/04,1001.2,1002.6,1000.0,80,56,0.8,66,6.7,2,0.0
2022/04/05,1000.0,1002.7,996.7,76,42,0.8,28,6.6,332,0.0
2022/04/06,997.6,1000.0,995.6,77,55,0.8,261,6.8,338,0.0
2022/04/07,995.9,997.8,994.0,81,61,0.7,21,5.2,306,0.0
2022/04/08,994.5,996.0,992.8,77,50,0.6,171,6.5,331,0.0
2022/04/09,993.7,995.4,991.6,79,56,0.7,43,5.6,343,3.5
2022/04/10,993.0,994.8,991.2,67,42,0.8,24,7.3,313,0.0
2022/04/11,991.9,994.2,989.8,71,54,0.7,172,6.4,342,0.0
2022/04/12,990.0,992.2,987.8,73,54,0.6,157,7.0,342,0.0
2022/04/13,988.1,989.7,986.0,78,59,0.6,130,5.5,337,0.0
2022/04/14,988.7,990.6,986.8,75,55,0.9,34,7.0,328,0.0
2022/04/15,991.6,994.1,990.0,77,63,1.2,23,6.6,340,0.0
2022/04/16,993.4,995.7,991.8,73,64,1.2,3,5.9,360,0.0
2022/04/17,996.1,997.9,994.2,82,68,1.1,307,5.3,346,1.0
2022/04/18,996.8,998.3,995.1,81,65,0.7,27,6.1,333,0.0
2022/04/19,997.1,998.5,995.7,88,71,0.9,65,5.2,355,1.0
2022/04/20,995.6,997.9,993.8,86,66,0.7,37,6.5,311,0.0
2022/04/21,994.6,996.3,992.8,80,62,0.6,23,4.5,336,0.0
2022/04/22,994.0,996.0,991.8,77,58,0.6,34,5.5,350,0.0
2022/04/23,992.5,995.6,990.7,85,61,0.8,30,6.9,321,9.5
2022/04/24,991.4,993.2,989.0,79,60,0.8,293,7.4,343,0.0
2022/04/25,991.0,992.6,989.4,86,62,0.9,37,7.9,102,141.5
2022/04/26,990.3,992.2,988.2,81,53,0.9,144,9.5,246,0.0
2022/04/27,991.9,993.8,990.3,75,54,0.9,288,6.6,216,0.0
2022/04/28,993.0,994.0,991.6,81,63,0.6,33,6.2,328,0.0
2022/04/29,992.7,994.7,990.0,77,56,1.1,74,8.4,317,0.0
2022/04/30,993.5,995.3,991.6,79,64,1.0,26,6.2,315,0.0
2022/05/01,992.9,994.4,991.2,82,71,1.2,31,7.0,15,0.0
2022/05/02,993.9,995.4,992.8,97,86,0.9,2,6.1,25,18.0
2022/05/03,995.0,996.3,993.2,93,77,0.6,14,4.6,251,2.0
2022/05/04,993.4,994.8,991.8,84,66,0.7,35,5.6,238,0.0
2022/05/05,991.9,993.2,990.4,83,67,0.8,266,4.9,263,0.0
2022/05/06,992.4,994.0,991.0,79,58,0.7,55,5.5,319,0.0
2022/05/07,993.3,995.0,991.8,77,52,0.8,63,5.0,337,0.0
2022/05/08,993.7,995.1,992.5,83,62,0.9,26,5.9,327,0.0
2022/05/09,993.3,995.1,991.9,82,61,1.0,1,7.1,5,0.0
2022/05/10,991.6,993.4,989.3,86,65,0.8,63,10.4,242,10.5
2022/05/11,990.7,992.6,989.4,84,63,0.8,21,6.2,44,5.5
2022/05/12,989.9,991.0,989.0,88,67,0.7,51,7.0,245,13.0
2022/05/13,988.8,990.3,987.7,87,66,0.8,35,5.1,49,1.5
2022/05/14,990.7,992.8,988.2,95,90,0.7,23,5.6,2,19.5
2022/05/15,991.4,993.1,989.7,97,91,1.0,15,6.2,1,27.5
2022/05/16,991.8,993.5,990.3,99,96,0.6,4,5.0,36,76.5
2022/05/17,993.4,995.1,991.5,96,89,0.5,31,4.4,345,22.0
2022/05/18,994.0,995.9,992.5,84,59,0.7,303,5.8,334,0.0
2022/05/19,991.9,993.7,989.3,82,61,0.6,267,6.1,338,0.0
2022/05/20,988.5,991.2,986.3,80,53,0.9,355,6.5,335,0.0
2022/05/21,988.6,990.3,987.2,81,60,0.9,281,6.7,261,0.0
2022/05/22,988.9,990.4,987.4,86,71,0.6,58,6.0,347,4.5
2022/05/23,989.8,991.9,988.2,82,70,0.7,7,6.0,35,0.0
2022/05/24,991.6,993.7,990.4,90,73,0.7,63,5.6,335,23.5
2022/05/25,990.0,991.6,988.2,92,75,0.6,23,5.7,166,80.0
2022/05/26,987.0,989.6,984.9,89,62,0.7,244,9.1,251,8.0
2022/05/27,987.4,990.3,985.3,94,79,0.7,28,4.9,144,46.0
2022/05/28,989.1,991.0,987.7,82,63,0.8,249,8.7,243,0.5
2022/05/29,989.1,990.3,987.5,78,55,0.5,2,8.6,246,0.0
2022/05/30,988.9,990.6,987.2,79,61,0.7,256,9.5,249,0.0
2022/05/31,989.9,991.5,987.7,80,58,0.9,236,10.0,251,0.0
2022/06/01,989.7,991.5,987.7,79,61,0.8,2,7.7,331,0.0
2022/06/02,988.7,990.3,987.4,77,58,0.8,240,9.0,155,0.0
2022/06/03,989.3,990.7,987.8,76,58,1.0,4,12.0,174,4.5
2022/06/04,989.6,991.3,988.1,83,61,0.8,21,8.0,237,15.5
2022/06/05,987.7,989.6,985.6,74,51,1.1,159,11.5,251,0.0
2022/06/06,986.6,988.1,985.5,79,52,0.9,237,10.1,244,1.0
2022/06/07,988.0,990.1,986.0,91,77,0.7,54,5.2,226,35.0
2022/06/08,989.7,991.2,988.5,94,86,0.5,62,8.6,170,45.0
2022/06/09,989.8,991.2,988.2,86,67,0.7,58,5.8,26,0.5
2022/06/10,988.9,990.7,987.5,83,63,0.4,62,5.8,155,0.0
2022/06/11,990.1,992.0,988.4,81,54,0.6,1,6.9,242,2.0
2022/06/12,990.7,991.9,989.0,82,63,0.7,22,6.1,232,2.5
2022/06/13,989.1,990.7,987.7,75,49,0.9,44,11.6,251,0.0
2022/06/14,990.1,992.8,988.7,75,51,0.9,21,9.4,222,0.0
2022/06/15,991.7,993.7,990.4,77,46,0.8,282,7.7,258,0.0
2022/06/16,991.8,993.5,990.0,77,56,0.7,14,6.6,339,0.0
2022/06/17,990.9,991.8,990.0,81,58,0.7,13,12.9,175,1.5
2022/06/18,990.4,991.6,989.3,80,51,0.6,62,11.1,168,3.0
2022/06/19,989.9,991.0,988.1,75,50,0.8,7,8.4,246,0.0
2022/06/20,988.4,989.8,986.6,71,49,0.8,15,7.6,241,0.0
2022/06/21,989.3,991.6,986.8,78,50,0.9,37,18.0,169,19.0
2022/06/22,992.5,994.5,990.3,81,54,0.8,73,9.0,34,6.0
2022/06/23,992.9,994.8,989.7,82,46,0.8,13,8.3,349,81.5
2022/06/24,991.1,992.8,989.1,86,57,0.6,9,6.7,157,25.0
2022/06/25,990.4,992.2,988.2,87,59,0.7,33,7.1,251,9.5
2022/06/26,992.2,994.1,990.0,83,57,0.7,146,8.4,92,43.5
2022/06/27,990.6,992.8,988.4,79,55,0.7,315,6.3,338,0.5
2022/06/28,987.4,989.7,985.5,84,63,0.7,18,8.5,237,36.5
2022/06/29,986.4,987.5,984.6,88,61,0.9,8,8.7,161,104.5
2022/06/30,986.0,987.8,984.0,82,56,0.7,23,5.6,101,2.0
