date,Population Total,Production Value of Basic Metal Manufacturing Industry, Production Value of Information and Electronic Industry,Production Value of Chemical Industry,Production Value of Civilian Industries
2018/1/1,23572049,126418500,378199094,366598339,150500876
2018/1/2,23572049,126418500,378199094,366598339,150500876
2018/1/3,23572049,126418500,378199094,366598339,150500876
2018/1/4,23572049,126418500,378199094,366598339,150500876
2018/1/5,23572049,126418500,378199094,366598339,150500876
2018/1/6,23572049,126418500,378199094,366598339,150500876
2018/1/7,23572049,126418500,378199094,366598339,150500876
2018/1/8,23572049,126418500,378199094,366598339,150500876
2018/1/9,23572049,126418500,378199094,366598339,150500876
2018/1/10,23572049,126418500,378199094,366598339,150500876
2018/1/11,23572049,126418500,378199094,366598339,150500876
2018/1/12,23572049,126418500,378199094,366598339,150500876
2018/1/13,23572049,126418500,378199094,366598339,150500876
2018/1/14,23572049,126418500,378199094,366598339,150500876
2018/1/15,23572049,126418500,378199094,366598339,150500876
2018/1/16,23572049,126418500,378199094,366598339,150500876
2018/1/17,23572049,126418500,378199094,366598339,150500876
2018/1/18,23572049,126418500,378199094,366598339,150500876
2018/1/19,23572049,126418500,378199094,366598339,150500876
2018/1/20,23572049,126418500,378199094,366598339,150500876
2018/1/21,23572049,126418500,378199094,366598339,150500876
2018/1/22,23572049,126418500,378199094,366598339,150500876
2018/1/23,23572049,126418500,378199094,366598339,150500876
2018/1/24,23572049,126418500,378199094,366598339,150500876
2018/1/25,23572049,126418500,378199094,366598339,150500876
2018/1/26,23572049,126418500,378199094,366598339,150500876
2018/1/27,23572049,126418500,378199094,366598339,150500876
2018/1/28,23572049,126418500,378199094,366598339,150500876
2018/1/29,23572049,126418500,378199094,366598339,150500876
2018/1/30,23572049,126418500,378199094,366598339,150500876
2018/1/31,23572049,126418500,378199094,366598339,150500876
2018/2/1,23571408,102952773,313306463,305694240,111635653
2018/2/2,23571408,102952773,313306463,305694240,111635653
2018/2/3,23571408,102952773,313306463,305694240,111635653
2018/2/4,23571408,102952773,313306463,305694240,111635653
2018/2/5,23571408,102952773,313306463,305694240,111635653
2018/2/6,23571408,102952773,313306463,305694240,111635653
2018/2/7,23571408,102952773,313306463,305694240,111635653
2018/2/8,23571408,102952773,313306463,305694240,111635653
2018/2/9,23571408,102952773,313306463,305694240,111635653
2018/2/10,23571408,102952773,313306463,305694240,111635653
2018/2/11,23571408,102952773,313306463,305694240,111635653
2018/2/12,23571408,102952773,313306463,305694240,111635653
2018/2/13,23571408,102952773,313306463,305694240,111635653
2018/2/14,23571408,102952773,313306463,305694240,111635653
2018/2/15,23571408,102952773,313306463,305694240,111635653
2018/2/16,23571408,102952773,313306463,305694240,111635653
2018/2/17,23571408,102952773,313306463,305694240,111635653
2018/2/18,23571408,102952773,313306463,305694240,111635653
2018/2/19,23571408,102952773,313306463,305694240,111635653
2018/2/20,23571408,102952773,313306463,305694240,111635653
2018/2/21,23571408,102952773,313306463,305694240,111635653
2018/2/22,23571408,102952773,313306463,305694240,111635653
2018/2/23,23571408,102952773,313306463,305694240,111635653
2018/2/24,23571408,102952773,313306463,305694240,111635653
2018/2/25,23571408,102952773,313306463,305694240,111635653
2018/2/26,23571408,102952773,313306463,305694240,111635653
2018/2/27,23571408,102952773,313306463,305694240,111635653
2018/2/28,23571408,102952773,313306463,305694240,111635653
2018/3/1,23571990,132487239,405540806,359975543,149027509
2018/3/2,23571990,132487239,405540806,359975543,149027509
2018/3/3,23571990,132487239,405540806,359975543,149027509
2018/3/4,23571990,132487239,405540806,359975543,149027509
2018/3/5,23571990,132487239,405540806,359975543,149027509
2018/3/6,23571990,132487239,405540806,359975543,149027509
2018/3/7,23571990,132487239,405540806,359975543,149027509
2018/3/8,23571990,132487239,405540806,359975543,149027509
2018/3/9,23571990,132487239,405540806,359975543,149027509
2018/3/10,23571990,132487239,405540806,359975543,149027509
2018/3/11,23571990,132487239,405540806,359975543,149027509
2018/3/12,23571990,132487239,405540806,359975543,149027509
2018/3/13,23571990,132487239,405540806,359975543,149027509
2018/3/14,23571990,132487239,405540806,359975543,149027509
2018/3/15,23571990,132487239,405540806,359975543,149027509
2018/3/16,23571990,132487239,405540806,359975543,149027509
2018/3/17,23571990,132487239,405540806,359975543,149027509
2018/3/18,23571990,132487239,405540806,359975543,149027509
2018/3/19,23571990,132487239,405540806,359975543,149027509
2018/3/20,23571990,132487239,405540806,359975543,149027509
2018/3/21,23571990,132487239,405540806,359975543,149027509
2018/3/22,23571990,132487239,405540806,359975543,149027509
2018/3/23,23571990,132487239,405540806,359975543,149027509
2018/3/24,23571990,132487239,405540806,359975543,149027509
2018/3/25,23571990,132487239,405540806,359975543,149027509
2018/3/26,23571990,132487239,405540806,359975543,149027509
2018/3/27,23571990,132487239,405540806,359975543,149027509
2018/3/28,23571990,132487239,405540806,359975543,149027509
2018/3/29,23571990,132487239,405540806,359975543,149027509
2018/3/30,23571990,132487239,405540806,359975543,149027509
2018/3/31,23571990,132487239,405540806,359975543,149027509
2018/4/1,23571497,126790788,373429884,335493110,134292327
2018/4/2,23571497,126790788,373429884,335493110,134292327
2018/4/3,23571497,126790788,373429884,335493110,134292327
2018/4/4,23571497,126790788,373429884,335493110,134292327
2018/4/5,23571497,126790788,373429884,335493110,134292327
2018/4/6,23571497,126790788,373429884,335493110,134292327
2018/4/7,23571497,126790788,373429884,335493110,134292327
2018/4/8,23571497,126790788,373429884,335493110,134292327
2018/4/9,23571497,126790788,373429884,335493110,134292327
2018/4/10,23571497,126790788,373429884,335493110,134292327
2018/4/11,23571497,126790788,373429884,335493110,134292327
2018/4/12,23571497,126790788,373429884,335493110,134292327
2018/4/13,23571497,126790788,373429884,335493110,134292327
2018/4/14,23571497,126790788,373429884,335493110,134292327
2018/4/15,23571497,126790788,373429884,335493110,134292327
2018/4/16,23571497,126790788,373429884,335493110,134292327
2018/4/17,23571497,126790788,373429884,335493110,134292327
2018/4/18,23571497,126790788,373429884,335493110,134292327
2018/4/19,23571497,126790788,373429884,335493110,134292327
2018/4/20,23571497,126790788,373429884,335493110,134292327
2018/4/21,23571497,126790788,373429884,335493110,134292327
2018/4/22,23571497,126790788,373429884,335493110,134292327
2018/4/23,23571497,126790788,373429884,335493110,134292327
2018/4/24,23571497,126790788,373429884,335493110,134292327
2018/4/25,23571497,126790788,373429884,335493110,134292327
2018/4/26,23571497,126790788,373429884,335493110,134292327
2018/4/27,23571497,126790788,373429884,335493110,134292327
2018/4/28,23571497,126790788,373429884,335493110,134292327
2018/4/29,23571497,126790788,373429884,335493110,134292327
2018/4/30,23571497,126790788,373429884,335493110,134292327
2018/5/1,23572415,154299036,398325029,372544173,151614673
2018/5/2,23572415,154299036,398325029,372544173,151614673
2018/5/3,23572415,154299036,398325029,372544173,151614673
2018/5/4,23572415,154299036,398325029,372544173,151614673
2018/5/5,23572415,154299036,398325029,372544173,151614673
2018/5/6,23572415,154299036,398325029,372544173,151614673
2018/5/7,23572415,154299036,398325029,372544173,151614673
2018/5/8,23572415,154299036,398325029,372544173,151614673
2018/5/9,23572415,154299036,398325029,372544173,151614673
2018/5/10,23572415,154299036,398325029,372544173,151614673
2018/5/11,23572415,154299036,398325029,372544173,151614673
2018/5/12,23572415,154299036,398325029,372544173,151614673
2018/5/13,23572415,154299036,398325029,372544173,151614673
2018/5/14,23572415,154299036,398325029,372544173,151614673
2018/5/15,23572415,154299036,398325029,372544173,151614673
2018/5/16,23572415,154299036,398325029,372544173,151614673
2018/5/17,23572415,154299036,398325029,372544173,151614673
2018/5/18,23572415,154299036,398325029,372544173,151614673
2018/5/19,23572415,154299036,398325029,372544173,151614673
2018/5/20,23572415,154299036,398325029,372544173,151614673
2018/5/21,23572415,154299036,398325029,372544173,151614673
2018/5/22,23572415,154299036,398325029,372544173,151614673
2018/5/23,23572415,154299036,398325029,372544173,151614673
2018/5/24,23572415,154299036,398325029,372544173,151614673
2018/5/25,23572415,154299036,398325029,372544173,151614673
2018/5/26,23572415,154299036,398325029,372544173,151614673
2018/5/27,23572415,154299036,398325029,372544173,151614673
2018/5/28,23572415,154299036,398325029,372544173,151614673
2018/5/29,23572415,154299036,398325029,372544173,151614673
2018/5/30,23572415,154299036,398325029,372544173,151614673
2018/5/31,23572415,154299036,398325029,372544173,151614673
2018/6/1,23574274,129804899,389457627,360043152,143364864
2018/6/2,23574274,129804899,389457627,360043152,143364864
2018/6/3,23574274,129804899,389457627,360043152,143364864
2018/6/4,23574274,129804899,389457627,360043152,143364864
2018/6/5,23574274,129804899,389457627,360043152,143364864
2018/6/6,23574274,129804899,389457627,360043152,143364864
2018/6/7,23574274,129804899,389457627,360043152,143364864
2018/6/8,23574274,129804899,389457627,360043152,143364864
2018/6/9,23574274,129804899,389457627,360043152,143364864
2018/6/10,23574274,129804899,389457627,360043152,143364864
2018/6/11,23574274,129804899,389457627,360043152,143364864
2018/6/12,23574274,129804899,389457627,360043152,143364864
2018/6/13,23574274,129804899,389457627,360043152,143364864
2018/6/14,23574274,129804899,389457627,360043152,143364864
2018/6/15,23574274,129804899,389457627,360043152,143364864
2018/6/16,23574274,129804899,389457627,360043152,143364864
2018/6/17,23574274,129804899,389457627,360043152,143364864
2018/6/18,23574274,129804899,389457627,360043152,143364864
2018/6/19,23574274,129804899,389457627,360043152,143364864
2018/6/20,23574274,129804899,389457627,360043152,143364864
2018/6/21,23574274,129804899,389457627,360043152,143364864
2018/6/22,23574274,129804899,389457627,360043152,143364864
2018/6/23,23574274,129804899,389457627,360043152,143364864
2018/6/24,23574274,129804899,389457627,360043152,143364864
2018/6/25,23574274,129804899,389457627,360043152,143364864
2018/6/26,23574274,129804899,389457627,360043152,143364864
2018/6/27,23574274,129804899,389457627,360043152,143364864
2018/6/28,23574274,129804899,389457627,360043152,143364864
2018/6/29,23574274,129804899,389457627,360043152,143364864
2018/6/30,23574274,129804899,389457627,360043152,143364864
2018/7/1,23576705,149227540,397315568,376103742,146481511
2018/7/2,23576705,149227540,397315568,376103742,146481511
2018/7/3,23576705,149227540,397315568,376103742,146481511
2018/7/4,23576705,149227540,397315568,376103742,146481511
2018/7/5,23576705,149227540,397315568,376103742,146481511
2018/7/6,23576705,149227540,397315568,376103742,146481511
2018/7/7,23576705,149227540,397315568,376103742,146481511
2018/7/8,23576705,149227540,397315568,376103742,146481511
2018/7/9,23576705,149227540,397315568,376103742,146481511
2018/7/10,23576705,149227540,397315568,376103742,146481511
2018/7/11,23576705,149227540,397315568,376103742,146481511
2018/7/12,23576705,149227540,397315568,376103742,146481511
2018/7/13,23576705,149227540,397315568,376103742,146481511
2018/7/14,23576705,149227540,397315568,376103742,146481511
2018/7/15,23576705,149227540,397315568,376103742,146481511
2018/7/16,23576705,149227540,397315568,376103742,146481511
2018/7/17,23576705,149227540,397315568,376103742,146481511
2018/7/18,23576705,149227540,397315568,376103742,146481511
2018/7/19,23576705,149227540,397315568,376103742,146481511
2018/7/20,23576705,149227540,397315568,376103742,146481511
2018/7/21,23576705,149227540,397315568,376103742,146481511
2018/7/22,23576705,149227540,397315568,376103742,146481511
2018/7/23,23576705,149227540,397315568,376103742,146481511
2018/7/24,23576705,149227540,397315568,376103742,146481511
2018/7/25,23576705,149227540,397315568,376103742,146481511
2018/7/26,23576705,149227540,397315568,376103742,146481511
2018/7/27,23576705,149227540,397315568,376103742,146481511
2018/7/28,23576705,149227540,397315568,376103742,146481511
2018/7/29,23576705,149227540,397315568,376103742,146481511
2018/7/30,23576705,149227540,397315568,376103742,146481511
2018/7/31,23576705,149227540,397315568,376103742,146481511
2018/8/1,23577271,136727939,414497946,388338790,154364670
2018/8/2,23577271,136727939,414497946,388338790,154364670
2018/8/3,23577271,136727939,414497946,388338790,154364670
2018/8/4,23577271,136727939,414497946,388338790,154364670
2018/8/5,23577271,136727939,414497946,388338790,154364670
2018/8/6,23577271,136727939,414497946,388338790,154364670
2018/8/7,23577271,136727939,414497946,388338790,154364670
2018/8/8,23577271,136727939,414497946,388338790,154364670
2018/8/9,23577271,136727939,414497946,388338790,154364670
2018/8/10,23577271,136727939,414497946,388338790,154364670
2018/8/11,23577271,136727939,414497946,388338790,154364670
2018/8/12,23577271,136727939,414497946,388338790,154364670
2018/8/13,23577271,136727939,414497946,388338790,154364670
2018/8/14,23577271,136727939,414497946,388338790,154364670
2018/8/15,23577271,136727939,414497946,388338790,154364670
2018/8/16,23577271,136727939,414497946,388338790,154364670
2018/8/17,23577271,136727939,414497946,388338790,154364670
2018/8/18,23577271,136727939,414497946,388338790,154364670
2018/8/19,23577271,136727939,414497946,388338790,154364670
2018/8/20,23577271,136727939,414497946,388338790,154364670
2018/8/21,23577271,136727939,414497946,388338790,154364670
2018/8/22,23577271,136727939,414497946,388338790,154364670
2018/8/23,23577271,136727939,414497946,388338790,154364670
2018/8/24,23577271,136727939,414497946,388338790,154364670
2018/8/25,23577271,136727939,414497946,388338790,154364670
2018/8/26,23577271,136727939,414497946,388338790,154364670
2018/8/27,23577271,136727939,414497946,388338790,154364670
2018/8/28,23577271,136727939,414497946,388338790,154364670
2018/8/29,23577271,136727939,414497946,388338790,154364670
2018/8/30,23577271,136727939,414497946,388338790,154364670
2018/8/31,23577271,136727939,414497946,388338790,154364670
2018/9/1,23577488,128910642,424377887,370208697,140461113
2018/9/2,23577488,128910642,424377887,370208697,140461113
2018/9/3,23577488,128910642,424377887,370208697,140461113
2018/9/4,23577488,128910642,424377887,370208697,140461113
2018/9/5,23577488,128910642,424377887,370208697,140461113
2018/9/6,23577488,128910642,424377887,370208697,140461113
2018/9/7,23577488,128910642,424377887,370208697,140461113
2018/9/8,23577488,128910642,424377887,370208697,140461113
2018/9/9,23577488,128910642,424377887,370208697,140461113
2018/9/10,23577488,128910642,424377887,370208697,140461113
2018/9/11,23577488,128910642,424377887,370208697,140461113
2018/9/12,23577488,128910642,424377887,370208697,140461113
2018/9/13,23577488,128910642,424377887,370208697,140461113
2018/9/14,23577488,128910642,424377887,370208697,140461113
2018/9/15,23577488,128910642,424377887,370208697,140461113
2018/9/16,23577488,128910642,424377887,370208697,140461113
2018/9/17,23577488,128910642,424377887,370208697,140461113
2018/9/18,23577488,128910642,424377887,370208697,140461113
2018/9/19,23577488,128910642,424377887,370208697,140461113
2018/9/20,23577488,128910642,424377887,370208697,140461113
2018/9/21,23577488,128910642,424377887,370208697,140461113
2018/9/22,23577488,128910642,424377887,370208697,140461113
2018/9/23,23577488,128910642,424377887,370208697,140461113
2018/9/24,23577488,128910642,424377887,370208697,140461113
2018/9/25,23577488,128910642,424377887,370208697,140461113
2018/9/26,23577488,128910642,424377887,370208697,140461113
2018/9/27,23577488,128910642,424377887,370208697,140461113
2018/9/28,23577488,128910642,424377887,370208697,140461113
2018/9/29,23577488,128910642,424377887,370208697,140461113
2018/9/30,23577488,128910642,424377887,370208697,140461113
2018/10/1,23580833,135146244,437797968,384775864,150964975
2018/10/2,23580833,135146244,437797968,384775864,150964975
2018/10/3,23580833,135146244,437797968,384775864,150964975
2018/10/4,23580833,135146244,437797968,384775864,150964975
2018/10/5,23580833,135146244,437797968,384775864,150964975
2018/10/6,23580833,135146244,437797968,384775864,150964975
2018/10/7,23580833,135146244,437797968,384775864,150964975
2018/10/8,23580833,135146244,437797968,384775864,150964975
2018/10/9,23580833,135146244,437797968,384775864,150964975
2018/10/10,23580833,135146244,437797968,384775864,150964975
2018/10/11,23580833,135146244,437797968,384775864,150964975
2018/10/12,23580833,135146244,437797968,384775864,150964975
2018/10/13,23580833,135146244,437797968,384775864,150964975
2018/10/14,23580833,135146244,437797968,384775864,150964975
2018/10/15,23580833,135146244,437797968,384775864,150964975
2018/10/16,23580833,135146244,437797968,384775864,150964975
2018/10/17,23580833,135146244,437797968,384775864,150964975
2018/10/18,23580833,135146244,437797968,384775864,150964975
2018/10/19,23580833,135146244,437797968,384775864,150964975
2018/10/20,23580833,135146244,437797968,384775864,150964975
2018/10/21,23580833,135146244,437797968,384775864,150964975
2018/10/22,23580833,135146244,437797968,384775864,150964975
2018/10/23,23580833,135146244,437797968,384775864,150964975
2018/10/24,23580833,135146244,437797968,384775864,150964975
2018/10/25,23580833,135146244,437797968,384775864,150964975
2018/10/26,23580833,135146244,437797968,384775864,150964975
2018/10/27,23580833,135146244,437797968,384775864,150964975
2018/10/28,23580833,135146244,437797968,384775864,150964975
2018/10/29,23580833,135146244,437797968,384775864,150964975
2018/10/30,23580833,135146244,437797968,384775864,150964975
2018/10/31,23580833,135146244,437797968,384775864,150964975
2018/11/1,23584865,125713143,410018062,355668142,149862998
2018/11/2,23584865,125713143,410018062,355668142,149862998
2018/11/3,23584865,125713143,410018062,355668142,149862998
2018/11/4,23584865,125713143,410018062,355668142,149862998
2018/11/5,23584865,125713143,410018062,355668142,149862998
2018/11/6,23584865,125713143,410018062,355668142,149862998
2018/11/7,23584865,125713143,410018062,355668142,149862998
2018/11/8,23584865,125713143,410018062,355668142,149862998
2018/11/9,23584865,125713143,410018062,355668142,149862998
2018/11/10,23584865,125713143,410018062,355668142,149862998
2018/11/11,23584865,125713143,410018062,355668142,149862998
2018/11/12,23584865,125713143,410018062,355668142,149862998
2018/11/13,23584865,125713143,410018062,355668142,149862998
2018/11/14,23584865,125713143,410018062,355668142,149862998
2018/11/15,23584865,125713143,410018062,355668142,149862998
2018/11/16,23584865,125713143,410018062,355668142,149862998
2018/11/17,23584865,125713143,410018062,355668142,149862998
2018/11/18,23584865,125713143,410018062,355668142,149862998
2018/11/19,23584865,125713143,410018062,355668142,149862998
2018/11/20,23584865,125713143,410018062,355668142,149862998
2018/11/21,23584865,125713143,410018062,355668142,149862998
2018/11/22,23584865,125713143,410018062,355668142,149862998
2018/11/23,23584865,125713143,410018062,355668142,149862998
2018/11/24,23584865,125713143,410018062,355668142,149862998
2018/11/25,23584865,125713143,410018062,355668142,149862998
2018/11/26,23584865,125713143,410018062,355668142,149862998
2018/11/27,23584865,125713143,410018062,355668142,149862998
2018/11/28,23584865,125713143,410018062,355668142,149862998
2018/11/29,23584865,125713143,410018062,355668142,149862998
2018/11/30,23584865,125713143,410018062,355668142,149862998
2018/12/1,23588932,125823823,399520234,326924821,150584571
2018/12/2,23588932,125823823,399520234,326924821,150584571
2018/12/3,23588932,125823823,399520234,326924821,150584571
2018/12/4,23588932,125823823,399520234,326924821,150584571
2018/12/5,23588932,125823823,399520234,326924821,150584571
2018/12/6,23588932,125823823,399520234,326924821,150584571
2018/12/7,23588932,125823823,399520234,326924821,150584571
2018/12/8,23588932,125823823,399520234,326924821,150584571
2018/12/9,23588932,125823823,399520234,326924821,150584571
2018/12/10,23588932,125823823,399520234,326924821,150584571
2018/12/11,23588932,125823823,399520234,326924821,150584571
2018/12/12,23588932,125823823,399520234,326924821,150584571
2018/12/13,23588932,125823823,399520234,326924821,150584571
2018/12/14,23588932,125823823,399520234,326924821,150584571
2018/12/15,23588932,125823823,399520234,326924821,150584571
2018/12/16,23588932,125823823,399520234,326924821,150584571
2018/12/17,23588932,125823823,399520234,326924821,150584571
2018/12/18,23588932,125823823,399520234,326924821,150584571
2018/12/19,23588932,125823823,399520234,326924821,150584571
2018/12/20,23588932,125823823,399520234,326924821,150584571
2018/12/21,23588932,125823823,399520234,326924821,150584571
2018/12/22,23588932,125823823,399520234,326924821,150584571
2018/12/23,23588932,125823823,399520234,326924821,150584571
2018/12/24,23588932,125823823,399520234,326924821,150584571
2018/12/25,23588932,125823823,399520234,326924821,150584571
2018/12/26,23588932,125823823,399520234,326924821,150584571
2018/12/27,23588932,125823823,399520234,326924821,150584571
2018/12/28,23588932,125823823,399520234,326924821,150584571
2018/12/29,23588932,125823823,399520234,326924821,150584571
2018/12/30,23588932,125823823,399520234,326924821,150584571
2018/12/31,23588932,125823823,399520234,326924821,150584571
2019/1/1,23590744,124293847,385006166,338704384,165987763
2019/1/2,23590744,124293847,385006166,338704384,165987763
2019/1/3,23590744,124293847,385006166,338704384,165987763
2019/1/4,23590744,124293847,385006166,338704384,165987763
2019/1/5,23590744,124293847,385006166,338704384,165987763
2019/1/6,23590744,124293847,385006166,338704384,165987763
2019/1/7,23590744,124293847,385006166,338704384,165987763
2019/1/8,23590744,124293847,385006166,338704384,165987763
2019/1/9,23590744,124293847,385006166,338704384,165987763
2019/1/10,23590744,124293847,385006166,338704384,165987763
2019/1/11,23590744,124293847,385006166,338704384,165987763
2019/1/12,23590744,124293847,385006166,338704384,165987763
2019/1/13,23590744,124293847,385006166,338704384,165987763
2019/1/14,23590744,124293847,385006166,338704384,165987763
2019/1/15,23590744,124293847,385006166,338704384,165987763
2019/1/16,23590744,124293847,385006166,338704384,165987763
2019/1/17,23590744,124293847,385006166,338704384,165987763
2019/1/18,23590744,124293847,385006166,338704384,165987763
2019/1/19,23590744,124293847,385006166,338704384,165987763
2019/1/20,23590744,124293847,385006166,338704384,165987763
2019/1/21,23590744,124293847,385006166,338704384,165987763
2019/1/22,23590744,124293847,385006166,338704384,165987763
2019/1/23,23590744,124293847,385006166,338704384,165987763
2019/1/24,23590744,124293847,385006166,338704384,165987763
2019/1/25,23590744,124293847,385006166,338704384,165987763
2019/1/26,23590744,124293847,385006166,338704384,165987763
2019/1/27,23590744,124293847,385006166,338704384,165987763
2019/1/28,23590744,124293847,385006166,338704384,165987763
2019/1/29,23590744,124293847,385006166,338704384,165987763
2019/1/30,23590744,124293847,385006166,338704384,165987763
2019/1/31,23590744,124293847,385006166,338704384,165987763
2019/2/1,23590004,103964604,305663630,289045465,110302563
2019/2/2,23590004,103964604,305663630,289045465,110302563
2019/2/3,23590004,103964604,305663630,289045465,110302563
2019/2/4,23590004,103964604,305663630,289045465,110302563
2019/2/5,23590004,103964604,305663630,289045465,110302563
2019/2/6,23590004,103964604,305663630,289045465,110302563
2019/2/7,23590004,103964604,305663630,289045465,110302563
2019/2/8,23590004,103964604,305663630,289045465,110302563
2019/2/9,23590004,103964604,305663630,289045465,110302563
2019/2/10,23590004,103964604,305663630,289045465,110302563
2019/2/11,23590004,103964604,305663630,289045465,110302563
2019/2/12,23590004,103964604,305663630,289045465,110302563
2019/2/13,23590004,103964604,305663630,289045465,110302563
2019/2/14,23590004,103964604,305663630,289045465,110302563
2019/2/15,23590004,103964604,305663630,289045465,110302563
2019/2/16,23590004,103964604,305663630,289045465,110302563
2019/2/17,23590004,103964604,305663630,289045465,110302563
2019/2/18,23590004,103964604,305663630,289045465,110302563
2019/2/19,23590004,103964604,305663630,289045465,110302563
2019/2/20,23590004,103964604,305663630,289045465,110302563
2019/2/21,23590004,103964604,305663630,289045465,110302563
2019/2/22,23590004,103964604,305663630,289045465,110302563
2019/2/23,23590004,103964604,305663630,289045465,110302563
2019/2/24,23590004,103964604,305663630,289045465,110302563
2019/2/25,23590004,103964604,305663630,289045465,110302563
2019/2/26,23590004,103964604,305663630,289045465,110302563
2019/2/27,23590004,103964604,305663630,289045465,110302563
2019/2/28,23590004,103964604,305663630,289045465,110302563
2019/3/1,23589192,123894585,381280724,335286612,146638121
2019/3/2,23589192,123894585,381280724,335286612,146638121
2019/3/3,23589192,123894585,381280724,335286612,146638121
2019/3/4,23589192,123894585,381280724,335286612,146638121
2019/3/5,23589192,123894585,381280724,335286612,146638121
2019/3/6,23589192,123894585,381280724,335286612,146638121
2019/3/7,23589192,123894585,381280724,335286612,146638121
2019/3/8,23589192,123894585,381280724,335286612,146638121
2019/3/9,23589192,123894585,381280724,335286612,146638121
2019/3/10,23589192,123894585,381280724,335286612,146638121
2019/3/11,23589192,123894585,381280724,335286612,146638121
2019/3/12,23589192,123894585,381280724,335286612,146638121
2019/3/13,23589192,123894585,381280724,335286612,146638121
2019/3/14,23589192,123894585,381280724,335286612,146638121
2019/3/15,23589192,123894585,381280724,335286612,146638121
2019/3/16,23589192,123894585,381280724,335286612,146638121
2019/3/17,23589192,123894585,381280724,335286612,146638121
2019/3/18,23589192,123894585,381280724,335286612,146638121
2019/3/19,23589192,123894585,381280724,335286612,146638121
2019/3/20,23589192,123894585,381280724,335286612,146638121
2019/3/21,23589192,123894585,381280724,335286612,146638121
2019/3/22,23589192,123894585,381280724,335286612,146638121
2019/3/23,23589192,123894585,381280724,335286612,146638121
2019/3/24,23589192,123894585,381280724,335286612,146638121
2019/3/25,23589192,123894585,381280724,335286612,146638121
2019/3/26,23589192,123894585,381280724,335286612,146638121
2019/3/27,23589192,123894585,381280724,335286612,146638121
2019/3/28,23589192,123894585,381280724,335286612,146638121
2019/3/29,23589192,123894585,381280724,335286612,146638121
2019/3/30,23589192,123894585,381280724,335286612,146638121
2019/3/31,23589192,123894585,381280724,335286612,146638121
2019/4/1,23589312,117413445,379250555,330814498,145524039
2019/4/2,23589312,117413445,379250555,330814498,145524039
2019/4/3,23589312,117413445,379250555,330814498,145524039
2019/4/4,23589312,117413445,379250555,330814498,145524039
2019/4/5,23589312,117413445,379250555,330814498,145524039
2019/4/6,23589312,117413445,379250555,330814498,145524039
2019/4/7,23589312,117413445,379250555,330814498,145524039
2019/4/8,23589312,117413445,379250555,330814498,145524039
2019/4/9,23589312,117413445,379250555,330814498,145524039
2019/4/10,23589312,117413445,379250555,330814498,145524039
2019/4/11,23589312,117413445,379250555,330814498,145524039
2019/4/12,23589312,117413445,379250555,330814498,145524039
2019/4/13,23589312,117413445,379250555,330814498,145524039
2019/4/14,23589312,117413445,379250555,330814498,145524039
2019/4/15,23589312,117413445,379250555,330814498,145524039
2019/4/16,23589312,117413445,379250555,330814498,145524039
2019/4/17,23589312,117413445,379250555,330814498,145524039
2019/4/18,23589312,117413445,379250555,330814498,145524039
2019/4/19,23589312,117413445,379250555,330814498,145524039
2019/4/20,23589312,117413445,379250555,330814498,145524039
2019/4/21,23589312,117413445,379250555,330814498,145524039
2019/4/22,23589312,117413445,379250555,330814498,145524039
2019/4/23,23589312,117413445,379250555,330814498,145524039
2019/4/24,23589312,117413445,379250555,330814498,145524039
2019/4/25,23589312,117413445,379250555,330814498,145524039
2019/4/26,23589312,117413445,379250555,330814498,145524039
2019/4/27,23589312,117413445,379250555,330814498,145524039
2019/4/28,23589312,117413445,379250555,330814498,145524039
2019/4/29,23589312,117413445,379250555,330814498,145524039
2019/4/30,23589312,117413445,379250555,330814498,145524039
2019/5/1,23589870,118936804,388610979,351464355,154136357
2019/5/2,23589870,118936804,388610979,351464355,154136357
2019/5/3,23589870,118936804,388610979,351464355,154136357
2019/5/4,23589870,118936804,388610979,351464355,154136357
2019/5/5,23589870,118936804,388610979,351464355,154136357
2019/5/6,23589870,118936804,388610979,351464355,154136357
2019/5/7,23589870,118936804,388610979,351464355,154136357
2019/5/8,23589870,118936804,388610979,351464355,154136357
2019/5/9,23589870,118936804,388610979,351464355,154136357
2019/5/10,23589870,118936804,388610979,351464355,154136357
2019/5/11,23589870,118936804,388610979,351464355,154136357
2019/5/12,23589870,118936804,388610979,351464355,154136357
2019/5/13,23589870,118936804,388610979,351464355,154136357
2019/5/14,23589870,118936804,388610979,351464355,154136357
2019/5/15,23589870,118936804,388610979,351464355,154136357
2019/5/16,23589870,118936804,388610979,351464355,154136357
2019/5/17,23589870,118936804,388610979,351464355,154136357
2019/5/18,23589870,118936804,388610979,351464355,154136357
2019/5/19,23589870,118936804,388610979,351464355,154136357
2019/5/20,23589870,118936804,388610979,351464355,154136357
2019/5/21,23589870,118936804,388610979,351464355,154136357
2019/5/22,23589870,118936804,388610979,351464355,154136357
2019/5/23,23589870,118936804,388610979,351464355,154136357
2019/5/24,23589870,118936804,388610979,351464355,154136357
2019/5/25,23589870,118936804,388610979,351464355,154136357
2019/5/26,23589870,118936804,388610979,351464355,154136357
2019/5/27,23589870,118936804,388610979,351464355,154136357
2019/5/28,23589870,118936804,388610979,351464355,154136357
2019/5/29,23589870,118936804,388610979,351464355,154136357
2019/5/30,23589870,118936804,388610979,351464355,154136357
2019/5/31,23589870,118936804,388610979,351464355,154136357
2019/6/1,23591031,112611914,387125803,321588909,142723529
2019/6/2,23591031,112611914,387125803,321588909,142723529
2019/6/3,23591031,112611914,387125803,321588909,142723529
2019/6/4,23591031,112611914,387125803,321588909,142723529
2019/6/5,23591031,112611914,387125803,321588909,142723529
2019/6/6,23591031,112611914,387125803,321588909,142723529
2019/6/7,23591031,112611914,387125803,321588909,142723529
2019/6/8,23591031,112611914,387125803,321588909,142723529
2019/6/9,23591031,112611914,387125803,321588909,142723529
2019/6/10,23591031,112611914,387125803,321588909,142723529
2019/6/11,23591031,112611914,387125803,321588909,142723529
2019/6/12,23591031,112611914,387125803,321588909,142723529
2019/6/13,23591031,112611914,387125803,321588909,142723529
2019/6/14,23591031,112611914,387125803,321588909,142723529
2019/6/15,23591031,112611914,387125803,321588909,142723529
2019/6/16,23591031,112611914,387125803,321588909,142723529
2019/6/17,23591031,112611914,387125803,321588909,142723529
2019/6/18,23591031,112611914,387125803,321588909,142723529
2019/6/19,23591031,112611914,387125803,321588909,142723529
2019/6/20,23591031,112611914,387125803,321588909,142723529
2019/6/21,23591031,112611914,387125803,321588909,142723529
2019/6/22,23591031,112611914,387125803,321588909,142723529
2019/6/23,23591031,112611914,387125803,321588909,142723529
2019/6/24,23591031,112611914,387125803,321588909,142723529
2019/6/25,23591031,112611914,387125803,321588909,142723529
2019/6/26,23591031,112611914,387125803,321588909,142723529
2019/6/27,23591031,112611914,387125803,321588909,142723529
2019/6/28,23591031,112611914,387125803,321588909,142723529
2019/6/29,23591031,112611914,387125803,321588909,142723529
2019/6/30,23591031,112611914,387125803,321588909,142723529
2019/7/1,23592598,118509846,410520535,340563475,157199812
2019/7/2,23592598,118509846,410520535,340563475,157199812
2019/7/3,23592598,118509846,410520535,340563475,157199812
2019/7/4,23592598,118509846,410520535,340563475,157199812
2019/7/5,23592598,118509846,410520535,340563475,157199812
2019/7/6,23592598,118509846,410520535,340563475,157199812
2019/7/7,23592598,118509846,410520535,340563475,157199812
2019/7/8,23592598,118509846,410520535,340563475,157199812
2019/7/9,23592598,118509846,410520535,340563475,157199812
2019/7/10,23592598,118509846,410520535,340563475,157199812
2019/7/11,23592598,118509846,410520535,340563475,157199812
2019/7/12,23592598,118509846,410520535,340563475,157199812
2019/7/13,23592598,118509846,410520535,340563475,157199812
2019/7/14,23592598,118509846,410520535,340563475,157199812
2019/7/15,23592598,118509846,410520535,340563475,157199812
2019/7/16,23592598,118509846,410520535,340563475,157199812
2019/7/17,23592598,118509846,410520535,340563475,157199812
2019/7/18,23592598,118509846,410520535,340563475,157199812
2019/7/19,23592598,118509846,410520535,340563475,157199812
2019/7/20,23592598,118509846,410520535,340563475,157199812
2019/7/21,23592598,118509846,410520535,340563475,157199812
2019/7/22,23592598,118509846,410520535,340563475,157199812
2019/7/23,23592598,118509846,410520535,340563475,157199812
2019/7/24,23592598,118509846,410520535,340563475,157199812
2019/7/25,23592598,118509846,410520535,340563475,157199812
2019/7/26,23592598,118509846,410520535,340563475,157199812
2019/7/27,23592598,118509846,410520535,340563475,157199812
2019/7/28,23592598,118509846,410520535,340563475,157199812
2019/7/29,23592598,118509846,410520535,340563475,157199812
2019/7/30,23592598,118509846,410520535,340563475,157199812
2019/7/31,23592598,118509846,410520535,340563475,157199812
2019/8/1,23593794,118430300,431193740,327063772,154723405
2019/8/2,23593794,118430300,431193740,327063772,154723405
2019/8/3,23593794,118430300,431193740,327063772,154723405
2019/8/4,23593794,118430300,431193740,327063772,154723405
2019/8/5,23593794,118430300,431193740,327063772,154723405
2019/8/6,23593794,118430300,431193740,327063772,154723405
2019/8/7,23593794,118430300,431193740,327063772,154723405
2019/8/8,23593794,118430300,431193740,327063772,154723405
2019/8/9,23593794,118430300,431193740,327063772,154723405
2019/8/10,23593794,118430300,431193740,327063772,154723405
2019/8/11,23593794,118430300,431193740,327063772,154723405
2019/8/12,23593794,118430300,431193740,327063772,154723405
2019/8/13,23593794,118430300,431193740,327063772,154723405
2019/8/14,23593794,118430300,431193740,327063772,154723405
2019/8/15,23593794,118430300,431193740,327063772,154723405
2019/8/16,23593794,118430300,431193740,327063772,154723405
2019/8/17,23593794,118430300,431193740,327063772,154723405
2019/8/18,23593794,118430300,431193740,327063772,154723405
2019/8/19,23593794,118430300,431193740,327063772,154723405
2019/8/20,23593794,118430300,431193740,327063772,154723405
2019/8/21,23593794,118430300,431193740,327063772,154723405
2019/8/22,23593794,118430300,431193740,327063772,154723405
2019/8/23,23593794,118430300,431193740,327063772,154723405
2019/8/24,23593794,118430300,431193740,327063772,154723405
2019/8/25,23593794,118430300,431193740,327063772,154723405
2019/8/26,23593794,118430300,431193740,327063772,154723405
2019/8/27,23593794,118430300,431193740,327063772,154723405
2019/8/28,23593794,118430300,431193740,327063772,154723405
2019/8/29,23593794,118430300,431193740,327063772,154723405
2019/8/30,23593794,118430300,431193740,327063772,154723405
2019/8/31,23593794,118430300,431193740,327063772,154723405
2019/9/1,23593783,109852156,423249011,296284505,144003458
2019/9/2,23593783,109852156,423249011,296284505,144003458
2019/9/3,23593783,109852156,423249011,296284505,144003458
2019/9/4,23593783,109852156,423249011,296284505,144003458
2019/9/5,23593783,109852156,423249011,296284505,144003458
2019/9/6,23593783,109852156,423249011,296284505,144003458
2019/9/7,23593783,109852156,423249011,296284505,144003458
2019/9/8,23593783,109852156,423249011,296284505,144003458
2019/9/9,23593783,109852156,423249011,296284505,144003458
2019/9/10,23593783,109852156,423249011,296284505,144003458
2019/9/11,23593783,109852156,423249011,296284505,144003458
2019/9/12,23593783,109852156,423249011,296284505,144003458
2019/9/13,23593783,109852156,423249011,296284505,144003458
2019/9/14,23593783,109852156,423249011,296284505,144003458
2019/9/15,23593783,109852156,423249011,296284505,144003458
2019/9/16,23593783,109852156,423249011,296284505,144003458
2019/9/17,23593783,109852156,423249011,296284505,144003458
2019/9/18,23593783,109852156,423249011,296284505,144003458
2019/9/19,23593783,109852156,423249011,296284505,144003458
2019/9/20,23593783,109852156,423249011,296284505,144003458
2019/9/21,23593783,109852156,423249011,296284505,144003458
2019/9/22,23593783,109852156,423249011,296284505,144003458
2019/9/23,23593783,109852156,423249011,296284505,144003458
2019/9/24,23593783,109852156,423249011,296284505,144003458
2019/9/25,23593783,109852156,423249011,296284505,144003458
2019/9/26,23593783,109852156,423249011,296284505,144003458
2019/9/27,23593783,109852156,423249011,296284505,144003458
2019/9/28,23593783,109852156,423249011,296284505,144003458
2019/9/29,23593783,109852156,423249011,296284505,144003458
2019/9/30,23593783,109852156,423249011,296284505,144003458
2019/10/1,23596266,111367805,423212627,309681119,155887547
2019/10/2,23596266,111367805,423212627,309681119,155887547
2019/10/3,23596266,111367805,423212627,309681119,155887547
2019/10/4,23596266,111367805,423212627,309681119,155887547
2019/10/5,23596266,111367805,423212627,309681119,155887547
2019/10/6,23596266,111367805,423212627,309681119,155887547
2019/10/7,23596266,111367805,423212627,309681119,155887547
2019/10/8,23596266,111367805,423212627,309681119,155887547
2019/10/9,23596266,111367805,423212627,309681119,155887547
2019/10/10,23596266,111367805,423212627,309681119,155887547
2019/10/11,23596266,111367805,423212627,309681119,155887547
2019/10/12,23596266,111367805,423212627,309681119,155887547
2019/10/13,23596266,111367805,423212627,309681119,155887547
2019/10/14,23596266,111367805,423212627,309681119,155887547
2019/10/15,23596266,111367805,423212627,309681119,155887547
2019/10/16,23596266,111367805,423212627,309681119,155887547
2019/10/17,23596266,111367805,423212627,309681119,155887547
2019/10/18,23596266,111367805,423212627,309681119,155887547
2019/10/19,23596266,111367805,423212627,309681119,155887547
2019/10/20,23596266,111367805,423212627,309681119,155887547
2019/10/21,23596266,111367805,423212627,309681119,155887547
2019/10/22,23596266,111367805,423212627,309681119,155887547
2019/10/23,23596266,111367805,423212627,309681119,155887547
2019/10/24,23596266,111367805,423212627,309681119,155887547
2019/10/25,23596266,111367805,423212627,309681119,155887547
2019/10/26,23596266,111367805,423212627,309681119,155887547
2019/10/27,23596266,111367805,423212627,309681119,155887547
2019/10/28,23596266,111367805,423212627,309681119,155887547
2019/10/29,23596266,111367805,423212627,309681119,155887547
2019/10/30,23596266,111367805,423212627,309681119,155887547
2019/10/31,23596266,111367805,423212627,309681119,155887547
2019/11/1,23598776,107933933,422993138,304782643,151125933
2019/11/2,23598776,107933933,422993138,304782643,151125933
2019/11/3,23598776,107933933,422993138,304782643,151125933
2019/11/4,23598776,107933933,422993138,304782643,151125933
2019/11/5,23598776,107933933,422993138,304782643,151125933
2019/11/6,23598776,107933933,422993138,304782643,151125933
2019/11/7,23598776,107933933,422993138,304782643,151125933
2019/11/8,23598776,107933933,422993138,304782643,151125933
2019/11/9,23598776,107933933,422993138,304782643,151125933
2019/11/10,23598776,107933933,422993138,304782643,151125933
2019/11/11,23598776,107933933,422993138,304782643,151125933
2019/11/12,23598776,107933933,422993138,304782643,151125933
2019/11/13,23598776,107933933,422993138,304782643,151125933
2019/11/14,23598776,107933933,422993138,304782643,151125933
2019/11/15,23598776,107933933,422993138,304782643,151125933
2019/11/16,23598776,107933933,422993138,304782643,151125933
2019/11/17,23598776,107933933,422993138,304782643,151125933
2019/11/18,23598776,107933933,422993138,304782643,151125933
2019/11/19,23598776,107933933,422993138,304782643,151125933
2019/11/20,23598776,107933933,422993138,304782643,151125933
2019/11/21,23598776,107933933,422993138,304782643,151125933
2019/11/22,23598776,107933933,422993138,304782643,151125933
2019/11/23,23598776,107933933,422993138,304782643,151125933
2019/11/24,23598776,107933933,422993138,304782643,151125933
2019/11/25,23598776,107933933,422993138,304782643,151125933
2019/11/26,23598776,107933933,422993138,304782643,151125933
2019/11/27,23598776,107933933,422993138,304782643,151125933
2019/11/28,23598776,107933933,422993138,304782643,151125933
2019/11/29,23598776,107933933,422993138,304782643,151125933
2019/11/30,23598776,107933933,422993138,304782643,151125933
2019/12/1,23603121,108994871,430453994,315701061,159543580
2019/12/2,23603121,108994871,430453994,315701061,159543580
2019/12/3,23603121,108994871,430453994,315701061,159543580
2019/12/4,23603121,108994871,430453994,315701061,159543580
2019/12/5,23603121,108994871,430453994,315701061,159543580
2019/12/6,23603121,108994871,430453994,315701061,159543580
2019/12/7,23603121,108994871,430453994,315701061,159543580
2019/12/8,23603121,108994871,430453994,315701061,159543580
2019/12/9,23603121,108994871,430453994,315701061,159543580
2019/12/10,23603121,108994871,430453994,315701061,159543580
2019/12/11,23603121,108994871,430453994,315701061,159543580
2019/12/12,23603121,108994871,430453994,315701061,159543580
2019/12/13,23603121,108994871,430453994,315701061,159543580
2019/12/14,23603121,108994871,430453994,315701061,159543580
2019/12/15,23603121,108994871,430453994,315701061,159543580
2019/12/16,23603121,108994871,430453994,315701061,159543580
2019/12/17,23603121,108994871,430453994,315701061,159543580
2019/12/18,23603121,108994871,430453994,315701061,159543580
2019/12/19,23603121,108994871,430453994,315701061,159543580
2019/12/20,23603121,108994871,430453994,315701061,159543580
2019/12/21,23603121,108994871,430453994,315701061,159543580
2019/12/22,23603121,108994871,430453994,315701061,159543580
2019/12/23,23603121,108994871,430453994,315701061,159543580
2019/12/24,23603121,108994871,430453994,315701061,159543580
2019/12/25,23603121,108994871,430453994,315701061,159543580
2019/12/26,23603121,108994871,430453994,315701061,159543580
2019/12/27,23603121,108994871,430453994,315701061,159543580
2019/12/28,23603121,108994871,430453994,315701061,159543580
2019/12/29,23603121,108994871,430453994,315701061,159543580
2019/12/30,23603121,108994871,430453994,315701061,159543580
2019/12/31,23603121,108994871,430453994,315701061,159543580
2020/1/1,23604265,101955146,397780604,305497614,137671203
2020/1/2,23604265,101955146,397780604,305497614,137671203
2020/1/3,23604265,101955146,397780604,305497614,137671203
2020/1/4,23604265,101955146,397780604,305497614,137671203
2020/1/5,23604265,101955146,397780604,305497614,137671203
2020/1/6,23604265,101955146,397780604,305497614,137671203
2020/1/7,23604265,101955146,397780604,305497614,137671203
2020/1/8,23604265,101955146,397780604,305497614,137671203
2020/1/9,23604265,101955146,397780604,305497614,137671203
2020/1/10,23604265,101955146,397780604,305497614,137671203
2020/1/11,23604265,101955146,397780604,305497614,137671203
2020/1/12,23604265,101955146,397780604,305497614,137671203
2020/1/13,23604265,101955146,397780604,305497614,137671203
2020/1/14,23604265,101955146,397780604,305497614,137671203
2020/1/15,23604265,101955146,397780604,305497614,137671203
2020/1/16,23604265,101955146,397780604,305497614,137671203
2020/1/17,23604265,101955146,397780604,305497614,137671203
2020/1/18,23604265,101955146,397780604,305497614,137671203
2020/1/19,23604265,101955146,397780604,305497614,137671203
2020/1/20,23604265,101955146,397780604,305497614,137671203
2020/1/21,23604265,101955146,397780604,305497614,137671203
2020/1/22,23604265,101955146,397780604,305497614,137671203
2020/1/23,23604265,101955146,397780604,305497614,137671203
2020/1/24,23604265,101955146,397780604,305497614,137671203
2020/1/25,23604265,101955146,397780604,305497614,137671203
2020/1/26,23604265,101955146,397780604,305497614,137671203
2020/1/27,23604265,101955146,397780604,305497614,137671203
2020/1/28,23604265,101955146,397780604,305497614,137671203
2020/1/29,23604265,101955146,397780604,305497614,137671203
2020/1/30,23604265,101955146,397780604,305497614,137671203
2020/1/31,23604265,101955146,397780604,305497614,137671203
2020/2/1,23600903,106161530,373815842,287644542,137283818
2020/2/2,23600903,106161530,373815842,287644542,137283818
2020/2/3,23600903,106161530,373815842,287644542,137283818
2020/2/4,23600903,106161530,373815842,287644542,137283818
2020/2/5,23600903,106161530,373815842,287644542,137283818
2020/2/6,23600903,106161530,373815842,287644542,137283818
2020/2/7,23600903,106161530,373815842,287644542,137283818
2020/2/8,23600903,106161530,373815842,287644542,137283818
2020/2/9,23600903,106161530,373815842,287644542,137283818
2020/2/10,23600903,106161530,373815842,287644542,137283818
2020/2/11,23600903,106161530,373815842,287644542,137283818
2020/2/12,23600903,106161530,373815842,287644542,137283818
2020/2/13,23600903,106161530,373815842,287644542,137283818
2020/2/14,23600903,106161530,373815842,287644542,137283818
2020/2/15,23600903,106161530,373815842,287644542,137283818
2020/2/16,23600903,106161530,373815842,287644542,137283818
2020/2/17,23600903,106161530,373815842,287644542,137283818
2020/2/18,23600903,106161530,373815842,287644542,137283818
2020/2/19,23600903,106161530,373815842,287644542,137283818
2020/2/20,23600903,106161530,373815842,287644542,137283818
2020/2/21,23600903,106161530,373815842,287644542,137283818
2020/2/22,23600903,106161530,373815842,287644542,137283818
2020/2/23,23600903,106161530,373815842,287644542,137283818
2020/2/24,23600903,106161530,373815842,287644542,137283818
2020/2/25,23600903,106161530,373815842,287644542,137283818
2020/2/26,23600903,106161530,373815842,287644542,137283818
2020/2/27,23600903,106161530,373815842,287644542,137283818
2020/2/28,23600903,106161530,373815842,287644542,137283818
2020/2/29,23600903,106161530,373815842,287644542,137283818
2020/3/1,23596493,113469976,441055770,273105835,154962792
2020/3/2,23596493,113469976,441055770,273105835,154962792
2020/3/3,23596493,113469976,441055770,273105835,154962792
2020/3/4,23596493,113469976,441055770,273105835,154962792
2020/3/5,23596493,113469976,441055770,273105835,154962792
2020/3/6,23596493,113469976,441055770,273105835,154962792
2020/3/7,23596493,113469976,441055770,273105835,154962792
2020/3/8,23596493,113469976,441055770,273105835,154962792
2020/3/9,23596493,113469976,441055770,273105835,154962792
2020/3/10,23596493,113469976,441055770,273105835,154962792
2020/3/11,23596493,113469976,441055770,273105835,154962792
2020/3/12,23596493,113469976,441055770,273105835,154962792
2020/3/13,23596493,113469976,441055770,273105835,154962792
2020/3/14,23596493,113469976,441055770,273105835,154962792
2020/3/15,23596493,113469976,441055770,273105835,154962792
2020/3/16,23596493,113469976,441055770,273105835,154962792
2020/3/17,23596493,113469976,441055770,273105835,154962792
2020/3/18,23596493,113469976,441055770,273105835,154962792
2020/3/19,23596493,113469976,441055770,273105835,154962792
2020/3/20,23596493,113469976,441055770,273105835,154962792
2020/3/21,23596493,113469976,441055770,273105835,154962792
2020/3/22,23596493,113469976,441055770,273105835,154962792
2020/3/23,23596493,113469976,441055770,273105835,154962792
2020/3/24,23596493,113469976,441055770,273105835,154962792
2020/3/25,23596493,113469976,441055770,273105835,154962792
2020/3/26,23596493,113469976,441055770,273105835,154962792
2020/3/27,23596493,113469976,441055770,273105835,154962792
2020/3/28,23596493,113469976,441055770,273105835,154962792
2020/3/29,23596493,113469976,441055770,273105835,154962792
2020/3/30,23596493,113469976,441055770,273105835,154962792
2020/3/31,23596493,113469976,441055770,273105835,154962792
2020/4/1,23591920,98899901,417570623,228461172,139801864
2020/4/2,23591920,98899901,417570623,228461172,139801864
2020/4/3,23591920,98899901,417570623,228461172,139801864
2020/4/4,23591920,98899901,417570623,228461172,139801864
2020/4/5,23591920,98899901,417570623,228461172,139801864
2020/4/6,23591920,98899901,417570623,228461172,139801864
2020/4/7,23591920,98899901,417570623,228461172,139801864
2020/4/8,23591920,98899901,417570623,228461172,139801864
2020/4/9,23591920,98899901,417570623,228461172,139801864
2020/4/10,23591920,98899901,417570623,228461172,139801864
2020/4/11,23591920,98899901,417570623,228461172,139801864
2020/4/12,23591920,98899901,417570623,228461172,139801864
2020/4/13,23591920,98899901,417570623,228461172,139801864
2020/4/14,23591920,98899901,417570623,228461172,139801864
2020/4/15,23591920,98899901,417570623,228461172,139801864
2020/4/16,23591920,98899901,417570623,228461172,139801864
2020/4/17,23591920,98899901,417570623,228461172,139801864
2020/4/18,23591920,98899901,417570623,228461172,139801864
2020/4/19,23591920,98899901,417570623,228461172,139801864
2020/4/20,23591920,98899901,417570623,228461172,139801864
2020/4/21,23591920,98899901,417570623,228461172,139801864
2020/4/22,23591920,98899901,417570623,228461172,139801864
2020/4/23,23591920,98899901,417570623,228461172,139801864
2020/4/24,23591920,98899901,417570623,228461172,139801864
2020/4/25,23591920,98899901,417570623,228461172,139801864
2020/4/26,23591920,98899901,417570623,228461172,139801864
2020/4/27,23591920,98899901,417570623,228461172,139801864
2020/4/28,23591920,98899901,417570623,228461172,139801864
2020/4/29,23591920,98899901,417570623,228461172,139801864
2020/4/30,23591920,98899901,417570623,228461172,139801864
2020/5/1,23586562,93555798,422686113,223246972,140058045
2020/5/2,23586562,93555798,422686113,223246972,140058045
2020/5/3,23586562,93555798,422686113,223246972,140058045
2020/5/4,23586562,93555798,422686113,223246972,140058045
2020/5/5,23586562,93555798,422686113,223246972,140058045
2020/5/6,23586562,93555798,422686113,223246972,140058045
2020/5/7,23586562,93555798,422686113,223246972,140058045
2020/5/8,23586562,93555798,422686113,223246972,140058045
2020/5/9,23586562,93555798,422686113,223246972,140058045
2020/5/10,23586562,93555798,422686113,223246972,140058045
2020/5/11,23586562,93555798,422686113,223246972,140058045
2020/5/12,23586562,93555798,422686113,223246972,140058045
2020/5/13,23586562,93555798,422686113,223246972,140058045
2020/5/14,23586562,93555798,422686113,223246972,140058045
2020/5/15,23586562,93555798,422686113,223246972,140058045
2020/5/16,23586562,93555798,422686113,223246972,140058045
2020/5/17,23586562,93555798,422686113,223246972,140058045
2020/5/18,23586562,93555798,422686113,223246972,140058045
2020/5/19,23586562,93555798,422686113,223246972,140058045
2020/5/20,23586562,93555798,422686113,223246972,140058045
2020/5/21,23586562,93555798,422686113,223246972,140058045
2020/5/22,23586562,93555798,422686113,223246972,140058045
2020/5/23,23586562,93555798,422686113,223246972,140058045
2020/5/24,23586562,93555798,422686113,223246972,140058045
2020/5/25,23586562,93555798,422686113,223246972,140058045
2020/5/26,23586562,93555798,422686113,223246972,140058045
2020/5/27,23586562,93555798,422686113,223246972,140058045
2020/5/28,23586562,93555798,422686113,223246972,140058045
2020/5/29,23586562,93555798,422686113,223246972,140058045
2020/5/30,23586562,93555798,422686113,223246972,140058045
2020/5/31,23586562,93555798,422686113,223246972,140058045
2020/6/1,23583823,93971313,437258822,239196961,143502683
2020/6/2,23583823,93971313,437258822,239196961,143502683
2020/6/3,23583823,93971313,437258822,239196961,143502683
2020/6/4,23583823,93971313,437258822,239196961,143502683
2020/6/5,23583823,93971313,437258822,239196961,143502683
2020/6/6,23583823,93971313,437258822,239196961,143502683
2020/6/7,23583823,93971313,437258822,239196961,143502683
2020/6/8,23583823,93971313,437258822,239196961,143502683
2020/6/9,23583823,93971313,437258822,239196961,143502683
2020/6/10,23583823,93971313,437258822,239196961,143502683
2020/6/11,23583823,93971313,437258822,239196961,143502683
2020/6/12,23583823,93971313,437258822,239196961,143502683
2020/6/13,23583823,93971313,437258822,239196961,143502683
2020/6/14,23583823,93971313,437258822,239196961,143502683
2020/6/15,23583823,93971313,437258822,239196961,143502683
2020/6/16,23583823,93971313,437258822,239196961,143502683
2020/6/17,23583823,93971313,437258822,239196961,143502683
2020/6/18,23583823,93971313,437258822,239196961,143502683
2020/6/19,23583823,93971313,437258822,239196961,143502683
2020/6/20,23583823,93971313,437258822,239196961,143502683
2020/6/21,23583823,93971313,437258822,239196961,143502683
2020/6/22,23583823,93971313,437258822,239196961,143502683
2020/6/23,23583823,93971313,437258822,239196961,143502683
2020/6/24,23583823,93971313,437258822,239196961,143502683
2020/6/25,23583823,93971313,437258822,239196961,143502683
2020/6/26,23583823,93971313,437258822,239196961,143502683
2020/6/27,23583823,93971313,437258822,239196961,143502683
2020/6/28,23583823,93971313,437258822,239196961,143502683
2020/6/29,23583823,93971313,437258822,239196961,143502683
2020/6/30,23583823,93971313,437258822,239196961,143502683
2020/7/1,23578705,91948161,446462343,261788275,158447099
2020/7/2,23578705,91948161,446462343,261788275,158447099
2020/7/3,23578705,91948161,446462343,261788275,158447099
2020/7/4,23578705,91948161,446462343,261788275,158447099
2020/7/5,23578705,91948161,446462343,261788275,158447099
2020/7/6,23578705,91948161,446462343,261788275,158447099
2020/7/7,23578705,91948161,446462343,261788275,158447099
2020/7/8,23578705,91948161,446462343,261788275,158447099
2020/7/9,23578705,91948161,446462343,261788275,158447099
2020/7/10,23578705,91948161,446462343,261788275,158447099
2020/7/11,23578705,91948161,446462343,261788275,158447099
2020/7/12,23578705,91948161,446462343,261788275,158447099
2020/7/13,23578705,91948161,446462343,261788275,158447099
2020/7/14,23578705,91948161,446462343,261788275,158447099
2020/7/15,23578705,91948161,446462343,261788275,158447099
2020/7/16,23578705,91948161,446462343,261788275,158447099
2020/7/17,23578705,91948161,446462343,261788275,158447099
2020/7/18,23578705,91948161,446462343,261788275,158447099
2020/7/19,23578705,91948161,446462343,261788275,158447099
2020/7/20,23578705,91948161,446462343,261788275,158447099
2020/7/21,23578705,91948161,446462343,261788275,158447099
2020/7/22,23578705,91948161,446462343,261788275,158447099
2020/7/23,23578705,91948161,446462343,261788275,158447099
2020/7/24,23578705,91948161,446462343,261788275,158447099
2020/7/25,23578705,91948161,446462343,261788275,158447099
2020/7/26,23578705,91948161,446462343,261788275,158447099
2020/7/27,23578705,91948161,446462343,261788275,158447099
2020/7/28,23578705,91948161,446462343,261788275,158447099
2020/7/29,23578705,91948161,446462343,261788275,158447099
2020/7/30,23578705,91948161,446462343,261788275,158447099
2020/7/31,23578705,91948161,446462343,261788275,158447099
2020/8/1,23574334,100131628,471403458,254204872,157206108
2020/8/2,23574334,100131628,471403458,254204872,157206108
2020/8/3,23574334,100131628,471403458,254204872,157206108
2020/8/4,23574334,100131628,471403458,254204872,157206108
2020/8/5,23574334,100131628,471403458,254204872,157206108
2020/8/6,23574334,100131628,471403458,254204872,157206108
2020/8/7,23574334,100131628,471403458,254204872,157206108
2020/8/8,23574334,100131628,471403458,254204872,157206108
2020/8/9,23574334,100131628,471403458,254204872,157206108
2020/8/10,23574334,100131628,471403458,254204872,157206108
2020/8/11,23574334,100131628,471403458,254204872,157206108
2020/8/12,23574334,100131628,471403458,254204872,157206108
2020/8/13,23574334,100131628,471403458,254204872,157206108
2020/8/14,23574334,100131628,471403458,254204872,157206108
2020/8/15,23574334,100131628,471403458,254204872,157206108
2020/8/16,23574334,100131628,471403458,254204872,157206108
2020/8/17,23574334,100131628,471403458,254204872,157206108
2020/8/18,23574334,100131628,471403458,254204872,157206108
2020/8/19,23574334,100131628,471403458,254204872,157206108
2020/8/20,23574334,100131628,471403458,254204872,157206108
2020/8/21,23574334,100131628,471403458,254204872,157206108
2020/8/22,23574334,100131628,471403458,254204872,157206108
2020/8/23,23574334,100131628,471403458,254204872,157206108
2020/8/24,23574334,100131628,471403458,254204872,157206108
2020/8/25,23574334,100131628,471403458,254204872,157206108
2020/8/26,23574334,100131628,471403458,254204872,157206108
2020/8/27,23574334,100131628,471403458,254204872,157206108
2020/8/28,23574334,100131628,471403458,254204872,157206108
2020/8/29,23574334,100131628,471403458,254204872,157206108
2020/8/30,23574334,100131628,471403458,254204872,157206108
2020/8/31,23574334,100131628,471403458,254204872,157206108
2020/9/1,23568378,102635350,492753867,267309753,162802871
2020/9/2,23568378,102635350,492753867,267309753,162802871
2020/9/3,23568378,102635350,492753867,267309753,162802871
2020/9/4,23568378,102635350,492753867,267309753,162802871
2020/9/5,23568378,102635350,492753867,267309753,162802871
2020/9/6,23568378,102635350,492753867,267309753,162802871
2020/9/7,23568378,102635350,492753867,267309753,162802871
2020/9/8,23568378,102635350,492753867,267309753,162802871
2020/9/9,23568378,102635350,492753867,267309753,162802871
2020/9/10,23568378,102635350,492753867,267309753,162802871
2020/9/11,23568378,102635350,492753867,267309753,162802871
2020/9/12,23568378,102635350,492753867,267309753,162802871
2020/9/13,23568378,102635350,492753867,267309753,162802871
2020/9/14,23568378,102635350,492753867,267309753,162802871
2020/9/15,23568378,102635350,492753867,267309753,162802871
2020/9/16,23568378,102635350,492753867,267309753,162802871
2020/9/17,23568378,102635350,492753867,267309753,162802871
2020/9/18,23568378,102635350,492753867,267309753,162802871
2020/9/19,23568378,102635350,492753867,267309753,162802871
2020/9/20,23568378,102635350,492753867,267309753,162802871
2020/9/21,23568378,102635350,492753867,267309753,162802871
2020/9/22,23568378,102635350,492753867,267309753,162802871
2020/9/23,23568378,102635350,492753867,267309753,162802871
2020/9/24,23568378,102635350,492753867,267309753,162802871
2020/9/25,23568378,102635350,492753867,267309753,162802871
2020/9/26,23568378,102635350,492753867,267309753,162802871
2020/9/27,23568378,102635350,492753867,267309753,162802871
2020/9/28,23568378,102635350,492753867,267309753,162802871
2020/9/29,23568378,102635350,492753867,267309753,162802871
2020/9/30,23568378,102635350,492753867,267309753,162802871
2020/10/1,23566471,107939578,474219805,272824889,154621863
2020/10/2,23566471,107939578,474219805,272824889,154621863
2020/10/3,23566471,107939578,474219805,272824889,154621863
2020/10/4,23566471,107939578,474219805,272824889,154621863
2020/10/5,23566471,107939578,474219805,272824889,154621863
2020/10/6,23566471,107939578,474219805,272824889,154621863
2020/10/7,23566471,107939578,474219805,272824889,154621863
2020/10/8,23566471,107939578,474219805,272824889,154621863
2020/10/9,23566471,107939578,474219805,272824889,154621863
2020/10/10,23566471,107939578,474219805,272824889,154621863
2020/10/11,23566471,107939578,474219805,272824889,154621863
2020/10/12,23566471,107939578,474219805,272824889,154621863
2020/10/13,23566471,107939578,474219805,272824889,154621863
2020/10/14,23566471,107939578,474219805,272824889,154621863
2020/10/15,23566471,107939578,474219805,272824889,154621863
2020/10/16,23566471,107939578,474219805,272824889,154621863
2020/10/17,23566471,107939578,474219805,272824889,154621863
2020/10/18,23566471,107939578,474219805,272824889,154621863
2020/10/19,23566471,107939578,474219805,272824889,154621863
2020/10/20,23566471,107939578,474219805,272824889,154621863
2020/10/21,23566471,107939578,474219805,272824889,154621863
2020/10/22,23566471,107939578,474219805,272824889,154621863
2020/10/23,23566471,107939578,474219805,272824889,154621863
2020/10/24,23566471,107939578,474219805,272824889,154621863
2020/10/25,23566471,107939578,474219805,272824889,154621863
2020/10/26,23566471,107939578,474219805,272824889,154621863
2020/10/27,23566471,107939578,474219805,272824889,154621863
2020/10/28,23566471,107939578,474219805,272824889,154621863
2020/10/29,23566471,107939578,474219805,272824889,154621863
2020/10/30,23566471,107939578,474219805,272824889,154621863
2020/10/31,23566471,107939578,474219805,272824889,154621863
2020/11/1,23563356,111015987,479321154,283469471,157226395
2020/11/2,23563356,111015987,479321154,283469471,157226395
2020/11/3,23563356,111015987,479321154,283469471,157226395
2020/11/4,23563356,111015987,479321154,283469471,157226395
2020/11/5,23563356,111015987,479321154,283469471,157226395
2020/11/6,23563356,111015987,479321154,283469471,157226395
2020/11/7,23563356,111015987,479321154,283469471,157226395
2020/11/8,23563356,111015987,479321154,283469471,157226395
2020/11/9,23563356,111015987,479321154,283469471,157226395
2020/11/10,23563356,111015987,479321154,283469471,157226395
2020/11/11,23563356,111015987,479321154,283469471,157226395
2020/11/12,23563356,111015987,479321154,283469471,157226395
2020/11/13,23563356,111015987,479321154,283469471,157226395
2020/11/14,23563356,111015987,479321154,283469471,157226395
2020/11/15,23563356,111015987,479321154,283469471,157226395
2020/11/16,23563356,111015987,479321154,283469471,157226395
2020/11/17,23563356,111015987,479321154,283469471,157226395
2020/11/18,23563356,111015987,479321154,283469471,157226395
2020/11/19,23563356,111015987,479321154,283469471,157226395
2020/11/20,23563356,111015987,479321154,283469471,157226395
2020/11/21,23563356,111015987,479321154,283469471,157226395
2020/11/22,23563356,111015987,479321154,283469471,157226395
2020/11/23,23563356,111015987,479321154,283469471,157226395
2020/11/24,23563356,111015987,479321154,283469471,157226395
2020/11/25,23563356,111015987,479321154,283469471,157226395
2020/11/26,23563356,111015987,479321154,283469471,157226395
2020/11/27,23563356,111015987,479321154,283469471,157226395
2020/11/28,23563356,111015987,479321154,283469471,157226395
2020/11/29,23563356,111015987,479321154,283469471,157226395
2020/11/30,23563356,111015987,479321154,283469471,157226395
2020/12/1,23561236,123093268,501142680,305250573,170613092
2020/12/2,23561236,123093268,501142680,305250573,170613092
2020/12/3,23561236,123093268,501142680,305250573,170613092
2020/12/4,23561236,123093268,501142680,305250573,170613092
2020/12/5,23561236,123093268,501142680,305250573,170613092
2020/12/6,23561236,123093268,501142680,305250573,170613092
2020/12/7,23561236,123093268,501142680,305250573,170613092
2020/12/8,23561236,123093268,501142680,305250573,170613092
2020/12/9,23561236,123093268,501142680,305250573,170613092
2020/12/10,23561236,123093268,501142680,305250573,170613092
2020/12/11,23561236,123093268,501142680,305250573,170613092
2020/12/12,23561236,123093268,501142680,305250573,170613092
2020/12/13,23561236,123093268,501142680,305250573,170613092
2020/12/14,23561236,123093268,501142680,305250573,170613092
2020/12/15,23561236,123093268,501142680,305250573,170613092
2020/12/16,23561236,123093268,501142680,305250573,170613092
2020/12/17,23561236,123093268,501142680,305250573,170613092
2020/12/18,23561236,123093268,501142680,305250573,170613092
2020/12/19,23561236,123093268,501142680,305250573,170613092
2020/12/20,23561236,123093268,501142680,305250573,170613092
2020/12/21,23561236,123093268,501142680,305250573,170613092
2020/12/22,23561236,123093268,501142680,305250573,170613092
2020/12/23,23561236,123093268,501142680,305250573,170613092
2020/12/24,23561236,123093268,501142680,305250573,170613092
2020/12/25,23561236,123093268,501142680,305250573,170613092
2020/12/26,23561236,123093268,501142680,305250573,170613092
2020/12/27,23561236,123093268,501142680,305250573,170613092
2020/12/28,23561236,123093268,501142680,305250573,170613092
2020/12/29,23561236,123093268,501142680,305250573,170613092
2020/12/30,23561236,123093268,501142680,305250573,170613092
2020/12/31,23561236,123093268,501142680,305250573,170613092
2021/1/1,23548633,129471565,491298169,314251069,167868748
2021/1/2,23548633,129471565,491298169,314251069,167868748
2021/1/3,23548633,129471565,491298169,314251069,167868748
2021/1/4,23548633,129471565,491298169,314251069,167868748
2021/1/5,23548633,129471565,491298169,314251069,167868748
2021/1/6,23548633,129471565,491298169,314251069,167868748
2021/1/7,23548633,129471565,491298169,314251069,167868748
2021/1/8,23548633,129471565,491298169,314251069,167868748
2021/1/9,23548633,129471565,491298169,314251069,167868748
2021/1/10,23548633,129471565,491298169,314251069,167868748
2021/1/11,23548633,129471565,491298169,314251069,167868748
2021/1/12,23548633,129471565,491298169,314251069,167868748
2021/1/13,23548633,129471565,491298169,314251069,167868748
2021/1/14,23548633,129471565,491298169,314251069,167868748
2021/1/15,23548633,129471565,491298169,314251069,167868748
2021/1/16,23548633,129471565,491298169,314251069,167868748
2021/1/17,23548633,129471565,491298169,314251069,167868748
2021/1/18,23548633,129471565,491298169,314251069,167868748
2021/1/19,23548633,129471565,491298169,314251069,167868748
2021/1/20,23548633,129471565,491298169,314251069,167868748
2021/1/21,23548633,129471565,491298169,314251069,167868748
2021/1/22,23548633,129471565,491298169,314251069,167868748
2021/1/23,23548633,129471565,491298169,314251069,167868748
2021/1/24,23548633,129471565,491298169,314251069,167868748
2021/1/25,23548633,129471565,491298169,314251069,167868748
2021/1/26,23548633,129471565,491298169,314251069,167868748
2021/1/27,23548633,129471565,491298169,314251069,167868748
2021/1/28,23548633,129471565,491298169,314251069,167868748
2021/1/29,23548633,129471565,491298169,314251069,167868748
2021/1/30,23548633,129471565,491298169,314251069,167868748
2021/1/31,23548633,129471565,491298169,314251069,167868748
2021/2/1,23539588,115146791,437595118,277979688,128443113
2021/2/2,23539588,115146791,437595118,277979688,128443113
2021/2/3,23539588,115146791,437595118,277979688,128443113
2021/2/4,23539588,115146791,437595118,277979688,128443113
2021/2/5,23539588,115146791,437595118,277979688,128443113
2021/2/6,23539588,115146791,437595118,277979688,128443113
2021/2/7,23539588,115146791,437595118,277979688,128443113
2021/2/8,23539588,115146791,437595118,277979688,128443113
2021/2/9,23539588,115146791,437595118,277979688,128443113
2021/2/10,23539588,115146791,437595118,277979688,128443113
2021/2/11,23539588,115146791,437595118,277979688,128443113
2021/2/12,23539588,115146791,437595118,277979688,128443113
2021/2/13,23539588,115146791,437595118,277979688,128443113
2021/2/14,23539588,115146791,437595118,277979688,128443113
2021/2/15,23539588,115146791,437595118,277979688,128443113
2021/2/16,23539588,115146791,437595118,277979688,128443113
2021/2/17,23539588,115146791,437595118,277979688,128443113
2021/2/18,23539588,115146791,437595118,277979688,128443113
2021/2/19,23539588,115146791,437595118,277979688,128443113
2021/2/20,23539588,115146791,437595118,277979688,128443113
2021/2/21,23539588,115146791,437595118,277979688,128443113
2021/2/22,23539588,115146791,437595118,277979688,128443113
2021/2/23,23539588,115146791,437595118,277979688,128443113
2021/2/24,23539588,115146791,437595118,277979688,128443113
2021/2/25,23539588,115146791,437595118,277979688,128443113
2021/2/26,23539588,115146791,437595118,277979688,128443113
2021/2/27,23539588,115146791,437595118,277979688,128443113
2021/2/28,23539588,115146791,437595118,277979688,128443113
2021/3/1,23525623,144039345,550098211,364720857,172523019
2021/3/2,23525623,144039345,550098211,364720857,172523019
2021/3/3,23525623,144039345,550098211,364720857,172523019
2021/3/4,23525623,144039345,550098211,364720857,172523019
2021/3/5,23525623,144039345,550098211,364720857,172523019
2021/3/6,23525623,144039345,550098211,364720857,172523019
2021/3/7,23525623,144039345,550098211,364720857,172523019
2021/3/8,23525623,144039345,550098211,364720857,172523019
2021/3/9,23525623,144039345,550098211,364720857,172523019
2021/3/10,23525623,144039345,550098211,364720857,172523019
2021/3/11,23525623,144039345,550098211,364720857,172523019
2021/3/12,23525623,144039345,550098211,364720857,172523019
2021/3/13,23525623,144039345,550098211,364720857,172523019
2021/3/14,23525623,144039345,550098211,364720857,172523019
2021/3/15,23525623,144039345,550098211,364720857,172523019
2021/3/16,23525623,144039345,550098211,364720857,172523019
2021/3/17,23525623,144039345,550098211,364720857,172523019
2021/3/18,23525623,144039345,550098211,364720857,172523019
2021/3/19,23525623,144039345,550098211,364720857,172523019
2021/3/20,23525623,144039345,550098211,364720857,172523019
2021/3/21,23525623,144039345,550098211,364720857,172523019
2021/3/22,23525623,144039345,550098211,364720857,172523019
2021/3/23,23525623,144039345,550098211,364720857,172523019
2021/3/24,23525623,144039345,550098211,364720857,172523019
2021/3/25,23525623,144039345,550098211,364720857,172523019
2021/3/26,23525623,144039345,550098211,364720857,172523019
2021/3/27,23525623,144039345,550098211,364720857,172523019
2021/3/28,23525623,144039345,550098211,364720857,172523019
2021/3/29,23525623,144039345,550098211,364720857,172523019
2021/3/30,23525623,144039345,550098211,364720857,172523019
2021/3/31,23525623,144039345,550098211,364720857,172523019
2021/4/1,23514196,143233914,512841274,354853192,162039278
2021/4/2,23514196,143233914,512841274,354853192,162039278
2021/4/3,23514196,143233914,512841274,354853192,162039278
2021/4/4,23514196,143233914,512841274,354853192,162039278
2021/4/5,23514196,143233914,512841274,354853192,162039278
2021/4/6,23514196,143233914,512841274,354853192,162039278
2021/4/7,23514196,143233914,512841274,354853192,162039278
2021/4/8,23514196,143233914,512841274,354853192,162039278
2021/4/9,23514196,143233914,512841274,354853192,162039278
2021/4/10,23514196,143233914,512841274,354853192,162039278
2021/4/11,23514196,143233914,512841274,354853192,162039278
2021/4/12,23514196,143233914,512841274,354853192,162039278
2021/4/13,23514196,143233914,512841274,354853192,162039278
2021/4/14,23514196,143233914,512841274,354853192,162039278
2021/4/15,23514196,143233914,512841274,354853192,162039278
2021/4/16,23514196,143233914,512841274,354853192,162039278
2021/4/17,23514196,143233914,512841274,354853192,162039278
2021/4/18,23514196,143233914,512841274,354853192,162039278
2021/4/19,23514196,143233914,512841274,354853192,162039278
2021/4/20,23514196,143233914,512841274,354853192,162039278
2021/4/21,23514196,143233914,512841274,354853192,162039278
2021/4/22,23514196,143233914,512841274,354853192,162039278
2021/4/23,23514196,143233914,512841274,354853192,162039278
2021/4/24,23514196,143233914,512841274,354853192,162039278
2021/4/25,23514196,143233914,512841274,354853192,162039278
2021/4/26,23514196,143233914,512841274,354853192,162039278
2021/4/27,23514196,143233914,512841274,354853192,162039278
2021/4/28,23514196,143233914,512841274,354853192,162039278
2021/4/29,23514196,143233914,512841274,354853192,162039278
2021/4/30,23514196,143233914,512841274,354853192,162039278
2021/5/1,23499070,155759973,529318032,370576802,168059244
2021/5/2,23499070,155759973,529318032,370576802,168059244
2021/5/3,23499070,155759973,529318032,370576802,168059244
2021/5/4,23499070,155759973,529318032,370576802,168059244
2021/5/5,23499070,155759973,529318032,370576802,168059244
2021/5/6,23499070,155759973,529318032,370576802,168059244
2021/5/7,23499070,155759973,529318032,370576802,168059244
2021/5/8,23499070,155759973,529318032,370576802,168059244
2021/5/9,23499070,155759973,529318032,370576802,168059244
2021/5/10,23499070,155759973,529318032,370576802,168059244
2021/5/11,23499070,155759973,529318032,370576802,168059244
2021/5/12,23499070,155759973,529318032,370576802,168059244
2021/5/13,23499070,155759973,529318032,370576802,168059244
2021/5/14,23499070,155759973,529318032,370576802,168059244
2021/5/15,23499070,155759973,529318032,370576802,168059244
2021/5/16,23499070,155759973,529318032,370576802,168059244
2021/5/17,23499070,155759973,529318032,370576802,168059244
2021/5/18,23499070,155759973,529318032,370576802,168059244
2021/5/19,23499070,155759973,529318032,370576802,168059244
2021/5/20,23499070,155759973,529318032,370576802,168059244
2021/5/21,23499070,155759973,529318032,370576802,168059244
2021/5/22,23499070,155759973,529318032,370576802,168059244
2021/5/23,23499070,155759973,529318032,370576802,168059244
2021/5/24,23499070,155759973,529318032,370576802,168059244
2021/5/25,23499070,155759973,529318032,370576802,168059244
2021/5/26,23499070,155759973,529318032,370576802,168059244
2021/5/27,23499070,155759973,529318032,370576802,168059244
2021/5/28,23499070,155759973,529318032,370576802,168059244
2021/5/29,23499070,155759973,529318032,370576802,168059244
2021/5/30,23499070,155759973,529318032,370576802,168059244
2021/5/31,23499070,155759973,529318032,370576802,168059244
2021/6/1,23487509,163509311,562448102,363358978,167122242
2021/6/2,23487509,163509311,562448102,363358978,167122242
2021/6/3,23487509,163509311,562448102,363358978,167122242
2021/6/4,23487509,163509311,562448102,363358978,167122242
2021/6/5,23487509,163509311,562448102,363358978,167122242
2021/6/6,23487509,163509311,562448102,363358978,167122242
2021/6/7,23487509,163509311,562448102,363358978,167122242
2021/6/8,23487509,163509311,562448102,363358978,167122242
2021/6/9,23487509,163509311,562448102,363358978,167122242
2021/6/10,23487509,163509311,562448102,363358978,167122242
2021/6/11,23487509,163509311,562448102,363358978,167122242
2021/6/12,23487509,163509311,562448102,363358978,167122242
2021/6/13,23487509,163509311,562448102,363358978,167122242
2021/6/14,23487509,163509311,562448102,363358978,167122242
2021/6/15,23487509,163509311,562448102,363358978,167122242
2021/6/16,23487509,163509311,562448102,363358978,167122242
2021/6/17,23487509,163509311,562448102,363358978,167122242
2021/6/18,23487509,163509311,562448102,363358978,167122242
2021/6/19,23487509,163509311,562448102,363358978,167122242
2021/6/20,23487509,163509311,562448102,363358978,167122242
2021/6/21,23487509,163509311,562448102,363358978,167122242
2021/6/22,23487509,163509311,562448102,363358978,167122242
2021/6/23,23487509,163509311,562448102,363358978,167122242
2021/6/24,23487509,163509311,562448102,363358978,167122242
2021/6/25,23487509,163509311,562448102,363358978,167122242
2021/6/26,23487509,163509311,562448102,363358978,167122242
2021/6/27,23487509,163509311,562448102,363358978,167122242
2021/6/28,23487509,163509311,562448102,363358978,167122242
2021/6/29,23487509,163509311,562448102,363358978,167122242
2021/6/30,23487509,163509311,562448102,363358978,167122242
2021/7/1,23470633,171809904,568813946,373937055,172738239
2021/7/2,23470633,171809904,568813946,373937055,172738239
2021/7/3,23470633,171809904,568813946,373937055,172738239
2021/7/4,23470633,171809904,568813946,373937055,172738239
2021/7/5,23470633,171809904,568813946,373937055,172738239
2021/7/6,23470633,171809904,568813946,373937055,172738239
2021/7/7,23470633,171809904,568813946,373937055,172738239
2021/7/8,23470633,171809904,568813946,373937055,172738239
2021/7/9,23470633,171809904,568813946,373937055,172738239
2021/7/10,23470633,171809904,568813946,373937055,172738239
2021/7/11,23470633,171809904,568813946,373937055,172738239
2021/7/12,23470633,171809904,568813946,373937055,172738239
2021/7/13,23470633,171809904,568813946,373937055,172738239
2021/7/14,23470633,171809904,568813946,373937055,172738239
2021/7/15,23470633,171809904,568813946,373937055,172738239
2021/7/16,23470633,171809904,568813946,373937055,172738239
2021/7/17,23470633,171809904,568813946,373937055,172738239
2021/7/18,23470633,171809904,568813946,373937055,172738239
2021/7/19,23470633,171809904,568813946,373937055,172738239
2021/7/20,23470633,171809904,568813946,373937055,172738239
2021/7/21,23470633,171809904,568813946,373937055,172738239
2021/7/22,23470633,171809904,568813946,373937055,172738239
2021/7/23,23470633,171809904,568813946,373937055,172738239
2021/7/24,23470633,171809904,568813946,373937055,172738239
2021/7/25,23470633,171809904,568813946,373937055,172738239
2021/7/26,23470633,171809904,568813946,373937055,172738239
2021/7/27,23470633,171809904,568813946,373937055,172738239
2021/7/28,23470633,171809904,568813946,373937055,172738239
2021/7/29,23470633,171809904,568813946,373937055,172738239
2021/7/30,23470633,171809904,568813946,373937055,172738239
2021/7/31,23470633,171809904,568813946,373937055,172738239
2021/8/1,23451837,178876981,582630617,369921495,172683181
2021/8/2,23451837,178876981,582630617,369921495,172683181
2021/8/3,23451837,178876981,582630617,369921495,172683181
2021/8/4,23451837,178876981,582630617,369921495,172683181
2021/8/5,23451837,178876981,582630617,369921495,172683181
2021/8/6,23451837,178876981,582630617,369921495,172683181
2021/8/7,23451837,178876981,582630617,369921495,172683181
2021/8/8,23451837,178876981,582630617,369921495,172683181
2021/8/9,23451837,178876981,582630617,369921495,172683181
2021/8/10,23451837,178876981,582630617,369921495,172683181
2021/8/11,23451837,178876981,582630617,369921495,172683181
2021/8/12,23451837,178876981,582630617,369921495,172683181
2021/8/13,23451837,178876981,582630617,369921495,172683181
2021/8/14,23451837,178876981,582630617,369921495,172683181
2021/8/15,23451837,178876981,582630617,369921495,172683181
2021/8/16,23451837,178876981,582630617,369921495,172683181
2021/8/17,23451837,178876981,582630617,369921495,172683181
2021/8/18,23451837,178876981,582630617,369921495,172683181
2021/8/19,23451837,178876981,582630617,369921495,172683181
2021/8/20,23451837,178876981,582630617,369921495,172683181
2021/8/21,23451837,178876981,582630617,369921495,172683181
2021/8/22,23451837,178876981,582630617,369921495,172683181
2021/8/23,23451837,178876981,582630617,369921495,172683181
2021/8/24,23451837,178876981,582630617,369921495,172683181
2021/8/25,23451837,178876981,582630617,369921495,172683181
2021/8/26,23451837,178876981,582630617,369921495,172683181
2021/8/27,23451837,178876981,582630617,369921495,172683181
2021/8/28,23451837,178876981,582630617,369921495,172683181
2021/8/29,23451837,178876981,582630617,369921495,172683181
2021/8/30,23451837,178876981,582630617,369921495,172683181
2021/8/31,23451837,178876981,582630617,369921495,172683181
2021/9/1,23430948,171421040,589942988,357995515,167998540
2021/9/2,23430948,171421040,589942988,357995515,167998540
2021/9/3,23430948,171421040,589942988,357995515,167998540
2021/9/4,23430948,171421040,589942988,357995515,167998540
2021/9/5,23430948,171421040,589942988,357995515,167998540
2021/9/6,23430948,171421040,589942988,357995515,167998540
2021/9/7,23430948,171421040,589942988,357995515,167998540
2021/9/8,23430948,171421040,589942988,357995515,167998540
2021/9/9,23430948,171421040,589942988,357995515,167998540
2021/9/10,23430948,171421040,589942988,357995515,167998540
2021/9/11,23430948,171421040,589942988,357995515,167998540
2021/9/12,23430948,171421040,589942988,357995515,167998540
2021/9/13,23430948,171421040,589942988,357995515,167998540
2021/9/14,23430948,171421040,589942988,357995515,167998540
2021/9/15,23430948,171421040,589942988,357995515,167998540
2021/9/16,23430948,171421040,589942988,357995515,167998540
2021/9/17,23430948,171421040,589942988,357995515,167998540
2021/9/18,23430948,171421040,589942988,357995515,167998540
2021/9/19,23430948,171421040,589942988,357995515,167998540
2021/9/20,23430948,171421040,589942988,357995515,167998540
2021/9/21,23430948,171421040,589942988,357995515,167998540
2021/9/22,23430948,171421040,589942988,357995515,167998540
2021/9/23,23430948,171421040,589942988,357995515,167998540
2021/9/24,23430948,171421040,589942988,357995515,167998540
2021/9/25,23430948,171421040,589942988,357995515,167998540
2021/9/26,23430948,171421040,589942988,357995515,167998540
2021/9/27,23430948,171421040,589942988,357995515,167998540
2021/9/28,23430948,171421040,589942988,357995515,167998540
2021/9/29,23430948,171421040,589942988,357995515,167998540
2021/9/30,23430948,171421040,589942988,357995515,167998540
2021/10/1,23413879,179384228,576276849,376603673,172154254
2021/10/2,23413879,179384228,576276849,376603673,172154254
2021/10/3,23413879,179384228,576276849,376603673,172154254
2021/10/4,23413879,179384228,576276849,376603673,172154254
2021/10/5,23413879,179384228,576276849,376603673,172154254
2021/10/6,23413879,179384228,576276849,376603673,172154254
2021/10/7,23413879,179384228,576276849,376603673,172154254
2021/10/8,23413879,179384228,576276849,376603673,172154254
2021/10/9,23413879,179384228,576276849,376603673,172154254
2021/10/10,23413879,179384228,576276849,376603673,172154254
2021/10/11,23413879,179384228,576276849,376603673,172154254
2021/10/12,23413879,179384228,576276849,376603673,172154254
2021/10/13,23413879,179384228,576276849,376603673,172154254
2021/10/14,23413879,179384228,576276849,376603673,172154254
2021/10/15,23413879,179384228,576276849,376603673,172154254
2021/10/16,23413879,179384228,576276849,376603673,172154254
2021/10/17,23413879,179384228,576276849,376603673,172154254
2021/10/18,23413879,179384228,576276849,376603673,172154254
2021/10/19,23413879,179384228,576276849,376603673,172154254
2021/10/20,23413879,179384228,576276849,376603673,172154254
2021/10/21,23413879,179384228,576276849,376603673,172154254
2021/10/22,23413879,179384228,576276849,376603673,172154254
2021/10/23,23413879,179384228,576276849,376603673,172154254
2021/10/24,23413879,179384228,576276849,376603673,172154254
2021/10/25,23413879,179384228,576276849,376603673,172154254
2021/10/26,23413879,179384228,576276849,376603673,172154254
2021/10/27,23413879,179384228,576276849,376603673,172154254
2021/10/28,23413879,179384228,576276849,376603673,172154254
2021/10/29,23413879,179384228,576276849,376603673,172154254
2021/10/30,23413879,179384228,576276849,376603673,172154254
2021/10/31,23413879,179384228,576276849,376603673,172154254
2021/11/1,23394787,172503102,592492452,379902312,175279248
2021/11/2,23394787,172503102,592492452,379902312,175279248
2021/11/3,23394787,172503102,592492452,379902312,175279248
2021/11/4,23394787,172503102,592492452,379902312,175279248
2021/11/5,23394787,172503102,592492452,379902312,175279248
2021/11/6,23394787,172503102,592492452,379902312,175279248
2021/11/7,23394787,172503102,592492452,379902312,175279248
2021/11/8,23394787,172503102,592492452,379902312,175279248
2021/11/9,23394787,172503102,592492452,379902312,175279248
2021/11/10,23394787,172503102,592492452,379902312,175279248
2021/11/11,23394787,172503102,592492452,379902312,175279248
2021/11/12,23394787,172503102,592492452,379902312,175279248
2021/11/13,23394787,172503102,592492452,379902312,175279248
2021/11/14,23394787,172503102,592492452,379902312,175279248
2021/11/15,23394787,172503102,592492452,379902312,175279248
2021/11/16,23394787,172503102,592492452,379902312,175279248
2021/11/17,23394787,172503102,592492452,379902312,175279248
2021/11/18,23394787,172503102,592492452,379902312,175279248
2021/11/19,23394787,172503102,592492452,379902312,175279248
2021/11/20,23394787,172503102,592492452,379902312,175279248
2021/11/21,23394787,172503102,592492452,379902312,175279248
2021/11/22,23394787,172503102,592492452,379902312,175279248
2021/11/23,23394787,172503102,592492452,379902312,175279248
2021/11/24,23394787,172503102,592492452,379902312,175279248
2021/11/25,23394787,172503102,592492452,379902312,175279248
2021/11/26,23394787,172503102,592492452,379902312,175279248
2021/11/27,23394787,172503102,592492452,379902312,175279248
2021/11/28,23394787,172503102,592492452,379902312,175279248
2021/11/29,23394787,172503102,592492452,379902312,175279248
2021/11/30,23394787,172503102,592492452,379902312,175279248
2021/12/1,23375314,173019854,597273254,375511390,181919477
2021/12/2,23375314,173019854,597273254,375511390,181919477
2021/12/3,23375314,173019854,597273254,375511390,181919477
2021/12/4,23375314,173019854,597273254,375511390,181919477
2021/12/5,23375314,173019854,597273254,375511390,181919477
2021/12/6,23375314,173019854,597273254,375511390,181919477
2021/12/7,23375314,173019854,597273254,375511390,181919477
2021/12/8,23375314,173019854,597273254,375511390,181919477
2021/12/9,23375314,173019854,597273254,375511390,181919477
2021/12/10,23375314,173019854,597273254,375511390,181919477
2021/12/11,23375314,173019854,597273254,375511390,181919477
2021/12/12,23375314,173019854,597273254,375511390,181919477
2021/12/13,23375314,173019854,597273254,375511390,181919477
2021/12/14,23375314,173019854,597273254,375511390,181919477
2021/12/15,23375314,173019854,597273254,375511390,181919477
2021/12/16,23375314,173019854,597273254,375511390,181919477
2021/12/17,23375314,173019854,597273254,375511390,181919477
2021/12/18,23375314,173019854,597273254,375511390,181919477
2021/12/19,23375314,173019854,597273254,375511390,181919477
2021/12/20,23375314,173019854,597273254,375511390,181919477
2021/12/21,23375314,173019854,597273254,375511390,181919477
2021/12/22,23375314,173019854,597273254,375511390,181919477
2021/12/23,23375314,173019854,597273254,375511390,181919477
2021/12/24,23375314,173019854,597273254,375511390,181919477
2021/12/25,23375314,173019854,597273254,375511390,181919477
2021/12/26,23375314,173019854,597273254,375511390,181919477
2021/12/27,23375314,173019854,597273254,375511390,181919477
2021/12/28,23375314,173019854,597273254,375511390,181919477
2021/12/29,23375314,173019854,597273254,375511390,181919477
2021/12/30,23375314,173019854,597273254,375511390,181919477
2021/12/31,23375314,173019854,597273254,375511390,181919477
2022/1/1,23349666,156327714,596747269,375265716,179641056
2022/1/2,23349666,156327714,596747269,375265716,179641056
2022/1/3,23349666,156327714,596747269,375265716,179641056
2022/1/4,23349666,156327714,596747269,375265716,179641056
2022/1/5,23349666,156327714,596747269,375265716,179641056
2022/1/6,23349666,156327714,596747269,375265716,179641056
2022/1/7,23349666,156327714,596747269,375265716,179641056
2022/1/8,23349666,156327714,596747269,375265716,179641056
2022/1/9,23349666,156327714,596747269,375265716,179641056
2022/1/10,23349666,156327714,596747269,375265716,179641056
2022/1/11,23349666,156327714,596747269,375265716,179641056
2022/1/12,23349666,156327714,596747269,375265716,179641056
2022/1/13,23349666,156327714,596747269,375265716,179641056
2022/1/14,23349666,156327714,596747269,375265716,179641056
2022/1/15,23349666,156327714,596747269,375265716,179641056
2022/1/16,23349666,156327714,596747269,375265716,179641056
2022/1/17,23349666,156327714,596747269,375265716,179641056
2022/1/18,23349666,156327714,596747269,375265716,179641056
2022/1/19,23349666,156327714,596747269,375265716,179641056
2022/1/20,23349666,156327714,596747269,375265716,179641056
2022/1/21,23349666,156327714,596747269,375265716,179641056
2022/1/22,23349666,156327714,596747269,375265716,179641056
2022/1/23,23349666,156327714,596747269,375265716,179641056
2022/1/24,23349666,156327714,596747269,375265716,179641056
2022/1/25,23349666,156327714,596747269,375265716,179641056
2022/1/26,23349666,156327714,596747269,375265716,179641056
2022/1/27,23349666,156327714,596747269,375265716,179641056
2022/1/28,23349666,156327714,596747269,375265716,179641056
2022/1/29,23349666,156327714,596747269,375265716,179641056
2022/1/30,23349666,156327714,596747269,375265716,179641056
2022/1/31,23349666,156327714,596747269,375265716,179641056
2022/2/1,23319776,143816117,521442296,335149802,130246815
2022/2/2,23319776,143816117,521442296,335149802,130246815
2022/2/3,23319776,143816117,521442296,335149802,130246815
2022/2/4,23319776,143816117,521442296,335149802,130246815
2022/2/5,23319776,143816117,521442296,335149802,130246815
2022/2/6,23319776,143816117,521442296,335149802,130246815
2022/2/7,23319776,143816117,521442296,335149802,130246815
2022/2/8,23319776,143816117,521442296,335149802,130246815
2022/2/9,23319776,143816117,521442296,335149802,130246815
2022/2/10,23319776,143816117,521442296,335149802,130246815
2022/2/11,23319776,143816117,521442296,335149802,130246815
2022/2/12,23319776,143816117,521442296,335149802,130246815
2022/2/13,23319776,143816117,521442296,335149802,130246815
2022/2/14,23319776,143816117,521442296,335149802,130246815
2022/2/15,23319776,143816117,521442296,335149802,130246815
2022/2/16,23319776,143816117,521442296,335149802,130246815
2022/2/17,23319776,143816117,521442296,335149802,130246815
2022/2/18,23319776,143816117,521442296,335149802,130246815
2022/2/19,23319776,143816117,521442296,335149802,130246815
2022/2/20,23319776,143816117,521442296,335149802,130246815
2022/2/21,23319776,143816117,521442296,335149802,130246815
2022/2/22,23319776,143816117,521442296,335149802,130246815
2022/2/23,23319776,143816117,521442296,335149802,130246815
2022/2/24,23319776,143816117,521442296,335149802,130246815
2022/2/25,23319776,143816117,521442296,335149802,130246815
2022/2/26,23319776,143816117,521442296,335149802,130246815
2022/2/27,23319776,143816117,521442296,335149802,130246815
2022/2/28,23319776,143816117,521442296,335149802,130246815
2022/3/1,23268991,176409944,634877184,401593251,183318521
2022/3/2,23268991,176409944,634877184,401593251,183318521
2022/3/3,23268991,176409944,634877184,401593251,183318521
2022/3/4,23268991,176409944,634877184,401593251,183318521
2022/3/5,23268991,176409944,634877184,401593251,183318521
2022/3/6,23268991,176409944,634877184,401593251,183318521
2022/3/7,23268991,176409944,634877184,401593251,183318521
2022/3/8,23268991,176409944,634877184,401593251,183318521
2022/3/9,23268991,176409944,634877184,401593251,183318521
2022/3/10,23268991,176409944,634877184,401593251,183318521
2022/3/11,23268991,176409944,634877184,401593251,183318521
2022/3/12,23268991,176409944,634877184,401593251,183318521
2022/3/13,23268991,176409944,634877184,401593251,183318521
2022/3/14,23268991,176409944,634877184,401593251,183318521
2022/3/15,23268991,176409944,634877184,401593251,183318521
2022/3/16,23268991,176409944,634877184,401593251,183318521
2022/3/17,23268991,176409944,634877184,401593251,183318521
2022/3/18,23268991,176409944,634877184,401593251,183318521
2022/3/19,23268991,176409944,634877184,401593251,183318521
2022/3/20,23268991,176409944,634877184,401593251,183318521
2022/3/21,23268991,176409944,634877184,401593251,183318521
2022/3/22,23268991,176409944,634877184,401593251,183318521
2022/3/23,23268991,176409944,634877184,401593251,183318521
2022/3/24,23268991,176409944,634877184,401593251,183318521
2022/3/25,23268991,176409944,634877184,401593251,183318521
2022/3/26,23268991,176409944,634877184,401593251,183318521
2022/3/27,23268991,176409944,634877184,401593251,183318521
2022/3/28,23268991,176409944,634877184,401593251,183318521
2022/3/29,23268991,176409944,634877184,401593251,183318521
2022/3/30,23268991,176409944,634877184,401593251,183318521
2022/3/31,23268991,176409944,634877184,401593251,183318521
2022/4/1,23215015,173421952,598343689,411220371,168365519
2022/4/2,23215015,173421952,598343689,411220371,168365519
2022/4/3,23215015,173421952,598343689,411220371,168365519
2022/4/4,23215015,173421952,598343689,411220371,168365519
2022/4/5,23215015,173421952,598343689,411220371,168365519
2022/4/6,23215015,173421952,598343689,411220371,168365519
2022/4/7,23215015,173421952,598343689,411220371,168365519
2022/4/8,23215015,173421952,598343689,411220371,168365519
2022/4/9,23215015,173421952,598343689,411220371,168365519
2022/4/10,23215015,173421952,598343689,411220371,168365519
2022/4/11,23215015,173421952,598343689,411220371,168365519
2022/4/12,23215015,173421952,598343689,411220371,168365519
2022/4/13,23215015,173421952,598343689,411220371,168365519
2022/4/14,23215015,173421952,598343689,411220371,168365519
2022/4/15,23215015,173421952,598343689,411220371,168365519
2022/4/16,23215015,173421952,598343689,411220371,168365519
2022/4/17,23215015,173421952,598343689,411220371,168365519
2022/4/18,23215015,173421952,598343689,411220371,168365519
2022/4/19,23215015,173421952,598343689,411220371,168365519
2022/4/20,23215015,173421952,598343689,411220371,168365519
2022/4/21,23215015,173421952,598343689,411220371,168365519
2022/4/22,23215015,173421952,598343689,411220371,168365519
2022/4/23,23215015,173421952,598343689,411220371,168365519
2022/4/24,23215015,173421952,598343689,411220371,168365519
2022/4/25,23215015,173421952,598343689,411220371,168365519
2022/4/26,23215015,173421952,598343689,411220371,168365519
2022/4/27,23215015,173421952,598343689,411220371,168365519
2022/4/28,23215015,173421952,598343689,411220371,168365519
2022/4/29,23215015,173421952,598343689,411220371,168365519
2022/4/30,23215015,173421952,598343689,411220371,168365519
2022/5/1,23196178,184876939,614421930,444773143,169094583
2022/5/2,23196178,184876939,614421930,444773143,169094583
2022/5/3,23196178,184876939,614421930,444773143,169094583
2022/5/4,23196178,184876939,614421930,444773143,169094583
2022/5/5,23196178,184876939,614421930,444773143,169094583
2022/5/6,23196178,184876939,614421930,444773143,169094583
2022/5/7,23196178,184876939,614421930,444773143,169094583
2022/5/8,23196178,184876939,614421930,444773143,169094583
2022/5/9,23196178,184876939,614421930,444773143,169094583
2022/5/10,23196178,184876939,614421930,444773143,169094583
2022/5/11,23196178,184876939,614421930,444773143,169094583
2022/5/12,23196178,184876939,614421930,444773143,169094583
2022/5/13,23196178,184876939,614421930,444773143,169094583
2022/5/14,23196178,184876939,614421930,444773143,169094583
2022/5/15,23196178,184876939,614421930,444773143,169094583
2022/5/16,23196178,184876939,614421930,444773143,169094583
2022/5/17,23196178,184876939,614421930,444773143,169094583
2022/5/18,23196178,184876939,614421930,444773143,169094583
2022/5/19,23196178,184876939,614421930,444773143,169094583
2022/5/20,23196178,184876939,614421930,444773143,169094583
2022/5/21,23196178,184876939,614421930,444773143,169094583
2022/5/22,23196178,184876939,614421930,444773143,169094583
2022/5/23,23196178,184876939,614421930,444773143,169094583
2022/5/24,23196178,184876939,614421930,444773143,169094583
2022/5/25,23196178,184876939,614421930,444773143,169094583
2022/5/26,23196178,184876939,614421930,444773143,169094583
2022/5/27,23196178,184876939,614421930,444773143,169094583
2022/5/28,23196178,184876939,614421930,444773143,169094583
2022/5/29,23196178,184876939,614421930,444773143,169094583
2022/5/30,23196178,184876939,614421930,444773143,169094583
2022/5/31,23196178,184876939,614421930,444773143,169094583
2022/6/1,23186278,165105134,621971081,431777732,169567113
2022/6/2,23186278,165105134,621971081,431777732,169567113
2022/6/3,23186278,165105134,621971081,431777732,169567113
2022/6/4,23186278,165105134,621971081,431777732,169567113
2022/6/5,23186278,165105134,621971081,431777732,169567113
2022/6/6,23186278,165105134,621971081,431777732,169567113
2022/6/7,23186278,165105134,621971081,431777732,169567113
2022/6/8,23186278,165105134,621971081,431777732,169567113
2022/6/9,23186278,165105134,621971081,431777732,169567113
2022/6/10,23186278,165105134,621971081,431777732,169567113
2022/6/11,23186278,165105134,621971081,431777732,169567113
2022/6/12,23186278,165105134,621971081,431777732,169567113
2022/6/13,23186278,165105134,621971081,431777732,169567113
2022/6/14,23186278,165105134,621971081,431777732,169567113
2022/6/15,23186278,165105134,621971081,431777732,169567113
2022/6/16,23186278,165105134,621971081,431777732,169567113
2022/6/17,23186278,165105134,621971081,431777732,169567113
2022/6/18,23186278,165105134,621971081,431777732,169567113
2022/6/19,23186278,165105134,621971081,431777732,169567113
2022/6/20,23186278,165105134,621971081,431777732,169567113
2022/6/21,23186278,165105134,621971081,431777732,169567113
2022/6/22,23186278,165105134,621971081,431777732,169567113
2022/6/23,23186278,165105134,621971081,431777732,169567113
2022/6/24,23186278,165105134,621971081,431777732,169567113
2022/6/25,23186278,165105134,621971081,431777732,169567113
2022/6/26,23186278,165105134,621971081,431777732,169567113
2022/6/27,23186278,165105134,621971081,431777732,169567113
2022/6/28,23186278,165105134,621971081,431777732,169567113
2022/6/29,23186278,165105134,621971081,431777732,169567113
2022/6/30,23186278,165105134,621971081,431777732,169567113